customer_id,name,city,state,signup_date,care_plus
C100000,Lobsang Khan,Bhubaneswar,OR,2024-10-13,N
C100001,Ritika Banerjee,Noida,UP,2023-05-15,N
C100002,Ritika Sharma,Dehradun,UK,2024-05-03,N
C100003,Om Pereira,Mumbai,MH,2023-02-24,N
C100004,Pranav Mukherjee,Kochi,KL,2024-04-08,N
C100005,Vikram Pereira,Kolkata,WB,2024-06-04,Y
C100006,Sukhwinder Chatterjee,Noida,UP,2023-06-18,N
C100007,Harsh Trivedi,Delhi,DL,2024-08-30,Y
C100008,Ishaan Mehta,Hyderabad,TS,2022-08-31,N
C100009,Pranav Malhotra,Gurugram,HR,2024-06-15,N
C100010,Shreya Ansari,Noida,UP,2023-01-31,Y
C100011,Nikhil Malhotra,Kochi,KL,2024-03-03,N
C100012,Pranav Mukherjee,Jaipur,RJ,2024-07-11,N
C100013,Nikhil Jain,Surat,GJ,2024-02-17,N
C100014,Aditya Kulkarni,Guwahati,AS,2022-11-18,N
C100015,Sunita Gupta,Patna,BR,2024-12-26,N
C100016,Shreya Das,Bhubaneswar,OR,2023-01-25,N
C100017,Reyansh Chauhan,Noida,UP,2024-06-05,N
C100018,Daniel Khanna,Raipur,CG,2023-10-08,Y
C100019,Dev Jadhav,Mysuru,KA,2024-08-20,Y
C100020,Thomas Sethi,Raipur,CG,2023-12-29,N
C100021,Divya Gaikwad,Patna,BR,2024-06-03,N
C100022,Riya Chauhan,Hyderabad,TS,2023-12-14,N
C100023,Rohan Sandhu,Mumbai,MH,2023-09-17,N
C100024,Kunal Roy,Patna,BR,2024-03-16,N
C100025,Imran Tiwari,Bhopal,MP,2023-03-13,N
C100026,Nisha Yadav,Indore,MP,2024-05-28,N
C100027,Sai Jadhav,Kolkata,WB,2024-07-30,N
C100028,Payal Kapoor,Mysuru,KA,2023-05-31,N
C100029,Sameer Gill,Raipur,CG,2024-02-06,N
C100030,Manpreet Pawar,Jaipur,RJ,2023-10-29,N
C100031,Om Pandey,Thiruvananthapuram,KL,2024-07-27,Y
C100032,Payal D'Souza,Kochi,KL,2022-10-18,N
C100033,Rahul Gaikwad,Indore,MP,2024-06-17,Y
C100034,Zaid Varghese,Jaipur,RJ,2024-09-10,N
C100035,Simran Desai,Chennai,TN,2023-05-13,N
C100036,Suresh Malhotra,Gurugram,HR,2023-03-14,N
C100037,Diya Mehta,Vadodara,GJ,2024-12-12,Y
C100038,Faisal Chopra,Indore,MP,2023-03-10,Y
C100039,Anjali Kapoor,Kochi,KL,2024-07-17,N
C100040,Simran Kumar,Vadodara,GJ,2024-06-18,N
C100041,Ayaan Gupta,Bengaluru,KA,2024-05-15,N
C100042,Geeta Ansari,Hyderabad,TS,2024-07-24,N
C100043,Gurpreet Patel,Hyderabad,TS,2024-04-14,N
C100044,Rajat Mathew,Chandigarh,CH,2024-05-24,Y
C100045,Simran Pereira,Ranchi,JH,2022-07-29,Y
C100046,Meera Siddiqui,Kolkata,WB,2024-11-09,Y
C100047,Nikhil Shinde,Mumbai,MH,2023-10-23,N
C100048,Pooja Trivedi,Chennai,TN,2023-01-21,Y
C100049,Vihaan Sen,Nashik,MH,2023-01-28,N
C100050,Neha Sheikh,Hyderabad,TS,2022-10-02,Y
C100051,Manpreet Pillai,Guwahati,AS,2023-08-31,N
C100052,Zoya Desai,Kolkata,WB,2024-06-30,N
C100053,Ishaan Banerjee,Nagpur,MH,2024-10-31,Y
C100054,Krishna Kulkarni,Vadodara,GJ,2024-07-17,N
C100055,Manpreet Chopra,Kochi,KL,2023-10-05,N
C100056,Harpreet Desai,Chandigarh,CH,2024-06-01,N
C100057,Neha Bhatia,Gurugram,HR,2024-03-31,N
C100058,Vihaan Bhatt,Nashik,MH,2024-08-28,N
C100059,Yash Verma,Thiruvananthapuram,KL,2023-12-19,N
C100060,Ishaan Nair,Kolkata,WB,2023-04-06,Y
C100061,Meera Goyal,Raipur,CG,2024-09-13,N
C100062,Tanvi Goyal,Ahmedabad,GJ,2022-12-26,N
C100063,Aadhya Dutta,Nagpur,MH,2023-01-11,Y
C100064,Simran Ansari,Lucknow,UP,2024-09-25,N
C100065,Megha Pandey,Raipur,CG,2023-12-07,Y
C100066,Anjali Bansal,Indore,MP,2023-03-12,N
C100067,Arjun Desai,Raipur,CG,2024-11-28,N
C100068,Shreya Mehta,Lucknow,UP,2024-10-04,Y
C100069,Kabir Shinde,Kolkata,WB,2022-08-18,N
C100070,Pooja Mukherjee,Mysuru,KA,2022-10-31,N
C100071,Tanvi Gaikwad,Lucknow,UP,2022-10-02,N
C100072,Daniel Shah,Jaipur,RJ,2022-08-14,Y
C100073,Rohan Menon,Raipur,CG,2023-09-22,N
C100074,Sunita Mukherjee,Chandigarh,CH,2023-11-17,N
C100075,Vivaan Jadhav,Noida,UP,2023-03-03,N
C100076,Pranav Naidu,Noida,UP,2023-02-15,N
C100077,Varun Fernandes,Bengaluru,KA,2024-12-01,N
C100078,Dev Banerjee,Pune,MH,2022-08-29,Y
C100079,Payal Das,Nagpur,MH,2023-06-21,N
C100080,Tanvi Jadhav,Hyderabad,TS,2024-08-09,Y
C100081,Farah Varghese,Jaipur,RJ,2023-06-08,N
C100082,Manpreet Goyal,Patna,BR,2024-02-27,N
C100083,Sameer Gill,Dehradun,UK,2023-12-25,N
C100084,Harpreet Chatterjee,Surat,GJ,2022-09-19,N
C100085,Gurpreet Sethi,Nagpur,MH,2024-04-15,Y
C100086,Manpreet Kumar,Indore,MP,2024-04-15,N
C100087,Dev Mehta,Bhopal,MP,2024-08-23,N
C100088,Diya Saxena,Noida,UP,2023-04-07,N
C100089,Neha Desai,Vadodara,GJ,2022-10-08,N
C100090,Rahul Mehta,Coimbatore,TN,2023-04-26,N
C100091,Daniel Pawar,Vadodara,GJ,2023-12-28,N
C100092,Nisha Varghese,Surat,GJ,2023-08-03,N
C100093,Ananya Patil,Jaipur,RJ,2023-11-12,N
C100094,Tarun Ansari,Mysuru,KA,2024-10-27,Y
C100095,Kavya Khan,Pune,MH,2024-02-25,N
C100096,Joseph Das,Gurugram,HR,2024-06-22,N
C100097,Ramesh Verma,Nagpur,MH,2024-02-15,N
C100098,Arjun Chatterjee,Surat,GJ,2024-12-17,N
C100099,Tanvi Bhatia,Bhopal,MP,2023-03-20,Y
C100100,Farah Roy,Nagpur,MH,2023-01-02,Y
C100101,Manpreet Kaur,Mumbai,MH,2022-10-21,N
C100102,Tarun Chatterjee,Coimbatore,TN,2024-04-22,N
C100103,Kunal Agarwal,Dehradun,UK,2023-03-04,Y
C100104,Aishwarya Roy,Jaipur,RJ,2023-10-27,Y
C100105,Jaspreet Gaikwad,Ranchi,JH,2022-09-06,Y
C100106,Sunita Roy,Nagpur,MH,2023-12-21,N
C100107,Faisal Pawar,Hyderabad,TS,2022-08-22,N
C100108,Zaid Gupta,Chandigarh,CH,2024-11-02,Y
C100109,Harpreet Bansal,Nagpur,MH,2023-01-27,N
C100110,Jaspreet Mathew,Jaipur,RJ,2022-10-03,N
C100111,Sameer Kapoor,Chandigarh,CH,2022-07-24,N
C100112,Megha Khanna,Raipur,CG,2022-12-06,N
C100113,Divya Sheikh,Jaipur,RJ,2022-12-31,N
C100114,Jaspreet Gupta,Ranchi,JH,2022-08-11,Y
C100115,Diya Singh,Pune,MH,2024-09-20,Y
C100116,Siddharth Mukherjee,Gurugram,HR,2023-04-27,N
C100117,Priya Bose,Mysuru,KA,2023-08-24,N
C100118,Rajat Patil,Surat,GJ,2024-01-07,N
C100119,Sukhwinder Srivastava,Jaipur,RJ,2023-01-30,N
C100120,Gurpreet Fernandes,Kochi,KL,2023-11-22,Y
C100121,Vivaan Desai,Kochi,KL,2023-01-07,Y
C100122,Tanvi Dhillon,Dehradun,UK,2023-02-03,N
C100123,Priya Chatterjee,Coimbatore,TN,2022-10-14,Y
C100124,Lakshmi Mehta,Visakhapatnam,AP,2022-07-19,N
C100125,Aarav D'Souza,Dehradun,UK,2022-08-22,N
C100126,Priya D'Souza,Delhi,DL,2024-01-23,N
C100127,Om Sandhu,Bengaluru,KA,2024-12-16,N
C100128,Manish Malhotra,Ranchi,JH,2024-03-18,N
C100129,Isha Shah,Indore,MP,2024-12-12,N
C100130,Bhavna Rathore,Guwahati,AS,2023-12-03,N
C100131,Simran Chatterjee,Bengaluru,KA,2023-04-04,N
C100132,Zoya Chopra,Bhopal,MP,2024-04-23,N
C100133,Thomas George,Bhopal,MP,2024-11-10,N
C100134,Swati D'Souza,Ahmedabad,GJ,2024-03-08,N
C100135,Imran Shinde,Pune,MH,2023-05-13,N
C100136,Kunal Shinde,Visakhapatnam,AP,2024-04-11,N
C100137,Manpreet Malhotra,Bhubaneswar,OR,2022-12-25,N
C100138,Nikhil Mukherjee,Noida,UP,2024-12-04,Y
C100139,Tarun Shinde,Kolkata,WB,2024-05-15,N
C100140,Saanvi Mehta,Pune,MH,2024-02-11,N
C100141,Lobsang Sethi,Mysuru,KA,2022-10-12,N
C100142,Zaid Patel,Indore,MP,2024-06-16,N
C100143,Gurpreet Sandhu,Dehradun,UK,2024-07-09,N
C100144,Om Verma,Guwahati,AS,2024-10-12,N
C100145,Deepak Reddy,Bhubaneswar,OR,2022-07-25,N
C100146,Riya Desai,Nashik,MH,2024-02-02,N
C100147,Kavya Desai,Guwahati,AS,2024-04-25,N
C100148,Komal Sharma,Patna,BR,2024-06-17,N
C100149,Tanvi Yadav,Noida,UP,2023-11-22,N
C100150,Komal Sen,Ahmedabad,GJ,2023-05-18,N
C100151,Manpreet Jadhav,Bhubaneswar,OR,2022-11-22,N
C100152,Joseph Saxena,Nagpur,MH,2024-06-21,Y
C100153,Diya Gill,Nashik,MH,2023-11-29,N
C100154,Geeta Malhotra,Hyderabad,TS,2022-09-13,N
C100155,Vikram Qureshi,Bhubaneswar,OR,2023-01-05,N
C100156,Komal Shah,Mysuru,KA,2024-03-11,N
C100157,Lobsang Agarwal,Hyderabad,TS,2023-12-16,N
C100158,Geeta Desai,Jaipur,RJ,2023-01-27,N
C100159,Mohammed Kaur,Mysuru,KA,2024-04-06,N
C100160,Rohan Kaur,Guwahati,AS,2023-05-11,N
C100161,Isha Mathew,Lucknow,UP,2023-05-25,N
C100162,Riya Sandhu,Lucknow,UP,2024-09-17,Y
C100163,Faisal Varghese,Raipur,CG,2024-11-12,N
C100164,Joseph Tiwari,Dehradun,UK,2023-05-04,N
C100165,Kavya Mishra,Lucknow,UP,2023-08-29,Y
C100166,Vihaan Pereira,Mumbai,MH,2024-01-14,N
C100167,Payal Pereira,Bhopal,MP,2023-08-07,Y
C100168,Pranav Shah,Thiruvananthapuram,KL,2022-12-03,Y
C100169,Varun Gaikwad,Guwahati,AS,2022-11-01,Y
C100170,Tanvi Ansari,Ranchi,JH,2023-03-03,N
C100171,Aarav Tiwari,Visakhapatnam,AP,2022-12-20,N
C100172,Meera Patil,Noida,UP,2022-12-27,N
C100173,Ayaan Roy,Visakhapatnam,AP,2023-07-28,N
C100174,Sukhwinder Malhotra,Kochi,KL,2022-07-30,N
C100175,Varun Deshpande,Guwahati,AS,2024-04-17,Y
C100176,Rahul Rao,Coimbatore,TN,2024-02-29,Y
C100177,Lobsang Gaikwad,Ranchi,JH,2024-08-17,N
C100178,Gurpreet Mukherjee,Surat,GJ,2022-11-01,Y
C100179,Dev Dutta,Kolkata,WB,2022-12-23,Y
C100180,Tanvi Pereira,Indore,MP,2022-11-07,N
C100181,Farah Malhotra,Thiruvananthapuram,KL,2022-08-26,N
C100182,Isha Pillai,Noida,UP,2024-12-19,N
C100183,Aarav Trivedi,Raipur,CG,2024-08-23,N
C100184,Sunita Chopra,Nagpur,MH,2022-08-21,N
C100185,Vikram George,Patna,BR,2024-05-14,Y
C100186,Divya Mishra,Thiruvananthapuram,KL,2024-01-29,Y
C100187,Aadhya Khanna,Ranchi,JH,2023-12-08,N
C100188,Dev Gaikwad,Hyderabad,TS,2023-02-11,N
C100189,Nikhil Malhotra,Ranchi,JH,2024-07-01,Y
C100190,Reyansh George,Surat,GJ,2024-07-27,N
C100191,Thomas Rathore,Kochi,KL,2022-12-27,N
C100192,Krishna Goyal,Indore,MP,2023-07-08,N
C100193,Joseph Naidu,Kochi,KL,2024-09-04,N
C100194,Suresh Verma,Delhi,DL,2023-04-15,N
C100195,Zaid Sheikh,Ahmedabad,GJ,2023-05-14,Y
C100196,Siddharth Desai,Bhopal,MP,2023-12-28,N
C100197,Imran Mathew,Raipur,CG,2024-08-02,Y
C100198,Daniel Pereira,Vadodara,GJ,2022-09-07,N
C100199,Aishwarya Desai,Hyderabad,TS,2024-06-03,N
C100200,Reyansh Shinde,Thiruvananthapuram,KL,2024-02-19,N
C100201,Neha Bhatt,Bhopal,MP,2024-04-18,N
C100202,Simran Chatterjee,Mysuru,KA,2023-06-28,N
C100203,Steven Sethi,Nagpur,MH,2024-12-02,N
C100204,Jaspreet Khan,Pune,MH,2022-11-09,Y
C100205,Ayaan Singh,Ranchi,JH,2023-09-07,N
C100206,Daniel Chauhan,Bhopal,MP,2022-08-13,N
C100207,Tarun Chatterjee,Guwahati,AS,2024-07-25,N
C100208,Ayaan Kaur,Raipur,CG,2023-08-15,N
C100209,Deepak Shah,Surat,GJ,2024-07-24,N
C100210,Neha Yadav,Pune,MH,2024-04-08,N
C100211,Ananya Dhillon,Surat,GJ,2024-11-27,N
C100212,Steven Ansari,Pune,MH,2024-11-10,N
C100213,Shreya Menon,Gurugram,HR,2023-03-13,N
C100214,Megha Bhatt,Noida,UP,2023-05-19,N
C100215,Harsh Gaikwad,Mumbai,MH,2023-12-24,N
C100216,Amit Trivedi,Gurugram,HR,2023-12-26,N
C100217,Tanvi Shah,Bengaluru,KA,2024-04-11,N
C100218,Priya Saxena,Jaipur,RJ,2023-02-17,N
C100219,Amit Patel,Surat,GJ,2023-06-09,N
C100220,Thomas Agarwal,Vadodara,GJ,2024-09-25,N
C100221,Harsh Bhatia,Noida,UP,2023-08-12,N
C100222,Ishaan Trivedi,Coimbatore,TN,2024-10-29,N
C100223,Deepak Sheikh,Patna,BR,2022-10-08,N
C100224,Farah Ghosh,Indore,MP,2024-07-21,N
C100225,Priya Naidu,Pune,MH,2023-09-02,Y
C100226,Anjali Pillai,Visakhapatnam,AP,2022-08-22,N
C100227,Rahul Pawar,Nagpur,MH,2022-08-14,Y
C100228,Abhishek Khan,Chandigarh,CH,2024-07-21,Y
C100229,Tarun Shinde,Hyderabad,TS,2024-09-05,N
C100230,Siddharth Deshpande,Thiruvananthapuram,KL,2023-10-15,N
C100231,Rahul Das,Jaipur,RJ,2022-09-19,N
C100232,Deepak Tiwari,Indore,MP,2023-12-21,N
C100233,Ishaan Mathew,Raipur,CG,2023-06-12,N
C100234,Amit Dutta,Mysuru,KA,2023-02-09,N
C100235,Lakshmi Agarwal,Hyderabad,TS,2023-11-05,N
C100236,Thomas Kaur,Chennai,TN,2024-12-23,N
C100237,Abhishek Desai,Chandigarh,CH,2023-07-14,N
C100238,Priya Kumar,Hyderabad,TS,2022-09-25,Y
C100239,Komal Trivedi,Visakhapatnam,AP,2023-07-10,N
C100240,Krishna Pillai,Guwahati,AS,2023-02-22,N
C100241,Pooja Chauhan,Chennai,TN,2024-05-15,N
C100242,Kabir Gaikwad,Bengaluru,KA,2023-12-25,Y
C100243,Kavya Arora,Mumbai,MH,2023-08-20,N
C100244,Neha Varghese,Patna,BR,2024-01-23,N
C100245,Zoya Pereira,Jaipur,RJ,2024-03-28,N
C100246,Ankit Ansari,Dehradun,UK,2023-11-15,N
C100247,Karan Sharma,Visakhapatnam,AP,2023-06-29,N
C100248,Diya Malhotra,Chandigarh,CH,2024-10-26,Y
C100249,Kavya Singh,Kolkata,WB,2022-11-14,N
C100250,Ayaan Shinde,Thiruvananthapuram,KL,2023-05-26,N
C100251,Geeta Reddy,Mysuru,KA,2024-01-12,N
C100252,Vivaan Rathore,Lucknow,UP,2023-11-26,N
C100253,Isha Pereira,Dehradun,UK,2022-08-06,Y
C100254,Jaspreet Sandhu,Pune,MH,2024-05-24,N
C100255,Sneha Rao,Coimbatore,TN,2023-03-10,N
C100256,Kavya Kulkarni,Visakhapatnam,AP,2022-10-30,Y
C100257,Daniel Shinde,Indore,MP,2023-01-20,N
C100258,Pooja Qureshi,Thiruvananthapuram,KL,2023-03-22,Y
C100259,Harsh Mathew,Nagpur,MH,2022-08-24,Y
C100260,Swati Srivastava,Dehradun,UK,2022-11-10,N
C100261,Isha Singh,Vadodara,GJ,2023-12-25,Y
C100262,Sunita Joshi,Patna,BR,2022-12-27,N
C100263,Arjun Mathew,Mumbai,MH,2022-08-02,N
C100264,Simran Pereira,Dehradun,UK,2024-06-06,N
C100265,Farah Kumar,Pune,MH,2023-08-04,N
C100266,Ananya Nair,Ahmedabad,GJ,2024-08-19,N
C100267,Deepak Trivedi,Bhopal,MP,2023-10-17,N
C100268,Kabir Menon,Ranchi,JH,2023-08-08,N
C100269,Reyansh Reddy,Surat,GJ,2024-08-02,N
C100270,Om Bhatia,Bhopal,MP,2023-09-15,N
C100271,Megha Chauhan,Ahmedabad,GJ,2023-06-19,N
C100272,Vihaan Sen,Bhubaneswar,OR,2022-08-30,N
C100273,Zoya Kumar,Kolkata,WB,2023-01-14,Y
C100274,Thomas Mukherjee,Dehradun,UK,2023-06-05,N
C100275,Reyansh Naidu,Kochi,KL,2023-04-10,Y
C100276,Varun Agarwal,Raipur,CG,2023-06-27,Y
C100277,Tenzin Sharma,Kochi,KL,2024-07-05,Y
C100278,Om Sandhu,Ahmedabad,GJ,2023-01-31,N
C100279,Ramesh Mishra,Noida,UP,2023-02-06,N
C100280,Payal Sethi,Ahmedabad,GJ,2023-07-25,Y
C100281,Imran Sethi,Nagpur,MH,2023-04-12,Y
C100282,Pooja George,Bhopal,MP,2023-06-04,N
C100283,Geeta Kapoor,Bhopal,MP,2022-07-19,N
C100284,Aditya Das,Chennai,TN,2023-07-10,N
C100285,Vivaan Sandhu,Thiruvananthapuram,KL,2023-08-17,N
C100286,Vihaan Shah,Dehradun,UK,2024-05-17,N
C100287,Yash Gaikwad,Thiruvananthapuram,KL,2024-01-03,N
C100288,Gurpreet Jain,Chandigarh,CH,2023-02-23,N
C100289,Sai Chopra,Kolkata,WB,2023-07-05,Y
C100290,Lakshmi Singh,Bhubaneswar,OR,2022-11-03,Y
C100291,Zoya Kapoor,Kochi,KL,2024-09-14,N
C100292,Sneha Ansari,Mysuru,KA,2024-03-15,N
C100293,Vihaan Bose,Mysuru,KA,2023-04-25,N
C100294,Ayaan Malhotra,Ranchi,JH,2023-04-10,Y
C100295,Ananya Patil,Jaipur,RJ,2023-11-24,N
C100296,Lobsang Khan,Ranchi,JH,2024-08-14,N
C100297,Faisal Bose,Chennai,TN,2022-10-08,N
C100298,Ritika Mukherjee,Ranchi,JH,2023-02-17,Y
C100299,Aditya Menon,Bhopal,MP,2024-10-02,N
C100300,Ayaan Pereira,Gurugram,HR,2022-07-28,N
C100301,Manpreet Dutta,Pune,MH,2024-03-25,N
C100302,Manpreet Reddy,Hyderabad,TS,2024-08-23,N
C100303,Arjun Goyal,Hyderabad,TS,2023-05-17,Y
C100304,Megha Shah,Raipur,CG,2023-01-15,Y
C100305,Lobsang Banerjee,Chennai,TN,2024-02-11,N
C100306,Saanvi Gaikwad,Dehradun,UK,2024-09-15,N
C100307,Sneha Arora,Kolkata,WB,2023-02-28,N
C100308,Aadhya Ghosh,Bhopal,MP,2023-09-13,N
C100309,Vihaan Kumar,Kochi,KL,2023-02-23,N
C100310,Manish Shinde,Surat,GJ,2024-10-08,N
C100311,Geeta Sheikh,Kolkata,WB,2024-05-04,Y
C100312,Daniel Pandey,Delhi,DL,2024-04-12,Y
C100313,Aarav Nair,Kolkata,WB,2022-11-28,Y
C100314,Manish Joshi,Vadodara,GJ,2024-11-25,Y
C100315,Gurpreet Pillai,Pune,MH,2023-10-03,N
C100316,Ramesh Desai,Lucknow,UP,2024-09-04,Y
C100317,Nisha Rathore,Gurugram,HR,2024-05-26,N
C100318,Pranav Agarwal,Patna,BR,2022-09-24,N
C100319,Aarav Tiwari,Surat,GJ,2024-03-29,N
C100320,Aarav Patel,Kochi,KL,2024-02-09,N
C100321,Harsh Singh,Thiruvananthapuram,KL,2023-10-06,Y
C100322,Thomas Bose,Kochi,KL,2023-10-05,N
C100323,Ramesh Siddiqui,Noida,UP,2024-12-11,Y
C100324,Aditya Chauhan,Lucknow,UP,2022-12-03,Y
C100325,Joseph Rathore,Vadodara,GJ,2024-12-25,Y
C100326,Ayaan Chauhan,Vadodara,GJ,2024-09-19,Y
C100327,Suresh Gill,Jaipur,RJ,2023-07-26,Y
C100328,Meera Nair,Surat,GJ,2023-01-26,N
C100329,Zoya D'Souza,Jaipur,RJ,2024-05-31,N
C100330,Ankit Jadhav,Chandigarh,CH,2023-11-23,N
C100331,Tenzin Deshpande,Indore,MP,2023-02-11,N
C100332,Siddharth Yadav,Hyderabad,TS,2024-12-20,N
C100333,Reyansh Mehta,Delhi,DL,2024-10-13,Y
C100334,Anjali Sethi,Dehradun,UK,2024-03-28,Y
C100335,Kavya Sethi,Vadodara,GJ,2024-10-28,N
C100336,Diya Reddy,Coimbatore,TN,2023-03-11,N
C100337,Sneha Ansari,Jaipur,RJ,2023-12-02,N
C100338,Ishaan Kumar,Vadodara,GJ,2023-10-23,Y
C100339,Isha Sen,Nashik,MH,2024-07-23,N
C100340,Harsh Mishra,Lucknow,UP,2023-09-26,N
C100341,Amit Banerjee,Hyderabad,TS,2023-05-29,N
C100342,Sukhwinder Mukherjee,Surat,GJ,2022-09-18,N
C100343,Nisha Shinde,Jaipur,RJ,2024-11-27,N
C100344,Sameer Chauhan,Jaipur,RJ,2022-08-24,N
C100345,Ankit D'Souza,Dehradun,UK,2023-03-08,Y
C100346,Komal Ansari,Guwahati,AS,2024-09-15,N
C100347,Isha Varghese,Chandigarh,CH,2023-04-14,Y
C100348,Vivaan Kaur,Kolkata,WB,2023-04-18,N
C100349,Komal Sen,Nashik,MH,2022-07-27,Y
C100350,Rohan Arora,Chennai,TN,2024-12-02,Y
C100351,Tenzin Pawar,Delhi,DL,2024-04-29,N
C100352,Pranav Menon,Kochi,KL,2024-10-30,N
C100353,Bhavna Mathew,Surat,GJ,2023-05-17,N
C100354,Ananya Varghese,Delhi,DL,2024-05-24,N
C100355,Vivaan Banerjee,Hyderabad,TS,2022-07-24,Y
C100356,Kabir Mehta,Bhubaneswar,OR,2024-10-09,Y
C100357,Kunal Goyal,Indore,MP,2023-07-07,N
C100358,Siddharth Kaur,Guwahati,AS,2022-11-13,Y
C100359,Megha Kulkarni,Mysuru,KA,2024-01-29,N
C100360,Sameer Khanna,Bengaluru,KA,2024-01-04,Y
C100361,Aarav Mukherjee,Guwahati,AS,2024-06-16,N
C100362,Harsh Tiwari,Lucknow,UP,2024-05-03,N
C100363,Riya Rao,Nagpur,MH,2023-01-03,N
C100364,Aditya Rao,Noida,UP,2024-11-15,N
C100365,Siddharth Kulkarni,Hyderabad,TS,2023-02-13,Y
C100366,Sukhwinder Tiwari,Indore,MP,2022-12-26,N
C100367,Tanvi Sheikh,Thiruvananthapuram,KL,2022-12-04,Y
C100368,Ishaan Mehta,Kochi,KL,2024-11-10,N
C100369,Mohammed Pawar,Chennai,TN,2022-09-03,Y
C100370,Aadhya Pandey,Noida,UP,2024-04-09,N
C100371,Joseph D'Souza,Ranchi,JH,2024-06-16,N
C100372,Imran Bhatia,Noida,UP,2023-10-11,Y
C100373,Ayaan Desai,Bengaluru,KA,2022-11-05,N
C100374,Aishwarya Menon,Mysuru,KA,2023-02-09,N
C100375,Kabir Tiwari,Pune,MH,2024-07-05,Y
C100376,Harsh Mehta,Kolkata,WB,2023-03-22,Y
C100377,Ramesh Jain,Nagpur,MH,2023-07-06,Y
C100378,Dev Qureshi,Gurugram,HR,2023-12-05,N
C100379,Abhishek George,Noida,UP,2022-12-27,N
C100380,Thomas Chopra,Pune,MH,2024-07-23,Y
C100381,Swati Bhatt,Nashik,MH,2024-03-30,N
C100382,Nisha Bose,Chennai,TN,2024-03-30,Y
C100383,Ananya Rao,Guwahati,AS,2024-07-14,N
C100384,Sukhwinder Saxena,Kochi,KL,2023-02-09,N
C100385,Manpreet Patel,Surat,GJ,2024-09-03,N
C100386,Aishwarya Sen,Chennai,TN,2022-12-19,Y
C100387,Tenzin Singh,Surat,GJ,2024-09-14,N
C100388,Megha Malhotra,Ahmedabad,GJ,2023-10-18,N
C100389,Tanvi Bhatia,Mumbai,MH,2022-11-17,N
C100390,Lakshmi Gaikwad,Kochi,KL,2023-12-14,Y
C100391,Aditya Srivastava,Raipur,CG,2023-08-21,N
C100392,Imran Bhatt,Noida,UP,2023-02-25,N
C100393,Gurpreet George,Chandigarh,CH,2023-02-12,Y
C100394,Gurpreet Gill,Dehradun,UK,2023-09-29,N
C100395,Ayaan Mehta,Indore,MP,2023-01-14,N
C100396,Zoya Chatterjee,Visakhapatnam,AP,2023-11-28,N
C100397,Sameer Mukherjee,Bhubaneswar,OR,2023-10-04,N
C100398,Payal Dutta,Thiruvananthapuram,KL,2022-08-17,N
C100399,Dev Pillai,Surat,GJ,2024-07-07,N
C100400,Mohammed Khanna,Mumbai,MH,2022-11-02,N
C100401,Payal Chatterjee,Chennai,TN,2022-08-10,N
C100402,Manpreet Sen,Thiruvananthapuram,KL,2024-05-02,N
C100403,Harpreet Saxena,Visakhapatnam,AP,2023-02-12,N
C100404,Krishna Roy,Lucknow,UP,2023-11-20,N
C100405,Shreya Banerjee,Nashik,MH,2023-11-25,N
C100406,Rahul Banerjee,Kolkata,WB,2024-03-29,N
C100407,Gurpreet Trivedi,Nagpur,MH,2023-08-18,Y
C100408,Kunal Singh,Visakhapatnam,AP,2023-04-08,N
C100409,Sameer Pillai,Indore,MP,2024-12-24,N
C100410,Bhavna Sandhu,Delhi,DL,2023-07-30,N
C100411,Sameer Sandhu,Mysuru,KA,2023-10-26,Y
C100412,Ananya Dhillon,Noida,UP,2024-11-10,N
C100413,Saanvi Pillai,Raipur,CG,2023-03-12,Y
C100414,Bhavna Sandhu,Bengaluru,KA,2024-08-19,N
C100415,Simran Sandhu,Chennai,TN,2024-03-26,N
C100416,Harsh Goyal,Ranchi,JH,2024-10-10,N
C100417,Isha Khan,Chennai,TN,2023-08-27,Y
C100418,Siddharth Rathore,Bhopal,MP,2024-06-07,N
C100419,Nikhil Patel,Ranchi,JH,2023-03-29,N
C100420,Arjun George,Ahmedabad,GJ,2023-02-10,Y
C100421,Megha Mukherjee,Nagpur,MH,2023-04-28,N
C100422,Anjali Menon,Surat,GJ,2024-07-27,Y
C100423,Siddharth Varghese,Mumbai,MH,2023-08-01,N
C100424,Manish Bhatt,Lucknow,UP,2024-03-02,N
C100425,Ritika D'Souza,Surat,GJ,2024-08-02,Y
C100426,Faisal Naidu,Pune,MH,2023-01-18,N
C100427,Kunal Nair,Chandigarh,CH,2025-01-01,N
C100428,Pooja Reddy,Nagpur,MH,2024-06-07,N
C100429,Swati Gupta,Coimbatore,TN,2023-11-06,N
C100430,Om Khanna,Chandigarh,CH,2024-01-01,Y
C100431,Varun Kapoor,Surat,GJ,2024-07-18,Y
C100432,Nisha Jain,Patna,BR,2024-09-16,N
C100433,Harsh Pereira,Lucknow,UP,2022-10-25,Y
C100434,Tenzin Jain,Lucknow,UP,2022-08-01,N
C100435,Abhishek Yadav,Chennai,TN,2023-02-23,N
C100436,Vikram Naidu,Lucknow,UP,2024-04-14,N
C100437,Rohan Gupta,Bengaluru,KA,2022-08-30,Y
C100438,Saanvi Tiwari,Thiruvananthapuram,KL,2024-03-30,N
C100439,Manpreet Bhatia,Bengaluru,KA,2024-05-21,N
C100440,Vikram Saxena,Guwahati,AS,2024-08-05,Y
C100441,Simran Dhillon,Surat,GJ,2022-12-01,N
C100442,Arjun Siddiqui,Kochi,KL,2023-05-21,Y
C100443,Aishwarya Srivastava,Thiruvananthapuram,KL,2024-11-15,N
C100444,Meera Pawar,Patna,BR,2024-09-29,N
C100445,Tarun Kumar,Guwahati,AS,2023-10-21,N
C100446,Manish Desai,Mysuru,KA,2023-06-07,Y
C100447,Swati Pawar,Chennai,TN,2023-02-13,N
C100448,Tenzin Das,Kolkata,WB,2024-04-28,N
C100449,Gurpreet D'Souza,Indore,MP,2022-09-25,N
C100450,Daniel Bansal,Pune,MH,2023-04-14,N
C100451,Daniel Menon,Hyderabad,TS,2024-10-29,Y
C100452,Daniel D'Souza,Bengaluru,KA,2023-05-25,N
C100453,Sunita Shah,Surat,GJ,2022-09-18,N
C100454,Deepak Pandey,Chandigarh,CH,2022-10-05,N
C100455,Steven Fernandes,Gurugram,HR,2024-07-02,N
C100456,Farah Goyal,Guwahati,AS,2023-05-14,N
C100457,Swati Agarwal,Noida,UP,2024-10-23,N
C100458,Suresh Yadav,Delhi,DL,2023-05-10,N
C100459,Ritika D'Souza,Coimbatore,TN,2022-12-24,Y
C100460,Steven Chauhan,Vadodara,GJ,2023-07-09,N
C100461,Ankit Verma,Kolkata,WB,2023-01-24,N
C100462,Thomas Kumar,Dehradun,UK,2024-07-23,N
C100463,Tenzin Roy,Chennai,TN,2024-03-11,N
C100464,Harsh Ansari,Bhubaneswar,OR,2022-12-10,N
C100465,Harpreet Chauhan,Chennai,TN,2024-09-30,N
C100466,Tarun Malhotra,Vadodara,GJ,2023-08-05,N
C100467,Yash Agarwal,Mysuru,KA,2023-06-18,Y
C100468,Tenzin Arora,Thiruvananthapuram,KL,2024-07-29,Y
C100469,Mohammed Deshpande,Chennai,TN,2024-11-18,N
C100470,Lobsang Agarwal,Kochi,KL,2023-07-25,Y
C100471,Aadhya Siddiqui,Visakhapatnam,AP,2023-07-17,N
C100472,Divya Saxena,Indore,MP,2023-01-05,N
C100473,Yash Mathew,Mumbai,MH,2023-12-19,Y
C100474,Kunal Shah,Mumbai,MH,2024-11-14,Y
C100475,Pooja Menon,Gurugram,HR,2024-12-17,Y
C100476,Vikram Gill,Delhi,DL,2023-10-08,N
C100477,Zaid Kulkarni,Indore,MP,2023-03-27,Y
C100478,Imran Saxena,Coimbatore,TN,2024-07-26,Y
C100479,Bhavna Pillai,Noida,UP,2023-05-30,N
C100480,Rajat Kaur,Noida,UP,2022-11-26,Y
C100481,Bhavna Goyal,Bhubaneswar,OR,2022-12-02,Y
C100482,Manish Deshpande,Raipur,CG,2023-01-27,N
C100483,Aadhya Sandhu,Jaipur,RJ,2024-02-06,Y
C100484,Jaspreet Sheikh,Chandigarh,CH,2024-02-01,N
C100485,Harpreet Varghese,Guwahati,AS,2023-03-31,N
C100486,Harsh Siddiqui,Ahmedabad,GJ,2023-05-22,Y
C100487,Abhishek Varghese,Ranchi,JH,2022-07-31,N
C100488,Nikhil Shah,Chennai,TN,2022-11-24,Y
C100489,Ishaan Pawar,Noida,UP,2024-06-14,N
C100490,Nikhil Bhatia,Chandigarh,CH,2023-04-06,N
C100491,Abhishek Khan,Bhubaneswar,OR,2023-01-22,N
C100492,Shreya Pereira,Mysuru,KA,2023-06-16,N
C100493,Manish Khan,Indore,MP,2022-08-13,Y
C100494,Kunal Bansal,Gurugram,HR,2023-07-14,Y
C100495,Aadhya Naidu,Hyderabad,TS,2022-12-20,N
C100496,Komal Tiwari,Nagpur,MH,2024-05-29,Y
C100497,Neha Deshpande,Coimbatore,TN,2023-01-27,N
C100498,Vikram Agarwal,Ahmedabad,GJ,2024-12-14,N
C100499,Pooja Naidu,Coimbatore,TN,2024-03-28,N
C100500,Vihaan Bansal,Hyderabad,TS,2023-01-11,Y
C100501,Ayaan Pereira,Gurugram,HR,2024-08-29,N
C100502,Priya Jadhav,Indore,MP,2023-06-19,Y
C100503,Vihaan Kaur,Mysuru,KA,2022-10-16,Y
C100504,Sameer Nair,Bhubaneswar,OR,2023-05-25,N
C100505,Sukhwinder Chatterjee,Patna,BR,2024-10-20,N
C100506,Rajat Verma,Mysuru,KA,2022-09-15,N
C100507,Ritika Menon,Chennai,TN,2024-05-05,N
C100508,Vihaan Ansari,Lucknow,UP,2024-12-05,N
C100509,Aarav Patel,Kochi,KL,2024-04-15,N
C100510,Manish Trivedi,Nashik,MH,2024-02-23,N
C100511,Varun Siddiqui,Surat,GJ,2022-09-03,Y
C100512,Kabir Varghese,Ahmedabad,GJ,2023-06-28,N
C100513,Priya Bhatt,Nagpur,MH,2022-12-09,Y
C100514,Meera Dutta,Vadodara,GJ,2024-08-23,N
C100515,Payal Fernandes,Guwahati,AS,2024-07-20,N
C100516,Rajat Dhillon,Chennai,TN,2023-06-13,N
C100517,Pooja Shinde,Bhopal,MP,2024-06-06,N
C100518,Komal Singh,Gurugram,HR,2022-09-26,Y
C100519,Anjali Jain,Dehradun,UK,2022-12-07,N
C100520,Vikram Dhillon,Mumbai,MH,2024-09-16,N
C100521,Tarun Fernandes,Ahmedabad,GJ,2023-10-19,N
C100522,Rohit Pillai,Noida,UP,2023-02-06,Y
C100523,Swati Tiwari,Surat,GJ,2024-12-30,N
C100524,Sneha Mathew,Bengaluru,KA,2024-08-03,N
C100525,Pooja Rao,Noida,UP,2023-04-27,N
C100526,Anjali Srivastava,Raipur,CG,2023-12-10,Y
C100527,Shreya Bansal,Lucknow,UP,2023-02-16,N
C100528,Rajat Trivedi,Guwahati,AS,2023-05-16,Y
C100529,Reyansh George,Surat,GJ,2024-08-29,Y
C100530,Abhishek Nair,Hyderabad,TS,2024-04-03,N
C100531,Harsh Menon,Chandigarh,CH,2024-04-18,Y
C100532,Thomas Patil,Ranchi,JH,2022-10-30,Y
C100533,Rohan Bhatia,Bengaluru,KA,2024-04-23,N
C100534,Jaspreet Nair,Ranchi,JH,2022-09-06,N
C100535,Saanvi Mukherjee,Bhubaneswar,OR,2023-12-30,N
C100536,Gurpreet Verma,Nashik,MH,2023-02-15,N
C100537,Faisal Khanna,Mysuru,KA,2023-11-18,N
C100538,Yash Sandhu,Kochi,KL,2023-09-11,N
C100539,Aditya Jain,Kolkata,WB,2024-01-29,Y
C100540,Vikram Chopra,Indore,MP,2024-08-25,Y
C100541,Joseph Menon,Ranchi,JH,2023-09-25,N
C100542,Joseph Singh,Nagpur,MH,2022-12-06,N
C100543,Rajat D'Souza,Noida,UP,2024-09-11,Y
C100544,Manpreet Iyer,Bhopal,MP,2022-10-24,N
C100545,Neha Yadav,Patna,BR,2023-11-11,Y
C100546,Isha Sharma,Raipur,CG,2023-01-03,N
C100547,Pooja Mukherjee,Gurugram,HR,2023-03-24,N
C100548,Kabir Siddiqui,Mysuru,KA,2023-10-16,Y
C100549,Isha Sen,Ahmedabad,GJ,2022-08-11,Y
C100550,Riya Reddy,Dehradun,UK,2023-07-01,Y
C100551,Aishwarya Tiwari,Pune,MH,2024-01-26,Y
C100552,Harsh Trivedi,Visakhapatnam,AP,2023-07-02,Y
C100553,Aditya Dutta,Hyderabad,TS,2023-03-14,N
C100554,Simran Patel,Lucknow,UP,2024-01-13,Y
C100555,Komal Chauhan,Indore,MP,2022-08-22,Y
C100556,Aditya Trivedi,Mysuru,KA,2023-08-08,N
C100557,Swati D'Souza,Kolkata,WB,2023-06-15,N
C100558,Lakshmi Ghosh,Chandigarh,CH,2024-11-22,N
C100559,Abhishek Singh,Raipur,CG,2024-02-11,Y
C100560,Vihaan Kulkarni,Jaipur,RJ,2024-04-23,N
C100561,Nisha Ansari,Nashik,MH,2024-02-07,N
C100562,Pooja Sharma,Mysuru,KA,2022-08-31,N
C100563,Aarav Chatterjee,Patna,BR,2023-06-24,Y
C100564,Krishna Gupta,Chandigarh,CH,2024-03-22,Y
C100565,Rohit Pillai,Patna,BR,2024-05-18,N
C100566,Tanvi Bhatt,Patna,BR,2023-05-16,N
C100567,Reyansh Shah,Kochi,KL,2023-03-28,N
C100568,Steven Verma,Vadodara,GJ,2024-06-30,Y
C100569,Aditya Srivastava,Gurugram,HR,2022-11-12,N
C100570,Rohan Chopra,Nashik,MH,2023-12-16,N
C100571,Pooja Das,Guwahati,AS,2023-10-02,Y
C100572,Rohit Iyer,Bengaluru,KA,2023-08-16,N
C100573,Ramesh Ansari,Delhi,DL,2023-10-15,N
C100574,Diya Banerjee,Jaipur,RJ,2023-04-10,N
C100575,Zoya Bansal,Kochi,KL,2023-01-08,Y
C100576,Deepak Khanna,Pune,MH,2023-11-25,N
C100577,Ritika Roy,Lucknow,UP,2024-01-01,N
C100578,Lakshmi Banerjee,Chennai,TN,2022-07-24,N
C100579,Vivaan Chatterjee,Vadodara,GJ,2023-05-29,Y
C100580,Krishna Yadav,Chennai,TN,2022-11-16,N
C100581,Harsh Roy,Indore,MP,2024-05-28,N
C100582,Sai Rathore,Jaipur,RJ,2023-07-19,N
C100583,Tarun Sethi,Kolkata,WB,2024-11-22,N
C100584,Harsh Joshi,Bhopal,MP,2023-10-20,N
C100585,Anjali Agarwal,Indore,MP,2022-10-23,N
C100586,Swati Sharma,Delhi,DL,2024-10-18,N
C100587,Sameer Patel,Kolkata,WB,2023-09-30,N
C100588,Pooja Chauhan,Bhopal,MP,2023-03-05,N
C100589,Ritika Srivastava,Bengaluru,KA,2024-04-24,N
C100590,Pooja Pereira,Pune,MH,2024-09-30,N
C100591,Aarav Tiwari,Dehradun,UK,2024-12-24,Y
C100592,Riya Fernandes,Ahmedabad,GJ,2024-07-31,Y
C100593,Sai Menon,Dehradun,UK,2024-12-13,Y
C100594,Manish Iyer,Thiruvananthapuram,KL,2024-07-23,N
C100595,Geeta Bhatia,Noida,UP,2024-11-09,N
C100596,Jaspreet Dhillon,Dehradun,UK,2024-10-14,Y
C100597,Amit Pillai,Nashik,MH,2022-12-24,N
C100598,Karan Kaur,Visakhapatnam,AP,2024-06-26,N
C100599,Ritika Chauhan,Mumbai,MH,2023-09-10,N
C100600,Lobsang Mukherjee,Gurugram,HR,2024-02-24,N
C100601,Ananya Jain,Indore,MP,2022-12-30,N
C100602,Diya Ghosh,Coimbatore,TN,2023-06-28,Y
C100603,Imran Verma,Surat,GJ,2023-05-20,N
C100604,Tarun Jain,Kochi,KL,2023-05-27,Y
C100605,Rohit Singh,Delhi,DL,2024-04-22,N
C100606,Mohammed Das,Bengaluru,KA,2024-05-15,N
C100607,Sameer Roy,Nagpur,MH,2022-10-13,N
C100608,Kunal Kulkarni,Noida,UP,2024-08-28,N
C100609,Siddharth Dhillon,Kolkata,WB,2023-01-30,N
C100610,Sneha Chopra,Lucknow,UP,2023-08-08,N
C100611,Ankit Reddy,Kolkata,WB,2023-12-05,Y
C100612,Aishwarya Sethi,Guwahati,AS,2024-03-28,N
C100613,Imran Qureshi,Chandigarh,CH,2023-01-31,N
C100614,Geeta Agarwal,Bengaluru,KA,2023-01-05,N
C100615,Pranav Desai,Hyderabad,TS,2024-04-06,Y
C100616,Om Naidu,Guwahati,AS,2023-07-26,Y
C100617,Neha Mittal,Lucknow,UP,2023-11-19,N
C100618,Aditya Bose,Jaipur,RJ,2023-12-27,N
C100619,Tanvi Srivastava,Nagpur,MH,2023-06-27,Y
C100620,Sneha Malhotra,Kolkata,WB,2023-01-11,Y
C100621,Amit Khan,Pune,MH,2023-10-07,N
C100622,Geeta Shinde,Guwahati,AS,2024-11-12,N
C100623,Pooja Deshpande,Thiruvananthapuram,KL,2023-10-02,N
C100624,Riya Ghosh,Ranchi,JH,2023-01-29,N
C100625,Faisal Jain,Bhopal,MP,2023-02-21,N
C100626,Kabir Pillai,Mysuru,KA,2022-12-13,N
C100627,Kavya Rathore,Pune,MH,2024-07-30,N
C100628,Kunal Chatterjee,Noida,UP,2023-07-23,N
C100629,Ananya Agarwal,Delhi,DL,2024-01-12,Y
C100630,Zoya Dhillon,Coimbatore,TN,2022-11-27,N
C100631,Nisha Chauhan,Mysuru,KA,2023-02-12,N
C100632,Rahul Dhillon,Gurugram,HR,2024-11-17,N
C100633,Rohit Saxena,Kochi,KL,2024-08-15,N
C100634,Jaspreet Rao,Gurugram,HR,2023-03-07,N
C100635,Manish Iyer,Chandigarh,CH,2024-09-04,Y
C100636,Ramesh Gaikwad,Vadodara,GJ,2024-02-06,N
C100637,Ayaan Banerjee,Surat,GJ,2023-12-23,N
C100638,Daniel Kumar,Gurugram,HR,2023-10-27,N
C100639,Amit Malhotra,Patna,BR,2022-10-13,Y
C100640,Krishna Jain,Kolkata,WB,2024-01-31,N
C100641,Siddharth Gaikwad,Bengaluru,KA,2023-06-06,N
C100642,Priya Tiwari,Pune,MH,2024-03-06,N
C100643,Tanvi Malhotra,Pune,MH,2022-10-24,Y
C100644,Lakshmi Nair,Indore,MP,2024-09-22,N
C100645,Manish Sethi,Lucknow,UP,2023-08-15,N
C100646,Diya Bhatt,Mumbai,MH,2024-03-05,N
C100647,Imran Kaur,Surat,GJ,2023-12-24,N
C100648,Nisha Dutta,Visakhapatnam,AP,2024-03-11,N
C100649,Deepak Kapoor,Dehradun,UK,2024-03-28,Y
C100650,Suresh Singh,Raipur,CG,2022-08-23,N
C100651,Krishna Pereira,Indore,MP,2023-03-21,Y
C100652,Geeta Rathore,Visakhapatnam,AP,2023-01-22,N
C100653,Daniel Singh,Vadodara,GJ,2024-07-25,N
C100654,Sunita Menon,Bhopal,MP,2024-10-29,N
C100655,Lobsang Sethi,Ahmedabad,GJ,2024-09-20,Y
C100656,Aditya Arora,Bengaluru,KA,2023-07-21,Y
C100657,Nikhil Pillai,Guwahati,AS,2023-07-30,Y
C100658,Sukhwinder Mishra,Dehradun,UK,2024-11-13,N
C100659,Karan Srivastava,Bhopal,MP,2023-03-13,N
C100660,Karan Bose,Indore,MP,2022-09-12,N
C100661,Priya Das,Ahmedabad,GJ,2023-02-06,Y
C100662,Swati Gupta,Vadodara,GJ,2023-08-29,Y
C100663,Arjun Nair,Bhubaneswar,OR,2024-08-22,Y
C100664,Daniel Rathore,Chandigarh,CH,2023-01-22,N
C100665,Ananya Mukherjee,Kochi,KL,2024-09-09,Y
C100666,Farah Dhillon,Chandigarh,CH,2024-02-15,N
C100667,Lobsang Yadav,Bengaluru,KA,2024-10-24,Y
C100668,Megha Mukherjee,Ranchi,JH,2024-01-10,N
C100669,Rohit Khan,Raipur,CG,2024-11-01,N
C100670,Aishwarya Mehta,Ranchi,JH,2024-12-24,N
C100671,Karan Sen,Thiruvananthapuram,KL,2022-08-28,N
C100672,Sai Mukherjee,Mysuru,KA,2023-10-18,N
C100673,Dev Dutta,Nagpur,MH,2023-08-13,N
C100674,Diya Jain,Thiruvananthapuram,KL,2024-09-30,Y
C100675,Nikhil Bhatt,Nashik,MH,2024-06-27,Y
C100676,Kavya Sharma,Guwahati,AS,2022-09-24,Y
C100677,Kabir Rao,Raipur,CG,2024-10-02,N
C100678,Harpreet Mishra,Coimbatore,TN,2023-06-22,N
C100679,Zaid Khanna,Kochi,KL,2024-06-11,N
C100680,Krishna Das,Gurugram,HR,2022-09-21,N
C100681,Meera Gill,Ranchi,JH,2023-06-06,Y
C100682,Tanvi Kulkarni,Gurugram,HR,2024-02-02,N
C100683,Rahul George,Nagpur,MH,2024-03-15,N
C100684,Ankit Singh,Surat,GJ,2023-05-19,N
C100685,Suresh Chatterjee,Visakhapatnam,AP,2024-09-06,N
C100686,Pooja Chauhan,Dehradun,UK,2024-12-01,N
C100687,Riya Sheikh,Hyderabad,TS,2024-02-21,Y
C100688,Meera Chopra,Dehradun,UK,2024-04-26,N
C100689,Ishaan Mishra,Mysuru,KA,2024-09-03,N
C100690,Vihaan Saxena,Guwahati,AS,2023-06-15,N
C100691,Varun Sen,Indore,MP,2023-05-26,N
C100692,Kabir Agarwal,Ahmedabad,GJ,2023-03-23,Y
C100693,Jaspreet Arora,Patna,BR,2024-09-07,N
C100694,Imran Sen,Noida,UP,2023-07-10,Y
C100695,Pooja Roy,Kochi,KL,2023-10-23,N
C100696,Ramesh Desai,Pune,MH,2022-07-25,N
C100697,Nikhil Khanna,Jaipur,RJ,2022-09-29,Y
C100698,Anjali Sandhu,Kochi,KL,2024-03-13,Y
C100699,Simran Dhillon,Visakhapatnam,AP,2023-09-07,N
C100700,Priya Deshpande,Chennai,TN,2024-01-27,Y
C100701,Megha Khan,Hyderabad,TS,2023-05-31,N
C100702,Rahul Joshi,Coimbatore,TN,2023-09-11,N
C100703,Ritika Kaur,Hyderabad,TS,2024-09-01,N
C100704,Kunal Gill,Jaipur,RJ,2022-08-20,N
C100705,Dev Varghese,Jaipur,RJ,2023-09-28,N
C100706,Payal Mukherjee,Chennai,TN,2022-10-08,N
C100707,Pranav Chauhan,Ahmedabad,GJ,2022-12-26,N
C100708,Simran Rathore,Nashik,MH,2024-05-03,N
C100709,Steven Nair,Jaipur,RJ,2025-01-01,N
C100710,Suresh Varghese,Surat,GJ,2024-07-04,N
C100711,Nisha Ghosh,Indore,MP,2023-02-04,N
C100712,Vivaan George,Guwahati,AS,2024-07-21,N
C100713,Anjali Kapoor,Bengaluru,KA,2023-03-20,N
C100714,Dev Verma,Gurugram,HR,2024-05-30,Y
C100715,Sunita Kumar,Ranchi,JH,2024-05-05,Y
C100716,Reyansh Bansal,Gurugram,HR,2023-03-21,N
C100717,Tenzin Qureshi,Raipur,CG,2024-09-21,N
C100718,Swati Kulkarni,Guwahati,AS,2023-04-06,N
C100719,Amit Gupta,Indore,MP,2024-06-01,N
C100720,Geeta Kulkarni,Visakhapatnam,AP,2024-03-24,N
C100721,Amit Chauhan,Dehradun,UK,2024-02-29,N
C100722,Vikram Goyal,Visakhapatnam,AP,2022-10-01,N
C100723,Ayaan Qureshi,Mumbai,MH,2023-10-06,N
C100724,Isha Siddiqui,Delhi,DL,2023-11-13,N
C100725,Abhishek Patil,Bhubaneswar,OR,2024-12-15,N
C100726,Abhishek Ansari,Thiruvananthapuram,KL,2024-12-21,N
C100727,Faisal Naidu,Kolkata,WB,2023-07-06,Y
C100728,Divya Srivastava,Vadodara,GJ,2023-03-15,Y
C100729,Shreya Malhotra,Mumbai,MH,2022-11-09,N
C100730,Komal Desai,Kolkata,WB,2023-04-27,N
C100731,Krishna Shah,Nashik,MH,2024-09-08,Y
C100732,Aarav Goyal,Coimbatore,TN,2022-07-16,Y
C100733,Rajat Srivastava,Mumbai,MH,2023-06-24,Y
C100734,Sukhwinder Pandey,Gurugram,HR,2024-09-18,Y
C100735,Saanvi Rathore,Chennai,TN,2023-04-20,Y
C100736,Riya Bansal,Indore,MP,2024-09-07,N
C100737,Anjali Singh,Pune,MH,2023-05-14,N
C100738,Harsh Joshi,Surat,GJ,2023-11-03,N
C100739,Siddharth Jadhav,Mysuru,KA,2023-09-12,N
C100740,Sukhwinder Verma,Nashik,MH,2023-07-06,N
C100741,Sameer Kaur,Nagpur,MH,2024-05-14,N
C100742,Nikhil Banerjee,Dehradun,UK,2023-03-20,N
C100743,Sameer Siddiqui,Nashik,MH,2024-01-26,N
C100744,Zoya Singh,Mumbai,MH,2022-10-21,N
C100745,Tenzin Pillai,Bhopal,MP,2023-01-27,N
C100746,Zoya Shinde,Mumbai,MH,2023-04-10,N
C100747,Sameer Arora,Kolkata,WB,2024-06-15,N
C100748,Sai Tiwari,Guwahati,AS,2023-10-15,N
C100749,Siddharth Bose,Noida,UP,2022-08-31,Y
C100750,Bhavna Joshi,Kolkata,WB,2022-12-28,N
C100751,Sameer Yadav,Bhubaneswar,OR,2024-01-18,Y
C100752,Pooja Mishra,Chennai,TN,2023-10-17,N
C100753,Ananya Sheikh,Visakhapatnam,AP,2024-10-05,Y
C100754,Amit Bansal,Lucknow,UP,2024-07-10,N
C100755,Ananya Jain,Nagpur,MH,2024-10-29,Y
C100756,Isha Menon,Noida,UP,2024-08-07,N
C100757,Pranav Verma,Mysuru,KA,2022-09-23,N
C100758,Ananya Mathew,Visakhapatnam,AP,2023-02-10,N
C100759,Imran Jadhav,Coimbatore,TN,2022-11-15,N
C100760,Priya Gaikwad,Raipur,CG,2023-02-03,N
C100761,Tanvi Saxena,Vadodara,GJ,2023-09-10,N
C100762,Pranav Singh,Bengaluru,KA,2024-01-25,N
C100763,Sunita Mittal,Bengaluru,KA,2023-10-11,Y
C100764,Pooja Pereira,Patna,BR,2024-02-14,N
C100765,Siddharth Srivastava,Raipur,CG,2022-08-03,N
C100766,Meera Mukherjee,Visakhapatnam,AP,2024-07-10,N
C100767,Rohan Shinde,Raipur,CG,2022-11-19,N
C100768,Priya Desai,Raipur,CG,2024-06-22,N
C100769,Anjali Banerjee,Surat,GJ,2023-06-11,N
C100770,Meera George,Delhi,DL,2023-06-27,Y
C100771,Swati Sheikh,Mysuru,KA,2023-10-03,N
C100772,Ishaan Bansal,Bengaluru,KA,2023-02-07,N
C100773,Sukhwinder Bose,Gurugram,HR,2024-11-16,N
C100774,Pranav Saxena,Kochi,KL,2023-05-05,Y
C100775,Swati Dhillon,Surat,GJ,2024-03-23,Y
C100776,Vivaan Khan,Hyderabad,TS,2022-07-20,N
C100777,Rohit Sheikh,Thiruvananthapuram,KL,2024-03-11,Y
C100778,Priya Mishra,Delhi,DL,2024-01-03,N
C100779,Ramesh Jadhav,Gurugram,HR,2023-12-28,N
C100780,Megha Pereira,Delhi,DL,2022-11-23,N
C100781,Kabir Reddy,Jaipur,RJ,2024-12-12,N
C100782,Aishwarya D'Souza,Kolkata,WB,2023-02-03,N
C100783,Zoya Menon,Kolkata,WB,2024-10-10,Y
C100784,Riya George,Thiruvananthapuram,KL,2023-04-28,N
C100785,Pranav Trivedi,Guwahati,AS,2023-02-27,N
C100786,Riya Sandhu,Raipur,CG,2024-03-15,Y
C100787,Daniel Pandey,Coimbatore,TN,2023-12-26,N
C100788,Reyansh Chatterjee,Coimbatore,TN,2022-10-19,Y
C100789,Ishaan Pawar,Dehradun,UK,2022-09-22,N
C100790,Aarav Yadav,Visakhapatnam,AP,2022-10-06,N
C100791,Divya Pandey,Vadodara,GJ,2023-12-27,Y
C100792,Harpreet Pereira,Surat,GJ,2024-12-17,N
C100793,Gurpreet Kaur,Kochi,KL,2023-11-14,N
C100794,Deepak Pawar,Kochi,KL,2023-02-23,N
C100795,Diya Gupta,Bhopal,MP,2023-09-03,Y
C100796,Harpreet Mathew,Surat,GJ,2024-08-19,Y
C100797,Sukhwinder Varghese,Coimbatore,TN,2022-12-08,N
C100798,Pranav Sethi,Thiruvananthapuram,KL,2023-04-11,N
C100799,Arjun Gill,Delhi,DL,2023-02-03,N
C100800,Saanvi Mathew,Indore,MP,2023-11-01,N
C100801,Lakshmi Kulkarni,Hyderabad,TS,2022-07-17,Y
C100802,Jaspreet Sethi,Raipur,CG,2024-04-05,N
C100803,Simran Singh,Bhopal,MP,2023-05-29,Y
C100804,Joseph Bhatia,Visakhapatnam,AP,2023-07-14,N
C100805,Sunita Malhotra,Noida,UP,2023-11-30,N
C100806,Krishna Gupta,Visakhapatnam,AP,2024-06-25,N
C100807,Rohit Khan,Kolkata,WB,2024-06-14,N
C100808,Kabir Bose,Bengaluru,KA,2024-11-10,N
C100809,Siddharth Rao,Nagpur,MH,2023-12-29,Y
C100810,Sameer Mathew,Chandigarh,CH,2023-10-21,N
C100811,Rajat Kulkarni,Surat,GJ,2024-04-30,Y
C100812,Kabir Kulkarni,Chennai,TN,2024-08-14,Y
C100813,Aadhya Pawar,Bhopal,MP,2022-07-31,N
C100814,Tanvi Mittal,Ranchi,JH,2023-04-12,N
C100815,Zaid Nair,Chennai,TN,2023-09-10,N
C100816,Zoya Yadav,Delhi,DL,2023-09-19,N
C100817,Deepak Gaikwad,Bhubaneswar,OR,2024-10-22,N
C100818,Harpreet Qureshi,Patna,BR,2024-11-20,N
C100819,Lakshmi Kaur,Nashik,MH,2023-09-21,N
C100820,Zoya Yadav,Nashik,MH,2023-11-29,Y
C100821,Pranav Sandhu,Visakhapatnam,AP,2022-10-08,N
C100822,Krishna Naidu,Jaipur,RJ,2024-11-09,N
C100823,Aadhya Dhillon,Gurugram,HR,2023-06-30,N
C100824,Lobsang Bose,Hyderabad,TS,2023-12-24,Y
C100825,Aadhya Rao,Coimbatore,TN,2024-04-01,Y
C100826,Suresh Dutta,Chennai,TN,2023-10-24,N
C100827,Deepak Bansal,Chandigarh,CH,2023-12-03,Y
C100828,Swati Dhillon,Visakhapatnam,AP,2023-12-10,N
C100829,Rohit Mehta,Hyderabad,TS,2022-07-19,Y
C100830,Amit Sheikh,Hyderabad,TS,2024-08-30,N
C100831,Thomas Chauhan,Visakhapatnam,AP,2024-05-14,Y
C100832,Riya Kulkarni,Patna,BR,2023-10-16,N
C100833,Sukhwinder Gupta,Pune,MH,2024-06-23,N
C100834,Kavya Chopra,Patna,BR,2024-06-11,N
C100835,Siddharth Saxena,Nagpur,MH,2024-07-21,N
C100836,Ankit Joshi,Jaipur,RJ,2023-09-27,N
C100837,Aishwarya Iyer,Thiruvananthapuram,KL,2022-11-25,Y
C100838,Diya Rathore,Noida,UP,2024-05-04,Y
C100839,Manish Kapoor,Coimbatore,TN,2024-09-24,N
C100840,Meera Deshpande,Surat,GJ,2022-09-15,Y
C100841,Harsh Malhotra,Visakhapatnam,AP,2023-06-21,Y
C100842,Jaspreet Jain,Coimbatore,TN,2023-02-23,Y
C100843,Anjali Jadhav,Bhopal,MP,2023-01-14,N
C100844,Tarun Chauhan,Bhubaneswar,OR,2024-08-24,N
C100845,Harpreet Ansari,Raipur,CG,2023-01-02,Y
C100846,Aditya Bhatia,Patna,BR,2023-04-04,N
C100847,Pranav Verma,Vadodara,GJ,2023-03-05,N
C100848,Harsh Shah,Patna,BR,2022-10-13,Y
C100849,Krishna Agarwal,Gurugram,HR,2024-07-15,Y
C100850,Ananya Banerjee,Visakhapatnam,AP,2024-05-18,Y
C100851,Imran Iyer,Guwahati,AS,2022-09-18,N
C100852,Aarav Verma,Thiruvananthapuram,KL,2023-04-22,N
C100853,Pooja Varghese,Kolkata,WB,2022-08-08,N
C100854,Harpreet Pandey,Nashik,MH,2023-02-28,Y
C100855,Harpreet Ghosh,Lucknow,UP,2022-09-29,N
C100856,Riya Yadav,Patna,BR,2023-06-16,N
C100857,Isha Arora,Dehradun,UK,2024-02-09,Y
C100858,Mohammed Naidu,Kolkata,WB,2022-11-26,N
C100859,Deepak Sheikh,Kochi,KL,2024-01-27,N
C100860,Amit Srivastava,Jaipur,RJ,2023-04-12,Y
C100861,Sunita Qureshi,Guwahati,AS,2023-11-14,N
C100862,Sai Malhotra,Guwahati,AS,2023-02-05,N
C100863,Aishwarya Sethi,Chandigarh,CH,2024-01-18,N
C100864,Ramesh Singh,Lucknow,UP,2023-06-05,N
C100865,Diya Jain,Mumbai,MH,2023-11-05,N
C100866,Siddharth Kumar,Noida,UP,2022-08-25,N
C100867,Aarav Siddiqui,Kolkata,WB,2024-03-11,N
C100868,Faisal Sharma,Nashik,MH,2024-12-18,N
C100869,Imran Iyer,Pune,MH,2024-04-15,Y
C100870,Aishwarya Dutta,Nashik,MH,2023-06-21,N
C100871,Om Dhillon,Noida,UP,2022-12-18,N
C100872,Jaspreet Kapoor,Delhi,DL,2022-12-19,Y
C100873,Manpreet Banerjee,Jaipur,RJ,2023-06-11,N
C100874,Daniel Fernandes,Visakhapatnam,AP,2023-04-25,N
C100875,Steven Mukherjee,Gurugram,HR,2022-08-25,N
C100876,Neha Mukherjee,Kolkata,WB,2023-08-09,N
C100877,Sneha Sheikh,Patna,BR,2024-02-01,Y
C100878,Zoya Gaikwad,Nagpur,MH,2024-01-08,N
C100879,Imran Ghosh,Chennai,TN,2022-11-18,N
C100880,Harpreet Kulkarni,Mumbai,MH,2023-06-07,N
C100881,Ankit Srivastava,Nashik,MH,2023-01-28,N
C100882,Rohan Shinde,Chennai,TN,2023-03-18,Y
C100883,Rahul George,Ranchi,JH,2024-04-17,Y
C100884,Ishaan Pereira,Thiruvananthapuram,KL,2024-07-03,Y
C100885,Riya Sandhu,Bhubaneswar,OR,2024-12-25,N
C100886,Sameer Pereira,Bengaluru,KA,2022-11-25,N
C100887,Reyansh Sharma,Noida,UP,2024-07-15,N
C100888,Vihaan Chauhan,Noida,UP,2022-09-09,N
C100889,Gurpreet Bose,Indore,MP,2024-01-12,N
C100890,Zoya Sandhu,Guwahati,AS,2023-05-09,Y
C100891,Rohan Pandey,Raipur,CG,2024-09-12,N
C100892,Reyansh Varghese,Kochi,KL,2023-04-14,N
C100893,Rohit Srivastava,Chennai,TN,2023-02-12,N
C100894,Arjun Kapoor,Ahmedabad,GJ,2024-12-16,N
C100895,Tarun Saxena,Bengaluru,KA,2023-02-14,Y
C100896,Suresh Rao,Bengaluru,KA,2022-12-27,N
C100897,Pooja Dutta,Ranchi,JH,2024-07-15,Y
C100898,Shreya Tiwari,Jaipur,RJ,2022-10-30,Y
C100899,Aarav Mehta,Mysuru,KA,2024-10-28,N
C100900,Ishaan Ansari,Surat,GJ,2024-10-18,N
C100901,Varun Joshi,Bengaluru,KA,2022-11-24,N
C100902,Varun Khan,Jaipur,RJ,2024-05-15,Y
C100903,Rajat Bansal,Visakhapatnam,AP,2023-06-09,N
C100904,Abhishek Khanna,Pune,MH,2022-08-02,Y
C100905,Faisal Qureshi,Ranchi,JH,2023-01-20,Y
C100906,Siddharth Yadav,Coimbatore,TN,2023-05-02,N
C100907,Suresh Pandey,Ahmedabad,GJ,2023-07-01,N
C100908,Sameer Kumar,Visakhapatnam,AP,2023-05-10,N
C100909,Divya Mathew,Guwahati,AS,2023-06-18,N
C100910,Ananya Pawar,Guwahati,AS,2024-05-19,Y
C100911,Farah Rathore,Patna,BR,2023-06-27,Y
C100912,Neha Khanna,Hyderabad,TS,2023-12-28,N
C100913,Steven Malhotra,Surat,GJ,2023-09-13,N
C100914,Farah Goyal,Kochi,KL,2023-07-17,N
C100915,Riya Kaur,Noida,UP,2024-08-18,N
C100916,Riya Sethi,Bhopal,MP,2024-09-07,N
C100917,Saanvi Kaur,Ahmedabad,GJ,2024-11-07,Y
C100918,Faisal Iyer,Indore,MP,2023-07-01,N
C100919,Amit Saxena,Noida,UP,2024-06-25,Y
C100920,Harpreet Tiwari,Ranchi,JH,2022-08-10,N
C100921,Sukhwinder George,Noida,UP,2024-03-25,Y
C100922,Divya Jain,Delhi,DL,2022-10-01,N
C100923,Ananya Sen,Kochi,KL,2024-10-16,N
C100924,Ananya Bose,Indore,MP,2022-11-15,Y
C100925,Zoya Arora,Jaipur,RJ,2024-06-24,N
C100926,Harpreet Mukherjee,Bhubaneswar,OR,2022-07-21,N
C100927,Rahul Bose,Delhi,DL,2023-05-12,N
C100928,Zoya Chatterjee,Chennai,TN,2023-10-28,N
C100929,Karan Ghosh,Chennai,TN,2024-05-19,Y
C100930,Kunal Roy,Coimbatore,TN,2022-08-23,N
C100931,Meera Varghese,Dehradun,UK,2022-08-18,N
C100932,Imran Chauhan,Gurugram,HR,2024-09-12,N
C100933,Payal Jadhav,Jaipur,RJ,2022-08-14,N
C100934,Pranav Jadhav,Mumbai,MH,2022-12-27,Y
C100935,Isha Mittal,Lucknow,UP,2024-01-04,N
C100936,Tanvi Singh,Raipur,CG,2024-03-29,Y
C100937,Sai Dhillon,Nagpur,MH,2023-12-04,N
C100938,Tenzin Rathore,Noida,UP,2023-01-15,N
C100939,Shreya Chopra,Bhubaneswar,OR,2023-09-20,N
C100940,Vihaan Pawar,Dehradun,UK,2024-11-25,N
C100941,Karan Dhillon,Bhopal,MP,2024-10-18,N
C100942,Rohan D'Souza,Delhi,DL,2022-10-01,Y
C100943,Sukhwinder Dhillon,Raipur,CG,2023-01-31,N
C100944,Varun Mehta,Thiruvananthapuram,KL,2023-04-20,Y
C100945,Manish Dhillon,Nagpur,MH,2024-08-17,N
C100946,Suresh Mukherjee,Ranchi,JH,2024-12-18,N
C100947,Dev Jain,Indore,MP,2022-09-23,N
C100948,Pooja Varghese,Dehradun,UK,2023-09-07,Y
C100949,Divya George,Indore,MP,2023-03-19,Y
C100950,Rohit Das,Visakhapatnam,AP,2024-01-28,N
C100951,Megha Naidu,Surat,GJ,2024-02-25,Y
C100952,Isha Pereira,Lucknow,UP,2022-10-08,N
C100953,Ananya Pandey,Visakhapatnam,AP,2023-11-06,N
C100954,Priya Kapoor,Raipur,CG,2023-10-17,N
C100955,Daniel Iyer,Raipur,CG,2024-05-07,N
C100956,Reyansh Singh,Patna,BR,2023-07-23,N
C100957,Thomas Agarwal,Noida,UP,2022-11-02,N
C100958,Vivaan Verma,Visakhapatnam,AP,2024-06-15,N
C100959,Joseph Mishra,Vadodara,GJ,2024-06-19,N
C100960,Isha Deshpande,Mysuru,KA,2024-04-15,N
C100961,Swati Roy,Nagpur,MH,2023-04-13,N
C100962,Nisha Malhotra,Dehradun,UK,2023-05-27,Y
C100963,Saanvi Dhillon,Indore,MP,2023-05-28,N
C100964,Yash Chatterjee,Nashik,MH,2023-05-16,N
C100965,Pooja Gupta,Indore,MP,2023-04-24,N
C100966,Geeta Jadhav,Nashik,MH,2023-12-18,Y
C100967,Dev Nair,Ranchi,JH,2023-07-11,N
C100968,Priya Singh,Chennai,TN,2024-09-09,N
C100969,Nisha Pandey,Bengaluru,KA,2023-05-19,Y
C100970,Lobsang Jain,Bengaluru,KA,2023-10-31,N
C100971,Ankit Ansari,Raipur,CG,2022-11-04,Y
C100972,Lakshmi Goyal,Kochi,KL,2024-06-29,N
C100973,Vivaan Menon,Bhopal,MP,2023-07-15,N
C100974,Om Yadav,Visakhapatnam,AP,2024-07-11,N
C100975,Harpreet Mehta,Nashik,MH,2023-07-31,Y
C100976,Tarun Rao,Mumbai,MH,2024-10-13,N
C100977,Deepak Menon,Ranchi,JH,2023-09-29,Y
C100978,Bhavna Sharma,Indore,MP,2023-06-14,N
C100979,Rohit Kulkarni,Gurugram,HR,2024-06-23,N
C100980,Lakshmi Roy,Mumbai,MH,2024-04-10,Y
C100981,Deepak Jain,Indore,MP,2023-10-26,N
C100982,Rohit Roy,Visakhapatnam,AP,2023-05-28,Y
C100983,Vihaan Ansari,Lucknow,UP,2024-07-10,N
C100984,Aadhya Qureshi,Bengaluru,KA,2022-08-23,N
C100985,Krishna Verma,Bengaluru,KA,2024-09-13,N
C100986,Vivaan Gaikwad,Guwahati,AS,2024-05-05,Y
C100987,Varun Ansari,Nagpur,MH,2023-06-14,N
C100988,Thomas Rao,Nashik,MH,2024-12-30,N
C100989,Vikram Desai,Jaipur,RJ,2022-08-18,Y
C100990,Deepak Gupta,Noida,UP,2024-02-10,Y
C100991,Farah Chopra,Chennai,TN,2023-06-27,Y
C100992,Riya Jain,Mysuru,KA,2024-03-30,N
C100993,Rohit Saxena,Kolkata,WB,2023-12-28,N
C100994,Nikhil Agarwal,Guwahati,AS,2022-12-13,N
C100995,Rohan Sharma,Chandigarh,CH,2023-01-24,N
C100996,Dev Tiwari,Kolkata,WB,2024-06-10,N
C100997,Ankit Fernandes,Dehradun,UK,2024-10-15,N
C100998,Farah Rao,Chennai,TN,2023-11-29,N
C100999,Ritika Srivastava,Chandigarh,CH,2023-07-16,Y
C101000,Harpreet Gupta,Indore,MP,2023-10-22,Y
C101001,Ishaan Yadav,Kolkata,WB,2024-11-23,N
C101002,Diya Agarwal,Kolkata,WB,2024-11-13,N
C101003,Anjali Chopra,Ranchi,JH,2024-09-03,N
C101004,Manish Das,Pune,MH,2024-07-17,N
C101005,Siddharth Fernandes,Nashik,MH,2023-07-26,N
C101006,Anjali Chatterjee,Dehradun,UK,2023-12-31,N
C101007,Megha Bose,Ahmedabad,GJ,2023-08-12,Y
C101008,Joseph Ansari,Patna,BR,2022-09-23,Y
C101009,Ananya George,Mysuru,KA,2023-01-16,N
C101010,Dev Qureshi,Visakhapatnam,AP,2023-02-28,Y
C101011,Rohan Kumar,Nagpur,MH,2023-04-23,Y
C101012,Rohan Gupta,Gurugram,HR,2024-02-04,N
C101013,Lakshmi Arora,Gurugram,HR,2023-06-22,Y
C101014,Rohit Shah,Bengaluru,KA,2024-05-27,N
C101015,Simran Pillai,Guwahati,AS,2022-11-12,N
C101016,Zoya Bhatt,Nagpur,MH,2022-09-02,Y
C101017,Lakshmi Bose,Mumbai,MH,2022-12-20,N
C101018,Aadhya Siddiqui,Raipur,CG,2022-10-27,N
C101019,Rohit Joshi,Visakhapatnam,AP,2024-04-12,Y
C101020,Lakshmi Fernandes,Ahmedabad,GJ,2024-04-21,N
C101021,Dev Shah,Nagpur,MH,2023-04-28,Y
C101022,Om Gupta,Visakhapatnam,AP,2024-06-15,N
C101023,Anjali Pillai,Surat,GJ,2022-08-07,N
C101024,Rohan Kaur,Kochi,KL,2023-01-24,Y
C101025,Deepak Khan,Bhopal,MP,2022-10-09,N
C101026,Neha Verma,Nagpur,MH,2023-09-29,Y
C101027,Divya Kulkarni,Surat,GJ,2023-05-08,Y
C101028,Kavya Patil,Indore,MP,2023-02-09,Y
C101029,Vivaan Mittal,Gurugram,HR,2023-08-27,N
C101030,Diya Joshi,Thiruvananthapuram,KL,2023-02-05,N
C101031,Dev Chopra,Thiruvananthapuram,KL,2024-12-16,Y
C101032,Varun Nair,Lucknow,UP,2024-05-24,N
C101033,Bhavna Varghese,Patna,BR,2022-12-05,Y
C101034,Pooja Desai,Coimbatore,TN,2024-01-04,N
C101035,Ritika Bose,Chandigarh,CH,2023-06-12,Y
C101036,Megha Das,Chandigarh,CH,2022-10-22,N
C101037,Bhavna Jain,Dehradun,UK,2024-04-20,N
C101038,Manish Chauhan,Raipur,CG,2023-03-22,N
C101039,Ankit Kulkarni,Lucknow,UP,2024-06-23,N
C101040,Tanvi Joshi,Ranchi,JH,2024-05-25,N
C101041,Nikhil Chatterjee,Mumbai,MH,2022-08-22,N
C101042,Aadhya Bhatt,Surat,GJ,2024-03-17,Y
C101043,Sai Agarwal,Mumbai,MH,2024-04-27,Y
C101044,Neha Shinde,Mumbai,MH,2022-10-07,N
C101045,Amit Desai,Bengaluru,KA,2023-05-14,N
C101046,Mohammed Kumar,Visakhapatnam,AP,2024-05-05,Y
C101047,Tanvi Siddiqui,Ahmedabad,GJ,2023-12-22,N
C101048,Meera Arora,Chandigarh,CH,2024-08-24,Y
C101049,Reyansh Das,Kolkata,WB,2023-02-22,N
C101050,Meera Pandey,Ahmedabad,GJ,2024-10-16,N
C101051,Vivaan Sandhu,Thiruvananthapuram,KL,2024-11-08,N
C101052,Sameer Kumar,Bhopal,MP,2022-08-28,N
C101053,Tanvi Pandey,Gurugram,HR,2024-09-27,N
C101054,Lakshmi Goyal,Jaipur,RJ,2024-01-23,N
C101055,Priya Mehta,Bhubaneswar,OR,2022-09-07,N
C101056,Neha Iyer,Indore,MP,2024-02-12,N
C101057,Sameer Srivastava,Mysuru,KA,2023-07-28,Y
C101058,Daniel Shah,Chennai,TN,2022-08-23,Y
C101059,Ritika Bose,Vadodara,GJ,2022-12-11,N
C101060,Kavya Bhatt,Thiruvananthapuram,KL,2024-02-16,N
C101061,Om Joshi,Nagpur,MH,2024-11-24,Y
C101062,Harpreet Varghese,Chennai,TN,2023-12-25,N
C101063,Amit Mehta,Mumbai,MH,2023-11-22,N
C101064,Harsh Patil,Lucknow,UP,2024-03-03,N
C101065,Kavya Bhatt,Bhubaneswar,OR,2022-08-07,N
C101066,Sneha Qureshi,Vadodara,GJ,2023-04-10,N
C101067,Gurpreet Desai,Hyderabad,TS,2024-12-17,N
C101068,Nisha Menon,Ranchi,JH,2024-04-25,N
C101069,Zaid Chopra,Surat,GJ,2024-09-03,N
C101070,Isha Pillai,Bhubaneswar,OR,2024-08-18,N
C101071,Aishwarya Gupta,Guwahati,AS,2023-12-07,N
C101072,Manish Ansari,Nagpur,MH,2024-09-28,N
C101073,Suresh Pandey,Patna,BR,2023-08-16,N
C101074,Payal George,Ranchi,JH,2023-12-15,Y
C101075,Shreya Chauhan,Visakhapatnam,AP,2023-05-31,Y
C101076,Mohammed D'Souza,Noida,UP,2022-11-08,N
C101077,Arjun Pandey,Mysuru,KA,2023-01-24,N
C101078,Meera Saxena,Nagpur,MH,2024-10-15,Y
C101079,Divya Kumar,Nashik,MH,2023-01-16,Y
C101080,Riya Malhotra,Lucknow,UP,2024-05-01,N
C101081,Mohammed Sandhu,Coimbatore,TN,2022-08-15,N
C101082,Gurpreet Kapoor,Jaipur,RJ,2024-11-24,Y
C101083,Rahul Varghese,Patna,BR,2023-08-23,Y
C101084,Ishaan Jain,Bengaluru,KA,2024-02-14,Y
C101085,Riya Das,Coimbatore,TN,2024-11-04,N
C101086,Kabir Srivastava,Thiruvananthapuram,KL,2024-01-28,Y
C101087,Ananya Menon,Mumbai,MH,2023-11-16,N
C101088,Swati Bhatt,Lucknow,UP,2023-08-24,N
C101089,Deepak Chauhan,Indore,MP,2024-04-22,N
C101090,Tanvi Patil,Nashik,MH,2024-08-30,Y
C101091,Ramesh Bose,Raipur,CG,2022-12-04,N
C101092,Tenzin Banerjee,Gurugram,HR,2024-06-13,N
C101093,Ritika Nair,Delhi,DL,2024-02-03,N
C101094,Faisal Ansari,Chennai,TN,2023-12-24,N
C101095,Om Fernandes,Ranchi,JH,2024-03-01,Y
C101096,Riya Gill,Coimbatore,TN,2022-09-24,N
C101097,Komal Tiwari,Ranchi,JH,2024-10-06,N
C101098,Diya Roy,Jaipur,RJ,2023-04-30,N
C101099,Sunita Iyer,Indore,MP,2023-08-10,N
C101100,Zaid Pandey,Noida,UP,2022-10-11,Y
C101101,Jaspreet Reddy,Mumbai,MH,2024-11-28,N
C101102,Shreya Fernandes,Nagpur,MH,2022-12-27,Y
C101103,Varun Rao,Lucknow,UP,2023-09-14,Y
C101104,Simran Sen,Patna,BR,2023-06-21,N
C101105,Harpreet Mishra,Bhopal,MP,2024-10-08,Y
C101106,Suresh Pereira,Pune,MH,2022-08-12,N
C101107,Imran Dutta,Bengaluru,KA,2024-04-13,N
C101108,Arjun Bansal,Gurugram,HR,2022-10-26,N
C101109,Pranav Mishra,Nashik,MH,2024-12-09,N
C101110,Sai Deshpande,Thiruvananthapuram,KL,2023-11-13,N
C101111,Nikhil Roy,Mumbai,MH,2024-10-05,N
C101112,Ramesh Jain,Kolkata,WB,2024-01-12,N
C101113,Reyansh Qureshi,Kochi,KL,2024-10-08,N
C101114,Harsh Malhotra,Patna,BR,2024-12-02,Y
C101115,Siddharth Jain,Kolkata,WB,2023-03-10,N
C101116,Aishwarya Pillai,Chandigarh,CH,2023-03-21,N
C101117,Arjun Sethi,Indore,MP,2023-03-30,N
C101118,Reyansh Kaur,Coimbatore,TN,2022-08-07,N
C101119,Amit Roy,Pune,MH,2024-09-30,N
C101120,Sunita Pillai,Ranchi,JH,2022-09-05,Y
C101121,Ayaan Pereira,Ahmedabad,GJ,2022-11-15,N
C101122,Sukhwinder Joshi,Delhi,DL,2024-12-31,N
C101123,Ritika Chatterjee,Bhopal,MP,2023-10-25,N
C101124,Diya Khan,Chandigarh,CH,2023-12-13,N
C101125,Aarav Rathore,Surat,GJ,2022-11-24,N
C101126,Reyansh Khanna,Thiruvananthapuram,KL,2022-07-20,N
C101127,Mohammed Mukherjee,Hyderabad,TS,2024-03-20,N
C101128,Aishwarya Varghese,Delhi,DL,2023-04-05,N
C101129,Vivaan Ghosh,Bhubaneswar,OR,2023-02-27,Y
C101130,Sai Trivedi,Pune,MH,2022-12-25,Y
C101131,Payal Gill,Coimbatore,TN,2023-02-02,N
C101132,Megha Sheikh,Ranchi,JH,2023-08-16,N
C101133,Megha Bose,Visakhapatnam,AP,2023-08-22,N
C101134,Krishna Chopra,Nashik,MH,2023-11-20,N
C101135,Aishwarya Jain,Bhopal,MP,2023-01-02,N
C101136,Thomas Srivastava,Nagpur,MH,2023-09-03,N
C101137,Sai Pillai,Bhubaneswar,OR,2022-09-04,N
C101138,Vivaan Bhatt,Gurugram,HR,2024-06-11,N
C101139,Diya Menon,Vadodara,GJ,2024-06-13,N
C101140,Reyansh Agarwal,Dehradun,UK,2024-11-24,N
C101141,Neha Ghosh,Mumbai,MH,2024-06-26,N
C101142,Sameer Mittal,Thiruvananthapuram,KL,2024-11-17,Y
C101143,Gurpreet Sandhu,Jaipur,RJ,2022-11-15,N
C101144,Pooja Shinde,Raipur,CG,2024-11-08,Y
C101145,Komal Jain,Chandigarh,CH,2024-05-22,N
C101146,Siddharth Bhatia,Coimbatore,TN,2023-10-24,N
C101147,Bhavna Shinde,Delhi,DL,2023-08-01,N
C101148,Zoya Saxena,Bhubaneswar,OR,2023-07-01,N
C101149,Faisal Ghosh,Visakhapatnam,AP,2022-09-26,Y
C101150,Deepak Naidu,Bhubaneswar,OR,2024-08-11,Y
C101151,Zoya Kaur,Hyderabad,TS,2023-08-21,N
C101152,Suresh Reddy,Nashik,MH,2023-07-30,Y
C101153,Rohit Joshi,Indore,MP,2023-12-26,N
C101154,Divya Rathore,Jaipur,RJ,2023-11-11,N
C101155,Lakshmi Mittal,Visakhapatnam,AP,2022-10-30,N
C101156,Lakshmi Yadav,Hyderabad,TS,2023-09-08,Y
C101157,Komal Das,Pune,MH,2023-02-26,N
C101158,Lakshmi Fernandes,Indore,MP,2023-09-07,N
C101159,Om Jain,Gurugram,HR,2023-09-05,Y
C101160,Manish Sen,Lucknow,UP,2022-07-28,Y
C101161,Harsh Kulkarni,Indore,MP,2022-08-25,N
C101162,Rohit Jadhav,Thiruvananthapuram,KL,2024-09-23,Y
C101163,Steven Shah,Chandigarh,CH,2022-10-08,N
C101164,Ankit Rathore,Ahmedabad,GJ,2022-09-10,N
C101165,Megha Varghese,Raipur,CG,2023-10-22,Y
C101166,Tarun Menon,Surat,GJ,2024-04-26,Y
C101167,Ishaan Kaur,Indore,MP,2023-06-29,Y
C101168,Lobsang Patel,Jaipur,RJ,2023-08-17,N
C101169,Karan Goyal,Hyderabad,TS,2023-06-10,Y
C101170,Tarun Joshi,Kochi,KL,2023-06-22,N
C101171,Deepak Sandhu,Ahmedabad,GJ,2023-05-10,N
C101172,Vikram Siddiqui,Bhubaneswar,OR,2024-02-20,N
C101173,Karan Rathore,Bhubaneswar,OR,2024-08-04,N
C101174,Steven Menon,Kolkata,WB,2024-09-16,Y
C101175,Meera Ansari,Bhubaneswar,OR,2024-02-07,Y
C101176,Swati Agarwal,Nashik,MH,2024-06-13,N
C101177,Krishna Verma,Nagpur,MH,2023-11-10,Y
C101178,Sukhwinder Goyal,Bengaluru,KA,2022-11-07,N
C101179,Jaspreet Banerjee,Dehradun,UK,2024-06-09,N
C101180,Saanvi Trivedi,Mysuru,KA,2022-09-16,N
C101181,Kavya Patil,Chandigarh,CH,2023-03-13,N
C101182,Manish Varghese,Kolkata,WB,2024-12-22,N
C101183,Thomas Khanna,Mumbai,MH,2023-02-27,N
C101184,Karan Sharma,Mumbai,MH,2024-01-22,Y
C101185,Joseph Sen,Chandigarh,CH,2023-05-17,N
C101186,Tenzin Malhotra,Nashik,MH,2023-08-21,N
C101187,Meera Shinde,Mysuru,KA,2024-05-21,Y
C101188,Simran Rathore,Patna,BR,2023-05-05,N
C101189,Suresh Mukherjee,Kochi,KL,2023-02-25,N
C101190,Simran Mathew,Dehradun,UK,2023-12-28,Y
C101191,Isha Yadav,Patna,BR,2024-09-23,N
C101192,Aishwarya Bansal,Jaipur,RJ,2023-01-06,Y
C101193,Rahul Pandey,Chandigarh,CH,2023-11-05,N
C101194,Sneha Ghosh,Delhi,DL,2023-05-31,N
C101195,Zoya Bansal,Ahmedabad,GJ,2022-10-11,Y
C101196,Ankit Mukherjee,Ahmedabad,GJ,2024-09-27,N
C101197,Aadhya Khanna,Visakhapatnam,AP,2024-04-23,N
C101198,Rahul Tiwari,Nagpur,MH,2023-09-23,Y
C101199,Faisal Varghese,Kolkata,WB,2024-09-04,N
C101200,Rajat Chauhan,Ahmedabad,GJ,2022-12-05,Y
C101201,Ankit Trivedi,Noida,UP,2022-12-29,N
C101202,Jaspreet Srivastava,Nagpur,MH,2024-08-06,N
C101203,Harpreet Kapoor,Noida,UP,2024-06-07,Y
C101204,Geeta Desai,Jaipur,RJ,2022-10-01,N
C101205,Sai Ghosh,Hyderabad,TS,2022-08-06,N
C101206,Ananya Bansal,Bhubaneswar,OR,2022-08-12,Y
C101207,Tanvi Das,Raipur,CG,2022-11-27,Y
C101208,Amit Sharma,Noida,UP,2023-12-21,Y
C101209,Saanvi Verma,Noida,UP,2024-08-02,N
C101210,Faisal Qureshi,Nagpur,MH,2023-08-23,N
C101211,Reyansh Kapoor,Gurugram,HR,2022-07-28,N
C101212,Manpreet Arora,Dehradun,UK,2023-06-18,N
C101213,Dev Pillai,Chennai,TN,2024-05-01,Y
C101214,Ayaan Jadhav,Gurugram,HR,2023-12-29,Y
C101215,Siddharth Arora,Ranchi,JH,2022-08-09,N
C101216,Rohan Bhatia,Hyderabad,TS,2023-08-24,N
C101217,Megha Goyal,Delhi,DL,2024-02-16,N
C101218,Mohammed Mathew,Pune,MH,2024-11-07,N
C101219,Pooja Mittal,Thiruvananthapuram,KL,2024-12-13,N
C101220,Harpreet Bansal,Kochi,KL,2024-09-28,Y
C101221,Ishaan Jadhav,Gurugram,HR,2024-09-11,Y
C101222,Geeta Sheikh,Mysuru,KA,2023-08-19,N
C101223,Divya Gill,Ahmedabad,GJ,2023-05-07,N
C101224,Harsh Gupta,Nashik,MH,2024-09-06,Y
C101225,Abhishek Ansari,Nashik,MH,2023-01-14,N
C101226,Pooja Pillai,Ahmedabad,GJ,2023-01-12,N
C101227,Imran Goyal,Indore,MP,2023-07-18,N
C101228,Riya Pawar,Ahmedabad,GJ,2024-07-24,N
C101229,Anjali Bhatia,Delhi,DL,2023-10-24,Y
C101230,Jaspreet Banerjee,Kochi,KL,2024-12-13,Y
C101231,Sukhwinder Rathore,Kolkata,WB,2022-10-25,Y
C101232,Geeta Saxena,Noida,UP,2024-10-22,N
C101233,Siddharth Jain,Noida,UP,2024-09-26,Y
C101234,Vikram Sandhu,Pune,MH,2024-09-02,N
C101235,Faisal Kapoor,Vadodara,GJ,2023-11-24,N
C101236,Riya Agarwal,Bhubaneswar,OR,2023-11-02,N
C101237,Swati Nair,Hyderabad,TS,2024-02-28,N
C101238,Abhishek Sharma,Hyderabad,TS,2022-08-16,N
C101239,Ananya Menon,Mysuru,KA,2024-06-15,N
C101240,Manish Joshi,Visakhapatnam,AP,2022-11-18,N
C101241,Payal Siddiqui,Thiruvananthapuram,KL,2023-09-22,N
C101242,Vikram Rao,Kolkata,WB,2024-03-23,N
C101243,Siddharth Chatterjee,Mumbai,MH,2024-08-18,N
C101244,Rahul Kapoor,Kolkata,WB,2022-12-29,N
C101245,Ramesh Mishra,Hyderabad,TS,2024-04-16,N
C101246,Manish Mukherjee,Pune,MH,2022-10-25,Y
C101247,Deepak Das,Delhi,DL,2024-03-25,N
C101248,Manpreet Sen,Ahmedabad,GJ,2024-03-06,N
C101249,Ishaan George,Patna,BR,2024-03-30,N
C101250,Gurpreet Verma,Gurugram,HR,2024-04-15,N
C101251,Ayaan Sethi,Ranchi,JH,2024-09-29,N
C101252,Harpreet Chopra,Vadodara,GJ,2023-07-12,N
C101253,Sai Gill,Lucknow,UP,2023-02-14,N
C101254,Reyansh Shinde,Indore,MP,2023-04-08,N
C101255,Geeta Sethi,Noida,UP,2022-11-19,Y
C101256,Rahul Ansari,Surat,GJ,2023-01-21,N
C101257,Anjali George,Bhopal,MP,2023-09-14,N
C101258,Anjali George,Bhubaneswar,OR,2024-07-26,Y
C101259,Gurpreet Bhatia,Chandigarh,CH,2024-03-16,N
C101260,Ramesh Bhatia,Vadodara,GJ,2023-07-15,N
C101261,Ayaan Pandey,Lucknow,UP,2023-02-15,Y
C101262,Nisha Sethi,Delhi,DL,2023-03-22,N
C101263,Komal Naidu,Delhi,DL,2024-09-02,N
C101264,Sameer Bhatt,Nagpur,MH,2024-02-09,N
C101265,Pooja Mehta,Kolkata,WB,2024-04-29,N
C101266,Mohammed Chauhan,Surat,GJ,2022-11-26,N
C101267,Ankit Ansari,Patna,BR,2023-12-29,Y
C101268,Ritika Sheikh,Bhubaneswar,OR,2022-11-02,Y
C101269,Tanvi Patil,Bengaluru,KA,2023-09-02,N
C101270,Ritika Tiwari,Surat,GJ,2022-08-17,N
C101271,Nisha Mishra,Coimbatore,TN,2023-06-01,Y
C101272,Riya Dutta,Vadodara,GJ,2022-11-26,N
C101273,Faisal Gaikwad,Vadodara,GJ,2024-02-15,N
C101274,Faisal Rathore,Chandigarh,CH,2023-09-04,N
C101275,Sai Qureshi,Bhubaneswar,OR,2023-11-20,N
C101276,Simran Chatterjee,Nagpur,MH,2024-09-04,N
C101277,Kunal Bhatia,Coimbatore,TN,2024-06-07,Y
C101278,Faisal Sethi,Surat,GJ,2023-07-13,N
C101279,Simran Kaur,Indore,MP,2023-05-31,N
C101280,Steven Iyer,Raipur,CG,2024-12-08,N
C101281,Tarun Nair,Pune,MH,2023-08-10,N
C101282,Siddharth Siddiqui,Hyderabad,TS,2024-01-11,N
C101283,Ankit Kumar,Surat,GJ,2023-05-24,N
C101284,Geeta Dutta,Visakhapatnam,AP,2024-06-06,Y
C101285,Payal Qureshi,Lucknow,UP,2023-01-25,N
C101286,Jaspreet Varghese,Coimbatore,TN,2023-02-17,N
C101287,Gurpreet Roy,Raipur,CG,2024-08-10,Y
C101288,Joseph Patil,Vadodara,GJ,2022-12-30,Y
C101289,Zoya Das,Mysuru,KA,2023-08-09,Y
C101290,Sameer Arora,Patna,BR,2023-08-15,Y
C101291,Lobsang Naidu,Mumbai,MH,2024-02-17,Y
C101292,Deepak Ghosh,Lucknow,UP,2023-07-18,N
C101293,Joseph Singh,Noida,UP,2022-12-05,Y
C101294,Siddharth Deshpande,Indore,MP,2024-12-12,N
C101295,Aditya Sandhu,Nashik,MH,2023-09-20,N
C101296,Manish Pawar,Pune,MH,2022-12-03,Y
C101297,Shreya Jadhav,Jaipur,RJ,2024-01-20,N
C101298,Farah Singh,Delhi,DL,2023-05-12,N
C101299,Varun Patil,Jaipur,RJ,2024-07-25,N
C101300,Ishaan Jain,Kolkata,WB,2024-01-13,Y
C101301,Reyansh Ansari,Raipur,CG,2022-11-21,N
C101302,Divya Gupta,Ranchi,JH,2024-01-13,N
C101303,Vivaan Kapoor,Bhubaneswar,OR,2024-02-05,N
C101304,Imran Ansari,Visakhapatnam,AP,2022-07-24,N
C101305,Rohit Verma,Nashik,MH,2023-08-16,N
C101306,Kabir Ghosh,Surat,GJ,2024-02-07,N
C101307,Arjun Pillai,Gurugram,HR,2023-11-22,N
C101308,Anjali Nair,Noida,UP,2022-09-30,N
C101309,Ananya Mathew,Kochi,KL,2023-11-26,N
C101310,Simran Chatterjee,Pune,MH,2024-03-06,N
C101311,Tanvi Banerjee,Pune,MH,2022-09-12,N
C101312,Aishwarya Mukherjee,Raipur,CG,2024-03-28,Y
C101313,Meera Chauhan,Bengaluru,KA,2022-09-19,N
C101314,Arjun Roy,Bhopal,MP,2024-06-09,N
C101315,Manpreet Chopra,Patna,BR,2023-03-23,N
C101316,Steven Pandey,Vadodara,GJ,2023-06-06,N
C101317,Vivaan Malhotra,Kochi,KL,2023-04-04,N
C101318,Ananya Sharma,Gurugram,HR,2024-12-13,N
C101319,Aishwarya Kaur,Kolkata,WB,2022-08-20,N
C101320,Priya Kaur,Dehradun,UK,2024-10-14,N
C101321,Komal Bose,Vadodara,GJ,2024-04-15,Y
C101322,Ramesh Malhotra,Surat,GJ,2024-11-07,N
C101323,Jaspreet Gill,Chandigarh,CH,2023-01-02,Y
C101324,Ramesh Chauhan,Patna,BR,2023-05-09,Y
C101325,Anjali Qureshi,Raipur,CG,2024-02-12,N
C101326,Ayaan Nair,Vadodara,GJ,2023-11-26,Y
C101327,Geeta Sen,Hyderabad,TS,2024-04-21,N
C101328,Vivaan Singh,Thiruvananthapuram,KL,2023-07-01,Y
C101329,Sunita Banerjee,Noida,UP,2024-12-21,N
C101330,Tanvi Qureshi,Bhopal,MP,2024-04-13,N
C101331,Farah Sethi,Patna,BR,2024-10-17,N
C101332,Harsh Chatterjee,Kochi,KL,2024-02-29,Y
C101333,Vihaan Khan,Guwahati,AS,2023-04-22,Y
C101334,Amit Pawar,Visakhapatnam,AP,2024-03-06,Y
C101335,Priya Pandey,Vadodara,GJ,2023-01-11,Y
C101336,Nikhil Verma,Kochi,KL,2024-02-01,N
C101337,Ritika Singh,Bhubaneswar,OR,2022-08-03,N
C101338,Geeta Rathore,Lucknow,UP,2023-04-17,N
C101339,Kabir Ghosh,Ranchi,JH,2022-12-02,N
C101340,Divya Kumar,Surat,GJ,2024-12-02,Y
C101341,Shreya Pandey,Thiruvananthapuram,KL,2022-12-17,N
C101342,Vivaan Tiwari,Guwahati,AS,2024-06-21,N
C101343,Payal Bose,Hyderabad,TS,2023-06-25,N
C101344,Siddharth Jain,Bengaluru,KA,2024-05-23,Y
C101345,Riya Saxena,Thiruvananthapuram,KL,2023-06-03,Y
C101346,Divya Khanna,Kolkata,WB,2024-12-20,N
C101347,Suresh Dutta,Dehradun,UK,2023-04-26,N
C101348,Tanvi Pillai,Jaipur,RJ,2022-10-07,N
C101349,Jaspreet Shinde,Coimbatore,TN,2024-10-14,Y
C101350,Faisal Dhillon,Dehradun,UK,2023-04-02,N
C101351,Zoya Banerjee,Ahmedabad,GJ,2024-07-20,Y
C101352,Dev Bhatt,Nagpur,MH,2022-11-03,Y
C101353,Diya Jadhav,Pune,MH,2024-01-15,Y
C101354,Thomas Kulkarni,Kolkata,WB,2024-04-19,N
C101355,Saanvi Shinde,Pune,MH,2022-09-22,N
C101356,Sai Pereira,Chennai,TN,2023-02-22,N
C101357,Sai Pawar,Chennai,TN,2024-08-04,N
C101358,Lakshmi Chauhan,Jaipur,RJ,2024-12-08,N
C101359,Daniel Verma,Bhubaneswar,OR,2023-12-06,N
C101360,Anjali Dutta,Vadodara,GJ,2023-02-12,N
C101361,Lobsang Gupta,Patna,BR,2024-01-06,Y
C101362,Priya Pillai,Chandigarh,CH,2023-06-08,N
C101363,Swati Bansal,Mysuru,KA,2024-06-18,N
C101364,Faisal Trivedi,Dehradun,UK,2024-01-08,Y
C101365,Suresh Dutta,Nashik,MH,2024-03-18,Y
C101366,Bhavna Pandey,Nashik,MH,2023-06-16,N
C101367,Amit Agarwal,Surat,GJ,2022-09-17,N
C101368,Abhishek Shinde,Hyderabad,TS,2022-10-29,Y
C101369,Dev George,Bhubaneswar,OR,2023-01-06,N
C101370,Aditya Das,Jaipur,RJ,2024-10-26,N
C101371,Arjun Malhotra,Mumbai,MH,2024-10-17,N
C101372,Saanvi Tiwari,Ahmedabad,GJ,2024-01-18,N
C101373,Steven Fernandes,Nagpur,MH,2024-04-02,Y
C101374,Tanvi Siddiqui,Coimbatore,TN,2022-10-25,Y
C101375,Sai Banerjee,Nagpur,MH,2023-07-05,Y
C101376,Rahul Sethi,Guwahati,AS,2024-03-28,Y
C101377,Meera Pillai,Visakhapatnam,AP,2024-04-21,N
C101378,Jaspreet Deshpande,Guwahati,AS,2024-09-03,N
C101379,Nisha Shah,Thiruvananthapuram,KL,2024-05-30,N
C101380,Aditya Jadhav,Surat,GJ,2024-07-03,N
C101381,Rohit Srivastava,Bengaluru,KA,2024-09-04,N
C101382,Sunita Malhotra,Delhi,DL,2022-09-17,Y
C101383,Megha Yadav,Kolkata,WB,2023-07-07,N
C101384,Steven Sheikh,Chennai,TN,2022-08-16,N
C101385,Siddharth Khanna,Nashik,MH,2023-05-13,N
C101386,Kabir Singh,Kochi,KL,2023-12-24,N
C101387,Krishna Dhillon,Bhubaneswar,OR,2024-02-20,N
C101388,Rahul Chatterjee,Guwahati,AS,2023-03-18,N
C101389,Tarun Sharma,Mumbai,MH,2024-06-10,N
C101390,Riya Nair,Hyderabad,TS,2023-04-06,Y
C101391,Zoya Sheikh,Gurugram,HR,2022-11-23,N
C101392,Rohit Kumar,Delhi,DL,2024-03-27,N
C101393,Rajat Mittal,Bengaluru,KA,2024-03-06,N
C101394,Nisha Siddiqui,Delhi,DL,2024-07-25,N
C101395,Deepak Shinde,Gurugram,HR,2023-06-08,N
C101396,Harsh Sethi,Delhi,DL,2022-11-19,N
C101397,Simran Reddy,Thiruvananthapuram,KL,2023-05-13,N
C101398,Sai Jain,Nagpur,MH,2022-12-31,Y
C101399,Sai Mathew,Vadodara,GJ,2022-08-29,N
C101400,Suresh Khan,Raipur,CG,2024-04-26,N
C101401,Aditya Jadhav,Chandigarh,CH,2023-11-12,N
C101402,Swati Malhotra,Visakhapatnam,AP,2022-07-23,N
C101403,Varun Sharma,Indore,MP,2023-01-23,N
C101404,Sai Verma,Pune,MH,2024-08-07,N
C101405,Priya Kaur,Bhubaneswar,OR,2022-12-26,Y
C101406,Riya Mehta,Kolkata,WB,2023-03-03,N
C101407,Kavya Kapoor,Bhopal,MP,2024-03-25,N
C101408,Kabir Bhatia,Hyderabad,TS,2024-04-17,N
C101409,Gurpreet Bose,Chandigarh,CH,2024-04-03,Y
C101410,Nisha Pereira,Chennai,TN,2023-02-05,Y
C101411,Deepak Dutta,Noida,UP,2023-09-07,N
C101412,Rohan Rao,Raipur,CG,2023-03-09,N
C101413,Shreya Reddy,Chandigarh,CH,2024-06-05,N
C101414,Anjali Khan,Chennai,TN,2023-07-01,N
C101415,Om Bhatt,Bengaluru,KA,2024-01-17,N
C101416,Steven Rao,Bhopal,MP,2024-11-07,N
C101417,Vihaan Fernandes,Hyderabad,TS,2023-12-25,Y
C101418,Thomas Sandhu,Guwahati,AS,2023-01-19,N
C101419,Jaspreet Sharma,Chandigarh,CH,2023-04-15,Y
C101420,Isha Varghese,Lucknow,UP,2022-10-27,N
C101421,Harpreet Roy,Delhi,DL,2023-10-16,N
C101422,Bhavna Jain,Pune,MH,2024-01-24,N
C101423,Lakshmi Siddiqui,Visakhapatnam,AP,2024-06-30,N
C101424,Geeta Kulkarni,Surat,GJ,2024-05-22,N
C101425,Joseph Tiwari,Patna,BR,2023-11-14,N
C101426,Sneha Roy,Bengaluru,KA,2022-12-23,N
C101427,Karan Tiwari,Kochi,KL,2024-02-15,Y
C101428,Nikhil Pawar,Pune,MH,2024-10-09,Y
C101429,Nisha Rao,Nagpur,MH,2024-05-02,N
C101430,Zoya Pillai,Dehradun,UK,2023-03-19,Y
C101431,Zaid Nair,Mysuru,KA,2022-07-23,N
C101432,Megha Khanna,Delhi,DL,2022-09-10,N
C101433,Riya Ansari,Kochi,KL,2024-11-07,N
C101434,Sneha Gupta,Guwahati,AS,2023-07-29,Y
C101435,Ankit Mathew,Thiruvananthapuram,KL,2023-05-24,Y
C101436,Imran Banerjee,Kochi,KL,2023-01-25,N
C101437,Payal Goyal,Gurugram,HR,2024-01-24,N
C101438,Amit Deshpande,Bhubaneswar,OR,2023-10-25,N
C101439,Shreya Das,Vadodara,GJ,2024-02-24,N
C101440,Thomas George,Nagpur,MH,2023-02-18,N
C101441,Mohammed Rao,Bhopal,MP,2024-05-01,N
C101442,Sukhwinder Srivastava,Noida,UP,2024-02-05,N
C101443,Farah Chauhan,Visakhapatnam,AP,2022-07-24,N
C101444,Vikram Nair,Gurugram,HR,2023-04-12,N
C101445,Bhavna Srivastava,Surat,GJ,2023-06-19,Y
C101446,Ramesh Pereira,Raipur,CG,2023-03-31,N
C101447,Aadhya George,Vadodara,GJ,2024-01-26,N
C101448,Aadhya Pandey,Mumbai,MH,2023-01-17,N
C101449,Ishaan Menon,Dehradun,UK,2023-07-29,N
C101450,Ritika Yadav,Dehradun,UK,2023-12-05,N
C101451,Gurpreet D'Souza,Pune,MH,2022-10-23,N
C101452,Anjali Shinde,Visakhapatnam,AP,2024-02-18,Y
C101453,Komal Agarwal,Gurugram,HR,2023-03-31,Y
C101454,Zaid Chopra,Raipur,CG,2024-03-27,N
C101455,Om Mittal,Mysuru,KA,2022-11-19,N
C101456,Geeta Chopra,Vadodara,GJ,2023-10-24,N
C101457,Vikram Pawar,Surat,GJ,2023-08-09,N
C101458,Manish Mukherjee,Thiruvananthapuram,KL,2024-09-22,Y
C101459,Kavya Sandhu,Indore,MP,2023-01-21,Y
C101460,Sunita Ansari,Nashik,MH,2024-03-20,N
C101461,Shreya Rathore,Kochi,KL,2023-02-17,N
C101462,Ayaan Sen,Ranchi,JH,2024-07-09,Y
C101463,Sai Bhatia,Ranchi,JH,2022-07-18,Y
C101464,Harsh Kumar,Vadodara,GJ,2024-08-10,N
C101465,Bhavna Chatterjee,Ranchi,JH,2022-11-11,N
C101466,Pooja Arora,Surat,GJ,2023-01-30,Y
C101467,Manish Singh,Lucknow,UP,2024-07-28,Y
C101468,Steven Pandey,Coimbatore,TN,2024-07-12,Y
C101469,Sunita Bhatia,Mysuru,KA,2023-09-07,N
C101470,Meera Saxena,Ranchi,JH,2023-06-17,Y
C101471,Vikram Dutta,Indore,MP,2024-12-04,N
C101472,Pranav Sheikh,Mumbai,MH,2024-07-06,N
C101473,Riya Deshpande,Mumbai,MH,2023-08-19,N
C101474,Deepak Qureshi,Delhi,DL,2024-10-07,N
C101475,Tenzin Qureshi,Chennai,TN,2024-07-26,N
C101476,Simran Menon,Chennai,TN,2024-03-19,Y
C101477,Kunal Das,Lucknow,UP,2023-08-28,N
C101478,Reyansh Jain,Bhubaneswar,OR,2024-03-08,N
C101479,Pooja Iyer,Noida,UP,2022-11-30,N
C101480,Megha Ansari,Vadodara,GJ,2024-11-18,N
C101481,Tarun Khanna,Chandigarh,CH,2023-05-23,Y
C101482,Manish Deshpande,Nashik,MH,2022-12-08,N
C101483,Manpreet Khanna,Delhi,DL,2024-12-09,N
C101484,Pranav Rao,Dehradun,UK,2024-02-18,N
C101485,Vikram Sharma,Dehradun,UK,2024-04-19,N
C101486,Lobsang Ansari,Nashik,MH,2023-01-01,N
C101487,Harsh Roy,Dehradun,UK,2022-11-16,Y
C101488,Meera Pandey,Chandigarh,CH,2024-09-12,N
C101489,Bhavna Bansal,Chandigarh,CH,2023-02-25,N
C101490,Amit Saxena,Vadodara,GJ,2022-10-13,N
C101491,Megha Ghosh,Mysuru,KA,2024-03-28,N
C101492,Vihaan Kapoor,Delhi,DL,2023-04-10,Y
C101493,Aarav Agarwal,Hyderabad,TS,2022-09-08,N
C101494,Sunita Rao,Bengaluru,KA,2023-10-27,N
C101495,Daniel Jain,Surat,GJ,2024-10-04,N
C101496,Ayaan Mukherjee,Pune,MH,2022-08-28,Y
C101497,Tanvi Roy,Vadodara,GJ,2024-02-10,N
C101498,Zoya Saxena,Bhopal,MP,2022-09-03,N
C101499,Varun Verma,Chandigarh,CH,2024-05-07,N
C101500,Steven Shah,Nagpur,MH,2024-08-15,Y
C101501,Tanvi Rao,Lucknow,UP,2024-10-17,N
C101502,Anjali Pandey,Dehradun,UK,2024-06-09,N
C101503,Dev Yadav,Gurugram,HR,2023-09-19,N
C101504,Ishaan Desai,Bhopal,MP,2022-12-23,N
C101505,Farah Joshi,Chandigarh,CH,2024-09-22,N
C101506,Abhishek Sheikh,Chennai,TN,2023-12-17,N
C101507,Bhavna Banerjee,Surat,GJ,2022-08-12,N
C101508,Rajat Sethi,Ranchi,JH,2023-04-15,N
C101509,Aishwarya Mathew,Gurugram,HR,2023-11-10,N
C101510,Geeta Kapoor,Raipur,CG,2024-12-26,N
C101511,Steven Saxena,Delhi,DL,2023-04-24,Y
C101512,Diya Banerjee,Kolkata,WB,2024-02-13,N
C101513,Ankit Ansari,Gurugram,HR,2023-09-01,N
C101514,Suresh Reddy,Thiruvananthapuram,KL,2022-12-01,N
C101515,Ramesh Roy,Mysuru,KA,2023-01-26,N
C101516,Suresh Gill,Chennai,TN,2023-04-24,Y
C101517,Sukhwinder Dhillon,Mysuru,KA,2023-01-17,N
C101518,Aadhya Verma,Thiruvananthapuram,KL,2023-02-18,N
C101519,Sneha Khanna,Chennai,TN,2023-02-09,N
C101520,Amit Agarwal,Chennai,TN,2024-09-20,N
C101521,Sneha Bhatia,Pune,MH,2023-03-30,N
C101522,Nikhil Sheikh,Mumbai,MH,2022-09-11,N
C101523,Aarav Chauhan,Dehradun,UK,2024-10-20,N
C101524,Aarav Sethi,Vadodara,GJ,2023-02-26,Y
C101525,Shreya Gaikwad,Kochi,KL,2022-10-04,N
C101526,Daniel Reddy,Jaipur,RJ,2024-03-19,Y
C101527,Jaspreet Sethi,Guwahati,AS,2024-05-03,N
C101528,Rahul Rao,Dehradun,UK,2024-10-29,N
C101529,Ritika D'Souza,Vadodara,GJ,2023-07-05,Y
C101530,Kavya Mathew,Lucknow,UP,2024-05-03,N
C101531,Payal Mukherjee,Hyderabad,TS,2024-11-29,Y
C101532,Yash Sandhu,Lucknow,UP,2024-08-23,Y
C101533,Kabir Mathew,Ahmedabad,GJ,2024-05-21,Y
C101534,Riya Shah,Indore,MP,2022-12-03,N
C101535,Jaspreet Sheikh,Guwahati,AS,2023-07-01,N
C101536,Kabir Shah,Nagpur,MH,2024-01-28,N
C101537,Aditya Trivedi,Jaipur,RJ,2024-12-11,Y
C101538,Kabir Bhatia,Ahmedabad,GJ,2022-11-04,N
C101539,Zoya Varghese,Bhopal,MP,2024-05-13,Y
C101540,Vikram Shah,Jaipur,RJ,2023-12-04,N
C101541,Nisha Dutta,Visakhapatnam,AP,2024-04-04,N
C101542,Rohit Chatterjee,Delhi,DL,2023-02-25,Y
C101543,Rohit Gupta,Jaipur,RJ,2024-08-06,Y
C101544,Megha Siddiqui,Gurugram,HR,2024-02-06,N
C101545,Neha Ghosh,Dehradun,UK,2022-10-28,Y
C101546,Om Ansari,Surat,GJ,2023-09-07,Y
C101547,Kabir Mehta,Chennai,TN,2024-03-06,N
C101548,Kabir Ansari,Jaipur,RJ,2024-06-23,N
C101549,Nikhil Dhillon,Jaipur,RJ,2022-12-03,N
C101550,Divya Verma,Nagpur,MH,2024-09-06,N
C101551,Mohammed Gill,Chandigarh,CH,2024-05-07,N
C101552,Priya Kapoor,Guwahati,AS,2024-07-04,N
C101553,Geeta Arora,Raipur,CG,2024-01-11,Y
C101554,Bhavna Pandey,Surat,GJ,2022-10-06,Y
C101555,Isha Shah,Nagpur,MH,2024-09-28,N
C101556,Joseph Ansari,Chandigarh,CH,2023-04-25,Y
C101557,Ananya Rathore,Bhubaneswar,OR,2023-11-22,N
C101558,Reyansh Rao,Bhopal,MP,2023-04-02,N
C101559,Yash Khanna,Patna,BR,2023-12-15,N
C101560,Krishna Fernandes,Chennai,TN,2024-07-13,N
C101561,Ishaan Pandey,Ahmedabad,GJ,2023-04-02,N
C101562,Neha Joshi,Kochi,KL,2024-02-27,N
C101563,Aarav Pandey,Noida,UP,2022-08-08,Y
C101564,Daniel Kulkarni,Ahmedabad,GJ,2024-04-13,Y
C101565,Siddharth Siddiqui,Vadodara,GJ,2022-09-07,Y
C101566,Reyansh Pereira,Raipur,CG,2023-04-24,N
C101567,Sukhwinder Kaur,Mumbai,MH,2023-08-27,Y
C101568,Bhavna George,Visakhapatnam,AP,2024-04-23,N
C101569,Harsh Pillai,Raipur,CG,2024-05-21,Y
C101570,Tarun D'Souza,Ahmedabad,GJ,2023-06-23,N
C101571,Vihaan Patil,Gurugram,HR,2023-09-13,N
C101572,Sameer Rao,Coimbatore,TN,2022-11-16,N
C101573,Bhavna Sharma,Noida,UP,2023-04-27,N
C101574,Mohammed Goyal,Surat,GJ,2024-08-25,N
C101575,Suresh Bose,Bhopal,MP,2023-03-21,N
C101576,Komal Singh,Dehradun,UK,2023-04-18,N
C101577,Karan Mukherjee,Indore,MP,2022-08-03,Y
C101578,Yash Kumar,Lucknow,UP,2022-08-22,N
C101579,Anjali Patel,Jaipur,RJ,2024-01-03,Y
C101580,Karan Sen,Lucknow,UP,2023-11-15,N
C101581,Swati Banerjee,Lucknow,UP,2024-03-30,Y
C101582,Riya Kapoor,Guwahati,AS,2023-07-02,N
C101583,Aarav Varghese,Mumbai,MH,2023-01-16,N
C101584,Faisal Kaur,Jaipur,RJ,2024-05-15,N
C101585,Imran Rao,Kolkata,WB,2022-10-02,Y
C101586,Sai Mathew,Gurugram,HR,2023-05-16,N
C101587,Amit Saxena,Hyderabad,TS,2024-07-23,N
C101588,Imran Arora,Visakhapatnam,AP,2023-04-18,N
C101589,Divya Naidu,Visakhapatnam,AP,2022-11-19,N
C101590,Ayaan Reddy,Thiruvananthapuram,KL,2023-11-07,Y
C101591,Krishna Ghosh,Ahmedabad,GJ,2024-06-10,N
C101592,Amit Siddiqui,Chennai,TN,2022-09-28,N
C101593,Mohammed Sen,Ranchi,JH,2024-03-21,N
C101594,Vivaan Gupta,Ranchi,JH,2022-10-10,N
C101595,Lobsang Gaikwad,Nashik,MH,2022-10-17,Y
C101596,Sai Trivedi,Raipur,CG,2024-03-15,N
C101597,Rahul Banerjee,Gurugram,HR,2024-06-03,N
C101598,Divya Verma,Guwahati,AS,2023-06-05,N
C101599,Yash Trivedi,Mysuru,KA,2024-02-14,N
C101600,Sai Sandhu,Thiruvananthapuram,KL,2022-09-09,N
C101601,Jaspreet Tiwari,Surat,GJ,2023-01-15,Y
C101602,Komal Pereira,Ahmedabad,GJ,2022-09-07,N
C101603,Riya Yadav,Guwahati,AS,2023-07-12,N
C101604,Vikram Naidu,Guwahati,AS,2022-12-18,N
C101605,Ishaan Ansari,Bhopal,MP,2024-01-13,N
C101606,Harpreet Mittal,Nashik,MH,2024-07-13,Y
C101607,Krishna Naidu,Bhopal,MP,2024-06-09,N
C101608,Payal Verma,Chennai,TN,2024-05-09,N
C101609,Reyansh Ghosh,Thiruvananthapuram,KL,2024-02-19,Y
C101610,Steven Gaikwad,Gurugram,HR,2022-10-22,N
C101611,Pooja Joshi,Hyderabad,TS,2023-08-02,N
C101612,Nisha Srivastava,Gurugram,HR,2023-09-22,N
C101613,Harsh Sethi,Hyderabad,TS,2023-01-18,N
C101614,Aarav Bhatt,Indore,MP,2024-11-09,N
C101615,Shreya Goyal,Thiruvananthapuram,KL,2023-10-24,Y
C101616,Sunita Reddy,Chandigarh,CH,2024-01-19,N
C101617,Pranav Fernandes,Raipur,CG,2022-08-08,N
C101618,Lakshmi Menon,Mysuru,KA,2023-01-25,N
C101619,Dev Mehta,Coimbatore,TN,2023-04-11,N
C101620,Ayaan Banerjee,Noida,UP,2024-04-02,Y
C101621,Manpreet Goyal,Bhubaneswar,OR,2024-06-20,Y
C101622,Yash Iyer,Mysuru,KA,2024-06-01,N
C101623,Pranav Bose,Bhopal,MP,2023-03-28,N
C101624,Priya Bose,Bhubaneswar,OR,2023-07-11,N
C101625,Harpreet Agarwal,Noida,UP,2024-03-29,Y
C101626,Harpreet Dutta,Chennai,TN,2023-07-08,N
C101627,Manish Jadhav,Chennai,TN,2024-07-29,N
C101628,Ananya Bose,Noida,UP,2023-08-21,Y
C101629,Vivaan Bose,Surat,GJ,2022-09-12,N
C101630,Pranav Mishra,Ranchi,JH,2024-10-12,N
C101631,Deepak D'Souza,Indore,MP,2022-08-18,N
C101632,Sneha Mukherjee,Bhubaneswar,OR,2022-10-19,N
C101633,Manish Trivedi,Kolkata,WB,2024-08-03,Y
C101634,Gurpreet Pandey,Delhi,DL,2022-10-28,N
C101635,Lobsang Arora,Delhi,DL,2024-11-21,N
C101636,Lobsang Mishra,Surat,GJ,2023-04-24,N
C101637,Diya Banerjee,Vadodara,GJ,2023-07-24,Y
C101638,Ishaan Patil,Jaipur,RJ,2024-02-07,N
C101639,Imran Rao,Bhopal,MP,2023-03-13,N
C101640,Komal Chauhan,Guwahati,AS,2023-08-20,N
C101641,Geeta Goyal,Vadodara,GJ,2024-07-21,N
C101642,Simran Arora,Nashik,MH,2023-03-22,N
C101643,Amit Sandhu,Hyderabad,TS,2022-11-14,N
C101644,Aarav Kapoor,Gurugram,HR,2024-05-24,N
C101645,Ishaan Arora,Visakhapatnam,AP,2022-09-26,N
C101646,Sai Kapoor,Raipur,CG,2024-07-01,Y
C101647,Nisha Agarwal,Kolkata,WB,2022-08-16,Y
C101648,Diya Pereira,Visakhapatnam,AP,2024-03-31,N
C101649,Vikram Pereira,Surat,GJ,2023-10-20,N
C101650,Sunita Khan,Jaipur,RJ,2024-11-09,Y
C101651,Faisal D'Souza,Patna,BR,2024-05-28,N
C101652,Thomas Deshpande,Bengaluru,KA,2024-05-16,N
C101653,Ayaan Bhatia,Nashik,MH,2024-02-27,N
C101654,Sukhwinder Banerjee,Lucknow,UP,2022-08-07,N
C101655,Kabir Patil,Thiruvananthapuram,KL,2023-04-03,N
C101656,Payal Reddy,Pune,MH,2023-10-01,Y
C101657,Anjali Kulkarni,Chandigarh,CH,2022-11-28,N
C101658,Siddharth Chatterjee,Thiruvananthapuram,KL,2022-10-26,N
C101659,Aditya Chopra,Lucknow,UP,2023-12-11,N
C101660,Steven Fernandes,Kolkata,WB,2022-09-08,N
C101661,Abhishek Qureshi,Noida,UP,2022-09-02,N
C101662,Manish Chauhan,Hyderabad,TS,2023-03-25,N
C101663,Karan Mathew,Visakhapatnam,AP,2024-12-24,Y
C101664,Meera Gupta,Jaipur,RJ,2022-08-12,Y
C101665,Nisha Naidu,Gurugram,HR,2022-09-07,N
C101666,Ramesh Arora,Vadodara,GJ,2023-01-04,N
C101667,Nikhil Srivastava,Patna,BR,2023-11-06,N
C101668,Anjali Dutta,Vadodara,GJ,2022-07-23,Y
C101669,Rahul Sen,Lucknow,UP,2024-03-10,Y
C101670,Vikram Kaur,Pune,MH,2023-07-24,N
C101671,Steven Fernandes,Surat,GJ,2024-05-04,N
C101672,Zaid Das,Guwahati,AS,2023-10-15,Y
C101673,Om Naidu,Bhubaneswar,OR,2024-09-06,Y
C101674,Zaid Sharma,Delhi,DL,2024-06-15,N
C101675,Isha Dhillon,Noida,UP,2023-09-21,Y
C101676,Aadhya Sen,Vadodara,GJ,2022-10-30,Y
C101677,Harpreet Bansal,Bhubaneswar,OR,2022-07-22,Y
C101678,Amit Iyer,Mysuru,KA,2023-09-01,N
C101679,Komal Rao,Chandigarh,CH,2024-06-15,N
C101680,Manish Verma,Coimbatore,TN,2022-10-17,N
C101681,Nikhil Gill,Kochi,KL,2023-08-24,Y
C101682,Deepak Pawar,Kochi,KL,2023-01-09,Y
C101683,Sameer Kaur,Hyderabad,TS,2024-01-03,N
C101684,Aadhya Gaikwad,Patna,BR,2023-03-16,Y
C101685,Jaspreet Nair,Patna,BR,2024-08-02,Y
C101686,Vihaan Pereira,Kochi,KL,2022-10-13,N
C101687,Geeta Chauhan,Gurugram,HR,2023-11-30,N
C101688,Swati Rathore,Mumbai,MH,2022-12-27,Y
C101689,Amit Jain,Mumbai,MH,2022-10-22,N
C101690,Amit Patil,Bhopal,MP,2024-09-12,N
C101691,Priya Agarwal,Hyderabad,TS,2023-12-30,N
C101692,Lakshmi Varghese,Nagpur,MH,2024-08-18,N
C101693,Zoya Arora,Guwahati,AS,2023-10-01,N
C101694,Kunal Dutta,Gurugram,HR,2023-11-17,N
C101695,Geeta Banerjee,Surat,GJ,2022-09-30,Y
C101696,Kunal Yadav,Thiruvananthapuram,KL,2023-12-18,N
C101697,Imran D'Souza,Kochi,KL,2024-09-16,N
C101698,Sai Mehta,Surat,GJ,2024-05-13,N
C101699,Bhavna Goyal,Ahmedabad,GJ,2024-10-19,Y
C101700,Ankit Kaur,Thiruvananthapuram,KL,2024-05-23,Y
C101701,Zoya Chatterjee,Vadodara,GJ,2024-07-28,Y
C101702,Sukhwinder George,Jaipur,RJ,2023-07-20,Y
C101703,Swati Das,Visakhapatnam,AP,2022-10-01,N
C101704,Vihaan Joshi,Chennai,TN,2023-01-04,N
C101705,Aditya Kulkarni,Chennai,TN,2024-08-04,Y
C101706,Sneha Deshpande,Guwahati,AS,2024-07-26,N
C101707,Steven Srivastava,Lucknow,UP,2024-04-25,Y
C101708,Sai Menon,Raipur,CG,2024-08-04,N
C101709,Aditya Kulkarni,Jaipur,RJ,2023-09-15,N
C101710,Om George,Delhi,DL,2023-10-16,N
C101711,Om Goyal,Bhubaneswar,OR,2023-06-06,N
C101712,Geeta Gaikwad,Pune,MH,2023-09-28,N
C101713,Neha Ghosh,Mysuru,KA,2022-12-21,N
C101714,Rahul Shinde,Nagpur,MH,2023-11-18,N
C101715,Vikram Chauhan,Jaipur,RJ,2022-09-22,N
C101716,Kunal Singh,Mumbai,MH,2023-05-18,N
C101717,Ishaan Mishra,Kochi,KL,2022-07-28,Y
C101718,Ananya Patil,Dehradun,UK,2024-09-27,Y
C101719,Suresh Yadav,Pune,MH,2024-07-15,N
C101720,Lobsang Jadhav,Chandigarh,CH,2024-04-14,N
C101721,Sukhwinder Bhatt,Delhi,DL,2023-05-13,N
C101722,Nisha Iyer,Chandigarh,CH,2022-08-21,Y
C101723,Abhishek Bhatt,Jaipur,RJ,2024-05-05,N
C101724,Krishna Siddiqui,Patna,BR,2024-12-20,N
C101725,Krishna Bhatia,Kochi,KL,2024-09-18,N
C101726,Lakshmi Chopra,Nashik,MH,2024-12-16,N
C101727,Siddharth Naidu,Kolkata,WB,2023-06-27,N
C101728,Ayaan D'Souza,Surat,GJ,2022-10-17,N
C101729,Krishna Trivedi,Hyderabad,TS,2023-12-01,N
C101730,Shreya Khan,Chennai,TN,2024-09-23,N
C101731,Lakshmi Sen,Nagpur,MH,2024-07-12,Y
C101732,Dev Rathore,Chandigarh,CH,2023-05-15,N
C101733,Harpreet Jadhav,Dehradun,UK,2024-05-11,Y
C101734,Bhavna Varghese,Coimbatore,TN,2023-06-30,Y
C101735,Ritika Bhatia,Vadodara,GJ,2024-10-13,Y
C101736,Vikram Pillai,Kolkata,WB,2024-11-06,N
C101737,Arjun Gill,Delhi,DL,2024-03-09,N
C101738,Faisal Nair,Kochi,KL,2022-08-23,Y
C101739,Meera Malhotra,Bengaluru,KA,2023-09-24,N
C101740,Diya Reddy,Guwahati,AS,2024-03-27,N
C101741,Krishna Sharma,Bhubaneswar,OR,2022-12-14,Y
C101742,Krishna Dhillon,Lucknow,UP,2024-08-12,N
C101743,Faisal Kapoor,Patna,BR,2023-05-14,N
C101744,Faisal Shinde,Raipur,CG,2023-05-22,Y
C101745,Ankit Chatterjee,Visakhapatnam,AP,2022-07-17,Y
C101746,Manpreet Das,Kochi,KL,2024-09-09,N
C101747,Deepak Sheikh,Mysuru,KA,2024-11-30,Y
C101748,Rajat Tiwari,Nagpur,MH,2024-04-09,N
C101749,Yash Kapoor,Raipur,CG,2022-10-09,N
C101750,Sameer Naidu,Vadodara,GJ,2024-06-14,N
C101751,Aadhya Mishra,Coimbatore,TN,2024-01-20,Y
C101752,Harpreet Kumar,Indore,MP,2022-11-13,N
C101753,Bhavna Joshi,Dehradun,UK,2024-11-19,N
C101754,Arjun Rathore,Gurugram,HR,2023-02-08,Y
C101755,Simran Jain,Nagpur,MH,2024-04-05,Y
C101756,Deepak Kapoor,Nagpur,MH,2024-03-05,N
C101757,Gurpreet Saxena,Bengaluru,KA,2023-09-18,Y
C101758,Isha Sharma,Pune,MH,2024-11-15,N
C101759,Tenzin Fernandes,Vadodara,GJ,2024-03-05,Y
C101760,Neha Bhatt,Surat,GJ,2022-08-01,N
C101761,Harsh Shinde,Thiruvananthapuram,KL,2023-07-12,N
C101762,Yash Ansari,Jaipur,RJ,2023-01-11,Y
C101763,Reyansh Mathew,Bengaluru,KA,2024-01-04,N
C101764,Pranav Iyer,Thiruvananthapuram,KL,2024-09-07,Y
C101765,Tarun Tiwari,Bhubaneswar,OR,2024-08-01,N
C101766,Saanvi Bhatt,Chandigarh,CH,2024-06-15,Y
C101767,Anjali Agarwal,Surat,GJ,2023-03-20,N
C101768,Sameer Saxena,Hyderabad,TS,2022-10-17,N
C101769,Vihaan Rathore,Guwahati,AS,2023-02-26,N
C101770,Steven Saxena,Ahmedabad,GJ,2023-12-05,N
C101771,Vikram Ansari,Kolkata,WB,2024-03-14,N
C101772,Siddharth Pereira,Kochi,KL,2023-01-12,N
C101773,Sukhwinder Chauhan,Hyderabad,TS,2022-09-27,N
C101774,Swati Pandey,Kochi,KL,2023-08-26,Y
C101775,Yash Sen,Guwahati,AS,2022-12-13,Y
C101776,Aishwarya Sandhu,Chennai,TN,2024-08-27,N
C101777,Tanvi Kapoor,Bhubaneswar,OR,2023-02-01,N
C101778,Geeta Kaur,Guwahati,AS,2023-02-06,Y
C101779,Rohan Pillai,Hyderabad,TS,2024-10-25,Y
C101780,Zoya Naidu,Ranchi,JH,2024-02-26,Y
C101781,Abhishek Fernandes,Lucknow,UP,2024-01-02,N
C101782,Pooja Agarwal,Kochi,KL,2023-06-08,N
C101783,Diya Patil,Ranchi,JH,2024-01-13,N
C101784,Deepak Saxena,Mysuru,KA,2024-06-12,N
C101785,Lobsang Bansal,Gurugram,HR,2023-12-23,N
C101786,Riya Sen,Kochi,KL,2022-07-29,Y
C101787,Komal Kaur,Bengaluru,KA,2024-06-30,N
C101788,Vihaan Varghese,Coimbatore,TN,2023-12-04,Y
C101789,Farah Ansari,Dehradun,UK,2024-03-26,N
C101790,Krishna Reddy,Thiruvananthapuram,KL,2024-11-08,N
C101791,Kabir Tiwari,Mumbai,MH,2024-12-09,N
C101792,Ananya Patil,Ranchi,JH,2024-02-15,N
C101793,Varun Chatterjee,Indore,MP,2022-11-16,N
C101794,Om Reddy,Lucknow,UP,2022-11-18,N
C101795,Imran Sandhu,Ahmedabad,GJ,2023-02-07,N
C101796,Arjun Bansal,Ranchi,JH,2024-02-29,Y
C101797,Arjun Mittal,Bhubaneswar,OR,2024-08-31,N
C101798,Lobsang George,Nagpur,MH,2023-01-16,N
C101799,Thomas Mehta,Gurugram,HR,2022-08-05,N
C101800,Suresh Sethi,Delhi,DL,2023-04-25,N
C101801,Tanvi Siddiqui,Lucknow,UP,2023-10-17,N
C101802,Yash Desai,Mumbai,MH,2024-12-17,Y
C101803,Tanvi Singh,Kochi,KL,2024-05-10,N
C101804,Kabir Qureshi,Raipur,CG,2022-09-30,N
C101805,Ramesh Gupta,Dehradun,UK,2024-10-16,Y
C101806,Simran Menon,Coimbatore,TN,2024-12-13,N
C101807,Vivaan Khanna,Mysuru,KA,2022-11-13,N
C101808,Ramesh Kaur,Mumbai,MH,2022-10-13,N
C101809,Nisha D'Souza,Nashik,MH,2024-12-01,Y
C101810,Sunita Shah,Indore,MP,2024-08-25,Y
C101811,Joseph Mishra,Bhopal,MP,2024-02-03,N
C101812,Deepak Gupta,Hyderabad,TS,2022-08-27,N
C101813,Ramesh Dhillon,Kolkata,WB,2024-06-24,Y
C101814,Gurpreet Tiwari,Guwahati,AS,2024-04-16,Y
C101815,Saanvi Rao,Lucknow,UP,2023-12-27,Y
C101816,Vivaan Singh,Kochi,KL,2023-11-07,N
C101817,Karan Chauhan,Ranchi,JH,2024-04-26,Y
C101818,Rohit D'Souza,Nashik,MH,2024-10-19,N
C101819,Gurpreet Desai,Raipur,CG,2024-07-25,N
C101820,Tanvi Sharma,Coimbatore,TN,2022-08-05,N
C101821,Kabir Gaikwad,Vadodara,GJ,2022-10-13,N
C101822,Rahul Patel,Chandigarh,CH,2024-03-25,Y
C101823,Diya Roy,Kochi,KL,2024-06-21,N
C101824,Zaid Yadav,Gurugram,HR,2024-12-05,N
C101825,Vikram Chauhan,Thiruvananthapuram,KL,2024-09-20,Y
C101826,Rohan Roy,Chandigarh,CH,2023-12-08,N
C101827,Siddharth Bhatt,Visakhapatnam,AP,2024-02-04,N
C101828,Steven Yadav,Indore,MP,2023-02-01,N
C101829,Geeta Sharma,Coimbatore,TN,2022-09-21,N
C101830,Mohammed Gaikwad,Mumbai,MH,2022-09-03,Y
C101831,Jaspreet Qureshi,Mysuru,KA,2024-02-05,N
C101832,Megha Mehta,Indore,MP,2022-08-16,Y
C101833,Rohit Rao,Ranchi,JH,2023-03-29,N
C101834,Reyansh Goyal,Nagpur,MH,2023-12-13,N
C101835,Aadhya Qureshi,Dehradun,UK,2023-07-26,Y
C101836,Diya Pawar,Bengaluru,KA,2024-01-18,Y
C101837,Farah Shah,Gurugram,HR,2023-09-04,N
C101838,Steven Sheikh,Surat,GJ,2023-02-16,N
C101839,Riya Bose,Lucknow,UP,2022-08-01,Y
C101840,Arjun Yadav,Hyderabad,TS,2023-09-18,N
C101841,Isha Fernandes,Dehradun,UK,2023-09-03,N
C101842,Suresh Kapoor,Patna,BR,2024-06-29,Y
C101843,Kavya Das,Pune,MH,2024-02-10,Y
C101844,Meera Pandey,Jaipur,RJ,2022-10-20,Y
C101845,Ritika Agarwal,Gurugram,HR,2024-01-01,Y
C101846,Harsh Patil,Guwahati,AS,2023-04-14,N
C101847,Rajat Kapoor,Pune,MH,2024-02-14,N
C101848,Amit Bose,Chennai,TN,2024-04-21,Y
C101849,Krishna Khanna,Surat,GJ,2024-08-14,N
C101850,Imran Naidu,Raipur,CG,2024-09-25,N
C101851,Ishaan Fernandes,Indore,MP,2022-10-28,N
C101852,Arjun Shah,Mysuru,KA,2022-08-29,Y
C101853,Divya Bhatt,Gurugram,HR,2022-08-10,Y
C101854,Suresh Bhatt,Bhopal,MP,2023-06-19,Y
C101855,Nikhil Varghese,Chandigarh,CH,2024-11-14,Y
C101856,Neha Jain,Mumbai,MH,2024-08-29,N
C101857,Aishwarya Siddiqui,Lucknow,UP,2024-02-06,N
C101858,Sameer Malhotra,Raipur,CG,2023-02-08,N
C101859,Diya Bose,Nagpur,MH,2022-10-08,N
C101860,Meera Khan,Mysuru,KA,2024-09-30,Y
C101861,Kunal Dhillon,Nashik,MH,2024-02-28,N
C101862,Sneha Chatterjee,Ranchi,JH,2024-02-27,N
C101863,Deepak Pereira,Dehradun,UK,2024-01-02,N
C101864,Diya Chopra,Ahmedabad,GJ,2024-12-20,N
C101865,Shreya Das,Ranchi,JH,2023-11-23,N
C101866,Saanvi Varghese,Nashik,MH,2023-03-12,N
C101867,Tenzin Shinde,Mumbai,MH,2022-09-01,N
C101868,Deepak D'Souza,Visakhapatnam,AP,2023-01-23,N
C101869,Aditya Chopra,Chandigarh,CH,2024-04-08,N
C101870,Varun Khan,Chennai,TN,2024-12-11,N
C101871,Deepak Kumar,Bhopal,MP,2024-05-27,N
C101872,Lobsang Ghosh,Mumbai,MH,2022-12-13,N
C101873,Aishwarya Pereira,Gurugram,HR,2022-09-17,N
C101874,Aadhya Rathore,Noida,UP,2022-09-15,N
C101875,Ananya Patil,Bhubaneswar,OR,2023-05-26,N
C101876,Meera Chauhan,Dehradun,UK,2023-11-24,N
C101877,Kavya Desai,Bhubaneswar,OR,2023-11-05,N
C101878,Siddharth Kulkarni,Delhi,DL,2024-05-15,N
C101879,Reyansh Agarwal,Bhopal,MP,2023-12-03,N
C101880,Farah Yadav,Patna,BR,2024-06-27,N
C101881,Krishna Ghosh,Vadodara,GJ,2023-12-11,Y
C101882,Ramesh Bose,Ahmedabad,GJ,2024-09-20,N
C101883,Aditya Khan,Lucknow,UP,2022-10-17,N
C101884,Bhavna Joshi,Bhubaneswar,OR,2023-06-20,N
C101885,Simran Mittal,Bhubaneswar,OR,2024-04-25,N
C101886,Zoya Verma,Chennai,TN,2024-10-13,Y
C101887,Suresh Singh,Gurugram,HR,2023-12-21,N
C101888,Geeta Varghese,Surat,GJ,2022-10-26,N
C101889,Komal Fernandes,Nashik,MH,2023-12-15,N
C101890,Divya Arora,Dehradun,UK,2022-07-16,N
C101891,Dev Pandey,Delhi,DL,2023-10-18,Y
C101892,Thomas Reddy,Ranchi,JH,2022-12-29,N
C101893,Kunal Dutta,Visakhapatnam,AP,2024-02-22,Y
C101894,Aishwarya Kaur,Chandigarh,CH,2023-11-30,N
C101895,Saanvi Bose,Surat,GJ,2022-08-03,Y
C101896,Nisha Naidu,Bhubaneswar,OR,2023-09-09,N
C101897,Neha Banerjee,Gurugram,HR,2024-04-02,N
C101898,Riya Mehta,Raipur,CG,2024-01-19,N
C101899,Pranav Naidu,Coimbatore,TN,2024-04-04,N
C101900,Diya Deshpande,Surat,GJ,2023-01-09,Y
C101901,Aarav Roy,Coimbatore,TN,2024-09-18,N
C101902,Megha Singh,Kochi,KL,2024-09-20,Y
C101903,Manish Goyal,Chandigarh,CH,2022-08-15,N
C101904,Rahul Kaur,Hyderabad,TS,2024-09-11,N
C101905,Dev Pandey,Thiruvananthapuram,KL,2023-07-15,N
C101906,Aarav Sen,Jaipur,RJ,2024-06-10,Y
C101907,Payal Menon,Visakhapatnam,AP,2023-12-16,N
C101908,Abhishek Sethi,Nashik,MH,2023-07-20,Y
C101909,Lakshmi Dutta,Thiruvananthapuram,KL,2023-06-03,N
C101910,Tanvi Joshi,Guwahati,AS,2022-11-02,N
C101911,Sameer Jadhav,Pune,MH,2023-12-17,N
C101912,Vikram Menon,Kochi,KL,2023-10-02,N
C101913,Divya Mittal,Delhi,DL,2022-12-13,Y
C101914,Om Saxena,Raipur,CG,2024-06-14,N
C101915,Steven Nair,Ahmedabad,GJ,2023-02-01,N
C101916,Tarun Yadav,Indore,MP,2024-02-24,Y
C101917,Kunal Khan,Thiruvananthapuram,KL,2023-04-07,Y
C101918,Rajat George,Kochi,KL,2023-05-06,N
C101919,Sneha Iyer,Bengaluru,KA,2023-12-17,Y
C101920,Aarav Mittal,Vadodara,GJ,2024-04-05,N
C101921,Payal Gill,Noida,UP,2023-05-16,N
C101922,Lobsang Sethi,Dehradun,UK,2024-05-13,Y
C101923,Neha Naidu,Ranchi,JH,2024-08-05,N
C101924,Yash Bansal,Nashik,MH,2024-03-12,N
C101925,Joseph Qureshi,Hyderabad,TS,2023-05-28,N
C101926,Diya Desai,Raipur,CG,2024-12-20,Y
C101927,Siddharth Pereira,Coimbatore,TN,2022-12-19,N
C101928,Yash Mukherjee,Coimbatore,TN,2023-11-01,N
C101929,Nisha Rao,Ranchi,JH,2024-05-23,Y
C101930,Aarav Verma,Chandigarh,CH,2024-05-15,Y
C101931,Neha Dhillon,Delhi,DL,2023-12-15,Y
C101932,Diya Yadav,Hyderabad,TS,2023-10-29,N
C101933,Farah Menon,Visakhapatnam,AP,2024-05-26,N
C101934,Tarun Singh,Indore,MP,2022-09-23,Y
C101935,Zoya Sen,Gurugram,HR,2024-10-14,N
C101936,Rohit Mittal,Lucknow,UP,2023-03-08,Y
C101937,Shreya Kaur,Visakhapatnam,AP,2023-02-24,N
C101938,Pooja Ghosh,Delhi,DL,2022-12-25,Y
C101939,Ananya Varghese,Gurugram,HR,2024-05-29,N
C101940,Arjun Bhatt,Patna,BR,2022-11-21,Y
C101941,Komal Khan,Mysuru,KA,2023-08-04,Y
C101942,Joseph Desai,Bengaluru,KA,2023-09-29,Y
C101943,Gurpreet Varghese,Nagpur,MH,2023-04-06,N
C101944,Ramesh Nair,Nashik,MH,2024-10-22,Y
C101945,Manish Gaikwad,Hyderabad,TS,2023-06-10,N
C101946,Payal Sethi,Kochi,KL,2023-06-21,Y
C101947,Zoya Gill,Pune,MH,2023-12-22,N
C101948,Yash Sen,Patna,BR,2023-06-04,N
C101949,Sunita Verma,Patna,BR,2023-04-28,N
C101950,Steven Fernandes,Kolkata,WB,2022-11-10,N
C101951,Sai D'Souza,Dehradun,UK,2022-11-28,N
C101952,Dev Jain,Lucknow,UP,2024-05-26,N
C101953,Farah Jain,Nashik,MH,2023-10-06,N
C101954,Megha Mathew,Mysuru,KA,2024-07-01,N
C101955,Priya Verma,Pune,MH,2024-07-21,Y
C101956,Amit Bansal,Jaipur,RJ,2023-01-26,N
C101957,Dev Iyer,Raipur,CG,2022-12-27,N
C101958,Megha Roy,Bhubaneswar,OR,2024-12-05,N
C101959,Isha Trivedi,Surat,GJ,2024-05-09,N
C101960,Saanvi Pereira,Nagpur,MH,2022-09-23,N
C101961,Harpreet Reddy,Mumbai,MH,2024-05-16,N
C101962,Pranav Ghosh,Chandigarh,CH,2024-04-11,N
C101963,Riya D'Souza,Kolkata,WB,2022-08-02,Y
C101964,Suresh Banerjee,Bengaluru,KA,2024-03-20,N
C101965,Joseph Shah,Chennai,TN,2024-02-22,N
C101966,Divya Ghosh,Kolkata,WB,2024-06-17,N
C101967,Anjali Bhatia,Nashik,MH,2024-02-03,Y
C101968,Daniel Khan,Chennai,TN,2023-01-19,N
C101969,Zaid Gupta,Ranchi,JH,2023-06-26,Y
C101970,Harpreet Rao,Lucknow,UP,2023-08-05,N
C101971,Siddharth Kapoor,Chandigarh,CH,2023-07-10,Y
C101972,Arjun Kumar,Vadodara,GJ,2023-03-05,Y
C101973,Jaspreet Ghosh,Ahmedabad,GJ,2024-04-05,N
C101974,Yash Sharma,Chennai,TN,2022-11-17,N
C101975,Rohan Bansal,Chandigarh,CH,2022-11-18,N
C101976,Ritika Mathew,Kolkata,WB,2024-11-15,N
C101977,Nikhil Mathew,Jaipur,RJ,2023-07-03,Y
C101978,Lobsang Arora,Jaipur,RJ,2023-01-01,Y
C101979,Rohit Mathew,Hyderabad,TS,2024-12-06,N
C101980,Sneha Siddiqui,Ahmedabad,GJ,2024-12-07,N
C101981,Ramesh Chauhan,Noida,UP,2023-01-05,N
C101982,Karan Menon,Bhubaneswar,OR,2024-01-10,N
C101983,Kabir Malhotra,Gurugram,HR,2023-07-02,N
C101984,Farah Roy,Chennai,TN,2023-07-30,N
C101985,Sukhwinder Bansal,Surat,GJ,2022-09-17,Y
C101986,Amit Sen,Bhopal,MP,2024-05-23,N
C101987,Steven Rao,Thiruvananthapuram,KL,2022-09-22,N
C101988,Zoya Desai,Chennai,TN,2022-09-05,N
C101989,Priya Gill,Raipur,CG,2023-04-17,Y
C101990,Neha Yadav,Visakhapatnam,AP,2023-05-22,N
C101991,Pooja Mathew,Jaipur,RJ,2022-11-14,Y
C101992,Steven Chauhan,Delhi,DL,2024-01-24,Y
C101993,Krishna Bose,Raipur,CG,2024-06-21,N
C101994,Steven Kumar,Kolkata,WB,2022-11-13,N
C101995,Zaid Dutta,Indore,MP,2024-05-28,N
C101996,Tenzin Pillai,Bhopal,MP,2023-10-06,N
C101997,Nikhil Patil,Coimbatore,TN,2023-04-30,N
C101998,Manpreet Patel,Ranchi,JH,2023-08-29,N
C101999,Yash Deshpande,Bhopal,MP,2024-07-14,Y
C102000,Riya Fernandes,Bengaluru,KA,2023-03-13,N
C102001,Sai Gill,Jaipur,RJ,2023-09-27,N
C102002,Ankit Pillai,Vadodara,GJ,2024-10-06,Y
C102003,Rahul Kulkarni,Pune,MH,2023-07-09,N
C102004,Thomas Pandey,Kochi,KL,2023-02-06,Y
C102005,Varun Kumar,Thiruvananthapuram,KL,2022-12-08,N
C102006,Aarav Sethi,Indore,MP,2022-10-19,Y
C102007,Komal Patel,Mysuru,KA,2024-11-14,Y
C102008,Siddharth Trivedi,Gurugram,HR,2023-12-21,N
C102009,Riya Naidu,Noida,UP,2024-08-13,Y
C102010,Divya Bhatt,Chandigarh,CH,2022-08-07,Y
C102011,Aadhya Desai,Vadodara,GJ,2023-10-18,N
C102012,Priya Ansari,Kolkata,WB,2023-02-25,N
C102013,Nikhil Rao,Vadodara,GJ,2023-01-07,Y
C102014,Sukhwinder Patil,Ahmedabad,GJ,2023-08-14,Y
C102015,Kunal Joshi,Dehradun,UK,2023-09-13,Y
C102016,Megha Mukherjee,Lucknow,UP,2023-05-23,N
C102017,Ananya Nair,Thiruvananthapuram,KL,2024-09-14,N
C102018,Farah Roy,Nashik,MH,2024-09-12,N
C102019,Aditya Gupta,Indore,MP,2023-12-25,N
C102020,Payal Patil,Dehradun,UK,2024-02-10,Y
C102021,Aadhya Goyal,Chandigarh,CH,2022-08-04,N
C102022,Suresh Khan,Guwahati,AS,2022-08-04,Y
C102023,Manish Chopra,Bhopal,MP,2023-12-19,N
C102024,Simran Sandhu,Raipur,CG,2022-07-27,Y
C102025,Faisal Desai,Chandigarh,CH,2024-10-23,Y
C102026,Steven Gupta,Vadodara,GJ,2023-12-09,N
C102027,Farah Iyer,Hyderabad,TS,2023-03-17,Y
C102028,Rajat Khan,Ahmedabad,GJ,2023-05-31,N
C102029,Krishna Bansal,Bhubaneswar,OR,2024-12-06,N
C102030,Neha Sheikh,Chandigarh,CH,2024-10-18,N
C102031,Rahul Jain,Chandigarh,CH,2022-07-26,N
C102032,Daniel Roy,Hyderabad,TS,2023-09-20,N
C102033,Diya Sethi,Guwahati,AS,2022-07-21,N
C102034,Kabir Naidu,Thiruvananthapuram,KL,2024-06-14,N
C102035,Nisha Mehta,Visakhapatnam,AP,2022-08-05,N
C102036,Aadhya George,Kochi,KL,2022-07-31,Y
C102037,Manpreet Pawar,Thiruvananthapuram,KL,2023-12-27,N
C102038,Gurpreet Sethi,Chandigarh,CH,2022-11-23,N
C102039,Joseph Deshpande,Nagpur,MH,2022-08-10,Y
C102040,Riya Joshi,Kolkata,WB,2023-11-18,N
C102041,Meera Sandhu,Noida,UP,2024-04-27,Y
C102042,Siddharth Gill,Nashik,MH,2023-10-02,N
C102043,Isha Shah,Bhubaneswar,OR,2024-08-12,N
C102044,Harsh Sethi,Surat,GJ,2023-11-23,N
C102045,Sukhwinder Agarwal,Bhopal,MP,2022-08-14,Y
C102046,Suresh Srivastava,Nagpur,MH,2023-04-05,N
C102047,Neha Sandhu,Guwahati,AS,2024-01-29,N
C102048,Om Verma,Patna,BR,2023-10-05,N
C102049,Meera Gaikwad,Mumbai,MH,2023-06-04,N
C102050,Ankit Rathore,Delhi,DL,2023-05-21,N
C102051,Thomas Singh,Surat,GJ,2022-12-04,N
C102052,Ayaan Bansal,Bhubaneswar,OR,2024-01-15,N
C102053,Zaid Jain,Raipur,CG,2023-10-07,N
C102054,Aditya Qureshi,Chennai,TN,2024-08-07,Y
C102055,Thomas Singh,Mumbai,MH,2023-03-28,N
C102056,Nikhil Sharma,Vadodara,GJ,2024-12-07,N
C102057,Nikhil Pawar,Bhubaneswar,OR,2024-11-01,Y
C102058,Varun Sharma,Visakhapatnam,AP,2024-07-10,N
C102059,Jaspreet Varghese,Coimbatore,TN,2023-06-10,Y
C102060,Tanvi Trivedi,Nashik,MH,2024-09-03,N
C102061,Ritika Kaur,Indore,MP,2022-08-25,Y
C102062,Harpreet Desai,Hyderabad,TS,2023-11-21,Y
C102063,Zoya Iyer,Delhi,DL,2023-01-30,Y
C102064,Rajat Mukherjee,Vadodara,GJ,2024-03-30,N
C102065,Om Fernandes,Delhi,DL,2024-04-30,N
C102066,Arjun Mukherjee,Mysuru,KA,2022-08-23,N
C102067,Komal Bhatt,Ahmedabad,GJ,2024-05-20,Y
C102068,Riya Bhatia,Mumbai,MH,2023-01-30,N
C102069,Pooja Rathore,Surat,GJ,2024-09-12,Y
C102070,Krishna Fernandes,Bengaluru,KA,2023-05-31,Y
C102071,Kavya Sen,Delhi,DL,2023-01-25,N
C102072,Aishwarya Pereira,Vadodara,GJ,2024-09-26,Y
C102073,Sai Reddy,Thiruvananthapuram,KL,2022-11-07,N
C102074,Rohit Gaikwad,Patna,BR,2023-02-08,N
C102075,Sneha Mathew,Raipur,CG,2024-11-03,N
C102076,Ayaan Naidu,Coimbatore,TN,2022-10-27,N
C102077,Sameer Gupta,Pune,MH,2024-05-05,N
C102078,Rahul Chauhan,Coimbatore,TN,2022-11-06,Y
C102079,Amit Roy,Mumbai,MH,2023-11-14,Y
C102080,Farah Khan,Visakhapatnam,AP,2024-06-19,N
C102081,Komal Ansari,Surat,GJ,2023-06-23,N
C102082,Ankit Yadav,Vadodara,GJ,2024-10-08,Y
C102083,Yash Joshi,Nagpur,MH,2024-02-03,N
C102084,Kavya Ansari,Pune,MH,2022-09-28,N
C102085,Rajat Gaikwad,Dehradun,UK,2024-10-05,N
C102086,Pranav Dutta,Bhopal,MP,2023-08-25,N
C102087,Abhishek Gill,Kolkata,WB,2023-05-15,N
C102088,Om Verma,Bhopal,MP,2023-08-11,Y
C102089,Sunita Menon,Ranchi,JH,2024-10-22,N
C102090,Shreya Agarwal,Kolkata,WB,2024-03-30,Y
C102091,Joseph Banerjee,Jaipur,RJ,2023-07-04,Y
C102092,Varun Bhatt,Hyderabad,TS,2023-01-20,N
C102093,Om Mishra,Thiruvananthapuram,KL,2023-10-26,N
C102094,Lakshmi Srivastava,Surat,GJ,2024-09-19,N
C102095,Krishna Agarwal,Hyderabad,TS,2024-01-12,N
C102096,Dev Chopra,Nashik,MH,2024-07-24,N
C102097,Vivaan Bhatt,Vadodara,GJ,2023-12-20,N
C102098,Zoya Reddy,Hyderabad,TS,2022-11-27,N
C102099,Sameer Siddiqui,Mumbai,MH,2023-04-11,N
C102100,Geeta Arora,Bhubaneswar,OR,2022-07-23,Y
C102101,Krishna Ansari,Gurugram,HR,2024-08-06,Y
C102102,Varun Mehta,Indore,MP,2024-08-08,N
C102103,Vivaan Gupta,Noida,UP,2023-05-12,Y
C102104,Meera Sen,Bengaluru,KA,2024-11-16,N
C102105,Yash Bose,Surat,GJ,2023-12-30,N
C102106,Harpreet Rathore,Mumbai,MH,2022-11-13,N
C102107,Ananya Mittal,Mumbai,MH,2023-05-10,N
C102108,Shreya Jain,Thiruvananthapuram,KL,2023-08-16,N
C102109,Ramesh Jain,Nagpur,MH,2024-07-11,Y
C102110,Vikram Nair,Visakhapatnam,AP,2024-05-07,Y
C102111,Vikram Chatterjee,Mumbai,MH,2024-02-12,N
C102112,Sneha Mathew,Bengaluru,KA,2024-08-01,N
C102113,Rahul Chauhan,Ahmedabad,GJ,2023-11-04,N
C102114,Payal Deshpande,Coimbatore,TN,2023-11-07,N
C102115,Amit Sethi,Nagpur,MH,2024-10-25,Y
C102116,Yash Sandhu,Delhi,DL,2024-01-04,N
C102117,Aarav Menon,Chennai,TN,2024-10-08,N
C102118,Sukhwinder Mittal,Kochi,KL,2023-04-11,Y
C102119,Jaspreet Shah,Hyderabad,TS,2022-08-06,N
C102120,Thomas Agarwal,Kolkata,WB,2024-10-16,N
C102121,Nikhil Pawar,Ranchi,JH,2022-10-05,Y
C102122,Aarav Arora,Ahmedabad,GJ,2023-11-18,N
C102123,Gurpreet Rao,Jaipur,RJ,2023-07-06,Y
C102124,Bhavna Joshi,Jaipur,RJ,2023-10-04,N
C102125,Kunal Pereira,Bhubaneswar,OR,2024-10-09,N
C102126,Divya Bhatt,Pune,MH,2023-07-12,Y
C102127,Deepak Chatterjee,Chandigarh,CH,2023-02-05,N
C102128,Anjali Siddiqui,Kolkata,WB,2023-05-08,N
C102129,Jaspreet Kulkarni,Raipur,CG,2024-10-25,Y
C102130,Joseph Reddy,Delhi,DL,2023-07-22,N
C102131,Gurpreet Banerjee,Noida,UP,2024-10-08,N
C102132,Komal Dutta,Bhopal,MP,2024-06-15,Y
C102133,Simran Siddiqui,Noida,UP,2024-03-15,N
C102134,Aishwarya Mittal,Patna,BR,2023-01-28,N
C102135,Faisal Srivastava,Visakhapatnam,AP,2024-06-12,N
C102136,Priya Goyal,Chandigarh,CH,2023-07-02,Y
C102137,Priya Saxena,Coimbatore,TN,2024-07-28,Y
C102138,Deepak Pillai,Ranchi,JH,2023-08-10,N
C102139,Vivaan Bhatt,Guwahati,AS,2024-12-07,N
C102140,Varun Chopra,Raipur,CG,2023-12-20,Y
C102141,Mohammed Goyal,Kochi,KL,2024-01-14,N
C102142,Mohammed Menon,Delhi,DL,2023-12-12,N
C102143,Diya Qureshi,Chandigarh,CH,2024-08-13,N
C102144,Sukhwinder Qureshi,Guwahati,AS,2024-05-05,Y
C102145,Zoya Ghosh,Kolkata,WB,2022-09-17,N
C102146,Yash Desai,Raipur,CG,2023-12-31,N
C102147,Vihaan Qureshi,Bhopal,MP,2022-07-25,Y
C102148,Manish Agarwal,Guwahati,AS,2022-10-30,N
C102149,Aadhya D'Souza,Ahmedabad,GJ,2023-11-15,Y
C102150,Dev Shinde,Kochi,KL,2022-12-10,Y
C102151,Divya Srivastava,Jaipur,RJ,2023-02-05,N
C102152,Rohan Mukherjee,Mumbai,MH,2024-04-26,N
C102153,Om Khan,Mumbai,MH,2024-08-13,N
C102154,Pranav Fernandes,Dehradun,UK,2024-10-30,N
C102155,Vikram Chatterjee,Ranchi,JH,2022-12-09,Y
C102156,Payal Bose,Bengaluru,KA,2024-04-08,N
C102157,Ananya Nair,Guwahati,AS,2022-12-13,N
C102158,Aishwarya Bhatia,Bengaluru,KA,2024-03-27,N
C102159,Aditya Khanna,Thiruvananthapuram,KL,2023-02-28,N
C102160,Tarun Arora,Surat,GJ,2024-10-27,N
C102161,Tenzin Reddy,Bhubaneswar,OR,2023-03-01,N
C102162,Anjali Bhatia,Thiruvananthapuram,KL,2022-09-11,N
C102163,Krishna Goyal,Delhi,DL,2022-10-31,N
C102164,Suresh Fernandes,Thiruvananthapuram,KL,2023-08-29,Y
C102165,Siddharth Chatterjee,Chandigarh,CH,2022-10-12,N
C102166,Harpreet Rathore,Lucknow,UP,2023-02-19,Y
C102167,Saanvi Joshi,Nagpur,MH,2022-08-20,Y
C102168,Vivaan Verma,Jaipur,RJ,2023-10-05,Y
C102169,Divya Chauhan,Delhi,DL,2023-11-03,Y
C102170,Pranav Bose,Bhopal,MP,2022-10-10,N
C102171,Manpreet Mittal,Kochi,KL,2022-09-01,N
C102172,Ananya Fernandes,Mysuru,KA,2023-11-26,N
C102173,Aishwarya Varghese,Coimbatore,TN,2023-02-05,N
C102174,Suresh Qureshi,Thiruvananthapuram,KL,2022-12-29,N
C102175,Vihaan Bhatt,Bengaluru,KA,2023-04-30,Y
C102176,Ankit Nair,Nagpur,MH,2024-09-04,N
C102177,Riya D'Souza,Guwahati,AS,2023-04-28,N
C102178,Kunal Dhillon,Guwahati,AS,2022-12-11,N
C102179,Krishna Roy,Hyderabad,TS,2024-01-15,Y
C102180,Ritika Kulkarni,Vadodara,GJ,2024-07-14,Y
C102181,Payal Menon,Kolkata,WB,2024-10-02,Y
C102182,Kunal Verma,Raipur,CG,2024-04-25,N
C102183,Rahul Iyer,Ahmedabad,GJ,2024-08-07,N
C102184,Neha Shinde,Thiruvananthapuram,KL,2022-08-19,Y
C102185,Siddharth Jadhav,Pune,MH,2023-11-05,N
C102186,Aadhya Bhatia,Kolkata,WB,2023-01-22,N
C102187,Arjun Joshi,Ranchi,JH,2022-11-02,N
C102188,Harpreet Saxena,Surat,GJ,2024-12-17,N
C102189,Farah Agarwal,Ahmedabad,GJ,2022-08-19,Y
C102190,Jaspreet Das,Guwahati,AS,2022-10-09,N
C102191,Kavya Nair,Mumbai,MH,2024-02-09,N
C102192,Pooja Kulkarni,Hyderabad,TS,2024-03-20,N
C102193,Imran Chatterjee,Nagpur,MH,2024-12-17,N
C102194,Rohan Trivedi,Visakhapatnam,AP,2024-12-20,Y
C102195,Gurpreet Bose,Pune,MH,2023-12-13,N
C102196,Rohan Bhatt,Indore,MP,2024-10-06,Y
C102197,Manish Singh,Thiruvananthapuram,KL,2023-03-09,N
C102198,Riya Chatterjee,Bhubaneswar,OR,2024-07-10,Y
C102199,Rohit Bose,Surat,GJ,2023-10-19,Y
C102200,Pooja Saxena,Bhubaneswar,OR,2023-12-08,N
C102201,Farah Menon,Coimbatore,TN,2023-11-20,N
C102202,Pooja Chopra,Chennai,TN,2023-01-05,N
C102203,Ananya Pillai,Noida,UP,2022-11-13,N
C102204,Lakshmi Verma,Jaipur,RJ,2024-04-08,N
C102205,Nikhil Malhotra,Visakhapatnam,AP,2022-11-25,N
C102206,Mohammed Arora,Nagpur,MH,2023-01-07,Y
C102207,Jaspreet Sethi,Raipur,CG,2022-11-10,N
C102208,Saanvi Sharma,Surat,GJ,2023-12-28,N
C102209,Abhishek Bansal,Bhubaneswar,OR,2024-12-01,N
C102210,Anjali Singh,Lucknow,UP,2022-10-28,N
C102211,Lakshmi Bose,Chennai,TN,2024-07-08,N
C102212,Mohammed Das,Mysuru,KA,2024-04-02,N
C102213,Tanvi Jain,Pune,MH,2023-04-21,N
C102214,Thomas Chatterjee,Delhi,DL,2023-05-26,N
C102215,Kunal Pereira,Mumbai,MH,2022-08-14,N
C102216,Payal Rao,Chennai,TN,2024-08-07,N
C102217,Sai Rathore,Guwahati,AS,2024-11-17,N
C102218,Yash Varghese,Visakhapatnam,AP,2024-07-22,N
C102219,Saanvi Rao,Chandigarh,CH,2023-10-19,N
C102220,Harpreet Gupta,Nagpur,MH,2022-12-19,Y
C102221,Isha Dutta,Guwahati,AS,2022-07-16,N
C102222,Rohit Mukherjee,Kolkata,WB,2024-05-20,Y
C102223,Amit Arora,Mysuru,KA,2022-11-09,N
C102224,Isha Tiwari,Chennai,TN,2023-06-14,N
C102225,Aarav Sheikh,Noida,UP,2024-07-01,Y
C102226,Zoya Arora,Patna,BR,2024-01-25,N
C102227,Dev Ansari,Vadodara,GJ,2023-12-20,Y
C102228,Deepak Dhillon,Vadodara,GJ,2024-06-05,N
C102229,Joseph Siddiqui,Pune,MH,2023-02-09,N
C102230,Nisha Gupta,Bhopal,MP,2024-06-10,Y
C102231,Megha Malhotra,Coimbatore,TN,2024-09-29,N
C102232,Vihaan Patil,Gurugram,HR,2023-09-25,N
C102233,Diya Nair,Kochi,KL,2023-06-12,Y
C102234,Sneha Deshpande,Hyderabad,TS,2023-02-19,N
C102235,Manish Naidu,Jaipur,RJ,2023-05-07,N
C102236,Ananya Shinde,Lucknow,UP,2023-03-04,Y
C102237,Tenzin Khanna,Ahmedabad,GJ,2022-12-11,Y
C102238,Priya Mehta,Ranchi,JH,2023-08-15,Y
C102239,Abhishek Agarwal,Chandigarh,CH,2023-03-04,Y
C102240,Karan Khanna,Guwahati,AS,2024-06-18,N
C102241,Lakshmi Naidu,Nashik,MH,2022-11-05,N
C102242,Harpreet Mehta,Bengaluru,KA,2023-07-08,Y
C102243,Nisha Mathew,Hyderabad,TS,2023-11-20,N
C102244,Nikhil Khanna,Pune,MH,2023-05-20,N
C102245,Zaid Rathore,Mumbai,MH,2022-09-30,Y
C102246,Swati Goyal,Noida,UP,2022-09-27,N
C102247,Lakshmi Tiwari,Chandigarh,CH,2024-11-21,Y
C102248,Tanvi Shinde,Pune,MH,2023-01-15,Y
C102249,Kavya Singh,Guwahati,AS,2023-12-27,N
C102250,Rajat Joshi,Pune,MH,2024-02-03,N
C102251,Imran Reddy,Chandigarh,CH,2024-08-02,Y
C102252,Sai Bhatia,Guwahati,AS,2022-11-27,Y
C102253,Tarun Sheikh,Chandigarh,CH,2023-08-14,N
C102254,Yash Shah,Patna,BR,2024-12-25,Y
C102255,Tanvi Khanna,Kolkata,WB,2024-08-11,N
C102256,Swati Banerjee,Visakhapatnam,AP,2023-10-03,N
C102257,Kabir Siddiqui,Delhi,DL,2023-07-04,N
C102258,Harpreet Dutta,Kochi,KL,2024-05-15,N
C102259,Daniel Arora,Chennai,TN,2022-12-20,Y
C102260,Manish Sen,Thiruvananthapuram,KL,2024-10-02,N
C102261,Tenzin Patil,Noida,UP,2022-11-03,Y
C102262,Manpreet Roy,Bhubaneswar,OR,2022-12-07,N
C102263,Zoya Singh,Chandigarh,CH,2023-10-29,N
C102264,Rohan D'Souza,Pune,MH,2024-07-19,Y
C102265,Harsh Sethi,Hyderabad,TS,2023-03-20,Y
C102266,Suresh Agarwal,Indore,MP,2024-10-11,N
C102267,Daniel Sandhu,Chandigarh,CH,2024-12-26,N
C102268,Rohan Dutta,Visakhapatnam,AP,2024-06-29,N
C102269,Aarav Kaur,Dehradun,UK,2024-11-24,N
C102270,Farah Rathore,Delhi,DL,2023-11-16,N
C102271,Isha Ansari,Visakhapatnam,AP,2023-03-15,N
C102272,Payal Khan,Bhopal,MP,2023-01-13,Y
C102273,Swati Kaur,Bengaluru,KA,2024-10-01,Y
C102274,Ayaan Pereira,Dehradun,UK,2023-01-06,N
C102275,Steven D'Souza,Patna,BR,2024-03-29,N
C102276,Suresh Mittal,Ranchi,JH,2022-08-04,Y
C102277,Ishaan Roy,Jaipur,RJ,2024-04-09,N
C102278,Farah Arora,Raipur,CG,2024-05-10,Y
C102279,Nisha Srivastava,Delhi,DL,2022-08-23,Y
C102280,Sukhwinder Reddy,Guwahati,AS,2023-02-12,N
C102281,Gurpreet Mittal,Bhubaneswar,OR,2023-12-22,Y
C102282,Anjali Chatterjee,Noida,UP,2022-07-30,Y
C102283,Tenzin Rathore,Chennai,TN,2024-05-23,N
C102284,Ankit Das,Nagpur,MH,2023-12-13,Y
C102285,Thomas D'Souza,Guwahati,AS,2023-04-30,Y
C102286,Kunal Arora,Nashik,MH,2022-07-31,N
C102287,Anjali Kulkarni,Vadodara,GJ,2024-08-24,N
C102288,Sai Mehta,Surat,GJ,2024-01-07,Y
C102289,Diya Mishra,Bhopal,MP,2024-12-21,N
C102290,Diya Shinde,Lucknow,UP,2023-09-15,Y
C102291,Priya Khan,Coimbatore,TN,2022-11-02,Y
C102292,Sukhwinder Naidu,Thiruvananthapuram,KL,2022-11-10,N
C102293,Lobsang Mathew,Visakhapatnam,AP,2024-11-06,N
C102294,Aishwarya Rao,Ranchi,JH,2024-05-20,Y
C102295,Sai Mittal,Chennai,TN,2024-11-04,Y
C102296,Krishna Pandey,Ahmedabad,GJ,2024-08-17,Y
C102297,Sunita Khan,Pune,MH,2022-12-04,Y
C102298,Aadhya Shinde,Raipur,CG,2023-10-22,N
C102299,Ishaan Fernandes,Gurugram,HR,2024-10-15,N
C102300,Sneha Desai,Guwahati,AS,2023-10-28,N
C102301,Suresh Kapoor,Delhi,DL,2024-01-07,Y
C102302,Simran Iyer,Jaipur,RJ,2024-10-22,Y
C102303,Mohammed D'Souza,Chennai,TN,2022-08-10,N
C102304,Kabir Sen,Jaipur,RJ,2024-12-24,N
C102305,Vihaan Khan,Nagpur,MH,2022-08-09,Y
C102306,Aditya Mukherjee,Chandigarh,CH,2023-01-10,Y
C102307,Sunita Verma,Nagpur,MH,2024-02-27,Y
C102308,Ananya George,Vadodara,GJ,2024-08-17,N
C102309,Tanvi Kaur,Patna,BR,2024-06-11,N
C102310,Daniel Rao,Delhi,DL,2024-10-07,Y
C102311,Nikhil Singh,Nashik,MH,2023-09-06,N
C102312,Vihaan Goyal,Guwahati,AS,2023-08-24,Y
C102313,Rahul Chatterjee,Ahmedabad,GJ,2024-10-21,N
C102314,Vikram Desai,Visakhapatnam,AP,2024-12-04,Y
C102315,Nikhil Shinde,Guwahati,AS,2023-11-08,Y
C102316,Vivaan Ghosh,Ranchi,JH,2022-12-24,N
C102317,Meera Agarwal,Bhopal,MP,2023-02-24,N
C102318,Yash Srivastava,Mysuru,KA,2023-05-26,N
C102319,Joseph Arora,Bhubaneswar,OR,2023-03-15,Y
C102320,Joseph Bhatia,Noida,UP,2024-03-01,N
C102321,Ananya Roy,Raipur,CG,2023-09-27,Y
C102322,Ramesh D'Souza,Hyderabad,TS,2022-07-20,N
C102323,Sneha Ansari,Kochi,KL,2024-04-15,Y
C102324,Farah Dutta,Mysuru,KA,2023-08-20,N
C102325,Suresh Jain,Mumbai,MH,2023-01-10,N
C102326,Meera Gaikwad,Ranchi,JH,2024-07-07,N
C102327,Pranav Bose,Bhubaneswar,OR,2024-10-21,N
C102328,Tenzin Menon,Lucknow,UP,2023-03-15,Y
C102329,Aarav Chatterjee,Ranchi,JH,2024-05-27,Y
C102330,Sunita Mishra,Guwahati,AS,2022-07-17,N
C102331,Kavya Qureshi,Vadodara,GJ,2022-08-21,N
C102332,Karan Jain,Ahmedabad,GJ,2022-08-23,N
C102333,Rajat Mehta,Visakhapatnam,AP,2024-09-30,N
C102334,Mohammed Chatterjee,Guwahati,AS,2023-05-19,N
C102335,Ayaan Chauhan,Kolkata,WB,2023-02-02,N
C102336,Priya Gill,Kochi,KL,2023-05-30,N
C102337,Joseph Reddy,Gurugram,HR,2022-08-24,N
C102338,Rohit Ghosh,Chennai,TN,2024-02-25,N
C102339,Krishna Roy,Bengaluru,KA,2023-05-21,N
C102340,Mohammed Roy,Surat,GJ,2023-07-22,Y
C102341,Aditya Kaur,Ranchi,JH,2023-04-08,Y
C102342,Rahul Kapoor,Hyderabad,TS,2023-12-04,N
C102343,Siddharth Sen,Coimbatore,TN,2024-11-27,N
C102344,Ritika Kumar,Mumbai,MH,2024-08-23,N
C102345,Steven Malhotra,Guwahati,AS,2023-08-15,Y
C102346,Shreya Mathew,Ranchi,JH,2023-03-18,Y
C102347,Yash Trivedi,Bhopal,MP,2023-05-27,N
C102348,Isha Kaur,Dehradun,UK,2023-06-12,N
C102349,Manpreet Dutta,Gurugram,HR,2023-08-23,N
C102350,Nisha Rathore,Surat,GJ,2024-08-16,N
C102351,Harsh Pillai,Coimbatore,TN,2024-08-15,Y
C102352,Faisal Khan,Indore,MP,2023-07-02,Y
C102353,Vikram Bhatt,Thiruvananthapuram,KL,2023-11-05,N
C102354,Pranav Yadav,Mysuru,KA,2024-01-26,N
C102355,Geeta Reddy,Guwahati,AS,2024-03-23,N
C102356,Sai Arora,Lucknow,UP,2023-07-28,N
C102357,Sukhwinder Rathore,Surat,GJ,2024-02-23,N
C102358,Sameer Pawar,Dehradun,UK,2022-10-17,Y
C102359,Karan Kapoor,Nashik,MH,2023-12-17,N
C102360,Amit Srivastava,Visakhapatnam,AP,2023-06-04,N
C102361,Faisal Naidu,Thiruvananthapuram,KL,2023-05-13,N
C102362,Payal Shinde,Pune,MH,2022-11-28,N
C102363,Divya Menon,Mumbai,MH,2023-12-19,N
C102364,Anjali Nair,Chennai,TN,2022-07-25,N
C102365,Ishaan Pillai,Nagpur,MH,2023-03-21,N
C102366,Dev Das,Noida,UP,2023-05-02,N
C102367,Farah Banerjee,Raipur,CG,2024-06-13,N
C102368,Manish Pawar,Vadodara,GJ,2024-02-18,N
C102369,Ankit Deshpande,Chandigarh,CH,2023-08-08,N
C102370,Joseph Jadhav,Patna,BR,2023-08-09,Y
C102371,Payal Pawar,Surat,GJ,2024-03-16,Y
C102372,Thomas Mishra,Mysuru,KA,2023-11-14,N
C102373,Pranav Pillai,Jaipur,RJ,2024-10-11,N
C102374,Sukhwinder Bhatt,Mumbai,MH,2024-12-11,N
C102375,Gurpreet Dhillon,Nagpur,MH,2023-09-29,Y
C102376,Krishna Mukherjee,Jaipur,RJ,2023-04-15,Y
C102377,Harsh Mathew,Ranchi,JH,2023-07-08,N
C102378,Simran Chatterjee,Vadodara,GJ,2024-04-05,N
C102379,Yash Bhatia,Nashik,MH,2024-10-07,N
C102380,Rajat Jadhav,Mumbai,MH,2024-09-08,Y
C102381,Kavya Desai,Bhubaneswar,OR,2024-05-28,N
C102382,Joseph Bhatt,Dehradun,UK,2024-06-30,N
C102383,Tenzin Gill,Ahmedabad,GJ,2022-09-27,N
C102384,Harsh Nair,Thiruvananthapuram,KL,2024-09-10,N
C102385,Aditya Sethi,Pune,MH,2023-12-11,N
C102386,Abhishek Arora,Nashik,MH,2024-02-04,Y
C102387,Deepak Kapoor,Ranchi,JH,2022-09-14,N
C102388,Ritika Kaur,Ranchi,JH,2024-06-06,Y
C102389,Pooja Trivedi,Kolkata,WB,2024-08-17,N
C102390,Harsh Mittal,Kolkata,WB,2023-02-06,N
C102391,Sai Banerjee,Patna,BR,2023-11-01,N
C102392,Dev Bhatia,Visakhapatnam,AP,2022-09-11,N
C102393,Anjali Sharma,Chennai,TN,2022-12-28,N
C102394,Varun Patil,Pune,MH,2024-05-16,N
C102395,Steven Varghese,Mysuru,KA,2022-08-22,N
C102396,Varun Kulkarni,Bengaluru,KA,2024-03-23,N
C102397,Komal Das,Patna,BR,2023-03-25,N
C102398,Payal Shah,Thiruvananthapuram,KL,2022-08-18,N
C102399,Suresh Sharma,Raipur,CG,2024-11-07,N
C102400,Zaid Rathore,Bhubaneswar,OR,2023-11-08,N
C102401,Lobsang Mittal,Indore,MP,2023-10-20,N
C102402,Geeta Gaikwad,Ahmedabad,GJ,2023-12-01,Y
C102403,Deepak Nair,Hyderabad,TS,2022-09-25,Y
C102404,Rahul Patil,Chennai,TN,2023-01-05,N
C102405,Gurpreet Roy,Bhopal,MP,2024-04-13,N
C102406,Aarav Srivastava,Kolkata,WB,2023-08-21,Y
C102407,Dev Nair,Chandigarh,CH,2023-12-28,Y
C102408,Divya George,Thiruvananthapuram,KL,2023-10-28,Y
C102409,Joseph Goyal,Vadodara,GJ,2023-06-03,N
C102410,Isha Ghosh,Raipur,CG,2023-12-01,N
C102411,Pooja Desai,Vadodara,GJ,2023-02-11,N
C102412,Ankit Dhillon,Kolkata,WB,2024-02-28,N
C102413,Shreya Mathew,Nashik,MH,2024-07-14,N
C102414,Ritika Singh,Lucknow,UP,2024-10-30,N
C102415,Aadhya Gill,Raipur,CG,2022-09-15,N
C102416,Vikram Gaikwad,Ahmedabad,GJ,2023-01-26,N
C102417,Abhishek Gill,Patna,BR,2024-04-22,N
C102418,Lobsang Yadav,Indore,MP,2023-12-29,N
C102419,Karan Kulkarni,Surat,GJ,2024-04-09,Y
C102420,Dev Banerjee,Nagpur,MH,2023-05-13,Y
C102421,Manpreet Kumar,Delhi,DL,2024-04-03,N
C102422,Dev Varghese,Raipur,CG,2023-07-25,N
C102423,Isha Shah,Bhubaneswar,OR,2022-09-29,N
C102424,Rajat Desai,Vadodara,GJ,2023-06-05,N
C102425,Anjali Pillai,Ahmedabad,GJ,2023-03-03,Y
C102426,Tanvi Trivedi,Nashik,MH,2024-07-18,Y
C102427,Steven Srivastava,Surat,GJ,2022-09-12,Y
C102428,Sameer Sen,Kochi,KL,2024-09-17,N
C102429,Anjali Srivastava,Kolkata,WB,2024-08-25,N
C102430,Neha Banerjee,Mysuru,KA,2023-05-27,N
C102431,Priya Dhillon,Chennai,TN,2023-08-14,N
C102432,Rahul Dutta,Noida,UP,2024-03-14,Y
C102433,Reyansh Pandey,Vadodara,GJ,2022-09-14,N
C102434,Amit Sandhu,Kochi,KL,2024-01-25,N
C102435,Neha Jadhav,Raipur,CG,2023-07-27,Y
C102436,Ananya Pawar,Patna,BR,2022-12-01,N
C102437,Ishaan Shah,Kochi,KL,2023-11-16,Y
C102438,Swati Deshpande,Surat,GJ,2023-03-19,N
C102439,Arjun Menon,Patna,BR,2024-07-20,N
C102440,Komal Sandhu,Bengaluru,KA,2023-02-13,N
C102441,Aditya Agarwal,Mumbai,MH,2023-09-26,Y
C102442,Reyansh Chatterjee,Visakhapatnam,AP,2024-04-20,N
C102443,Saanvi Khan,Ahmedabad,GJ,2023-12-09,Y
C102444,Sunita Patel,Hyderabad,TS,2022-11-10,N
C102445,Ananya Saxena,Kochi,KL,2023-01-16,N
C102446,Reyansh Yadav,Lucknow,UP,2023-01-20,N
C102447,Sunita Das,Nagpur,MH,2024-05-22,Y
C102448,Arjun Tiwari,Bhopal,MP,2024-07-14,N
C102449,Isha Bansal,Pune,MH,2024-08-05,Y
C102450,Aditya Gupta,Bengaluru,KA,2024-07-15,N
C102451,Simran Dhillon,Guwahati,AS,2023-05-22,N
C102452,Kavya Bhatia,Thiruvananthapuram,KL,2024-07-11,N
C102453,Rohan Chatterjee,Visakhapatnam,AP,2024-04-19,Y
C102454,Yash Patil,Chandigarh,CH,2024-01-20,N
C102455,Reyansh Bhatt,Nagpur,MH,2022-09-28,N
C102456,Divya Malhotra,Bhubaneswar,OR,2024-04-10,N
C102457,Ananya Sethi,Jaipur,RJ,2023-04-13,N
C102458,Nisha Sheikh,Jaipur,RJ,2024-10-22,N
C102459,Nikhil Singh,Noida,UP,2024-05-06,N
C102460,Vivaan Shah,Kochi,KL,2024-10-01,N
C102461,Tanvi Goyal,Thiruvananthapuram,KL,2023-01-07,Y
C102462,Om Dutta,Ahmedabad,GJ,2022-07-27,Y
C102463,Riya Jain,Kolkata,WB,2023-11-14,N
C102464,Sukhwinder Singh,Mysuru,KA,2023-01-19,Y
C102465,Rohit Chopra,Bengaluru,KA,2022-09-22,N
C102466,Rohit Mishra,Thiruvananthapuram,KL,2024-07-20,N
C102467,Yash Pandey,Delhi,DL,2023-01-04,N
C102468,Shreya Mishra,Pune,MH,2024-12-20,Y
C102469,Ayaan Bhatt,Bhopal,MP,2024-10-04,Y
C102470,Faisal Mukherjee,Ahmedabad,GJ,2024-05-09,N
C102471,Faisal Pandey,Indore,MP,2022-11-07,N
C102472,Kabir Jadhav,Chennai,TN,2024-12-30,N
C102473,Divya Pereira,Mysuru,KA,2023-02-16,Y
C102474,Arjun Kaur,Mumbai,MH,2022-12-01,N
C102475,Vivaan George,Patna,BR,2022-07-31,N
C102476,Kabir Dhillon,Dehradun,UK,2024-07-24,Y
C102477,Reyansh Sharma,Thiruvananthapuram,KL,2023-02-19,N
C102478,Varun Mukherjee,Patna,BR,2024-12-29,N
C102479,Komal Bose,Patna,BR,2022-08-05,Y
C102480,Dev Iyer,Lucknow,UP,2023-12-13,N
C102481,Lakshmi Gupta,Guwahati,AS,2023-03-05,N
C102482,Rohit Das,Kolkata,WB,2024-05-06,N
C102483,Ritika Joshi,Noida,UP,2024-10-27,Y
C102484,Kunal Menon,Indore,MP,2024-09-18,N
C102485,Manish Desai,Nashik,MH,2023-04-06,Y
C102486,Ritika Ansari,Kolkata,WB,2024-06-24,N
C102487,Komal Srivastava,Raipur,CG,2024-11-21,N
C102488,Tarun Patil,Pune,MH,2024-03-07,N
C102489,Sai Pillai,Mysuru,KA,2023-06-03,N
C102490,Komal Agarwal,Noida,UP,2024-06-28,N
C102491,Ramesh Malhotra,Raipur,CG,2023-05-31,N
C102492,Thomas Deshpande,Coimbatore,TN,2022-10-29,Y
C102493,Ishaan Agarwal,Lucknow,UP,2022-10-10,N
C102494,Harsh Shinde,Indore,MP,2024-04-26,N
C102495,Neha Goyal,Ranchi,JH,2023-08-24,N
C102496,Meera Jadhav,Guwahati,AS,2022-07-29,Y
C102497,Komal Banerjee,Jaipur,RJ,2024-04-09,Y
C102498,Arjun Mehta,Noida,UP,2023-03-25,N
C102499,Daniel Iyer,Bhopal,MP,2024-09-23,N
C102500,Karan Chatterjee,Jaipur,RJ,2023-06-30,N
C102501,Sai Banerjee,Nashik,MH,2024-09-02,N
C102502,Rahul Gupta,Mysuru,KA,2024-11-03,N
C102503,Kabir Trivedi,Delhi,DL,2022-10-04,N
C102504,Reyansh Gupta,Patna,BR,2024-05-19,N
C102505,Aadhya Bose,Coimbatore,TN,2024-05-05,N
C102506,Diya Malhotra,Bengaluru,KA,2024-01-24,N
C102507,Reyansh Trivedi,Kochi,KL,2024-04-23,N
C102508,Vihaan Naidu,Hyderabad,TS,2023-03-10,Y
C102509,Kabir Chatterjee,Visakhapatnam,AP,2023-03-06,N
C102510,Harpreet Shinde,Indore,MP,2024-09-13,Y
C102511,Sameer Jain,Gurugram,HR,2022-08-01,Y
C102512,Varun Gupta,Noida,UP,2024-04-11,N
C102513,Priya Ansari,Mysuru,KA,2024-03-20,Y
C102514,Steven Ansari,Hyderabad,TS,2023-09-23,Y
C102515,Rajat Chatterjee,Mumbai,MH,2022-11-06,N
C102516,Sameer Joshi,Vadodara,GJ,2024-08-28,Y
C102517,Tarun Sandhu,Lucknow,UP,2023-09-01,N
C102518,Diya Srivastava,Hyderabad,TS,2022-08-31,N
C102519,Vihaan Sethi,Ahmedabad,GJ,2023-05-13,N
C102520,Nikhil Khan,Lucknow,UP,2024-08-23,N
C102521,Mohammed Mishra,Surat,GJ,2022-08-26,Y
C102522,Megha Menon,Nashik,MH,2024-03-13,N
C102523,Shreya Pillai,Vadodara,GJ,2023-01-16,N
C102524,Aishwarya Kaur,Kolkata,WB,2022-11-05,N
C102525,Sneha Bhatia,Visakhapatnam,AP,2024-05-29,N
C102526,Jaspreet Mathew,Guwahati,AS,2023-02-23,Y
C102527,Geeta Dhillon,Jaipur,RJ,2023-10-24,N
C102528,Rohit Chatterjee,Bhubaneswar,OR,2024-04-07,N
C102529,Kabir Qureshi,Bhopal,MP,2024-12-27,N
C102530,Sunita Sharma,Hyderabad,TS,2024-06-06,Y
C102531,Geeta Kulkarni,Raipur,CG,2024-05-17,N
C102532,Payal Dutta,Noida,UP,2023-09-05,N
C102533,Vihaan Mukherjee,Guwahati,AS,2022-09-11,N
C102534,Rohan Gill,Noida,UP,2024-08-25,N
C102535,Manish Ansari,Surat,GJ,2023-12-27,Y
C102536,Divya Kulkarni,Kolkata,WB,2023-11-07,N
C102537,Jaspreet Kapoor,Indore,MP,2022-11-11,Y
C102538,Nisha Trivedi,Mumbai,MH,2023-04-06,Y
C102539,Om Rao,Raipur,CG,2022-12-07,Y
C102540,Bhavna Pillai,Nagpur,MH,2024-01-27,N
C102541,Om Gaikwad,Raipur,CG,2022-10-10,N
C102542,Ramesh Desai,Raipur,CG,2023-11-25,N
C102543,Steven Rathore,Mysuru,KA,2022-07-19,N
C102544,Ritika Mathew,Chennai,TN,2024-04-17,N
C102545,Geeta Deshpande,Surat,GJ,2022-08-22,N
C102546,Manish Qureshi,Noida,UP,2023-02-13,Y
C102547,Deepak Varghese,Guwahati,AS,2024-07-01,N
C102548,Nikhil Sen,Bhubaneswar,OR,2022-12-14,N
C102549,Nisha Mishra,Mumbai,MH,2024-10-04,N
C102550,Rohit Bhatia,Ranchi,JH,2024-12-21,N
C102551,Ramesh Gaikwad,Jaipur,RJ,2023-01-14,N
C102552,Manpreet Sethi,Chandigarh,CH,2024-06-21,N
C102553,Lakshmi Mehta,Bhubaneswar,OR,2023-10-29,N
C102554,Tenzin Patel,Visakhapatnam,AP,2023-12-07,N
C102555,Nisha Pandey,Vadodara,GJ,2024-09-22,Y
C102556,Jaspreet Banerjee,Bhopal,MP,2024-12-26,N
C102557,Tarun Pereira,Bhopal,MP,2022-11-29,N
C102558,Rajat Nair,Hyderabad,TS,2024-02-03,N
C102559,Kunal Gupta,Bhubaneswar,OR,2023-10-14,Y
C102560,Isha Bose,Visakhapatnam,AP,2024-09-17,Y
C102561,Aditya Mishra,Thiruvananthapuram,KL,2023-04-08,N
C102562,Ramesh Bose,Delhi,DL,2023-02-01,Y
C102563,Karan Shinde,Surat,GJ,2024-11-20,N
C102564,Reyansh Sheikh,Kolkata,WB,2023-09-12,N
C102565,Siddharth Banerjee,Raipur,CG,2024-11-14,N
C102566,Jaspreet Mishra,Chandigarh,CH,2023-07-29,N
C102567,Riya Khanna,Jaipur,RJ,2024-03-25,N
C102568,Rahul Ghosh,Mysuru,KA,2024-02-19,N
C102569,Kunal Sheikh,Coimbatore,TN,2024-10-23,N
C102570,Mohammed Tiwari,Vadodara,GJ,2023-04-13,N
C102571,Isha Shah,Ahmedabad,GJ,2023-03-28,Y
C102572,Kabir Siddiqui,Hyderabad,TS,2022-08-05,Y
C102573,Isha Verma,Mysuru,KA,2023-04-21,N
C102574,Abhishek Ghosh,Kolkata,WB,2024-09-06,N
C102575,Gurpreet Shinde,Coimbatore,TN,2023-07-06,N
C102576,Ananya Chopra,Patna,BR,2024-01-27,N
C102577,Daniel Nair,Ranchi,JH,2023-02-03,N
C102578,Pranav Sharma,Raipur,CG,2024-03-18,N
C102579,Zoya Yadav,Bhubaneswar,OR,2023-12-25,Y
C102580,Diya Naidu,Thiruvananthapuram,KL,2024-01-09,N
C102581,Rajat Chopra,Ranchi,JH,2023-03-08,Y
C102582,Vikram Bhatia,Kochi,KL,2022-10-07,Y
C102583,Lobsang Bhatia,Hyderabad,TS,2023-07-31,N
C102584,Reyansh Fernandes,Coimbatore,TN,2024-01-04,Y
C102585,Aadhya Shinde,Jaipur,RJ,2023-10-03,Y
C102586,Simran Tiwari,Gurugram,HR,2022-09-20,N
C102587,Abhishek Chauhan,Nashik,MH,2024-05-21,N
C102588,Nisha Saxena,Raipur,CG,2022-08-10,N
C102589,Tenzin Bose,Coimbatore,TN,2024-12-14,Y
C102590,Joseph Pillai,Ranchi,JH,2023-11-27,Y
C102591,Priya Dhillon,Nagpur,MH,2022-09-10,Y
C102592,Pooja Verma,Coimbatore,TN,2022-12-05,N
C102593,Saanvi Shah,Guwahati,AS,2022-11-28,N
C102594,Rajat Pillai,Mumbai,MH,2023-05-31,N
C102595,Thomas Gill,Raipur,CG,2023-04-05,N
C102596,Tenzin Reddy,Ranchi,JH,2022-10-05,Y
C102597,Yash Kapoor,Raipur,CG,2024-10-05,N
C102598,Ramesh Mishra,Thiruvananthapuram,KL,2023-05-11,N
C102599,Neha Reddy,Bhubaneswar,OR,2024-01-05,N
C102600,Reyansh Bhatia,Visakhapatnam,AP,2022-11-10,N
C102601,Harpreet Ansari,Noida,UP,2023-08-01,N
C102602,Ritika Mehta,Raipur,CG,2024-10-03,N
C102603,Nikhil Chatterjee,Bhopal,MP,2023-12-11,Y
C102604,Krishna Siddiqui,Bengaluru,KA,2023-08-16,N
C102605,Sukhwinder Patil,Kolkata,WB,2024-02-19,N
C102606,Ananya Mukherjee,Chandigarh,CH,2022-11-08,Y
C102607,Vihaan Joshi,Visakhapatnam,AP,2024-10-18,N
C102608,Abhishek Reddy,Kochi,KL,2024-07-25,Y
C102609,Imran Reddy,Noida,UP,2024-11-01,Y
C102610,Aadhya Kaur,Lucknow,UP,2022-08-14,N
C102611,Dev Naidu,Indore,MP,2022-11-08,N
C102612,Tenzin Pillai,Surat,GJ,2023-11-02,Y
C102613,Bhavna Qureshi,Chennai,TN,2023-05-04,N
C102614,Gurpreet Rathore,Noida,UP,2023-04-11,Y
C102615,Vihaan Reddy,Delhi,DL,2023-09-04,N
C102616,Geeta Naidu,Lucknow,UP,2023-01-15,N
C102617,Vihaan Rathore,Surat,GJ,2022-11-17,N
C102618,Amit Gupta,Gurugram,HR,2024-08-14,N
C102619,Ankit Banerjee,Bhopal,MP,2023-08-23,N
C102620,Zoya Nair,Dehradun,UK,2023-02-22,N
C102621,Om Qureshi,Chennai,TN,2024-07-11,Y
C102622,Vihaan Bose,Nagpur,MH,2024-03-04,Y
C102623,Priya Chauhan,Surat,GJ,2023-10-13,N
C102624,Swati D'Souza,Bhopal,MP,2023-10-13,N
C102625,Farah Kaur,Hyderabad,TS,2024-06-15,N
C102626,Farah Varghese,Guwahati,AS,2024-10-16,N
C102627,Ramesh Pandey,Gurugram,HR,2023-10-15,N
C102628,Aarav Bhatia,Raipur,CG,2022-08-07,N
C102629,Vikram Kapoor,Guwahati,AS,2023-07-22,N
C102630,Jaspreet Iyer,Lucknow,UP,2023-01-17,N
C102631,Shreya Mukherjee,Ranchi,JH,2023-01-31,N
C102632,Payal Pawar,Mumbai,MH,2023-06-05,N
C102633,Payal Verma,Indore,MP,2024-08-01,N
C102634,Yash Siddiqui,Indore,MP,2023-03-19,N
C102635,Isha Pillai,Vadodara,GJ,2024-06-06,Y
C102636,Abhishek Nair,Gurugram,HR,2024-11-06,N
C102637,Bhavna Kulkarni,Gurugram,HR,2022-07-17,N
C102638,Om Srivastava,Bhopal,MP,2024-07-03,Y
C102639,Reyansh Yadav,Hyderabad,TS,2023-04-10,Y
C102640,Sai Kulkarni,Nagpur,MH,2023-03-19,Y
C102641,Aishwarya Patil,Bhubaneswar,OR,2023-07-17,Y
C102642,Ishaan Das,Thiruvananthapuram,KL,2024-01-17,N
C102643,Karan Gaikwad,Chandigarh,CH,2024-01-12,Y
C102644,Daniel Sen,Ranchi,JH,2022-08-08,N
C102645,Ananya Jain,Kochi,KL,2023-07-10,N
C102646,Zoya Siddiqui,Thiruvananthapuram,KL,2022-09-20,N
C102647,Deepak George,Noida,UP,2024-12-13,N
C102648,Isha Mehta,Patna,BR,2024-03-25,N
C102649,Sunita Reddy,Noida,UP,2024-12-13,N
C102650,Mohammed Roy,Indore,MP,2023-08-11,N
C102651,Karan Patel,Bhubaneswar,OR,2024-05-25,N
C102652,Meera Bhatt,Pune,MH,2024-04-07,N
C102653,Lakshmi George,Visakhapatnam,AP,2023-06-09,N
C102654,Tanvi Dutta,Kochi,KL,2024-06-01,N
C102655,Simran Goyal,Mysuru,KA,2023-12-20,N
C102656,Sameer Bhatt,Guwahati,AS,2023-05-08,N
C102657,Karan Pawar,Vadodara,GJ,2023-09-18,N
C102658,Faisal Joshi,Noida,UP,2024-04-07,Y
C102659,Karan Bose,Bhubaneswar,OR,2023-04-06,N
C102660,Ritika Mishra,Noida,UP,2023-07-23,Y
C102661,Riya Tiwari,Visakhapatnam,AP,2024-01-14,N
C102662,Om Deshpande,Nashik,MH,2024-12-15,Y
C102663,Rohan Sen,Chennai,TN,2023-09-23,N
C102664,Abhishek Kapoor,Guwahati,AS,2023-09-13,N
C102665,Rajat George,Mumbai,MH,2024-02-04,N
C102666,Amit Rathore,Chandigarh,CH,2022-10-25,Y
C102667,Riya Sharma,Indore,MP,2024-01-14,N
C102668,Mohammed Gupta,Noida,UP,2023-06-25,Y
C102669,Tarun Mukherjee,Patna,BR,2023-08-22,Y
C102670,Sai Ansari,Delhi,DL,2023-03-04,N
C102671,Rohit Rathore,Lucknow,UP,2024-11-07,N
C102672,Zoya Chopra,Vadodara,GJ,2024-03-16,Y
C102673,Nikhil Rao,Chandigarh,CH,2023-01-30,N
C102674,Gurpreet Naidu,Chandigarh,CH,2023-08-15,N
C102675,Manish Bose,Jaipur,RJ,2023-03-14,N
C102676,Nisha Sharma,Nagpur,MH,2022-11-10,N
C102677,Pooja Kumar,Lucknow,UP,2024-03-17,Y
C102678,Vihaan Gupta,Bhubaneswar,OR,2023-05-16,N
C102679,Aditya Joshi,Bhubaneswar,OR,2022-12-19,Y
C102680,Rahul Mathew,Noida,UP,2023-04-23,Y
C102681,Krishna Patel,Bengaluru,KA,2023-07-02,N
C102682,Sai Shinde,Patna,BR,2024-10-05,N
C102683,Deepak Shinde,Nashik,MH,2023-07-01,N
C102684,Siddharth Kapoor,Coimbatore,TN,2024-11-30,Y
C102685,Karan Naidu,Jaipur,RJ,2023-12-15,Y
C102686,Steven Siddiqui,Raipur,CG,2024-07-23,N
C102687,Arjun Ansari,Nashik,MH,2024-06-24,N
C102688,Ananya Arora,Delhi,DL,2024-08-24,Y
C102689,Ritika Naidu,Coimbatore,TN,2024-04-13,Y
C102690,Lobsang Naidu,Indore,MP,2023-11-13,N
C102691,Sameer Yadav,Pune,MH,2023-06-27,N
C102692,Sukhwinder Chatterjee,Raipur,CG,2023-11-03,Y
C102693,Sunita Mehta,Noida,UP,2022-07-24,N
C102694,Arjun Fernandes,Mysuru,KA,2022-09-25,N
C102695,Neha Nair,Mumbai,MH,2023-11-30,N
C102696,Kabir Mukherjee,Bengaluru,KA,2023-05-15,Y
C102697,Simran Bansal,Dehradun,UK,2023-10-15,Y
C102698,Suresh Mishra,Visakhapatnam,AP,2024-10-04,N
C102699,Ayaan Agarwal,Indore,MP,2023-03-01,N
C102700,Thomas Dutta,Nagpur,MH,2024-02-21,Y
C102701,Aishwarya Dutta,Chandigarh,CH,2023-09-24,N
C102702,Meera Yadav,Vadodara,GJ,2023-12-30,N
C102703,Karan Deshpande,Nashik,MH,2024-03-22,N
C102704,Arjun Mukherjee,Gurugram,HR,2023-01-15,Y
C102705,Ananya Dhillon,Guwahati,AS,2023-10-25,N
C102706,Sneha Varghese,Ahmedabad,GJ,2022-09-29,Y
C102707,Tarun Menon,Mumbai,MH,2023-07-21,Y
C102708,Varun Rathore,Guwahati,AS,2024-05-09,N
C102709,Reyansh Deshpande,Vadodara,GJ,2022-08-06,N
C102710,Om Verma,Kolkata,WB,2022-09-17,N
C102711,Yash Qureshi,Bhopal,MP,2024-12-05,N
C102712,Sukhwinder Deshpande,Ahmedabad,GJ,2023-02-09,N
C102713,Harsh Pereira,Indore,MP,2023-12-16,N
C102714,Farah Reddy,Ranchi,JH,2022-09-04,N
C102715,Megha Dhillon,Bhubaneswar,OR,2023-02-17,N
C102716,Daniel Pillai,Chandigarh,CH,2023-08-05,Y
C102717,Farah Bose,Dehradun,UK,2024-02-27,Y
C102718,Meera Iyer,Visakhapatnam,AP,2023-04-25,N
C102719,Deepak Patel,Delhi,DL,2024-04-13,Y
C102720,Steven Roy,Nashik,MH,2022-10-28,N
C102721,Varun Malhotra,Delhi,DL,2024-02-02,Y
C102722,Rajat Mehta,Pune,MH,2023-05-03,N
C102723,Nisha Deshpande,Indore,MP,2024-07-21,Y
C102724,Harpreet Gaikwad,Chennai,TN,2024-12-27,N
C102725,Rajat Chopra,Surat,GJ,2024-12-15,N
C102726,Payal Das,Visakhapatnam,AP,2022-12-16,N
C102727,Thomas Dutta,Nashik,MH,2024-05-21,N
C102728,Aadhya Pandey,Delhi,DL,2022-10-13,N
C102729,Siddharth Yadav,Jaipur,RJ,2024-07-30,N
C102730,Bhavna Pereira,Ahmedabad,GJ,2024-04-23,N
C102731,Aarav Mittal,Ahmedabad,GJ,2024-01-20,N
C102732,Reyansh D'Souza,Lucknow,UP,2023-07-15,Y
C102733,Kavya Bhatt,Indore,MP,2023-01-02,Y
C102734,Diya Shah,Vadodara,GJ,2024-11-28,Y
C102735,Vivaan Chatterjee,Nashik,MH,2024-07-22,Y
C102736,Rohit Khan,Raipur,CG,2024-08-05,Y
C102737,Manish Tiwari,Pune,MH,2023-12-24,Y
C102738,Mohammed Pillai,Bhopal,MP,2023-04-10,N
C102739,Komal Mathew,Coimbatore,TN,2022-09-09,N
C102740,Rohan Varghese,Chennai,TN,2022-09-18,Y
C102741,Lakshmi Patil,Bhopal,MP,2024-10-01,Y
C102742,Isha Bhatia,Lucknow,UP,2023-04-06,Y
C102743,Joseph D'Souza,Kochi,KL,2023-03-16,N
C102744,Anjali Qureshi,Bengaluru,KA,2022-09-03,Y
C102745,Rajat Ghosh,Kolkata,WB,2023-02-01,N
C102746,Rahul Jadhav,Guwahati,AS,2022-10-11,Y
C102747,Om Sharma,Mysuru,KA,2023-01-01,N
C102748,Dev Menon,Mysuru,KA,2024-12-15,Y
C102749,Kabir Sandhu,Mumbai,MH,2023-06-01,Y
C102750,Daniel Gaikwad,Bengaluru,KA,2024-05-22,Y
C102751,Rohan Banerjee,Mumbai,MH,2022-12-22,N
C102752,Arjun Desai,Ranchi,JH,2024-12-22,N
C102753,Tenzin Khan,Chennai,TN,2022-09-15,Y
C102754,Pranav Gill,Hyderabad,TS,2023-11-11,N
C102755,Imran Patel,Bhopal,MP,2024-02-21,N
C102756,Faisal Chopra,Lucknow,UP,2023-03-10,N
C102757,Harpreet Bose,Bhubaneswar,OR,2024-10-11,Y
C102758,Riya Bhatia,Guwahati,AS,2023-10-28,N
C102759,Rajat George,Chandigarh,CH,2022-08-20,N
C102760,Thomas D'Souza,Chennai,TN,2024-10-26,Y
C102761,Sukhwinder Pawar,Nagpur,MH,2023-04-14,Y
C102762,Bhavna Das,Vadodara,GJ,2022-11-28,N
C102763,Payal Bhatia,Ahmedabad,GJ,2023-08-09,N
C102764,Diya Chopra,Raipur,CG,2024-03-24,N
C102765,Meera Pillai,Pune,MH,2024-04-04,N
C102766,Aishwarya Varghese,Patna,BR,2023-01-06,Y
C102767,Jaspreet Srivastava,Bengaluru,KA,2022-08-10,N
C102768,Imran Saxena,Pune,MH,2023-12-05,N
C102769,Ramesh Chauhan,Noida,UP,2024-04-29,N
C102770,Ananya Dhillon,Chandigarh,CH,2024-12-17,Y
C102771,Sukhwinder Shah,Ahmedabad,GJ,2024-07-21,N
C102772,Simran Agarwal,Ranchi,JH,2024-08-04,N
C102773,Farah Qureshi,Nagpur,MH,2023-08-08,N
C102774,Pranav Das,Nashik,MH,2023-10-26,N
C102775,Vivaan Jadhav,Pune,MH,2023-03-04,Y
C102776,Zoya Mukherjee,Ahmedabad,GJ,2023-01-09,N
C102777,Zaid Ansari,Nashik,MH,2023-02-16,N
C102778,Meera Bansal,Patna,BR,2023-02-02,N
C102779,Priya Mishra,Mysuru,KA,2023-07-27,Y
C102780,Aarav Sethi,Bhopal,MP,2024-10-07,N
C102781,Abhishek Kumar,Coimbatore,TN,2023-08-30,N
C102782,Megha Patil,Mysuru,KA,2022-08-09,Y
C102783,Reyansh Sheikh,Ranchi,JH,2023-03-01,Y
C102784,Farah Shah,Raipur,CG,2023-07-06,N
C102785,Siddharth Dhillon,Nashik,MH,2024-01-14,N
C102786,Harsh Gill,Hyderabad,TS,2023-01-05,N
C102787,Yash Mishra,Dehradun,UK,2023-06-30,Y
C102788,Kunal Iyer,Patna,BR,2024-05-24,Y
C102789,Rajat Naidu,Bhopal,MP,2024-01-19,N
C102790,Manish Kumar,Ranchi,JH,2022-11-03,N
C102791,Aditya Bose,Vadodara,GJ,2023-04-13,Y
C102792,Nikhil Gaikwad,Chandigarh,CH,2023-12-27,N
C102793,Aadhya Dhillon,Patna,BR,2022-10-10,Y
C102794,Nisha Varghese,Lucknow,UP,2024-04-04,N
C102795,Ananya Shah,Patna,BR,2024-11-28,Y
C102796,Saanvi Gaikwad,Ahmedabad,GJ,2024-05-15,N
C102797,Ananya Srivastava,Mysuru,KA,2023-10-21,N
C102798,Riya Kapoor,Chandigarh,CH,2023-09-09,N
C102799,Siddharth Shinde,Mumbai,MH,2023-09-25,N
C102800,Ananya Chatterjee,Chennai,TN,2023-10-29,N
C102801,Deepak Kulkarni,Kolkata,WB,2022-11-28,N
C102802,Lobsang Khanna,Pune,MH,2024-01-28,N
C102803,Aishwarya Ghosh,Bhopal,MP,2024-11-05,N
C102804,Krishna Jain,Ranchi,JH,2022-07-27,Y
C102805,Rajat Kapoor,Bhopal,MP,2023-08-01,Y
C102806,Payal Kulkarni,Pune,MH,2023-05-15,N
C102807,Amit Reddy,Hyderabad,TS,2024-04-19,N
C102808,Megha Sen,Coimbatore,TN,2023-04-03,N
C102809,Vihaan George,Vadodara,GJ,2023-06-23,N
C102810,Dev Iyer,Kochi,KL,2024-09-28,Y
C102811,Rahul Qureshi,Indore,MP,2024-08-19,N
C102812,Sukhwinder Banerjee,Ranchi,JH,2024-03-04,Y
C102813,Kabir Malhotra,Gurugram,HR,2023-03-19,N
C102814,Om Banerjee,Bhubaneswar,OR,2023-12-13,Y
C102815,Meera Shah,Pune,MH,2023-11-24,Y
C102816,Tenzin Mehta,Coimbatore,TN,2023-10-06,Y
C102817,Isha Trivedi,Coimbatore,TN,2023-12-11,N
C102818,Siddharth Goyal,Indore,MP,2023-11-29,N
C102819,Reyansh Bose,Chennai,TN,2024-08-20,N
C102820,Karan Pereira,Mysuru,KA,2022-12-23,Y
C102821,Ayaan Roy,Vadodara,GJ,2022-08-21,Y
C102822,Kunal Pandey,Vadodara,GJ,2023-05-01,N
C102823,Vikram Rao,Mumbai,MH,2023-03-04,N
C102824,Vivaan Jain,Chandigarh,CH,2024-07-26,N
C102825,Tanvi Shah,Nagpur,MH,2022-09-07,N
C102826,Vivaan Iyer,Ahmedabad,GJ,2023-01-28,Y
C102827,Ishaan Desai,Guwahati,AS,2023-04-27,Y
C102828,Aarav Patil,Hyderabad,TS,2023-05-15,Y
C102829,Zaid Pillai,Patna,BR,2024-08-12,N
C102830,Gurpreet Mittal,Ranchi,JH,2023-08-25,Y
C102831,Tanvi Patel,Gurugram,HR,2023-07-19,Y
C102832,Imran Gill,Chandigarh,CH,2024-05-16,N
C102833,Zoya Khan,Hyderabad,TS,2024-04-21,N
C102834,Sunita Rathore,Bhubaneswar,OR,2024-03-29,Y
C102835,Rohit Mishra,Mysuru,KA,2022-12-04,N
C102836,Ritika Sharma,Guwahati,AS,2024-08-02,N
C102837,Harsh Ghosh,Hyderabad,TS,2023-06-16,N
C102838,Zaid Goyal,Nashik,MH,2024-05-19,N
C102839,Bhavna Pereira,Delhi,DL,2022-12-30,N
C102840,Ayaan Kapoor,Pune,MH,2022-12-11,N
C102841,Tarun Mittal,Jaipur,RJ,2024-04-21,N
C102842,Abhishek Arora,Gurugram,HR,2022-08-05,N
C102843,Rajat Bhatt,Hyderabad,TS,2024-08-22,N
C102844,Ankit Dhillon,Ranchi,JH,2024-01-16,N
C102845,Rahul Bansal,Jaipur,RJ,2023-12-16,N
C102846,Jaspreet Bose,Dehradun,UK,2024-04-03,Y
C102847,Ankit Fernandes,Dehradun,UK,2023-11-15,Y
C102848,Deepak Siddiqui,Jaipur,RJ,2024-10-10,Y
C102849,Komal Desai,Chennai,TN,2022-08-12,N
C102850,Meera Bose,Ranchi,JH,2023-01-16,N
C102851,Abhishek Yadav,Thiruvananthapuram,KL,2023-12-24,N
C102852,Jaspreet Deshpande,Jaipur,RJ,2022-10-31,N
C102853,Kabir Trivedi,Thiruvananthapuram,KL,2024-10-19,N
C102854,Ananya Malhotra,Thiruvananthapuram,KL,2024-05-27,Y
C102855,Pooja Desai,Ranchi,JH,2024-05-08,Y
C102856,Sneha Jadhav,Kolkata,WB,2024-04-27,N
C102857,Rajat Ghosh,Kochi,KL,2023-08-16,Y
C102858,Neha Rao,Hyderabad,TS,2023-10-31,N
C102859,Karan Kumar,Delhi,DL,2023-08-14,N
C102860,Vikram Sharma,Bengaluru,KA,2023-07-03,N
C102861,Vihaan Chopra,Mumbai,MH,2023-10-31,Y
C102862,Tanvi Rathore,Hyderabad,TS,2024-03-31,N
C102863,Imran Sheikh,Guwahati,AS,2023-02-09,N
C102864,Aishwarya Sethi,Bengaluru,KA,2023-03-03,N
C102865,Ankit Dutta,Indore,MP,2022-10-22,Y
C102866,Mohammed Shinde,Nagpur,MH,2024-12-20,Y
C102867,Geeta Pereira,Dehradun,UK,2023-05-20,N
C102868,Harsh D'Souza,Pune,MH,2024-11-03,N
C102869,Om Khanna,Pune,MH,2023-04-19,N
C102870,Ritika Bhatia,Guwahati,AS,2023-10-12,N
C102871,Tanvi Bhatia,Nagpur,MH,2024-12-22,Y
C102872,Gurpreet Roy,Visakhapatnam,AP,2022-10-02,N
C102873,Krishna Menon,Thiruvananthapuram,KL,2023-06-21,Y
C102874,Vivaan Goyal,Vadodara,GJ,2024-06-05,N
C102875,Kabir Mehta,Kochi,KL,2022-12-03,N
C102876,Daniel Kaur,Noida,UP,2023-10-14,N
C102877,Lakshmi Pillai,Jaipur,RJ,2024-10-07,Y
C102878,Lakshmi Bhatia,Bhopal,MP,2024-11-25,Y
C102879,Kunal Arora,Mysuru,KA,2023-08-17,N
C102880,Saanvi Qureshi,Kochi,KL,2023-07-07,N
C102881,Siddharth Rathore,Guwahati,AS,2024-03-15,N
C102882,Varun Jadhav,Ahmedabad,GJ,2024-02-01,N
C102883,Siddharth George,Nagpur,MH,2024-09-03,N
C102884,Shreya Pawar,Jaipur,RJ,2024-04-19,N
C102885,Vikram D'Souza,Coimbatore,TN,2024-09-06,N
C102886,Rohit Srivastava,Coimbatore,TN,2023-10-21,N
C102887,Vikram Rathore,Kolkata,WB,2023-07-16,N
C102888,Ayaan Deshpande,Mumbai,MH,2022-08-20,Y
C102889,Ankit Trivedi,Ahmedabad,GJ,2022-07-23,N
C102890,Rohit Kumar,Noida,UP,2023-07-08,N
C102891,Sameer Malhotra,Noida,UP,2023-03-16,N
C102892,Tenzin Tiwari,Raipur,CG,2023-06-24,N
C102893,Harpreet Singh,Bhubaneswar,OR,2023-08-23,N
C102894,Om Qureshi,Mysuru,KA,2024-04-07,Y
C102895,Yash Dhillon,Pune,MH,2023-03-19,Y
C102896,Abhishek Jain,Pune,MH,2023-12-08,Y
C102897,Lobsang Qureshi,Guwahati,AS,2022-10-18,N
C102898,Ritika Dutta,Ranchi,JH,2024-05-10,N
C102899,Shreya Saxena,Visakhapatnam,AP,2024-09-01,N
C102900,Yash Chopra,Bhopal,MP,2024-08-20,Y
C102901,Jaspreet Mathew,Bhubaneswar,OR,2022-10-25,Y
C102902,Varun Joshi,Noida,UP,2023-05-28,N
C102903,Priya Jain,Ranchi,JH,2024-11-12,N
C102904,Shreya Mehta,Vadodara,GJ,2022-08-16,N
C102905,Anjali Sheikh,Raipur,CG,2023-10-19,N
C102906,Mohammed Singh,Chennai,TN,2022-12-03,N
C102907,Om Trivedi,Nashik,MH,2023-08-24,N
C102908,Amit Trivedi,Bhubaneswar,OR,2022-11-14,Y
C102909,Ananya Chauhan,Mumbai,MH,2023-06-15,Y
C102910,Dev Nair,Nashik,MH,2022-10-19,N
C102911,Amit Roy,Pune,MH,2024-04-14,Y
C102912,Karan Bose,Noida,UP,2023-07-05,N
C102913,Vivaan Chauhan,Surat,GJ,2023-07-02,N
C102914,Shreya Dutta,Jaipur,RJ,2023-06-27,Y
C102915,Isha Desai,Nagpur,MH,2023-06-19,N
C102916,Manpreet Das,Visakhapatnam,AP,2024-04-15,Y
C102917,Mohammed Pawar,Guwahati,AS,2024-11-27,N
C102918,Arjun Pereira,Noida,UP,2022-09-28,N
C102919,Joseph Kulkarni,Hyderabad,TS,2023-04-02,Y
C102920,Lakshmi Mathew,Vadodara,GJ,2024-01-28,Y
C102921,Ramesh Banerjee,Bhopal,MP,2022-08-20,N
C102922,Simran Khan,Noida,UP,2023-03-05,N
C102923,Swati Ghosh,Nashik,MH,2023-12-26,N
C102924,Amit Bhatt,Mumbai,MH,2023-07-25,N
C102925,Meera Pandey,Chennai,TN,2023-10-11,N
C102926,Mohammed Kulkarni,Raipur,CG,2023-06-16,N
C102927,Ayaan Desai,Pune,MH,2022-10-22,N
C102928,Ankit Deshpande,Thiruvananthapuram,KL,2023-10-12,Y
C102929,Harsh Pillai,Bhopal,MP,2022-10-15,N
C102930,Nisha Arora,Dehradun,UK,2023-11-30,N
C102931,Sneha Singh,Thiruvananthapuram,KL,2022-09-10,Y
C102932,Ramesh Jadhav,Bengaluru,KA,2024-10-29,N
C102933,Sameer Dutta,Jaipur,RJ,2023-04-28,Y
C102934,Manpreet Goyal,Bhopal,MP,2022-11-28,Y
C102935,Rahul Goyal,Vadodara,GJ,2024-10-04,Y
C102936,Tanvi Joshi,Ahmedabad,GJ,2024-12-26,Y
C102937,Aishwarya Dutta,Visakhapatnam,AP,2022-11-09,Y
C102938,Meera Agarwal,Nashik,MH,2023-05-15,N
C102939,Saanvi Chauhan,Ranchi,JH,2023-05-27,N
C102940,Sukhwinder Das,Nashik,MH,2023-03-10,N
C102941,Bhavna Agarwal,Chandigarh,CH,2023-03-02,N
C102942,Zaid Iyer,Ahmedabad,GJ,2023-08-21,N
C102943,Komal Kaur,Pune,MH,2024-07-10,N
C102944,Krishna Patel,Guwahati,AS,2023-12-08,N
C102945,Meera Trivedi,Delhi,DL,2024-04-21,Y
C102946,Rohan Dutta,Nagpur,MH,2024-09-02,N
C102947,Jaspreet Khanna,Chennai,TN,2024-12-05,Y
C102948,Vikram Roy,Raipur,CG,2023-08-29,Y
C102949,Kavya Jadhav,Bengaluru,KA,2024-04-09,Y
C102950,Aditya Khan,Chennai,TN,2024-08-01,N
C102951,Zoya George,Chennai,TN,2024-03-30,Y
C102952,Lobsang Tiwari,Kolkata,WB,2024-01-14,Y
C102953,Tarun Ansari,Kochi,KL,2024-04-28,N
C102954,Anjali Mittal,Vadodara,GJ,2023-01-15,Y
C102955,Zaid Shah,Delhi,DL,2024-06-27,N
C102956,Simran Yadav,Chandigarh,CH,2022-11-22,Y
C102957,Manish Mehta,Noida,UP,2023-11-16,N
C102958,Anjali Nair,Bhopal,MP,2022-12-13,N
C102959,Sai D'Souza,Chandigarh,CH,2023-12-02,N
C102960,Imran Desai,Indore,MP,2023-07-23,N
C102961,Harpreet Menon,Vadodara,GJ,2023-12-22,N
C102962,Isha Mathew,Patna,BR,2023-07-30,N
C102963,Arjun Sandhu,Ahmedabad,GJ,2024-11-20,Y
C102964,Faisal Siddiqui,Chandigarh,CH,2024-07-09,N
C102965,Tanvi Singh,Thiruvananthapuram,KL,2024-07-29,N
C102966,Krishna Gaikwad,Indore,MP,2023-03-11,N
C102967,Zoya Patel,Lucknow,UP,2024-07-19,N
C102968,Lobsang Bose,Lucknow,UP,2023-03-18,N
C102969,Joseph Dhillon,Lucknow,UP,2022-09-28,N
C102970,Harpreet Mehta,Mumbai,MH,2023-12-01,N
C102971,Lobsang Kaur,Coimbatore,TN,2024-10-04,Y
C102972,Imran Gaikwad,Mysuru,KA,2024-09-11,N
C102973,Sai Mehta,Kochi,KL,2023-08-28,Y
C102974,Ankit Sheikh,Thiruvananthapuram,KL,2022-12-14,Y
C102975,Nikhil Chatterjee,Mysuru,KA,2024-04-04,N
C102976,Kavya Pawar,Noida,UP,2023-09-27,Y
C102977,Vivaan Srivastava,Gurugram,HR,2023-04-09,N
C102978,Saanvi Varghese,Vadodara,GJ,2023-07-20,N
C102979,Komal Saxena,Surat,GJ,2023-10-07,N
C102980,Thomas Menon,Raipur,CG,2024-01-22,N
C102981,Manpreet Bansal,Visakhapatnam,AP,2022-11-14,Y
C102982,Thomas Trivedi,Jaipur,RJ,2022-07-17,Y
C102983,Ananya Tiwari,Indore,MP,2023-08-04,Y
C102984,Thomas Pillai,Nashik,MH,2024-06-05,N
C102985,Tenzin Saxena,Kolkata,WB,2023-03-14,N
C102986,Imran Sethi,Dehradun,UK,2023-11-03,N
C102987,Megha Rao,Lucknow,UP,2024-04-29,N
C102988,Harsh Pereira,Kolkata,WB,2022-11-08,N
C102989,Zoya Kaur,Chennai,TN,2023-04-22,N
C102990,Vikram Mittal,Kolkata,WB,2024-01-15,N
C102991,Reyansh Gaikwad,Visakhapatnam,AP,2023-12-07,N
C102992,Kabir Mehta,Surat,GJ,2023-07-24,N
C102993,Riya Banerjee,Bhopal,MP,2022-11-11,N
C102994,Zaid Sethi,Chandigarh,CH,2024-02-29,N
C102995,Steven Menon,Ranchi,JH,2023-04-08,N
C102996,Siddharth Khan,Hyderabad,TS,2023-02-09,N
C102997,Manpreet Chatterjee,Jaipur,RJ,2022-09-26,Y
C102998,Sneha Fernandes,Indore,MP,2022-08-08,Y
C102999,Manish Mittal,Visakhapatnam,AP,2024-09-26,N
C103000,Rohit Pandey,Kolkata,WB,2022-07-24,Y
C103001,Aishwarya Chauhan,Hyderabad,TS,2024-04-23,N
C103002,Jaspreet Yadav,Visakhapatnam,AP,2023-05-14,N
C103003,Shreya Nair,Bhubaneswar,OR,2024-07-22,N
C103004,Neha Tiwari,Hyderabad,TS,2024-10-22,N
C103005,Suresh Kumar,Chennai,TN,2024-11-11,Y
C103006,Aarav Bansal,Bhopal,MP,2023-04-02,N
C103007,Ishaan Bhatt,Mumbai,MH,2024-10-03,Y
C103008,Divya Dutta,Guwahati,AS,2024-07-02,Y
C103009,Jaspreet Pawar,Patna,BR,2024-04-13,N
C103010,Harsh Sen,Pune,MH,2022-12-01,Y
C103011,Suresh Sheikh,Pune,MH,2023-01-06,N
C103012,Sameer Dutta,Coimbatore,TN,2023-03-24,N
C103013,Saanvi Singh,Mumbai,MH,2023-07-13,N
C103014,Abhishek Mehta,Bengaluru,KA,2024-06-12,N
C103015,Joseph Desai,Chandigarh,CH,2024-05-27,Y
C103016,Steven Sharma,Bengaluru,KA,2023-08-07,Y
C103017,Om Mehta,Bengaluru,KA,2023-08-01,N
C103018,Reyansh Iyer,Indore,MP,2024-01-08,N
C103019,Farah Fernandes,Patna,BR,2022-10-23,N
C103020,Nikhil Bhatia,Noida,UP,2023-04-15,N
C103021,Abhishek Chopra,Raipur,CG,2024-06-11,N
C103022,Ishaan Chopra,Nagpur,MH,2024-05-28,N
C103023,Sukhwinder Patel,Jaipur,RJ,2023-07-03,N
C103024,Ishaan Shinde,Chandigarh,CH,2024-12-06,N
C103025,Joseph Deshpande,Kolkata,WB,2024-04-28,Y
C103026,Swati Kumar,Bhubaneswar,OR,2023-11-13,Y
C103027,Komal Kaur,Delhi,DL,2024-04-16,N
C103028,Meera Chauhan,Hyderabad,TS,2023-03-19,N
C103029,Ananya Kapoor,Gurugram,HR,2023-12-13,Y
C103030,Suresh Reddy,Ahmedabad,GJ,2023-08-28,N
C103031,Sukhwinder Roy,Coimbatore,TN,2023-05-15,N
C103032,Payal D'Souza,Noida,UP,2024-08-27,N
C103033,Amit Sethi,Raipur,CG,2022-10-12,N
C103034,Faisal Pawar,Indore,MP,2023-10-15,N
C103035,Divya Sheikh,Ahmedabad,GJ,2023-11-12,N
C103036,Ramesh Bansal,Kochi,KL,2023-05-21,N
C103037,Suresh Patel,Gurugram,HR,2023-03-30,Y
C103038,Steven Roy,Kochi,KL,2022-08-11,N
C103039,Sai George,Thiruvananthapuram,KL,2024-01-11,Y
C103040,Kavya Das,Lucknow,UP,2022-12-20,N
C103041,Jaspreet Saxena,Indore,MP,2022-12-15,N
C103042,Farah Sheikh,Ranchi,JH,2024-11-25,Y
C103043,Mohammed Ghosh,Coimbatore,TN,2024-02-28,N
C103044,Sukhwinder Sandhu,Coimbatore,TN,2024-03-30,N
C103045,Lobsang Mukherjee,Patna,BR,2023-07-09,N
C103046,Pranav Rathore,Kolkata,WB,2024-03-13,N
C103047,Nikhil Bhatia,Bhopal,MP,2024-10-21,N
C103048,Vihaan Varghese,Ahmedabad,GJ,2022-08-28,N
C103049,Geeta Pereira,Kochi,KL,2023-04-29,Y
C103050,Deepak Sandhu,Delhi,DL,2023-05-25,N
C103051,Arjun Naidu,Surat,GJ,2022-12-16,N
C103052,Harpreet Sheikh,Delhi,DL,2024-03-14,N
C103053,Imran Bose,Raipur,CG,2023-02-25,Y
C103054,Krishna Menon,Mysuru,KA,2024-04-30,N
C103055,Arjun Nair,Indore,MP,2023-07-28,N
C103056,Gurpreet Siddiqui,Visakhapatnam,AP,2024-04-18,N
C103057,Vihaan Malhotra,Guwahati,AS,2023-01-14,Y
C103058,Daniel Nair,Lucknow,UP,2022-08-13,N
C103059,Aarav Nair,Pune,MH,2023-05-13,N
C103060,Aishwarya Mukherjee,Indore,MP,2024-11-09,Y
C103061,Saanvi Kumar,Indore,MP,2023-11-15,N
C103062,Suresh Menon,Chennai,TN,2024-01-18,N
C103063,Diya Patel,Nashik,MH,2023-11-14,N
C103064,Krishna Dutta,Vadodara,GJ,2023-01-14,N
C103065,Deepak Shinde,Bengaluru,KA,2023-05-03,N
C103066,Yash Pillai,Mumbai,MH,2024-08-08,N
C103067,Abhishek Chatterjee,Kolkata,WB,2022-12-21,Y
C103068,Harsh Mittal,Ahmedabad,GJ,2024-04-15,Y
C103069,Isha Mishra,Nashik,MH,2023-08-22,N
C103070,Lobsang Banerjee,Hyderabad,TS,2022-08-17,N
C103071,Zaid Dhillon,Noida,UP,2024-07-26,N
C103072,Nikhil Jadhav,Noida,UP,2022-11-10,N
C103073,Nikhil Chauhan,Indore,MP,2023-09-07,N
C103074,Amit D'Souza,Bengaluru,KA,2024-12-19,Y
C103075,Payal Singh,Raipur,CG,2024-01-02,N
C103076,Sameer Dhillon,Vadodara,GJ,2024-04-14,N
C103077,Pooja Ghosh,Visakhapatnam,AP,2023-09-27,N
C103078,Sunita Kumar,Bhubaneswar,OR,2023-09-05,N
C103079,Mohammed Rathore,Nashik,MH,2023-03-15,N
C103080,Anjali Rathore,Nagpur,MH,2023-06-27,N
C103081,Zoya Trivedi,Chandigarh,CH,2022-09-11,Y
C103082,Priya Gill,Noida,UP,2024-05-03,N
C103083,Anjali Sharma,Surat,GJ,2024-06-21,N
C103084,Manish Goyal,Chandigarh,CH,2022-11-04,N
C103085,Dev Siddiqui,Mysuru,KA,2025-01-01,Y
C103086,Rajat Roy,Mumbai,MH,2023-04-29,N
C103087,Riya Jain,Noida,UP,2023-01-02,Y
C103088,Sai Roy,Bengaluru,KA,2024-02-02,N
C103089,Kunal Malhotra,Chandigarh,CH,2024-12-26,N
C103090,Megha Reddy,Pune,MH,2022-11-16,N
C103091,Steven Patil,Hyderabad,TS,2023-12-27,N
C103092,Nikhil Shinde,Kochi,KL,2024-10-14,N
C103093,Arjun Shah,Vadodara,GJ,2024-04-29,N
C103094,Jaspreet Qureshi,Mysuru,KA,2022-11-21,N
C103095,Tanvi Rao,Guwahati,AS,2022-12-20,N
C103096,Karan Jadhav,Delhi,DL,2024-02-15,N
C103097,Saanvi Sheikh,Vadodara,GJ,2024-12-02,N
C103098,Ritika Trivedi,Jaipur,RJ,2023-12-20,N
C103099,Swati Banerjee,Kochi,KL,2023-11-07,N
C103100,Farah Jain,Indore,MP,2024-07-07,N
C103101,Simran D'Souza,Lucknow,UP,2024-05-31,N
C103102,Steven Pawar,Nagpur,MH,2023-11-15,N
C103103,Ananya Khanna,Noida,UP,2023-10-11,N
C103104,Rohan Chatterjee,Mysuru,KA,2022-10-26,N
C103105,Aadhya Dhillon,Pune,MH,2024-02-06,Y
C103106,Swati Verma,Surat,GJ,2023-06-17,N
C103107,Lakshmi Qureshi,Mumbai,MH,2024-01-16,N
C103108,Lobsang Naidu,Bhopal,MP,2023-12-11,Y
C103109,Tenzin Sandhu,Thiruvananthapuram,KL,2022-08-07,N
C103110,Ankit Gaikwad,Chennai,TN,2023-11-25,Y
C103111,Rohan Ghosh,Ranchi,JH,2022-10-31,N
C103112,Rohan Bhatia,Noida,UP,2023-11-28,N
C103113,Priya Agarwal,Ahmedabad,GJ,2023-10-12,N
C103114,Zaid Singh,Dehradun,UK,2022-11-28,Y
C103115,Vikram Desai,Guwahati,AS,2023-12-11,N
C103116,Manpreet Gupta,Surat,GJ,2022-08-11,N
C103117,Ishaan Deshpande,Lucknow,UP,2022-12-06,N
C103118,Pooja Das,Bhubaneswar,OR,2024-08-08,N
C103119,Komal Nair,Indore,MP,2023-01-31,Y
C103120,Joseph Joshi,Patna,BR,2024-11-06,N
C103121,Vihaan Menon,Chandigarh,CH,2024-05-20,N
C103122,Pranav Yadav,Delhi,DL,2024-09-07,Y
C103123,Harsh Gaikwad,Hyderabad,TS,2024-03-08,N
C103124,Meera Deshpande,Ranchi,JH,2024-06-11,Y
C103125,Jaspreet Trivedi,Raipur,CG,2023-06-26,Y
C103126,Pooja Roy,Coimbatore,TN,2023-11-26,N
C103127,Krishna Tiwari,Bhubaneswar,OR,2023-07-15,N
C103128,Diya Srivastava,Delhi,DL,2022-10-12,N
C103129,Rohan Roy,Pune,MH,2023-07-13,N
C103130,Lakshmi Chopra,Coimbatore,TN,2023-02-11,Y
C103131,Harpreet D'Souza,Dehradun,UK,2023-09-23,Y
C103132,Ishaan Bhatt,Bengaluru,KA,2022-09-26,N
C103133,Ayaan Joshi,Indore,MP,2023-01-26,N
C103134,Zaid Rao,Kochi,KL,2023-10-07,Y
C103135,Sunita Nair,Bhopal,MP,2024-03-20,N
C103136,Aishwarya Desai,Dehradun,UK,2024-05-28,N
C103137,Megha Pillai,Coimbatore,TN,2024-03-20,N
C103138,Nikhil Shah,Guwahati,AS,2024-04-01,N
C103139,Vikram Srivastava,Chennai,TN,2022-10-18,N
C103140,Isha Mathew,Lucknow,UP,2024-01-12,N
C103141,Aadhya Mittal,Delhi,DL,2023-11-13,N
C103142,Komal Ghosh,Noida,UP,2023-10-02,N
C103143,Neha Chauhan,Delhi,DL,2023-03-26,Y
C103144,Mohammed Banerjee,Kochi,KL,2023-02-21,N
C103145,Isha Khanna,Dehradun,UK,2024-12-09,Y
C103146,Harsh Reddy,Pune,MH,2023-12-14,N
C103147,Mohammed Shah,Surat,GJ,2024-01-09,Y
C103148,Nikhil George,Hyderabad,TS,2023-07-30,N
C103149,Ishaan Kapoor,Indore,MP,2022-11-25,N
C103150,Tenzin Gupta,Gurugram,HR,2024-02-29,N
C103151,Aditya Pawar,Visakhapatnam,AP,2022-12-28,Y
C103152,Thomas Pawar,Kolkata,WB,2022-07-26,Y
C103153,Faisal Chatterjee,Nagpur,MH,2022-12-19,N
C103154,Megha Mathew,Gurugram,HR,2024-03-29,Y
C103155,Diya Goyal,Nagpur,MH,2024-05-09,Y
C103156,Aadhya Desai,Noida,UP,2024-03-24,N
C103157,Ritika Sheikh,Kolkata,WB,2023-06-06,Y
C103158,Daniel Desai,Delhi,DL,2023-09-27,N
C103159,Thomas Bansal,Hyderabad,TS,2024-07-26,N
C103160,Kunal Gupta,Bhubaneswar,OR,2023-04-18,N
C103161,Joseph Varghese,Noida,UP,2023-05-09,Y
C103162,Aadhya Malhotra,Kolkata,WB,2022-08-22,N
C103163,Zoya Gupta,Ahmedabad,GJ,2024-02-17,N
C103164,Ananya Joshi,Patna,BR,2022-07-20,N
C103165,Thomas Patel,Bhubaneswar,OR,2023-04-03,Y
C103166,Rahul Mehta,Surat,GJ,2023-04-18,Y
C103167,Karan Jadhav,Kochi,KL,2024-04-14,N
C103168,Sunita Malhotra,Chandigarh,CH,2024-09-27,Y
C103169,Zoya Khanna,Surat,GJ,2022-07-21,N
C103170,Komal Tiwari,Delhi,DL,2023-12-24,N
C103171,Ananya Varghese,Visakhapatnam,AP,2022-12-10,Y
C103172,Riya Sethi,Hyderabad,TS,2024-01-14,N
C103173,Joseph Mathew,Delhi,DL,2022-12-04,Y
C103174,Bhavna Jain,Nashik,MH,2024-01-02,N
C103175,Kabir Naidu,Thiruvananthapuram,KL,2022-09-06,N
C103176,Tarun Rao,Thiruvananthapuram,KL,2023-04-21,Y
C103177,Nikhil Mishra,Kolkata,WB,2023-03-27,Y
C103178,Joseph Verma,Bhopal,MP,2023-10-10,Y
C103179,Bhavna Goyal,Pune,MH,2024-09-20,N
C103180,Kunal Srivastava,Gurugram,HR,2023-02-22,N
C103181,Kabir Chauhan,Ranchi,JH,2022-10-16,Y
C103182,Nikhil Yadav,Gurugram,HR,2023-01-01,N
C103183,Kavya Chopra,Hyderabad,TS,2024-06-10,Y
C103184,Isha Pandey,Hyderabad,TS,2022-10-20,Y
C103185,Harpreet Nair,Nagpur,MH,2024-01-28,N
C103186,Sameer Jain,Kolkata,WB,2023-12-24,N
C103187,Ishaan Naidu,Noida,UP,2024-01-15,N
C103188,Isha Sethi,Kochi,KL,2023-01-03,N
C103189,Divya Mehta,Noida,UP,2024-11-13,N
C103190,Joseph Bhatia,Kochi,KL,2022-09-04,N
C103191,Manish Jadhav,Patna,BR,2022-07-17,N
C103192,Aditya Mittal,Nashik,MH,2023-02-16,N
C103193,Gurpreet Jadhav,Indore,MP,2023-07-14,N
C103194,Faisal Mishra,Vadodara,GJ,2024-01-01,N
C103195,Reyansh Desai,Nashik,MH,2023-06-02,Y
C103196,Nisha Rao,Noida,UP,2023-02-27,N
C103197,Faisal Sheikh,Chandigarh,CH,2023-07-18,Y
C103198,Priya Rao,Coimbatore,TN,2024-10-06,Y
C103199,Karan Reddy,Guwahati,AS,2023-05-23,N
C103200,Aishwarya Dutta,Bhubaneswar,OR,2023-12-31,N
C103201,Ishaan Yadav,Mysuru,KA,2023-06-16,Y
C103202,Farah Pereira,Nashik,MH,2023-07-25,N
C103203,Om Mehta,Bhopal,MP,2024-01-01,Y
C103204,Rajat Kaur,Raipur,CG,2023-06-27,Y
C103205,Rohan Patil,Visakhapatnam,AP,2023-07-01,N
C103206,Zoya Pandey,Patna,BR,2022-09-08,N
C103207,Kabir Tiwari,Kochi,KL,2023-11-03,N
C103208,Ishaan Gupta,Jaipur,RJ,2022-11-08,N
C103209,Kavya Iyer,Nashik,MH,2023-02-21,N
C103210,Joseph Saxena,Nashik,MH,2022-10-02,N
C103211,Pooja Rao,Guwahati,AS,2023-04-25,N
C103212,Ayaan Singh,Bengaluru,KA,2024-05-17,N
C103213,Tarun Nair,Patna,BR,2024-03-13,N
C103214,Daniel Mathew,Gurugram,HR,2023-12-08,Y
C103215,Vihaan Pillai,Nashik,MH,2022-12-06,N
C103216,Rajat Pillai,Vadodara,GJ,2023-01-13,N
C103217,Joseph Mathew,Dehradun,UK,2022-11-24,N
C103218,Geeta Jain,Dehradun,UK,2023-09-15,N
C103219,Zoya Mukherjee,Coimbatore,TN,2024-05-30,Y
C103220,Mohammed Reddy,Thiruvananthapuram,KL,2024-01-25,Y
C103221,Varun Varghese,Mumbai,MH,2024-02-12,Y
C103222,Karan Chopra,Lucknow,UP,2025-01-01,N
C103223,Bhavna Chatterjee,Guwahati,AS,2023-01-21,N
C103224,Aadhya Pandey,Lucknow,UP,2024-04-19,N
C103225,Sameer Dhillon,Hyderabad,TS,2022-10-30,N
C103226,Deepak Pillai,Lucknow,UP,2024-07-18,Y
C103227,Thomas Ansari,Visakhapatnam,AP,2024-02-25,N
C103228,Imran Bhatia,Jaipur,RJ,2023-12-18,Y
C103229,Swati Menon,Coimbatore,TN,2023-07-18,Y
C103230,Rajat Joshi,Bhubaneswar,OR,2024-01-02,N
C103231,Tanvi Jadhav,Vadodara,GJ,2022-08-11,N
C103232,Daniel Chatterjee,Bengaluru,KA,2022-11-13,Y
C103233,Bhavna Rao,Noida,UP,2024-01-13,N
C103234,Riya Goyal,Nagpur,MH,2023-02-22,N
C103235,Aarav Deshpande,Indore,MP,2022-12-27,N
C103236,Deepak Tiwari,Indore,MP,2024-11-14,N
C103237,Rohan Pandey,Chandigarh,CH,2024-09-13,N
C103238,Manpreet Jadhav,Guwahati,AS,2023-06-18,N
C103239,Yash Kapoor,Raipur,CG,2024-01-20,Y
C103240,Dev Mehta,Ranchi,JH,2023-08-12,N
C103241,Neha Bansal,Visakhapatnam,AP,2024-05-10,N
C103242,Daniel Dhillon,Kolkata,WB,2022-11-27,Y
C103243,Mohammed Gaikwad,Vadodara,GJ,2022-09-11,N
C103244,Simran Sheikh,Patna,BR,2024-02-28,N
C103245,Rohan Shinde,Bengaluru,KA,2023-12-10,Y
C103246,Neha Ansari,Bhopal,MP,2023-09-18,N
C103247,Sai Menon,Nagpur,MH,2023-03-08,Y
C103248,Arjun Rao,Chandigarh,CH,2024-07-30,N
C103249,Siddharth Pillai,Kolkata,WB,2022-10-29,Y
C103250,Mohammed Bhatt,Surat,GJ,2024-06-13,N
C103251,Kabir Shinde,Dehradun,UK,2023-04-02,N
C103252,Jaspreet Bhatt,Patna,BR,2024-11-23,N
C103253,Vikram Ghosh,Bengaluru,KA,2024-07-22,N
C103254,Zaid Gupta,Chandigarh,CH,2022-11-04,N
C103255,Arjun Mittal,Coimbatore,TN,2024-02-11,N
C103256,Yash Patil,Chandigarh,CH,2024-11-26,N
C103257,Manpreet Das,Surat,GJ,2024-12-07,N
C103258,Harpreet Varghese,Ahmedabad,GJ,2022-10-18,N
C103259,Neha Dhillon,Ahmedabad,GJ,2023-01-17,Y
C103260,Amit Verma,Lucknow,UP,2022-11-24,N
C103261,Zaid Khan,Hyderabad,TS,2024-02-15,N
C103262,Arjun Jadhav,Visakhapatnam,AP,2023-09-06,Y
C103263,Ishaan Roy,Chandigarh,CH,2024-06-21,N
C103264,Anjali Shinde,Bhubaneswar,OR,2023-04-25,Y
C103265,Thomas Chopra,Nashik,MH,2022-10-22,Y
C103266,Abhishek Mittal,Patna,BR,2024-04-27,Y
C103267,Joseph Ansari,Nagpur,MH,2024-12-25,N
C103268,Simran Bhatia,Ahmedabad,GJ,2024-12-03,N
C103269,Isha Mittal,Kolkata,WB,2023-04-17,Y
C103270,Faisal D'Souza,Hyderabad,TS,2023-09-16,N
C103271,Aadhya Joshi,Mysuru,KA,2024-02-16,Y
C103272,Pooja Rathore,Guwahati,AS,2023-10-11,N
C103273,Daniel Desai,Bhubaneswar,OR,2023-09-28,Y
C103274,Kunal Gill,Noida,UP,2023-11-06,N
C103275,Rajat Pandey,Gurugram,HR,2024-08-31,N
C103276,Sai Khanna,Nashik,MH,2024-06-10,N
C103277,Rajat Shah,Lucknow,UP,2023-04-06,N
C103278,Suresh Goyal,Surat,GJ,2022-09-26,Y
C103279,Ishaan Sandhu,Mysuru,KA,2024-02-28,N
C103280,Steven Chauhan,Lucknow,UP,2023-05-12,N
C103281,Yash Rao,Visakhapatnam,AP,2023-03-06,Y
C103282,Suresh Sharma,Noida,UP,2023-03-03,Y
C103283,Rahul Pawar,Bhopal,MP,2024-10-27,N
C103284,Zaid Patel,Thiruvananthapuram,KL,2023-10-22,N
C103285,Ananya Mittal,Noida,UP,2022-08-01,Y
C103286,Diya Verma,Nagpur,MH,2023-03-13,N
C103287,Riya Dutta,Nagpur,MH,2024-10-08,N
C103288,Diya Qureshi,Bhopal,MP,2022-11-19,N
C103289,Kavya Qureshi,Kolkata,WB,2024-03-04,Y
C103290,Harpreet Rathore,Dehradun,UK,2023-12-15,N
C103291,Zaid Goyal,Bhopal,MP,2024-08-31,N
C103292,Jaspreet Fernandes,Pune,MH,2023-01-09,N
C103293,Aarav Bhatt,Bhopal,MP,2024-02-22,N
C103294,Tanvi Naidu,Mumbai,MH,2022-11-11,Y
C103295,Imran Chatterjee,Nagpur,MH,2023-07-23,N
C103296,Faisal Singh,Pune,MH,2024-04-19,N
C103297,Sukhwinder Chopra,Mysuru,KA,2024-04-09,N
C103298,Ritika Bhatia,Nagpur,MH,2024-07-10,N
C103299,Aishwarya Pandey,Raipur,CG,2024-11-30,Y
C103300,Thomas Kapoor,Gurugram,HR,2024-06-24,N
C103301,Kunal Das,Guwahati,AS,2023-02-18,Y
C103302,Gurpreet Gupta,Visakhapatnam,AP,2024-10-28,Y
C103303,Harpreet Gill,Kolkata,WB,2023-01-14,Y
C103304,Swati Siddiqui,Visakhapatnam,AP,2023-03-10,N
C103305,Bhavna Siddiqui,Delhi,DL,2022-07-16,N
C103306,Sunita D'Souza,Kolkata,WB,2024-09-01,N
C103307,Shreya D'Souza,Delhi,DL,2023-04-01,Y
C103308,Nisha Sharma,Lucknow,UP,2024-02-11,Y
C103309,Lobsang Gaikwad,Surat,GJ,2024-02-22,Y
C103310,Vikram Kumar,Surat,GJ,2024-11-11,N
C103311,Rohan Patel,Delhi,DL,2023-05-12,N
C103312,Swati Bose,Bhubaneswar,OR,2024-05-12,Y
C103313,Priya Sethi,Visakhapatnam,AP,2023-07-19,Y
C103314,Rajat Desai,Surat,GJ,2023-01-14,N
C103315,Manpreet Arora,Ahmedabad,GJ,2022-11-21,Y
C103316,Sunita Shah,Delhi,DL,2024-04-12,Y
C103317,Aadhya Ansari,Jaipur,RJ,2022-09-12,Y
C103318,Megha Kumar,Mumbai,MH,2022-12-26,Y
C103319,Anjali Iyer,Guwahati,AS,2022-12-29,N
C103320,Pranav Kapoor,Vadodara,GJ,2022-08-02,N
C103321,Nisha Khan,Bhubaneswar,OR,2022-08-05,N
C103322,Lobsang Kulkarni,Hyderabad,TS,2023-10-08,Y
C103323,Rohit Sharma,Guwahati,AS,2024-07-28,Y
C103324,Yash Fernandes,Nagpur,MH,2023-07-12,N
C103325,Diya Desai,Mumbai,MH,2024-04-02,N
C103326,Varun Yadav,Bengaluru,KA,2023-09-04,N
C103327,Vivaan Menon,Chandigarh,CH,2024-01-01,Y
C103328,Dev Gill,Bhopal,MP,2023-11-28,N
C103329,Priya Chopra,Gurugram,HR,2024-09-10,N
C103330,Siddharth Patel,Lucknow,UP,2022-10-20,Y
C103331,Geeta George,Bhopal,MP,2022-09-05,Y
C103332,Rohan Sharma,Nagpur,MH,2025-01-01,N
C103333,Farah Tiwari,Ahmedabad,GJ,2024-03-15,Y
C103334,Rahul Menon,Bhopal,MP,2023-01-05,N
C103335,Aadhya Pawar,Guwahati,AS,2022-08-14,Y
C103336,Aishwarya Roy,Raipur,CG,2024-12-25,N
C103337,Rohan Chatterjee,Ranchi,JH,2024-02-02,N
C103338,Aadhya Tiwari,Surat,GJ,2023-07-02,Y
C103339,Abhishek Reddy,Visakhapatnam,AP,2024-04-28,Y
C103340,Riya Sheikh,Hyderabad,TS,2023-02-21,N
C103341,Aarav Varghese,Jaipur,RJ,2024-03-29,N
C103342,Reyansh Fernandes,Bhubaneswar,OR,2024-06-23,Y
C103343,Varun Gupta,Lucknow,UP,2024-06-26,N
C103344,Gurpreet Shah,Indore,MP,2023-04-21,Y
C103345,Swati Mehta,Pune,MH,2024-02-09,N
C103346,Sameer Pereira,Chennai,TN,2022-09-14,Y
C103347,Dev Fernandes,Kochi,KL,2024-03-29,Y
C103348,Ananya Jain,Chennai,TN,2022-12-24,N
C103349,Vikram Kulkarni,Visakhapatnam,AP,2022-12-29,N
C103350,Imran Qureshi,Gurugram,HR,2024-05-06,N
C103351,Yash Trivedi,Kolkata,WB,2023-02-17,N
C103352,Nikhil Kulkarni,Nashik,MH,2023-08-16,N
C103353,Sukhwinder Pillai,Ranchi,JH,2023-04-09,Y
C103354,Sukhwinder Sen,Gurugram,HR,2024-07-27,N
C103355,Nikhil Khan,Guwahati,AS,2024-01-14,N
C103356,Divya Rathore,Bhopal,MP,2024-10-18,N
C103357,Pooja Mukherjee,Nashik,MH,2024-12-08,N
C103358,Ramesh Sandhu,Dehradun,UK,2023-07-21,N
C103359,Yash Patil,Noida,UP,2022-09-05,Y
C103360,Lobsang Sethi,Chandigarh,CH,2023-08-21,N
C103361,Rohit Menon,Indore,MP,2023-01-10,N
C103362,Rajat Kapoor,Bengaluru,KA,2024-04-13,N
C103363,Arjun Siddiqui,Nagpur,MH,2022-09-13,N
C103364,Sneha Mehta,Hyderabad,TS,2024-01-22,N
C103365,Rohan Desai,Guwahati,AS,2023-01-02,N
C103366,Ayaan Bhatt,Guwahati,AS,2024-03-04,Y
C103367,Kavya Malhotra,Guwahati,AS,2024-10-19,N
C103368,Megha Bhatia,Kochi,KL,2023-01-15,N
C103369,Lobsang Mukherjee,Lucknow,UP,2023-02-12,N
C103370,Aishwarya Iyer,Jaipur,RJ,2022-09-30,Y
C103371,Nisha Naidu,Guwahati,AS,2023-03-16,N
C103372,Reyansh Mehta,Jaipur,RJ,2022-10-16,N
C103373,Joseph Bhatia,Bengaluru,KA,2024-11-08,Y
C103374,Meera Shah,Dehradun,UK,2024-07-17,N
C103375,Kavya Deshpande,Visakhapatnam,AP,2023-06-02,N
C103376,Rohit Dutta,Bhopal,MP,2023-06-21,N
C103377,Shreya Mukherjee,Surat,GJ,2024-09-07,N
C103378,Shreya Trivedi,Patna,BR,2024-05-08,Y
C103379,Dev Bhatia,Bhopal,MP,2023-05-02,Y
C103380,Saanvi Naidu,Noida,UP,2024-10-28,Y
C103381,Sai George,Gurugram,HR,2024-08-16,N
C103382,Nikhil Gaikwad,Guwahati,AS,2023-10-23,N
C103383,Aishwarya Chauhan,Mysuru,KA,2023-12-22,Y
C103384,Diya Shah,Indore,MP,2022-09-10,N
C103385,Deepak Shah,Delhi,DL,2024-01-25,N
C103386,Vikram Khan,Nagpur,MH,2022-12-06,N
C103387,Simran Banerjee,Kochi,KL,2024-03-01,N
C103388,Yash Bhatt,Mysuru,KA,2022-08-15,N
C103389,Gurpreet Qureshi,Surat,GJ,2022-10-17,N
C103390,Dev Gupta,Kochi,KL,2023-08-17,N
C103391,Lobsang Yadav,Coimbatore,TN,2023-10-27,Y
C103392,Ramesh Banerjee,Gurugram,HR,2024-06-25,N
C103393,Rahul Sethi,Ahmedabad,GJ,2023-07-26,N
C103394,Suresh Pereira,Thiruvananthapuram,KL,2023-10-04,Y
C103395,Zaid Ansari,Indore,MP,2023-08-03,Y
C103396,Aarav Bose,Bhubaneswar,OR,2024-07-15,N
C103397,Jaspreet Pawar,Patna,BR,2024-04-30,N
C103398,Harpreet Desai,Thiruvananthapuram,KL,2023-06-08,Y
C103399,Deepak Bansal,Ahmedabad,GJ,2024-07-14,N
C103400,Tanvi Siddiqui,Surat,GJ,2022-08-30,Y
C103401,Diya Gill,Surat,GJ,2023-09-04,N
C103402,Ankit Srivastava,Patna,BR,2023-06-03,N
C103403,Sai Varghese,Raipur,CG,2024-10-27,N
C103404,Anjali Khan,Ahmedabad,GJ,2023-09-04,N
C103405,Lakshmi Das,Indore,MP,2024-06-27,N
C103406,Shreya Kulkarni,Dehradun,UK,2024-08-26,Y
C103407,Geeta Patel,Visakhapatnam,AP,2024-12-06,Y
C103408,Kavya Arora,Ahmedabad,GJ,2022-12-15,N
C103409,Sunita Mukherjee,Kolkata,WB,2024-08-22,N
C103410,Payal Rathore,Raipur,CG,2023-01-29,N
C103411,Harsh Mittal,Chennai,TN,2024-04-19,N
C103412,Meera Ghosh,Surat,GJ,2024-12-02,N
C103413,Aditya Jadhav,Delhi,DL,2023-01-08,N
C103414,Aishwarya Bhatt,Gurugram,HR,2022-08-09,N
C103415,Pooja Tiwari,Visakhapatnam,AP,2023-02-03,Y
C103416,Arjun Agarwal,Ranchi,JH,2023-07-26,N
C103417,Abhishek Dhillon,Gurugram,HR,2023-10-08,Y
C103418,Sneha Goyal,Ranchi,JH,2022-08-12,N
C103419,Sameer Goyal,Chennai,TN,2023-05-15,Y
C103420,Ananya Pandey,Lucknow,UP,2023-09-30,Y
C103421,Priya Sen,Ahmedabad,GJ,2023-04-04,N
C103422,Anjali Sandhu,Bengaluru,KA,2024-04-24,N
C103423,Rahul Jadhav,Ranchi,JH,2023-08-20,Y
C103424,Komal Pawar,Bhopal,MP,2024-05-21,N
C103425,Vikram Kapoor,Chennai,TN,2023-02-10,Y
C103426,Shreya Srivastava,Mysuru,KA,2024-11-24,N
C103427,Priya Mehta,Vadodara,GJ,2024-10-25,N
C103428,Rajat Yadav,Nagpur,MH,2024-09-29,N
C103429,Abhishek Yadav,Bengaluru,KA,2022-08-02,Y
C103430,Isha Agarwal,Surat,GJ,2024-04-28,N
C103431,Tenzin Chauhan,Ranchi,JH,2022-10-06,Y
C103432,Suresh Khanna,Lucknow,UP,2023-06-21,N
C103433,Vivaan Siddiqui,Indore,MP,2023-08-15,N
C103434,Jaspreet Banerjee,Lucknow,UP,2023-04-15,Y
C103435,Rohan Dutta,Mumbai,MH,2022-11-06,N
C103436,Payal Menon,Guwahati,AS,2022-11-25,N
C103437,Diya Ansari,Jaipur,RJ,2022-11-04,N
C103438,Varun Trivedi,Coimbatore,TN,2024-07-13,N
C103439,Amit Ghosh,Hyderabad,TS,2024-08-21,N
C103440,Thomas Nair,Dehradun,UK,2023-11-13,N
C103441,Megha Jadhav,Bhubaneswar,OR,2024-07-25,N
C103442,Harsh Singh,Chandigarh,CH,2024-05-09,N
C103443,Ankit Qureshi,Gurugram,HR,2022-08-14,Y
C103444,Aadhya Kumar,Kolkata,WB,2024-07-28,N
C103445,Steven Bose,Lucknow,UP,2024-09-04,N
C103446,Abhishek Bansal,Jaipur,RJ,2024-12-11,N
C103447,Varun Iyer,Lucknow,UP,2024-04-10,N
C103448,Vikram Chopra,Dehradun,UK,2023-09-27,N
C103449,Komal Ghosh,Bhopal,MP,2024-06-19,N
C103450,Harpreet Naidu,Patna,BR,2023-10-31,Y
C103451,Kabir Roy,Visakhapatnam,AP,2023-12-27,Y
C103452,Ayaan Kaur,Delhi,DL,2024-03-31,N
C103453,Amit Kulkarni,Delhi,DL,2022-10-01,Y
C103454,Kavya Kaur,Ahmedabad,GJ,2023-05-11,Y
C103455,Rohan D'Souza,Raipur,CG,2022-09-05,N
C103456,Harpreet Jain,Bhopal,MP,2023-01-19,N
C103457,Zaid Pillai,Mysuru,KA,2024-11-18,Y
C103458,Jaspreet Ghosh,Chandigarh,CH,2022-09-27,N
C103459,Vivaan Mittal,Guwahati,AS,2022-12-08,N
C103460,Daniel Banerjee,Vadodara,GJ,2024-10-24,N
C103461,Arjun Rathore,Vadodara,GJ,2023-06-06,Y
C103462,Zaid Iyer,Nagpur,MH,2024-07-14,Y
C103463,Sai Naidu,Dehradun,UK,2022-10-06,N
C103464,Deepak Kulkarni,Kochi,KL,2023-01-08,Y
C103465,Ishaan Yadav,Chennai,TN,2023-05-21,N
C103466,Zaid Mishra,Ahmedabad,GJ,2023-05-09,N
C103467,Arjun Rao,Bhopal,MP,2024-10-17,Y
C103468,Vivaan Nair,Ranchi,JH,2024-11-13,Y
C103469,Simran Jadhav,Kochi,KL,2024-05-17,N
C103470,Harpreet Pandey,Jaipur,RJ,2023-05-20,Y
C103471,Rahul Sethi,Ahmedabad,GJ,2022-12-13,N
C103472,Farah Arora,Kolkata,WB,2023-06-16,N
C103473,Sneha Rathore,Kochi,KL,2023-08-04,Y
C103474,Om Pandey,Delhi,DL,2023-01-13,N
C103475,Rajat Banerjee,Mysuru,KA,2023-03-11,Y
C103476,Nisha Pawar,Bhubaneswar,OR,2022-11-23,N
C103477,Rajat Agarwal,Patna,BR,2024-10-27,N
C103478,Gurpreet Sheikh,Coimbatore,TN,2023-02-21,Y
C103479,Faisal Chatterjee,Mumbai,MH,2022-08-24,N
C103480,Aarav Kaur,Visakhapatnam,AP,2024-08-13,N
C103481,Neha Goyal,Ranchi,JH,2022-08-19,Y
C103482,Sukhwinder Ghosh,Visakhapatnam,AP,2023-07-01,N
C103483,Manpreet Trivedi,Mysuru,KA,2023-02-28,Y
C103484,Zoya Iyer,Kolkata,WB,2024-02-11,Y
C103485,Ayaan Mishra,Visakhapatnam,AP,2023-10-01,N
C103486,Aditya Roy,Bhubaneswar,OR,2022-10-06,Y
C103487,Pranav Mathew,Surat,GJ,2024-11-01,N
C103488,Gurpreet Tiwari,Indore,MP,2024-01-13,N
C103489,Mohammed Yadav,Mysuru,KA,2024-08-09,Y
C103490,Manish Jadhav,Bhopal,MP,2023-05-05,Y
C103491,Vikram Kulkarni,Mysuru,KA,2022-07-25,N
C103492,Dev Qureshi,Jaipur,RJ,2022-12-14,Y
C103493,Lobsang Chopra,Guwahati,AS,2023-11-11,N
C103494,Amit Pereira,Ranchi,JH,2024-08-03,N
C103495,Ayaan Desai,Mysuru,KA,2023-04-09,Y
C103496,Tanvi Verma,Nagpur,MH,2024-11-10,Y
C103497,Manpreet Gupta,Bhopal,MP,2023-08-31,N
C103498,Kavya D'Souza,Guwahati,AS,2023-03-13,N
C103499,Geeta Tiwari,Nashik,MH,2023-10-02,N
C103500,Imran Bose,Visakhapatnam,AP,2024-03-27,N
C103501,Jaspreet Mehta,Bhubaneswar,OR,2024-03-25,Y
C103502,Lobsang Ghosh,Raipur,CG,2023-02-06,N
C103503,Riya Pawar,Patna,BR,2024-01-03,N
C103504,Kavya Khan,Nagpur,MH,2023-08-11,N
C103505,Tenzin Patil,Delhi,DL,2024-02-20,N
C103506,Thomas Mehta,Raipur,CG,2022-09-04,N
C103507,Abhishek Goyal,Chandigarh,CH,2024-05-30,N
C103508,Om Kapoor,Nashik,MH,2023-03-30,Y
C103509,Lobsang Das,Dehradun,UK,2024-04-02,Y
C103510,Varun Sethi,Thiruvananthapuram,KL,2023-09-24,Y
C103511,Pooja Sandhu,Nashik,MH,2023-05-10,N
C103512,Priya Gupta,Nagpur,MH,2023-01-08,N
C103513,Joseph Chatterjee,Ahmedabad,GJ,2024-10-10,N
C103514,Tarun Das,Dehradun,UK,2024-03-29,N
C103515,Shreya Deshpande,Noida,UP,2024-04-02,N
C103516,Sunita Kulkarni,Delhi,DL,2022-10-03,Y
C103517,Faisal Chopra,Raipur,CG,2023-12-07,N
C103518,Sunita Siddiqui,Ranchi,JH,2022-12-31,N
C103519,Harsh Gill,Noida,UP,2024-07-29,Y
C103520,Om Joshi,Guwahati,AS,2024-08-24,N
C103521,Zaid Agarwal,Guwahati,AS,2024-11-11,N
C103522,Manish Gaikwad,Nashik,MH,2023-06-24,N
C103523,Vikram Rao,Mysuru,KA,2023-05-14,N
C103524,Tenzin Varghese,Thiruvananthapuram,KL,2025-01-01,Y
C103525,Siddharth Varghese,Chandigarh,CH,2024-01-01,Y
C103526,Pranav Gaikwad,Kochi,KL,2022-08-08,Y
C103527,Tenzin Sheikh,Delhi,DL,2024-09-29,N
C103528,Aishwarya Ghosh,Pune,MH,2023-10-17,Y
C103529,Joseph Mittal,Patna,BR,2024-01-01,N
C103530,Gurpreet Roy,Coimbatore,TN,2023-06-22,N
C103531,Suresh D'Souza,Bhopal,MP,2023-07-27,N
C103532,Deepak Pillai,Kochi,KL,2023-10-05,N
C103533,Vihaan Jadhav,Surat,GJ,2023-07-02,N
C103534,Megha Goyal,Gurugram,HR,2024-03-05,Y
C103535,Manish Rao,Ranchi,JH,2023-12-02,N
C103536,Kunal Khan,Ahmedabad,GJ,2023-10-10,N
C103537,Nikhil Ghosh,Lucknow,UP,2023-01-23,N
C103538,Tarun Desai,Kolkata,WB,2024-08-19,N
C103539,Nisha Jadhav,Guwahati,AS,2024-11-11,N
C103540,Rohan Mehta,Thiruvananthapuram,KL,2023-11-27,N
C103541,Kavya Dutta,Bengaluru,KA,2023-02-23,N
C103542,Harpreet Saxena,Kolkata,WB,2024-05-04,Y
C103543,Siddharth Nair,Ahmedabad,GJ,2023-07-02,Y
C103544,Gurpreet Roy,Patna,BR,2024-08-29,N
C103545,Sunita Mittal,Hyderabad,TS,2024-07-20,N
C103546,Reyansh Khanna,Jaipur,RJ,2023-04-08,N
C103547,Geeta Goyal,Bengaluru,KA,2024-08-30,N
C103548,Ankit Shah,Nashik,MH,2024-02-20,N
C103549,Tenzin Chatterjee,Raipur,CG,2022-09-10,N
C103550,Mohammed Chatterjee,Indore,MP,2024-12-03,N
C103551,Farah Malhotra,Mysuru,KA,2023-10-01,N
C103552,Megha Mittal,Kolkata,WB,2023-12-02,N
C103553,Pranav Sethi,Delhi,DL,2024-07-25,Y
C103554,Payal Verma,Gurugram,HR,2024-02-21,N
C103555,Amit Sheikh,Chandigarh,CH,2024-08-26,Y
C103556,Jaspreet Kapoor,Jaipur,RJ,2023-01-21,N
C103557,Nikhil Goyal,Bengaluru,KA,2023-11-07,N
C103558,Saanvi Gill,Vadodara,GJ,2023-12-16,N
C103559,Harsh Kapoor,Noida,UP,2024-08-01,Y
C103560,Farah Saxena,Bhopal,MP,2022-08-15,N
C103561,Yash Yadav,Noida,UP,2024-09-01,Y
C103562,Sameer Verma,Indore,MP,2024-09-07,Y
C103563,Ritika Menon,Hyderabad,TS,2024-01-20,N
C103564,Harpreet Rao,Kolkata,WB,2023-07-16,N
C103565,Meera Chopra,Ahmedabad,GJ,2024-11-18,N
C103566,Joseph Saxena,Mysuru,KA,2024-03-11,N
C103567,Gurpreet Kumar,Bhopal,MP,2023-03-20,N
C103568,Gurpreet Fernandes,Bengaluru,KA,2024-02-22,N
C103569,Arjun Mittal,Mumbai,MH,2024-08-14,Y
C103570,Saanvi Malhotra,Nashik,MH,2023-09-25,N
C103571,Ramesh Das,Bhubaneswar,OR,2023-10-23,Y
C103572,Kabir Roy,Coimbatore,TN,2024-06-10,Y
C103573,Abhishek Deshpande,Chandigarh,CH,2023-07-28,N
C103574,Tenzin Mishra,Mumbai,MH,2024-09-12,N
C103575,Yash Saxena,Ahmedabad,GJ,2023-01-30,Y
C103576,Yash D'Souza,Dehradun,UK,2023-03-25,N
C103577,Jaspreet Trivedi,Kochi,KL,2023-02-11,N
C103578,Nisha Ghosh,Kochi,KL,2023-02-25,Y
C103579,Payal Patel,Guwahati,AS,2023-06-22,N
C103580,Kabir Menon,Mysuru,KA,2023-04-02,N
C103581,Aditya Rathore,Dehradun,UK,2024-07-01,N
C103582,Harsh Dhillon,Thiruvananthapuram,KL,2024-07-02,N
C103583,Sai Trivedi,Bhopal,MP,2024-10-03,N
C103584,Shreya Shah,Bengaluru,KA,2023-10-28,Y
C103585,Ishaan Bansal,Noida,UP,2024-06-03,N
C103586,Swati Kaur,Ahmedabad,GJ,2023-05-16,Y
C103587,Simran Chatterjee,Nagpur,MH,2022-12-05,N
C103588,Aadhya Siddiqui,Kochi,KL,2022-09-25,N
C103589,Rahul Gaikwad,Bengaluru,KA,2022-07-23,N
C103590,Geeta Kaur,Noida,UP,2024-03-23,Y
C103591,Ritika Sheikh,Coimbatore,TN,2024-05-13,N
C103592,Aditya Patel,Nashik,MH,2024-07-03,N
C103593,Ishaan George,Kochi,KL,2024-11-11,Y
C103594,Ayaan Iyer,Bhopal,MP,2024-11-21,Y
C103595,Meera Dutta,Hyderabad,TS,2023-10-15,Y
C103596,Manpreet Jain,Gurugram,HR,2024-01-02,N
C103597,Aarav Joshi,Gurugram,HR,2023-03-07,N
C103598,Ishaan Khanna,Mumbai,MH,2023-10-21,N
C103599,Varun Gupta,Bhubaneswar,OR,2023-08-18,N
C103600,Zoya Mittal,Hyderabad,TS,2023-03-04,N
C103601,Anjali Bhatt,Nagpur,MH,2022-12-23,N
C103602,Gurpreet Iyer,Chennai,TN,2022-09-08,N
C103603,Deepak Rathore,Bengaluru,KA,2023-02-06,N
C103604,Thomas Chopra,Bhubaneswar,OR,2024-03-04,Y
C103605,Siddharth Kaur,Noida,UP,2023-08-25,N
C103606,Manpreet Bhatt,Visakhapatnam,AP,2023-12-02,N
C103607,Isha Shah,Kolkata,WB,2023-12-01,N
C103608,Zoya Srivastava,Coimbatore,TN,2022-10-20,N
C103609,Sameer Bose,Hyderabad,TS,2023-05-19,N
C103610,Riya Das,Indore,MP,2024-10-14,N
C103611,Abhishek George,Mysuru,KA,2022-10-08,Y
C103612,Rohan Gupta,Patna,BR,2023-04-03,N
C103613,Vikram Qureshi,Jaipur,RJ,2024-12-26,Y
C103614,Ayaan Dutta,Guwahati,AS,2022-09-26,N
C103615,Manish Khanna,Mumbai,MH,2023-09-11,N
C103616,Farah Gupta,Pune,MH,2023-06-23,N
C103617,Aishwarya Sen,Chennai,TN,2024-02-16,N
C103618,Sameer Arora,Vadodara,GJ,2022-10-15,N
C103619,Farah Iyer,Nagpur,MH,2024-05-06,N
C103620,Simran Jain,Surat,GJ,2024-08-27,Y
C103621,Anjali Qureshi,Ranchi,JH,2024-01-22,Y
C103622,Faisal Gupta,Nashik,MH,2023-11-23,N
C103623,Mohammed Ansari,Raipur,CG,2023-04-27,N
C103624,Arjun Singh,Lucknow,UP,2023-03-14,N
C103625,Zaid Gaikwad,Lucknow,UP,2023-09-02,N
C103626,Nisha Sharma,Bhopal,MP,2022-11-21,N
C103627,Lakshmi Patil,Chandigarh,CH,2024-03-14,N
C103628,Anjali Gupta,Coimbatore,TN,2024-10-24,Y
C103629,Neha Gill,Nagpur,MH,2024-05-04,N
C103630,Rajat Sethi,Hyderabad,TS,2023-08-10,Y
C103631,Divya Bhatia,Bhopal,MP,2024-05-17,N
C103632,Rohit Arora,Nagpur,MH,2023-12-03,Y
C103633,Zoya Jadhav,Bhopal,MP,2024-09-18,N
C103634,Siddharth Goyal,Coimbatore,TN,2024-11-09,N
C103635,Farah Mehta,Nashik,MH,2022-09-18,N
C103636,Thomas Mukherjee,Vadodara,GJ,2023-07-19,N
C103637,Vivaan Fernandes,Visakhapatnam,AP,2023-08-05,N
C103638,Manpreet Ansari,Pune,MH,2022-08-22,N
C103639,Aarav Das,Hyderabad,TS,2022-12-26,Y
C103640,Krishna Bansal,Nashik,MH,2023-06-12,N
C103641,Daniel Shah,Gurugram,HR,2022-12-25,N
C103642,Rohit Gupta,Bhopal,MP,2023-04-16,Y
C103643,Pooja Srivastava,Noida,UP,2023-04-29,N
C103644,Saanvi Jain,Delhi,DL,2024-01-28,N
C103645,Divya Bansal,Guwahati,AS,2024-03-17,N
C103646,Sukhwinder Ghosh,Nashik,MH,2023-09-15,Y
C103647,Lakshmi Sheikh,Kochi,KL,2022-11-13,N
C103648,Krishna Pereira,Patna,BR,2024-04-20,N
C103649,Faisal Jain,Noida,UP,2024-02-29,N
C103650,Sai Bansal,Coimbatore,TN,2022-08-22,N
C103651,Nikhil Srivastava,Noida,UP,2023-12-28,N
C103652,Thomas Mehta,Chandigarh,CH,2024-06-23,N
C103653,Nisha Qureshi,Delhi,DL,2023-02-22,Y
C103654,Manpreet Srivastava,Nashik,MH,2022-11-09,N
C103655,Sai Deshpande,Surat,GJ,2024-01-10,N
C103656,Aarav Khanna,Mysuru,KA,2023-08-16,N
C103657,Dev Mathew,Jaipur,RJ,2023-05-18,N
C103658,Sunita Bose,Vadodara,GJ,2024-06-25,N
C103659,Kunal Bose,Bhopal,MP,2023-02-20,N
C103660,Steven D'Souza,Bengaluru,KA,2023-11-07,N
C103661,Ritika Joshi,Ahmedabad,GJ,2023-01-30,Y
C103662,Isha Malhotra,Bhopal,MP,2024-01-07,N
C103663,Ananya Gaikwad,Hyderabad,TS,2022-08-25,N
C103664,Zaid Verma,Hyderabad,TS,2023-08-18,N
C103665,Harpreet Nair,Gurugram,HR,2023-05-29,Y
C103666,Varun Sheikh,Chennai,TN,2023-03-16,N
C103667,Vivaan Rathore,Mysuru,KA,2024-10-18,N
C103668,Pooja Roy,Bengaluru,KA,2024-02-15,N
C103669,Harsh Gill,Mumbai,MH,2023-12-22,Y
C103670,Zoya Shah,Delhi,DL,2024-10-07,N
C103671,Megha Mukherjee,Mysuru,KA,2024-11-19,N
C103672,Meera Ghosh,Jaipur,RJ,2023-10-23,N
C103673,Bhavna Gupta,Raipur,CG,2023-12-09,N
C103674,Anjali Khan,Patna,BR,2022-07-23,Y
C103675,Riya Gill,Bhubaneswar,OR,2024-12-13,Y
C103676,Dev Patel,Gurugram,HR,2024-08-25,N
C103677,Kabir Qureshi,Dehradun,UK,2024-03-11,N
C103678,Shreya Kaur,Pune,MH,2024-11-08,Y
C103679,Ananya Pawar,Bhopal,MP,2022-09-04,N
C103680,Komal Sethi,Raipur,CG,2022-11-03,N
C103681,Rajat D'Souza,Bengaluru,KA,2024-05-04,N
C103682,Riya Gill,Mumbai,MH,2023-06-21,Y
C103683,Megha Pandey,Delhi,DL,2022-09-16,Y
C103684,Krishna Goyal,Kochi,KL,2024-05-31,N
C103685,Sai Bhatt,Delhi,DL,2024-10-24,N
C103686,Nisha Bose,Ahmedabad,GJ,2024-08-27,N
C103687,Dev Reddy,Dehradun,UK,2023-10-27,Y
C103688,Rohit Kumar,Vadodara,GJ,2024-12-15,Y
C103689,Farah Chopra,Bhopal,MP,2023-02-17,N
C103690,Lobsang Bhatt,Raipur,CG,2024-01-24,N
C103691,Om Dhillon,Raipur,CG,2024-05-15,Y
C103692,Mohammed Das,Ahmedabad,GJ,2024-08-14,N
C103693,Reyansh Goyal,Pune,MH,2024-08-23,Y
C103694,Rahul Iyer,Kochi,KL,2022-08-23,Y
C103695,Zoya Pillai,Bhubaneswar,OR,2022-08-05,N
C103696,Payal Jadhav,Kolkata,WB,2022-12-18,Y
C103697,Vivaan Pawar,Chennai,TN,2023-07-29,Y
C103698,Vivaan Singh,Bhopal,MP,2024-09-21,N
C103699,Swati Khanna,Nashik,MH,2022-10-06,N
C103700,Rohit Mittal,Ranchi,JH,2023-03-01,N
C103701,Farah Pereira,Raipur,CG,2024-11-11,Y
C103702,Varun Chauhan,Mysuru,KA,2023-05-17,Y
C103703,Ananya Varghese,Chennai,TN,2024-04-12,N
C103704,Vikram Pereira,Ranchi,JH,2024-03-09,N
C103705,Jaspreet Agarwal,Ahmedabad,GJ,2023-11-26,N
C103706,Siddharth Pillai,Vadodara,GJ,2024-09-11,N
C103707,Vivaan Dutta,Bhubaneswar,OR,2022-10-14,Y
C103708,Harpreet Arora,Nashik,MH,2023-12-18,Y
C103709,Harpreet Tiwari,Nagpur,MH,2022-08-24,N
C103710,Aditya Ansari,Delhi,DL,2023-05-19,N
C103711,Megha Pereira,Bhubaneswar,OR,2022-10-26,N
C103712,Sukhwinder Kumar,Bhopal,MP,2023-09-11,Y
C103713,Deepak Sharma,Patna,BR,2022-10-21,N
C103714,Vivaan Khan,Ahmedabad,GJ,2022-10-21,N
C103715,Reyansh Mittal,Chennai,TN,2024-12-15,N
C103716,Simran Khanna,Noida,UP,2023-08-31,Y
C103717,Steven Pereira,Mysuru,KA,2022-08-23,Y
C103718,Jaspreet Singh,Indore,MP,2023-02-14,N
C103719,Ankit Sen,Mysuru,KA,2023-09-09,N
C103720,Riya Fernandes,Coimbatore,TN,2023-07-01,N
C103721,Mohammed Rao,Gurugram,HR,2024-09-12,Y
C103722,Nisha Reddy,Thiruvananthapuram,KL,2024-10-25,N
C103723,Bhavna Iyer,Chennai,TN,2023-11-14,N
C103724,Vivaan Goyal,Dehradun,UK,2024-03-13,N
C103725,Lakshmi Bhatt,Nagpur,MH,2023-11-27,N
C103726,Diya Trivedi,Visakhapatnam,AP,2022-12-04,N
C103727,Saanvi Chauhan,Surat,GJ,2024-05-14,Y
C103728,Yash Das,Pune,MH,2024-08-27,N
C103729,Megha Menon,Lucknow,UP,2023-09-12,Y
C103730,Nikhil Sen,Surat,GJ,2022-12-13,Y
C103731,Shreya Kaur,Bhubaneswar,OR,2024-08-08,N
C103732,Harpreet Bhatt,Ranchi,JH,2023-06-27,N
C103733,Harpreet Srivastava,Visakhapatnam,AP,2022-08-25,N
C103734,Vikram Das,Lucknow,UP,2024-10-23,N
C103735,Aditya Ansari,Patna,BR,2024-04-26,N
C103736,Ananya Khanna,Ahmedabad,GJ,2022-11-05,N
C103737,Shreya Sethi,Hyderabad,TS,2024-05-16,Y
C103738,Pranav Chopra,Surat,GJ,2023-03-07,Y
C103739,Rajat Goyal,Gurugram,HR,2023-08-07,N
C103740,Komal Malhotra,Chennai,TN,2024-06-16,N
C103741,Megha Ghosh,Guwahati,AS,2023-10-05,Y
C103742,Bhavna Jain,Nagpur,MH,2023-07-25,N
C103743,Harsh Sheikh,Nagpur,MH,2024-11-29,N
C103744,Siddharth Jain,Kochi,KL,2023-07-02,N
C103745,Farah Pillai,Mysuru,KA,2024-06-09,N
C103746,Ishaan Rao,Hyderabad,TS,2024-09-15,Y
C103747,Gurpreet Das,Bhubaneswar,OR,2023-10-28,N
C103748,Aadhya Bhatt,Nagpur,MH,2022-10-08,N
C103749,Suresh Kulkarni,Bengaluru,KA,2024-03-06,N
C103750,Suresh Dhillon,Thiruvananthapuram,KL,2023-04-19,N
C103751,Harsh Reddy,Kolkata,WB,2024-02-21,Y
C103752,Dev Goyal,Hyderabad,TS,2024-10-23,Y
C103753,Kabir Bansal,Vadodara,GJ,2023-03-18,N
C103754,Diya Kumar,Mumbai,MH,2024-08-18,N
C103755,Neha Malhotra,Noida,UP,2024-10-30,Y
C103756,Lobsang Gupta,Kolkata,WB,2022-07-28,Y
C103757,Steven Sharma,Hyderabad,TS,2024-06-28,N
C103758,Lakshmi Deshpande,Pune,MH,2024-05-14,Y
C103759,Aditya Rathore,Raipur,CG,2024-12-10,Y
C103760,Imran Ansari,Patna,BR,2023-01-26,N
C103761,Sunita Jain,Lucknow,UP,2023-03-15,N
C103762,Sneha Fernandes,Vadodara,GJ,2022-10-03,Y
C103763,Ayaan Tiwari,Ahmedabad,GJ,2024-08-20,N
C103764,Pranav Gupta,Visakhapatnam,AP,2023-11-01,N
C103765,Diya George,Mysuru,KA,2024-04-15,N
C103766,Diya Kumar,Kochi,KL,2023-12-06,N
C103767,Steven Mukherjee,Visakhapatnam,AP,2024-04-07,N
C103768,Yash Bhatt,Dehradun,UK,2023-05-11,N
C103769,Daniel Malhotra,Guwahati,AS,2024-04-22,Y
C103770,Kunal Patil,Gurugram,HR,2024-07-25,N
C103771,Priya Joshi,Jaipur,RJ,2024-09-17,N
C103772,Kavya Gill,Mysuru,KA,2024-10-28,N
C103773,Megha Arora,Bengaluru,KA,2022-10-21,N
C103774,Nisha Mittal,Lucknow,UP,2023-06-26,N
C103775,Vivaan Dutta,Pune,MH,2023-10-10,N
C103776,Ayaan Rao,Bhopal,MP,2022-08-10,N
C103777,Pooja Menon,Ahmedabad,GJ,2023-08-17,N
C103778,Imran Chauhan,Delhi,DL,2024-06-27,Y
C103779,Vivaan Pawar,Visakhapatnam,AP,2023-05-22,N
C103780,Tenzin Sheikh,Kochi,KL,2022-09-08,N
C103781,Sameer Mathew,Visakhapatnam,AP,2024-03-03,N
C103782,Rohit Khanna,Vadodara,GJ,2023-03-18,N
C103783,Reyansh Khanna,Nashik,MH,2022-08-02,N
C103784,Jaspreet Sethi,Nashik,MH,2023-03-11,Y
C103785,Farah Siddiqui,Jaipur,RJ,2023-06-24,Y
C103786,Vivaan Naidu,Thiruvananthapuram,KL,2024-11-21,N
C103787,Rajat Sandhu,Patna,BR,2022-09-10,N
C103788,Harpreet Srivastava,Nagpur,MH,2024-08-13,N
C103789,Amit Gaikwad,Lucknow,UP,2023-11-28,N
C103790,Aditya Varghese,Jaipur,RJ,2023-12-08,N
C103791,Krishna Menon,Kochi,KL,2024-07-27,N
C103792,Aditya Shah,Nashik,MH,2024-09-13,Y
C103793,Ritika Jadhav,Guwahati,AS,2024-11-15,N
C103794,Aarav Reddy,Mysuru,KA,2023-12-12,N
C103795,Sai Iyer,Chennai,TN,2023-07-29,N
C103796,Bhavna Bansal,Hyderabad,TS,2024-06-13,N
C103797,Dev Das,Vadodara,GJ,2023-06-04,Y
C103798,Manish Chauhan,Surat,GJ,2024-03-18,Y
C103799,Swati Deshpande,Indore,MP,2024-11-18,N
C103800,Aishwarya Dutta,Mumbai,MH,2024-10-24,N
C103801,Zaid Kumar,Lucknow,UP,2024-03-06,N
C103802,Harsh Bhatia,Chandigarh,CH,2024-08-06,Y
C103803,Krishna Srivastava,Kochi,KL,2024-06-22,N
C103804,Kabir Reddy,Lucknow,UP,2022-12-10,Y
C103805,Vihaan Jadhav,Chandigarh,CH,2023-12-22,N
C103806,Neha Pandey,Hyderabad,TS,2023-11-28,N
C103807,Zoya Das,Raipur,CG,2022-08-21,N
C103808,Kabir Verma,Surat,GJ,2024-06-08,N
C103809,Komal Gaikwad,Vadodara,GJ,2024-04-21,N
C103810,Rohan Banerjee,Kolkata,WB,2023-01-28,N
C103811,Tanvi Ansari,Ranchi,JH,2024-03-06,N
C103812,Nisha Sandhu,Surat,GJ,2024-09-23,Y
C103813,Siddharth Deshpande,Ranchi,JH,2023-02-12,N
C103814,Diya Ansari,Gurugram,HR,2022-12-23,N
C103815,Pooja Pawar,Ahmedabad,GJ,2022-12-31,N
C103816,Kabir Mukherjee,Indore,MP,2024-11-25,N
C103817,Varun Pillai,Visakhapatnam,AP,2024-10-30,N
C103818,Shreya Rathore,Chennai,TN,2023-02-05,Y
C103819,Rohit Pereira,Bhopal,MP,2024-06-07,Y
C103820,Gurpreet Patel,Coimbatore,TN,2024-04-18,N
C103821,Reyansh Shah,Ahmedabad,GJ,2024-02-05,N
C103822,Gurpreet Gill,Surat,GJ,2024-02-22,N
C103823,Ritika Chatterjee,Mumbai,MH,2024-12-24,N
C103824,Yash Nair,Nagpur,MH,2024-06-19,Y
C103825,Vihaan Fernandes,Jaipur,RJ,2024-02-20,N
C103826,Sneha Menon,Pune,MH,2023-10-13,N
C103827,Rohit Mukherjee,Patna,BR,2023-12-25,Y
C103828,Kunal Rathore,Guwahati,AS,2023-11-20,N
C103829,Ritika Iyer,Coimbatore,TN,2024-11-28,N
C103830,Harpreet Jain,Ahmedabad,GJ,2024-03-19,N
C103831,Sameer Dutta,Dehradun,UK,2024-12-04,Y
C103832,Ankit Bhatia,Ahmedabad,GJ,2023-06-16,Y
C103833,Rajat Bose,Pune,MH,2024-12-15,N
C103834,Pranav Patel,Mysuru,KA,2022-07-30,Y
C103835,Om Pandey,Pune,MH,2024-06-03,N
C103836,Komal Nair,Ahmedabad,GJ,2023-05-27,N
C103837,Varun Mishra,Hyderabad,TS,2022-09-04,N
C103838,Aishwarya Malhotra,Indore,MP,2023-06-21,N
C103839,Reyansh Mishra,Vadodara,GJ,2024-12-06,N
C103840,Harpreet Pawar,Jaipur,RJ,2023-09-12,N
C103841,Dev Banerjee,Dehradun,UK,2022-09-02,N
C103842,Lakshmi Arora,Chandigarh,CH,2024-04-01,N
C103843,Tanvi Trivedi,Nagpur,MH,2023-09-14,N
C103844,Diya Sheikh,Thiruvananthapuram,KL,2023-05-12,N
C103845,Saanvi Sheikh,Hyderabad,TS,2022-09-16,Y
C103846,Diya D'Souza,Hyderabad,TS,2023-02-08,N
C103847,Simran Fernandes,Chennai,TN,2023-01-09,N
C103848,Meera Gill,Jaipur,RJ,2022-08-22,Y
C103849,Steven Khanna,Pune,MH,2023-01-13,Y
C103850,Farah Bhatt,Guwahati,AS,2023-05-31,N
C103851,Payal Bansal,Pune,MH,2024-07-19,N
C103852,Tenzin Varghese,Nashik,MH,2024-12-21,N
C103853,Pranav Sandhu,Ranchi,JH,2023-02-04,N
C103854,Kabir Mishra,Gurugram,HR,2024-07-06,N
C103855,Abhishek Iyer,Surat,GJ,2023-08-20,N
C103856,Rahul George,Bengaluru,KA,2024-01-04,Y
C103857,Tanvi Chatterjee,Gurugram,HR,2024-11-13,Y
C103858,Imran Deshpande,Guwahati,AS,2024-02-06,N
C103859,Amit Trivedi,Thiruvananthapuram,KL,2024-07-09,N
C103860,Swati Patil,Jaipur,RJ,2024-07-10,N
C103861,Tenzin Sen,Gurugram,HR,2024-02-10,N
C103862,Tarun Arora,Delhi,DL,2024-05-18,Y
C103863,Om Mishra,Kochi,KL,2023-08-13,N
C103864,Ankit Kaur,Lucknow,UP,2024-06-06,N
C103865,Sukhwinder Ghosh,Visakhapatnam,AP,2024-06-30,Y
C103866,Diya Malhotra,Ahmedabad,GJ,2023-08-12,N
C103867,Rohan Tiwari,Nashik,MH,2023-07-26,N
C103868,Jaspreet Chatterjee,Kochi,KL,2024-02-12,N
C103869,Saanvi Mishra,Bengaluru,KA,2024-11-09,N
C103870,Thomas Jadhav,Bengaluru,KA,2023-05-09,Y
C103871,Pranav Patil,Hyderabad,TS,2023-05-30,Y
C103872,Payal Malhotra,Thiruvananthapuram,KL,2024-07-13,N
C103873,Ananya Srivastava,Gurugram,HR,2023-06-16,Y
C103874,Meera Saxena,Dehradun,UK,2024-09-24,N
C103875,Joseph Kumar,Vadodara,GJ,2024-05-11,N
C103876,Aarav Khan,Delhi,DL,2024-05-03,N
C103877,Deepak Gill,Bengaluru,KA,2024-05-26,N
C103878,Daniel Naidu,Guwahati,AS,2024-09-17,N
C103879,Sukhwinder Naidu,Chandigarh,CH,2023-09-28,N
C103880,Meera Roy,Raipur,CG,2024-03-11,N
C103881,Vikram Jadhav,Coimbatore,TN,2022-12-14,Y
C103882,Divya Jain,Hyderabad,TS,2023-02-11,N
C103883,Om Jain,Thiruvananthapuram,KL,2022-07-17,N
C103884,Siddharth Kulkarni,Ranchi,JH,2024-07-28,N
C103885,Thomas Deshpande,Guwahati,AS,2024-03-08,N
C103886,Rohan Arora,Mysuru,KA,2024-05-05,N
C103887,Reyansh Yadav,Mumbai,MH,2024-03-03,N
C103888,Ishaan Sharma,Patna,BR,2024-12-03,Y
C103889,Bhavna Goyal,Kolkata,WB,2024-03-17,N
C103890,Nikhil Kaur,Thiruvananthapuram,KL,2024-07-31,N
C103891,Karan Kapoor,Ranchi,JH,2022-11-02,N
C103892,Sameer Bhatt,Chennai,TN,2023-12-25,N
C103893,Swati Sandhu,Surat,GJ,2024-03-04,N
C103894,Ishaan Qureshi,Kochi,KL,2023-07-16,N
C103895,Nikhil Tiwari,Visakhapatnam,AP,2023-12-08,N
C103896,Riya Ghosh,Kolkata,WB,2023-05-16,N
C103897,Arjun Patel,Raipur,CG,2022-08-27,Y
C103898,Varun Dutta,Noida,UP,2022-08-24,Y
C103899,Sukhwinder Jain,Lucknow,UP,2023-07-30,Y
C103900,Rahul Rao,Ahmedabad,GJ,2023-04-07,N
C103901,Ishaan Banerjee,Bengaluru,KA,2023-10-26,N
C103902,Imran Ghosh,Delhi,DL,2022-08-25,N
C103903,Vivaan Jadhav,Vadodara,GJ,2022-11-29,Y
C103904,Jaspreet Pawar,Kolkata,WB,2023-05-02,Y
C103905,Sneha Kaur,Thiruvananthapuram,KL,2024-06-18,N
C103906,Jaspreet Menon,Chandigarh,CH,2022-09-19,Y
C103907,Siddharth Trivedi,Gurugram,HR,2023-02-15,N
C103908,Sameer Siddiqui,Lucknow,UP,2024-01-07,N
C103909,Payal Menon,Lucknow,UP,2024-06-19,N
C103910,Tarun Pillai,Nashik,MH,2024-06-16,N
C103911,Zaid Shah,Raipur,CG,2022-11-15,N
C103912,Komal Gaikwad,Patna,BR,2023-05-25,N
C103913,Suresh Bhatia,Dehradun,UK,2024-06-01,Y
C103914,Zoya Nair,Dehradun,UK,2023-03-10,Y
C103915,Joseph Sen,Delhi,DL,2024-12-05,N
C103916,Siddharth Agarwal,Bhopal,MP,2024-09-27,N
C103917,Tenzin Dutta,Kochi,KL,2024-05-08,Y
C103918,Gurpreet Ansari,Indore,MP,2022-10-04,N
C103919,Priya Fernandes,Gurugram,HR,2024-10-16,Y
C103920,Zaid Bansal,Dehradun,UK,2023-08-06,N
C103921,Pranav Arora,Noida,UP,2024-12-14,N
C103922,Ananya Tiwari,Jaipur,RJ,2023-07-02,Y
C103923,Rohan Khanna,Nagpur,MH,2023-08-10,Y
C103924,Ramesh Sen,Noida,UP,2023-06-28,N
C103925,Deepak Mittal,Mysuru,KA,2023-09-16,Y
C103926,Suresh Naidu,Mumbai,MH,2024-05-07,N
C103927,Rohan Pereira,Indore,MP,2023-08-16,N
C103928,Aadhya Rathore,Chennai,TN,2024-05-10,N
C103929,Joseph Sharma,Nagpur,MH,2024-09-01,Y
C103930,Vivaan Sen,Raipur,CG,2023-09-06,Y
C103931,Simran Naidu,Coimbatore,TN,2022-08-26,N
C103932,Daniel Bansal,Mysuru,KA,2023-10-31,N
C103933,Megha Mathew,Lucknow,UP,2024-11-02,N
C103934,Ramesh Rathore,Guwahati,AS,2023-09-18,Y
C103935,Rajat Chatterjee,Guwahati,AS,2023-02-06,Y
C103936,Sameer Singh,Bhopal,MP,2024-08-09,Y
C103937,Ankit Iyer,Visakhapatnam,AP,2024-07-27,N
C103938,Om Chatterjee,Raipur,CG,2024-02-01,Y
C103939,Pranav Arora,Nagpur,MH,2022-11-10,Y
C103940,Tenzin Deshpande,Nagpur,MH,2022-12-15,Y
C103941,Geeta Chauhan,Bhopal,MP,2022-09-05,N
C103942,Aadhya Bhatia,Visakhapatnam,AP,2022-09-14,Y
C103943,Bhavna Shinde,Bhopal,MP,2024-10-27,Y
C103944,Pooja Bhatt,Kolkata,WB,2024-01-19,N
C103945,Manish Arora,Dehradun,UK,2023-01-03,N
C103946,Farah Mukherjee,Nashik,MH,2023-05-20,N
C103947,Rajat Mathew,Ranchi,JH,2024-06-08,Y
C103948,Pranav Patel,Chennai,TN,2022-10-17,N
C103949,Rohit Yadav,Thiruvananthapuram,KL,2024-06-01,N
C103950,Harpreet Jain,Chandigarh,CH,2023-12-09,Y
C103951,Sai Mehta,Hyderabad,TS,2024-09-03,N
C103952,Ramesh Sharma,Pune,MH,2023-03-07,N
C103953,Sai Yadav,Pune,MH,2022-08-16,N
C103954,Gurpreet Roy,Nagpur,MH,2022-11-13,N
C103955,Aditya Khan,Gurugram,HR,2024-04-25,Y
C103956,Pooja Kumar,Gurugram,HR,2023-07-27,N
C103957,Kavya Kumar,Patna,BR,2023-01-30,Y
C103958,Sukhwinder Sen,Gurugram,HR,2024-09-07,Y
C103959,Mohammed Dutta,Vadodara,GJ,2024-01-26,Y
C103960,Ayaan Chatterjee,Thiruvananthapuram,KL,2023-10-20,N
C103961,Pooja Mishra,Nagpur,MH,2023-12-11,N
C103962,Daniel Malhotra,Patna,BR,2022-10-08,Y
C103963,Gurpreet Malhotra,Chennai,TN,2023-03-23,Y
C103964,Reyansh Dutta,Chennai,TN,2023-10-14,Y
C103965,Ishaan Bansal,Nagpur,MH,2024-06-20,Y
C103966,Aishwarya Kulkarni,Coimbatore,TN,2024-06-24,Y
C103967,Harsh Kapoor,Ahmedabad,GJ,2023-12-09,N
C103968,Nisha Jadhav,Vadodara,GJ,2022-12-20,N
C103969,Farah Chatterjee,Bengaluru,KA,2023-09-26,Y
C103970,Priya Roy,Guwahati,AS,2022-09-30,N
C103971,Rahul Patel,Gurugram,HR,2023-04-26,N
C103972,Sunita Patel,Dehradun,UK,2024-06-19,N
C103973,Ritika Pawar,Raipur,CG,2024-01-22,N
C103974,Aishwarya Kulkarni,Visakhapatnam,AP,2024-07-22,N
C103975,Arjun Trivedi,Raipur,CG,2024-09-18,N
C103976,Siddharth D'Souza,Patna,BR,2023-07-29,Y
C103977,Tarun Qureshi,Pune,MH,2022-08-31,N
C103978,Simran Bhatia,Dehradun,UK,2023-06-17,Y
C103979,Saanvi Desai,Chennai,TN,2023-11-02,Y
C103980,Thomas Varghese,Lucknow,UP,2024-02-17,N
C103981,Karan Shinde,Raipur,CG,2022-10-31,Y
C103982,Karan George,Jaipur,RJ,2023-07-19,N
C103983,Kabir Sethi,Chandigarh,CH,2024-09-22,Y
C103984,Om D'Souza,Thiruvananthapuram,KL,2022-08-17,N
C103985,Ayaan Pandey,Lucknow,UP,2023-04-08,Y
C103986,Komal Deshpande,Kolkata,WB,2023-10-18,N
C103987,Aditya Bhatt,Bhubaneswar,OR,2024-02-24,N
C103988,Vivaan Chopra,Bengaluru,KA,2023-08-19,N
C103989,Tarun Sen,Bhubaneswar,OR,2024-01-08,N
C103990,Reyansh Kumar,Lucknow,UP,2023-11-13,N
C103991,Vihaan Das,Pune,MH,2022-08-23,Y
C103992,Vikram Patil,Mysuru,KA,2023-12-07,N
C103993,Bhavna Naidu,Bengaluru,KA,2024-06-30,N
C103994,Sameer Mukherjee,Bhopal,MP,2023-04-07,N
C103995,Vikram Khanna,Visakhapatnam,AP,2024-06-24,Y
C103996,Rohit Bansal,Gurugram,HR,2024-08-18,N
C103997,Abhishek Mittal,Noida,UP,2022-10-15,Y
C103998,Vikram Trivedi,Nashik,MH,2022-10-13,N
C103999,Isha Malhotra,Bengaluru,KA,2023-04-04,N
C104000,Manish Srivastava,Mumbai,MH,2024-08-02,N
C104001,Ramesh Bhatia,Mumbai,MH,2023-06-20,N
C104002,Megha Qureshi,Jaipur,RJ,2022-09-16,N
C104003,Sneha Agarwal,Mumbai,MH,2022-09-08,N
C104004,Lakshmi Gupta,Pune,MH,2023-01-17,N
C104005,Ishaan D'Souza,Bhubaneswar,OR,2024-07-27,Y
C104006,Harpreet Sandhu,Surat,GJ,2024-12-24,Y
C104007,Nisha Chopra,Visakhapatnam,AP,2024-04-09,N
C104008,Swati Mathew,Guwahati,AS,2024-02-05,Y
C104009,Farah Mathew,Chennai,TN,2024-12-21,N
C104010,Aarav Malhotra,Hyderabad,TS,2023-04-09,Y
C104011,Geeta Nair,Delhi,DL,2023-07-11,N
C104012,Siddharth Kulkarni,Bhopal,MP,2022-09-18,Y
C104013,Zoya Pawar,Delhi,DL,2024-05-14,N
C104014,Karan Kumar,Bengaluru,KA,2024-11-26,N
C104015,Reyansh Rathore,Indore,MP,2022-12-06,N
C104016,Saanvi Mishra,Ranchi,JH,2022-07-19,Y
C104017,Tanvi Dhillon,Gurugram,HR,2024-12-31,N
C104018,Sai Chopra,Lucknow,UP,2024-06-01,Y
C104019,Suresh D'Souza,Nagpur,MH,2024-01-07,N
C104020,Rahul Gaikwad,Vadodara,GJ,2024-09-25,Y
C104021,Faisal Khanna,Chennai,TN,2024-09-13,N
C104022,Steven Varghese,Noida,UP,2024-05-28,Y
C104023,Tarun Roy,Coimbatore,TN,2024-08-17,N
C104024,Yash Khan,Guwahati,AS,2024-02-08,N
C104025,Thomas Nair,Indore,MP,2023-05-27,Y
C104026,Yash Dutta,Bengaluru,KA,2024-02-29,N
C104027,Sukhwinder Ansari,Raipur,CG,2023-01-24,N
C104028,Tarun D'Souza,Patna,BR,2024-11-06,N
C104029,Reyansh Jain,Raipur,CG,2023-08-28,N
C104030,Anjali Pillai,Ranchi,JH,2024-04-25,Y
C104031,Sunita Rao,Chandigarh,CH,2024-09-14,N
C104032,Vivaan Pereira,Kolkata,WB,2023-11-29,N
C104033,Saanvi Tiwari,Kolkata,WB,2023-03-12,N
C104034,Nikhil George,Ahmedabad,GJ,2023-05-03,Y
C104035,Mohammed George,Coimbatore,TN,2024-01-10,Y
C104036,Krishna Sharma,Jaipur,RJ,2024-10-16,Y
C104037,Aadhya Kaur,Surat,GJ,2024-06-26,N
C104038,Rohan Siddiqui,Surat,GJ,2022-12-03,N
C104039,Riya Gaikwad,Ranchi,JH,2024-07-01,N
C104040,Priya Chauhan,Guwahati,AS,2023-09-20,N
C104041,Ritika Mukherjee,Visakhapatnam,AP,2024-07-20,N
C104042,Ayaan Pillai,Indore,MP,2023-09-06,N
C104043,Ritika Shah,Kolkata,WB,2024-06-14,N
C104044,Krishna Menon,Jaipur,RJ,2024-08-29,Y
C104045,Imran Mehta,Pune,MH,2024-07-09,Y
C104046,Saanvi Jain,Thiruvananthapuram,KL,2023-12-07,N
C104047,Kunal Deshpande,Kochi,KL,2024-11-21,N
C104048,Megha Ansari,Pune,MH,2024-03-30,N
C104049,Siddharth Iyer,Nashik,MH,2023-03-01,Y
C104050,Tanvi Rathore,Lucknow,UP,2023-04-21,N
C104051,Gurpreet Pawar,Kochi,KL,2023-03-28,Y
C104052,Meera Patel,Kolkata,WB,2023-10-16,N
C104053,Reyansh Mittal,Ranchi,JH,2023-03-09,Y
C104054,Suresh Gupta,Kochi,KL,2024-02-09,N
C104055,Komal Chauhan,Mumbai,MH,2022-07-20,N
C104056,Ramesh Malhotra,Lucknow,UP,2023-12-06,N
C104057,Ritika Chopra,Jaipur,RJ,2023-09-14,N
C104058,Ramesh Pawar,Delhi,DL,2024-12-25,N
C104059,Rohan Chopra,Lucknow,UP,2024-08-22,N
C104060,Shreya Kaur,Gurugram,HR,2022-07-28,N
C104061,Ishaan Gupta,Pune,MH,2023-07-09,Y
C104062,Siddharth Varghese,Nagpur,MH,2023-08-09,N
C104063,Anjali Rathore,Ahmedabad,GJ,2023-07-15,Y
C104064,Diya Pereira,Surat,GJ,2024-04-28,Y
C104065,Tenzin Chopra,Noida,UP,2022-09-30,N
C104066,Aarav Chauhan,Thiruvananthapuram,KL,2023-09-29,N
C104067,Lakshmi Shah,Jaipur,RJ,2023-03-21,N
C104068,Ankit Deshpande,Raipur,CG,2023-07-04,Y
C104069,Riya Jadhav,Vadodara,GJ,2022-07-19,Y
C104070,Simran Rathore,Mumbai,MH,2022-10-21,Y
C104071,Tarun Singh,Indore,MP,2024-04-13,N
C104072,Faisal Desai,Kolkata,WB,2023-07-20,Y
C104073,Bhavna Varghese,Delhi,DL,2024-06-03,N
C104074,Sukhwinder Deshpande,Noida,UP,2022-10-24,Y
C104075,Pranav Mathew,Surat,GJ,2024-02-18,N
C104076,Saanvi Joshi,Guwahati,AS,2023-08-17,Y
C104077,Thomas Reddy,Pune,MH,2023-02-17,Y
C104078,Aishwarya Jain,Patna,BR,2022-11-26,N
C104079,Pranav D'Souza,Nagpur,MH,2023-10-26,N
C104080,Meera Khan,Thiruvananthapuram,KL,2024-07-30,Y
C104081,Varun Bansal,Ahmedabad,GJ,2023-11-02,Y
C104082,Saanvi Pereira,Bhopal,MP,2024-11-21,N
C104083,Priya Singh,Mysuru,KA,2024-06-28,Y
C104084,Gurpreet Kapoor,Noida,UP,2023-03-17,N
C104085,Aadhya Khan,Visakhapatnam,AP,2024-11-11,N
C104086,Arjun Shah,Ahmedabad,GJ,2023-05-05,N
C104087,Swati Mathew,Hyderabad,TS,2022-08-13,N
C104088,Tarun Joshi,Nagpur,MH,2022-08-11,N
C104089,Vivaan Bose,Vadodara,GJ,2023-03-10,N
C104090,Lobsang Chatterjee,Thiruvananthapuram,KL,2024-09-30,N
C104091,Reyansh George,Raipur,CG,2024-02-21,N
C104092,Rajat Sandhu,Noida,UP,2024-04-15,Y
C104093,Ankit Jadhav,Vadodara,GJ,2025-01-01,N
C104094,Kavya Chatterjee,Guwahati,AS,2024-06-03,N
C104095,Arjun Jain,Jaipur,RJ,2022-08-20,N
C104096,Abhishek Yadav,Thiruvananthapuram,KL,2023-09-27,N
C104097,Geeta Arora,Mysuru,KA,2023-09-07,N
C104098,Zaid Ansari,Ranchi,JH,2023-12-07,N
C104099,Steven Agarwal,Hyderabad,TS,2022-09-23,N
C104100,Siddharth Mathew,Vadodara,GJ,2024-12-13,N
C104101,Harsh Patil,Thiruvananthapuram,KL,2024-02-06,Y
C104102,Sameer Yadav,Pune,MH,2022-08-04,N
C104103,Ishaan Patil,Vadodara,GJ,2023-05-19,N
C104104,Manish Dutta,Patna,BR,2023-12-11,N
C104105,Suresh Mehta,Ahmedabad,GJ,2023-01-08,N
C104106,Om Pawar,Visakhapatnam,AP,2024-02-17,N
C104107,Abhishek D'Souza,Guwahati,AS,2024-12-05,Y
C104108,Zoya Roy,Jaipur,RJ,2022-08-20,N
C104109,Imran Kapoor,Nagpur,MH,2023-06-09,N
C104110,Ayaan Mittal,Dehradun,UK,2023-02-06,N
C104111,Neha Shah,Kolkata,WB,2023-02-12,N
C104112,Zoya Gupta,Thiruvananthapuram,KL,2023-04-27,N
C104113,Sameer Sen,Ahmedabad,GJ,2022-07-20,N
C104114,Harsh Chauhan,Dehradun,UK,2022-09-19,N
C104115,Komal Patel,Bhopal,MP,2024-10-16,N
C104116,Varun Goyal,Nashik,MH,2022-09-19,N
C104117,Bhavna D'Souza,Thiruvananthapuram,KL,2023-06-25,N
C104118,Jaspreet George,Delhi,DL,2023-02-19,N
C104119,Farah Khanna,Ranchi,JH,2023-02-10,N
C104120,Harsh Trivedi,Surat,GJ,2022-09-13,Y
C104121,Sunita Verma,Ahmedabad,GJ,2022-09-04,Y
C104122,Bhavna Joshi,Noida,UP,2023-06-16,N
C104123,Imran Sen,Thiruvananthapuram,KL,2024-10-24,N
C104124,Simran Chopra,Pune,MH,2024-11-13,Y
C104125,Lakshmi Iyer,Jaipur,RJ,2023-03-06,Y
C104126,Yash Bhatt,Dehradun,UK,2023-11-18,Y
C104127,Swati Malhotra,Chandigarh,CH,2023-12-23,Y
C104128,Nikhil Sen,Thiruvananthapuram,KL,2023-09-30,N
C104129,Suresh Gill,Guwahati,AS,2023-03-06,N
C104130,Aarav Trivedi,Kochi,KL,2023-03-09,N
C104131,Ritika Deshpande,Raipur,CG,2023-02-08,N
C104132,Vivaan Kaur,Noida,UP,2023-04-15,Y
C104133,Karan Nair,Delhi,DL,2023-02-09,N
C104134,Pooja Bansal,Mumbai,MH,2022-08-11,Y
C104135,Swati Shinde,Gurugram,HR,2024-10-01,N
C104136,Geeta Qureshi,Coimbatore,TN,2023-11-13,N
C104137,Nikhil Dutta,Lucknow,UP,2024-11-16,Y
C104138,Aishwarya Mishra,Mysuru,KA,2023-06-27,N
C104139,Megha Iyer,Mysuru,KA,2024-04-16,Y
C104140,Geeta Bhatia,Kolkata,WB,2024-07-25,N
C104141,Reyansh Varghese,Chandigarh,CH,2024-10-11,Y
C104142,Meera Sheikh,Gurugram,HR,2024-12-15,Y
C104143,Amit Deshpande,Delhi,DL,2024-07-19,N
C104144,Aishwarya D'Souza,Bhubaneswar,OR,2023-11-08,Y
C104145,Manpreet Patil,Visakhapatnam,AP,2023-08-24,N
C104146,Aditya Rathore,Raipur,CG,2023-09-20,Y
C104147,Lobsang Kaur,Ranchi,JH,2024-04-27,Y
C104148,Tanvi Bose,Gurugram,HR,2022-10-26,N
C104149,Karan Shinde,Delhi,DL,2024-03-09,Y
C104150,Shreya Mehta,Bhubaneswar,OR,2024-04-13,N
C104151,Tenzin Ansari,Coimbatore,TN,2024-09-17,N
C104152,Steven Kaur,Visakhapatnam,AP,2023-06-18,Y
C104153,Sunita Verma,Ahmedabad,GJ,2024-09-11,N
C104154,Thomas Bhatt,Hyderabad,TS,2022-07-26,Y
C104155,Varun Dutta,Bengaluru,KA,2024-05-23,Y
C104156,Payal Kaur,Delhi,DL,2023-08-17,N
C104157,Sneha Yadav,Kochi,KL,2024-05-29,Y
C104158,Payal Bose,Chennai,TN,2022-12-19,Y
C104159,Priya Arora,Mysuru,KA,2022-10-27,Y
C104160,Ishaan Ansari,Lucknow,UP,2022-10-23,N
C104161,Steven Pillai,Lucknow,UP,2023-11-17,Y
C104162,Pooja Bansal,Jaipur,RJ,2023-07-13,N
C104163,Sameer Sen,Chandigarh,CH,2023-04-26,N
C104164,Suresh Das,Jaipur,RJ,2022-08-21,Y
C104165,Saanvi Das,Delhi,DL,2024-01-06,Y
C104166,Rohan D'Souza,Chennai,TN,2024-02-29,N
C104167,Ritika Sheikh,Chennai,TN,2024-08-07,N
C104168,Sukhwinder Sheikh,Raipur,CG,2024-09-01,N
C104169,Suresh Ghosh,Chennai,TN,2024-09-28,N
C104170,Dev Mukherjee,Pune,MH,2024-07-20,N
C104171,Amit Verma,Delhi,DL,2022-07-18,N
C104172,Simran Bhatt,Lucknow,UP,2023-12-31,N
C104173,Tenzin Kumar,Guwahati,AS,2023-06-21,N
C104174,Abhishek Chatterjee,Chennai,TN,2024-09-06,Y
C104175,Karan Mukherjee,Thiruvananthapuram,KL,2022-08-15,N
C104176,Isha George,Pune,MH,2022-08-11,N
C104177,Farah Trivedi,Lucknow,UP,2022-11-25,N
C104178,Aarav Patel,Gurugram,HR,2023-06-29,Y
C104179,Vihaan Jain,Vadodara,GJ,2024-09-05,Y
C104180,Pooja Desai,Patna,BR,2022-08-23,Y
C104181,Sneha Joshi,Raipur,CG,2024-02-10,N
C104182,Rajat Bhatt,Chandigarh,CH,2024-10-09,Y
C104183,Arjun Mittal,Bengaluru,KA,2023-06-19,Y
C104184,Zoya Fernandes,Jaipur,RJ,2022-12-06,N
C104185,Nisha Sen,Mumbai,MH,2023-03-19,N
C104186,Jaspreet Chatterjee,Nagpur,MH,2024-06-22,N
C104187,Ramesh Patil,Ahmedabad,GJ,2022-11-04,Y
C104188,Rohit Sandhu,Dehradun,UK,2023-08-20,Y
C104189,Faisal Siddiqui,Chandigarh,CH,2022-10-28,Y
C104190,Sai Goyal,Dehradun,UK,2023-04-06,Y
C104191,Rajat Khan,Visakhapatnam,AP,2022-08-19,N
C104192,Amit Verma,Kolkata,WB,2023-09-07,Y
C104193,Vivaan Verma,Ahmedabad,GJ,2022-07-31,N
C104194,Ankit Gaikwad,Coimbatore,TN,2023-01-27,N
C104195,Lobsang Kapoor,Mysuru,KA,2023-12-24,N
C104196,Lobsang Naidu,Mysuru,KA,2023-12-24,N
C104197,Aishwarya Kulkarni,Guwahati,AS,2024-04-28,N
C104198,Isha Yadav,Bhopal,MP,2023-10-15,N
C104199,Swati Shinde,Guwahati,AS,2024-08-20,Y
C104200,Swati Mukherjee,Kolkata,WB,2024-01-02,N
C104201,Kabir Varghese,Ranchi,JH,2024-09-19,N
C104202,Om Kaur,Bhubaneswar,OR,2022-10-11,N
C104203,Nikhil Patil,Mumbai,MH,2022-08-19,N
C104204,Jaspreet Khan,Ranchi,JH,2023-05-09,N
C104205,Jaspreet Dhillon,Delhi,DL,2022-08-15,N
C104206,Rajat Chauhan,Kochi,KL,2024-06-14,N
C104207,Daniel Banerjee,Noida,UP,2022-11-19,N
C104208,Joseph Joshi,Surat,GJ,2022-09-13,N
C104209,Kunal Mishra,Ranchi,JH,2023-03-27,Y
C104210,Simran Reddy,Mumbai,MH,2024-11-06,N
C104211,Manpreet Trivedi,Guwahati,AS,2024-01-31,N
C104212,Sai Kapoor,Indore,MP,2023-07-12,N
C104213,Imran Dhillon,Coimbatore,TN,2023-07-02,N
C104214,Thomas Chatterjee,Jaipur,RJ,2023-07-01,N
C104215,Rajat Mishra,Nashik,MH,2022-12-24,Y
C104216,Tarun Pereira,Ranchi,JH,2024-08-09,N
C104217,Suresh Sethi,Kochi,KL,2024-05-13,Y
C104218,Krishna Mehta,Noida,UP,2024-02-26,N
C104219,Vihaan D'Souza,Chandigarh,CH,2023-01-15,N
C104220,Pranav Shah,Gurugram,HR,2024-01-03,Y
C104221,Sukhwinder Qureshi,Kolkata,WB,2023-07-26,Y
C104222,Harpreet Bansal,Kochi,KL,2023-07-22,N
C104223,Isha Mehta,Delhi,DL,2023-12-03,N
C104224,Faisal Trivedi,Coimbatore,TN,2024-06-02,N
C104225,Tenzin Yadav,Patna,BR,2024-07-11,Y
C104226,Karan Kumar,Nashik,MH,2023-07-18,Y
C104227,Rajat Menon,Delhi,DL,2023-08-11,Y
C104228,Sai Pandey,Ahmedabad,GJ,2022-09-26,Y
C104229,Pranav Pawar,Dehradun,UK,2022-10-07,N
C104230,Manpreet Sen,Kolkata,WB,2024-05-13,N
C104231,Komal Chauhan,Mumbai,MH,2024-07-02,N
C104232,Vivaan Chatterjee,Kochi,KL,2024-03-05,Y
C104233,Amit D'Souza,Ranchi,JH,2024-11-20,N
C104234,Faisal Bhatia,Mumbai,MH,2024-11-21,Y
C104235,Tarun Desai,Ranchi,JH,2023-11-28,N
C104236,Sukhwinder Pawar,Mysuru,KA,2024-04-08,N
C104237,Tarun Kumar,Ahmedabad,GJ,2023-09-07,Y
C104238,Thomas Roy,Mumbai,MH,2023-10-18,N
C104239,Swati Pillai,Nagpur,MH,2024-07-04,N
C104240,Nikhil Mathew,Mysuru,KA,2023-06-26,N
C104241,Neha Singh,Surat,GJ,2023-04-13,Y
C104242,Kunal Nair,Bhopal,MP,2024-03-13,N
C104243,Jaspreet Kumar,Jaipur,RJ,2022-12-15,N
C104244,Daniel Yadav,Mumbai,MH,2023-03-05,N
C104245,Abhishek Ghosh,Chandigarh,CH,2024-02-06,Y
C104246,Priya Bansal,Thiruvananthapuram,KL,2022-11-27,N
C104247,Riya Sen,Bhubaneswar,OR,2024-01-14,N
C104248,Vihaan Bose,Mumbai,MH,2024-09-03,Y
C104249,Riya Sharma,Delhi,DL,2022-08-02,N
C104250,Tarun Pereira,Guwahati,AS,2024-01-08,N
C104251,Siddharth Rao,Dehradun,UK,2023-05-02,N
C104252,Divya Mathew,Pune,MH,2023-12-16,N
C104253,Sunita Rathore,Mumbai,MH,2022-07-29,Y
C104254,Simran Nair,Noida,UP,2023-03-02,N
C104255,Sneha Shah,Nashik,MH,2023-08-25,N
C104256,Daniel Yadav,Kolkata,WB,2023-02-20,Y
C104257,Kavya Mittal,Guwahati,AS,2024-02-28,N
C104258,Aarav Mehta,Thiruvananthapuram,KL,2022-08-31,N
C104259,Farah Joshi,Indore,MP,2024-06-12,Y
C104260,Meera Varghese,Lucknow,UP,2022-09-03,N
C104261,Harpreet Sen,Chandigarh,CH,2023-11-09,Y
C104262,Deepak Pereira,Chennai,TN,2023-10-22,Y
C104263,Ritika D'Souza,Bhopal,MP,2024-07-04,N
C104264,Nikhil Bhatia,Hyderabad,TS,2023-01-15,N
C104265,Nisha Fernandes,Ranchi,JH,2022-12-02,N
C104266,Joseph Chauhan,Raipur,CG,2024-10-26,Y
C104267,Aishwarya Saxena,Chennai,TN,2023-05-17,Y
C104268,Sai Pereira,Ranchi,JH,2024-08-12,N
C104269,Ritika Singh,Mumbai,MH,2024-04-20,N
C104270,Divya Fernandes,Raipur,CG,2024-10-08,N
C104271,Yash Iyer,Vadodara,GJ,2022-11-09,Y
C104272,Reyansh Khanna,Noida,UP,2024-08-02,N
C104273,Lakshmi D'Souza,Thiruvananthapuram,KL,2024-04-26,N
C104274,Rohit Khanna,Dehradun,UK,2024-05-17,Y
C104275,Bhavna Mukherjee,Thiruvananthapuram,KL,2022-11-03,N
C104276,Yash Bose,Mysuru,KA,2023-10-12,N
C104277,Tenzin Roy,Nagpur,MH,2023-04-02,Y
C104278,Reyansh Khanna,Delhi,DL,2023-01-22,N
C104279,Pooja Mukherjee,Kochi,KL,2023-10-06,Y
C104280,Shreya Qureshi,Thiruvananthapuram,KL,2023-11-05,Y
C104281,Ayaan Desai,Kolkata,WB,2022-09-30,N
C104282,Harpreet Bansal,Raipur,CG,2024-04-19,N
C104283,Kunal Rao,Delhi,DL,2024-11-28,N
C104284,Pranav Khan,Kochi,KL,2024-06-29,N
C104285,Manish Gaikwad,Kolkata,WB,2023-06-22,N
C104286,Deepak Pawar,Patna,BR,2023-12-26,N
C104287,Zoya Ghosh,Chennai,TN,2023-12-03,N
C104288,Aditya Kapoor,Chennai,TN,2024-03-18,N
C104289,Aarav Khan,Jaipur,RJ,2024-04-12,N
C104290,Deepak Mishra,Coimbatore,TN,2024-03-16,Y
C104291,Vikram Bhatt,Chandigarh,CH,2023-11-04,N
C104292,Vikram Srivastava,Noida,UP,2024-07-15,N
C104293,Lakshmi Naidu,Pune,MH,2023-04-23,Y
C104294,Saanvi Mittal,Guwahati,AS,2023-08-12,N
C104295,Kunal Srivastava,Vadodara,GJ,2024-06-09,Y
C104296,Sai Srivastava,Nashik,MH,2023-03-29,Y
C104297,Ayaan Bansal,Jaipur,RJ,2023-08-25,Y
C104298,Priya Chopra,Dehradun,UK,2023-04-30,N
C104299,Sukhwinder Kulkarni,Mysuru,KA,2024-10-15,N
C104300,Zoya Agarwal,Kochi,KL,2022-07-25,N
C104301,Ananya Menon,Delhi,DL,2024-09-30,N
C104302,Imran Deshpande,Mysuru,KA,2024-12-10,N
C104303,Sai Gaikwad,Nashik,MH,2024-12-19,Y
C104304,Abhishek Chauhan,Indore,MP,2023-01-09,Y
C104305,Megha Jadhav,Gurugram,HR,2022-11-21,N
C104306,Joseph Dhillon,Chandigarh,CH,2024-09-01,N
C104307,Varun Saxena,Bengaluru,KA,2023-11-03,N
C104308,Steven Bansal,Mysuru,KA,2023-11-12,N
C104309,Deepak Fernandes,Hyderabad,TS,2024-01-07,N
C104310,Ramesh Saxena,Kolkata,WB,2023-12-03,N
C104311,Siddharth Pillai,Visakhapatnam,AP,2023-12-07,N
C104312,Tanvi Chatterjee,Raipur,CG,2022-10-14,N
C104313,Deepak Malhotra,Mysuru,KA,2024-01-03,N
C104314,Rohan Mehta,Coimbatore,TN,2023-03-22,N
C104315,Divya Singh,Pune,MH,2024-09-25,N
C104316,Imran Nair,Pune,MH,2023-02-23,N
C104317,Harpreet Pillai,Dehradun,UK,2023-09-12,N
C104318,Krishna Mukherjee,Pune,MH,2022-12-03,Y
C104319,Varun Kaur,Chennai,TN,2024-10-26,N
C104320,Kavya Varghese,Surat,GJ,2024-10-18,Y
C104321,Joseph Sethi,Visakhapatnam,AP,2023-01-09,N
C104322,Sunita D'Souza,Surat,GJ,2024-02-08,Y
C104323,Ananya Kapoor,Guwahati,AS,2023-10-16,N
C104324,Imran Trivedi,Pune,MH,2024-10-11,N
C104325,Harpreet Pillai,Nashik,MH,2023-07-02,N
C104326,Yash Nair,Gurugram,HR,2024-02-06,Y
C104327,Manish Roy,Patna,BR,2024-09-11,N
C104328,Priya Agarwal,Thiruvananthapuram,KL,2023-08-07,N
C104329,Deepak Goyal,Ahmedabad,GJ,2022-07-25,N
C104330,Rajat Menon,Hyderabad,TS,2023-07-30,N
C104331,Diya Srivastava,Kolkata,WB,2023-08-27,Y
C104332,Rohit Bose,Patna,BR,2023-05-28,N
C104333,Aadhya Mathew,Thiruvananthapuram,KL,2024-12-07,N
C104334,Lobsang Iyer,Lucknow,UP,2024-05-20,Y
C104335,Sneha Jain,Kolkata,WB,2023-01-17,N
C104336,Komal Tiwari,Pune,MH,2023-03-22,N
C104337,Kunal Bose,Nagpur,MH,2024-06-19,N
C104338,Harsh Khanna,Gurugram,HR,2023-04-29,N
C104339,Aarav Pawar,Bhopal,MP,2024-05-07,N
C104340,Payal Pereira,Mumbai,MH,2024-11-12,Y
C104341,Divya Sen,Hyderabad,TS,2023-08-30,N
C104342,Abhishek Dhillon,Mumbai,MH,2022-09-09,N
C104343,Nisha Banerjee,Raipur,CG,2023-06-22,N
C104344,Neha Malhotra,Dehradun,UK,2024-04-06,Y
C104345,Mohammed Khan,Noida,UP,2022-08-29,Y
C104346,Vikram Agarwal,Coimbatore,TN,2023-07-30,Y
C104347,Payal Banerjee,Visakhapatnam,AP,2024-10-01,Y
C104348,Farah Malhotra,Jaipur,RJ,2023-01-22,Y
C104349,Saanvi George,Chennai,TN,2024-10-04,Y
C104350,Lobsang Das,Nashik,MH,2023-09-14,Y
C104351,Gurpreet Goyal,Pune,MH,2024-11-21,Y
C104352,Zaid Rao,Bhubaneswar,OR,2023-06-13,N
C104353,Varun Reddy,Indore,MP,2022-08-07,Y
C104354,Payal Kaur,Hyderabad,TS,2024-10-01,N
C104355,Joseph Deshpande,Raipur,CG,2023-04-19,Y
C104356,Aishwarya Patil,Vadodara,GJ,2023-09-25,N
C104357,Isha Varghese,Coimbatore,TN,2022-07-31,Y
C104358,Rajat Roy,Vadodara,GJ,2024-02-19,N
C104359,Shreya Varghese,Surat,GJ,2023-12-28,Y
C104360,Yash Gaikwad,Gurugram,HR,2024-10-03,N
C104361,Tanvi Chatterjee,Thiruvananthapuram,KL,2023-08-18,N
C104362,Neha Shinde,Hyderabad,TS,2024-10-18,N
C104363,Nisha Singh,Coimbatore,TN,2023-03-30,N
C104364,Kavya Chatterjee,Mumbai,MH,2023-12-05,Y
C104365,Geeta Mishra,Ranchi,JH,2024-10-17,Y
C104366,Aarav Bansal,Raipur,CG,2024-02-01,N
C104367,Anjali Dutta,Chandigarh,CH,2022-10-15,N
C104368,Riya Agarwal,Patna,BR,2022-07-31,N
C104369,Krishna Patel,Coimbatore,TN,2023-06-27,Y
C104370,Ananya Jadhav,Dehradun,UK,2023-03-16,N
C104371,Deepak Roy,Pune,MH,2024-07-30,N
C104372,Ritika Shinde,Bengaluru,KA,2024-02-24,N
C104373,Ramesh Chopra,Jaipur,RJ,2022-07-21,Y
C104374,Joseph Joshi,Coimbatore,TN,2022-08-02,N
C104375,Nisha Mehta,Hyderabad,TS,2022-08-06,N
C104376,Varun Shinde,Ranchi,JH,2023-12-09,N
C104377,Swati Goyal,Jaipur,RJ,2023-01-23,N
C104378,Kabir Bhatia,Visakhapatnam,AP,2022-09-24,N
C104379,Anjali Sandhu,Hyderabad,TS,2024-12-06,Y
C104380,Varun Varghese,Vadodara,GJ,2022-12-22,N
C104381,Faisal Sethi,Mumbai,MH,2022-07-22,N
C104382,Rahul Nair,Dehradun,UK,2023-04-10,N
C104383,Vikram Patil,Delhi,DL,2024-01-08,Y
C104384,Vikram Chauhan,Noida,UP,2023-05-02,N
C104385,Krishna Gill,Kochi,KL,2024-01-19,N
C104386,Rohit Kulkarni,Noida,UP,2024-10-20,N
C104387,Manpreet Kulkarni,Gurugram,HR,2023-08-10,Y
C104388,Swati Srivastava,Mysuru,KA,2024-02-04,N
C104389,Anjali Joshi,Bhubaneswar,OR,2023-07-31,N
C104390,Meera Ansari,Dehradun,UK,2024-03-14,N
C104391,Mohammed Chatterjee,Bengaluru,KA,2022-12-14,N
C104392,Tenzin Khanna,Raipur,CG,2022-11-29,N
C104393,Kabir George,Nagpur,MH,2024-03-29,N
C104394,Vihaan Deshpande,Chandigarh,CH,2022-09-28,Y
C104395,Faisal Bose,Chandigarh,CH,2024-09-13,N
C104396,Sai Chatterjee,Nashik,MH,2024-07-09,Y
C104397,Yash Siddiqui,Visakhapatnam,AP,2023-02-02,Y
C104398,Vikram Malhotra,Nashik,MH,2024-08-25,N
C104399,Vikram Desai,Chennai,TN,2023-04-18,N
C104400,Karan Das,Coimbatore,TN,2022-12-18,N
C104401,Tarun Pandey,Bhopal,MP,2023-05-08,N
C104402,Amit Pandey,Mysuru,KA,2024-10-31,Y
C104403,Dev Mehta,Kochi,KL,2024-08-28,N
C104404,Dev Jadhav,Noida,UP,2024-05-20,N
C104405,Tanvi Varghese,Mumbai,MH,2023-05-03,Y
C104406,Sameer Saxena,Kolkata,WB,2024-11-28,N
C104407,Jaspreet Nair,Kolkata,WB,2024-11-27,N
C104408,Zaid Pandey,Raipur,CG,2023-12-14,Y
C104409,Rajat George,Lucknow,UP,2024-01-08,Y
C104410,Amit Shinde,Indore,MP,2023-01-05,Y
C104411,Krishna Pawar,Coimbatore,TN,2022-12-06,N
C104412,Nisha Chauhan,Hyderabad,TS,2023-09-15,Y
C104413,Ramesh Gupta,Nashik,MH,2023-01-02,Y
C104414,Vihaan Ansari,Surat,GJ,2022-08-14,Y
C104415,Rahul Banerjee,Raipur,CG,2023-06-10,N
C104416,Tanvi Varghese,Delhi,DL,2022-12-20,Y
C104417,Imran Dhillon,Chennai,TN,2024-08-01,N
C104418,Saanvi Das,Nagpur,MH,2022-11-27,N
C104419,Pooja Sethi,Chennai,TN,2023-10-05,N
C104420,Karan Patil,Bhopal,MP,2022-10-24,N
C104421,Nisha George,Pune,MH,2024-06-16,Y
C104422,Tanvi Rathore,Dehradun,UK,2024-08-10,Y
C104423,Manpreet Kaur,Bhubaneswar,OR,2023-05-20,N
C104424,Simran Pawar,Vadodara,GJ,2022-10-01,Y
C104425,Payal Menon,Jaipur,RJ,2022-10-07,Y
C104426,Ananya Agarwal,Delhi,DL,2022-10-13,Y
C104427,Isha Rathore,Lucknow,UP,2023-05-22,N
C104428,Steven Rathore,Guwahati,AS,2024-09-02,Y
C104429,Lakshmi Menon,Nagpur,MH,2024-08-28,N
C104430,Karan D'Souza,Chandigarh,CH,2023-10-25,N
C104431,Neha Varghese,Guwahati,AS,2024-05-23,Y
C104432,Aarav Menon,Indore,MP,2023-01-17,Y
C104433,Aishwarya Mittal,Nashik,MH,2023-10-12,Y
C104434,Riya Khanna,Hyderabad,TS,2023-01-13,Y
C104435,Riya Pillai,Indore,MP,2024-05-23,N
C104436,Vivaan Gaikwad,Mumbai,MH,2023-06-20,N
C104437,Aishwarya Menon,Patna,BR,2023-02-07,N
C104438,Mohammed Sen,Gurugram,HR,2024-02-19,Y
C104439,Kabir Ansari,Mumbai,MH,2024-10-29,Y
C104440,Ramesh Sen,Thiruvananthapuram,KL,2023-04-23,N
C104441,Imran Goyal,Noida,UP,2023-09-03,N
C104442,Joseph Desai,Thiruvananthapuram,KL,2023-09-28,Y
C104443,Tarun Reddy,Nashik,MH,2023-09-22,N
C104444,Rajat Dutta,Coimbatore,TN,2024-07-22,N
C104445,Zoya Chatterjee,Patna,BR,2022-09-24,N
C104446,Komal Siddiqui,Jaipur,RJ,2023-04-25,Y
C104447,Om Gupta,Nashik,MH,2024-02-28,N
C104448,Joseph Yadav,Vadodara,GJ,2023-03-12,N
C104449,Manpreet Mathew,Hyderabad,TS,2024-04-23,N
C104450,Sai Pandey,Delhi,DL,2022-09-24,N
C104451,Om Kapoor,Bhubaneswar,OR,2022-11-22,N
C104452,Steven Qureshi,Kolkata,WB,2024-07-06,N
C104453,Riya Siddiqui,Gurugram,HR,2024-10-16,Y
C104454,Rohit Gaikwad,Vadodara,GJ,2023-01-07,N
C104455,Divya Mehta,Raipur,CG,2022-10-15,N
C104456,Harpreet Jadhav,Guwahati,AS,2023-08-16,N
C104457,Sukhwinder Singh,Noida,UP,2024-03-20,Y
C104458,Sai Saxena,Raipur,CG,2023-02-01,N
C104459,Manish Mishra,Chandigarh,CH,2024-10-22,N
C104460,Swati Nair,Gurugram,HR,2024-03-14,Y
C104461,Pranav Srivastava,Hyderabad,TS,2024-05-27,Y
C104462,Imran Mathew,Kolkata,WB,2024-07-23,Y
C104463,Ishaan Shinde,Delhi,DL,2023-02-26,N
C104464,Neha Kapoor,Kolkata,WB,2023-10-18,N
C104465,Sunita Joshi,Lucknow,UP,2023-09-12,Y
C104466,Komal Sen,Kochi,KL,2023-09-18,Y
C104467,Vivaan Sharma,Jaipur,RJ,2023-07-19,N
C104468,Lobsang Ghosh,Gurugram,HR,2023-01-17,Y
C104469,Reyansh Chopra,Pune,MH,2023-10-10,Y
C104470,Pooja Pillai,Ahmedabad,GJ,2023-06-19,N
C104471,Thomas Nair,Bengaluru,KA,2023-08-30,N
C104472,Arjun Patil,Mysuru,KA,2024-08-29,N
C104473,Arjun Ansari,Bhubaneswar,OR,2022-12-30,Y
C104474,Sai Chauhan,Nagpur,MH,2022-08-17,Y
C104475,Gurpreet Kaur,Mysuru,KA,2024-06-29,N
C104476,Suresh Ansari,Kochi,KL,2024-04-21,N
C104477,Meera D'Souza,Chandigarh,CH,2024-03-09,N
C104478,Pooja Jain,Bhopal,MP,2022-09-17,N
C104479,Joseph Pawar,Visakhapatnam,AP,2024-04-07,Y
C104480,Megha Siddiqui,Surat,GJ,2024-02-26,N
C104481,Komal Jain,Gurugram,HR,2023-05-31,N
C104482,Rahul Mukherjee,Kolkata,WB,2023-04-15,N
C104483,Aishwarya Banerjee,Hyderabad,TS,2024-10-01,N
C104484,Rahul Kaur,Thiruvananthapuram,KL,2022-09-16,N
C104485,Shreya Pillai,Pune,MH,2024-09-19,Y
C104486,Ishaan Bose,Chennai,TN,2023-11-03,N
C104487,Rajat Gupta,Kolkata,WB,2023-07-11,N
C104488,Swati Khan,Bengaluru,KA,2024-09-12,N
C104489,Arjun Srivastava,Indore,MP,2023-09-23,N
C104490,Bhavna Mishra,Noida,UP,2024-01-19,Y
C104491,Sukhwinder Agarwal,Hyderabad,TS,2023-11-26,N
C104492,Kabir Jain,Coimbatore,TN,2023-03-12,N
C104493,Ishaan Chauhan,Vadodara,GJ,2023-10-09,N
C104494,Zoya Patel,Patna,BR,2024-03-07,Y
C104495,Komal Tiwari,Bhubaneswar,OR,2023-02-09,N
C104496,Simran Deshpande,Patna,BR,2023-11-16,N
C104497,Deepak Pandey,Nagpur,MH,2023-08-28,Y
C104498,Yash Chopra,Ranchi,JH,2022-12-10,Y
C104499,Aarav Arora,Nagpur,MH,2023-12-14,N
C104500,Vihaan Das,Delhi,DL,2024-08-17,N
C104501,Sunita Kulkarni,Bhubaneswar,OR,2024-04-16,Y
C104502,Simran Bose,Delhi,DL,2022-08-20,N
C104503,Siddharth Sandhu,Lucknow,UP,2024-01-14,N
C104504,Meera Banerjee,Nagpur,MH,2024-10-04,Y
C104505,Imran Sen,Chandigarh,CH,2023-02-24,Y
C104506,Sameer Iyer,Dehradun,UK,2022-09-15,Y
C104507,Yash Tiwari,Delhi,DL,2024-02-29,N
C104508,Kavya Sheikh,Noida,UP,2024-08-11,Y
C104509,Ramesh Mishra,Hyderabad,TS,2024-02-26,N
C104510,Ayaan Srivastava,Chandigarh,CH,2024-01-23,N
C104511,Tenzin Ghosh,Chandigarh,CH,2024-06-05,N
C104512,Sunita Pawar,Chandigarh,CH,2024-07-12,N
C104513,Daniel Joshi,Kolkata,WB,2024-09-28,N
C104514,Saanvi George,Vadodara,GJ,2023-07-31,N
C104515,Joseph Varghese,Lucknow,UP,2024-07-10,N
C104516,Imran Sen,Kolkata,WB,2023-09-15,Y
C104517,Vihaan Jadhav,Bhubaneswar,OR,2024-08-07,N
C104518,Rohan Pandey,Raipur,CG,2024-11-02,N
C104519,Swati Rao,Kolkata,WB,2023-08-08,Y
C104520,Geeta Gaikwad,Bhubaneswar,OR,2023-09-29,Y
C104521,Tenzin Nair,Ahmedabad,GJ,2024-06-23,Y
C104522,Kabir Das,Raipur,CG,2024-03-01,N
C104523,Saanvi Khanna,Bhopal,MP,2022-10-03,N
C104524,Nisha Gill,Bhopal,MP,2023-10-17,Y
C104525,Jaspreet Khanna,Vadodara,GJ,2023-05-12,N
C104526,Nisha Khan,Gurugram,HR,2022-12-31,N
C104527,Dev Banerjee,Surat,GJ,2024-11-24,Y
C104528,Jaspreet Jain,Patna,BR,2024-03-03,N
C104529,Saanvi Mehta,Chennai,TN,2023-03-25,Y
C104530,Zaid Bose,Guwahati,AS,2023-02-02,N
C104531,Tanvi Sandhu,Hyderabad,TS,2022-08-04,N
C104532,Thomas Jadhav,Mysuru,KA,2023-05-16,N
C104533,Lobsang George,Bhubaneswar,OR,2023-03-19,Y
C104534,Aadhya Dutta,Delhi,DL,2023-03-18,Y
C104535,Rajat Rathore,Pune,MH,2024-06-27,Y
C104536,Thomas Sharma,Chandigarh,CH,2022-10-24,N
C104537,Manish Singh,Visakhapatnam,AP,2023-12-21,N
C104538,Meera Menon,Mysuru,KA,2024-10-28,N
C104539,Divya Singh,Gurugram,HR,2023-08-14,N
C104540,Varun Nair,Indore,MP,2024-11-03,N
C104541,Sameer Bansal,Gurugram,HR,2022-10-05,Y
C104542,Karan Khanna,Ahmedabad,GJ,2023-10-03,Y
C104543,Vivaan Rao,Surat,GJ,2023-12-13,N
C104544,Harpreet Naidu,Mysuru,KA,2024-12-26,N
C104545,Diya Desai,Chennai,TN,2023-03-19,N
C104546,Vivaan Sandhu,Lucknow,UP,2023-06-22,Y
C104547,Tanvi Bhatt,Bengaluru,KA,2023-01-12,N
C104548,Harpreet Chatterjee,Patna,BR,2023-09-21,N
C104549,Saanvi Goyal,Pune,MH,2022-09-14,N
C104550,Swati Bose,Noida,UP,2024-10-25,N
C104551,Karan Bansal,Chennai,TN,2024-04-22,Y
C104552,Ramesh Arora,Bhubaneswar,OR,2024-05-19,Y
C104553,Riya Shinde,Surat,GJ,2024-05-05,N
C104554,Deepak Banerjee,Guwahati,AS,2022-09-22,N
C104555,Om D'Souza,Hyderabad,TS,2023-01-21,Y
C104556,Saanvi D'Souza,Vadodara,GJ,2024-08-07,N
C104557,Pranav Shinde,Kochi,KL,2023-06-01,N
C104558,Reyansh Gaikwad,Ranchi,JH,2023-01-01,N
C104559,Komal Chatterjee,Coimbatore,TN,2024-07-29,Y
C104560,Diya Varghese,Kolkata,WB,2024-08-15,Y
C104561,Diya Menon,Nagpur,MH,2023-10-20,Y
C104562,Isha Varghese,Raipur,CG,2024-01-01,N
C104563,Sukhwinder D'Souza,Jaipur,RJ,2023-11-05,N
C104564,Mohammed Mishra,Indore,MP,2023-03-23,Y
C104565,Aarav Mittal,Pune,MH,2023-10-02,Y
C104566,Pooja Jain,Chandigarh,CH,2023-11-26,N
C104567,Vivaan Siddiqui,Chandigarh,CH,2023-08-07,Y
C104568,Tenzin Mishra,Dehradun,UK,2023-12-14,Y
C104569,Kunal Roy,Kolkata,WB,2023-12-11,Y
C104570,Geeta Verma,Mumbai,MH,2024-06-24,N
C104571,Pooja Patil,Raipur,CG,2024-04-02,Y
C104572,Lakshmi Iyer,Nagpur,MH,2023-07-06,Y
C104573,Jaspreet Tiwari,Mumbai,MH,2024-01-05,N
C104574,Krishna Tiwari,Bhopal,MP,2022-09-14,N
C104575,Priya Varghese,Pune,MH,2022-11-07,N
C104576,Aishwarya Siddiqui,Ranchi,JH,2024-04-22,N
C104577,Harpreet Ansari,Surat,GJ,2023-12-10,N
C104578,Aadhya Siddiqui,Ahmedabad,GJ,2024-10-25,N
C104579,Yash Rao,Kochi,KL,2024-03-07,Y
C104580,Daniel Bhatt,Surat,GJ,2024-12-30,Y
C104581,Krishna Mishra,Jaipur,RJ,2023-12-05,Y
C104582,Payal Sharma,Surat,GJ,2022-11-22,N
C104583,Kavya Bose,Nashik,MH,2024-10-07,N
C104584,Divya Patel,Kolkata,WB,2023-10-05,Y
C104585,Ayaan D'Souza,Visakhapatnam,AP,2022-11-02,N
C104586,Dev Kaur,Lucknow,UP,2023-08-04,N
C104587,Manish Mukherjee,Nashik,MH,2024-01-15,Y
C104588,Manish Pereira,Ahmedabad,GJ,2023-10-03,N
C104589,Tanvi Kapoor,Patna,BR,2024-12-09,N
C104590,Imran Gill,Bhubaneswar,OR,2024-02-10,N
C104591,Krishna Shinde,Noida,UP,2022-11-08,N
C104592,Saanvi Chatterjee,Jaipur,RJ,2024-04-18,N
C104593,Krishna Fernandes,Bengaluru,KA,2022-07-20,N
C104594,Jaspreet Khan,Bhubaneswar,OR,2023-11-16,N
C104595,Megha Jadhav,Bhopal,MP,2024-02-13,N
C104596,Aditya Bhatia,Noida,UP,2024-06-17,N
C104597,Harsh Ansari,Gurugram,HR,2023-11-23,N
C104598,Vivaan Gill,Nashik,MH,2022-07-23,Y
C104599,Kunal Dhillon,Jaipur,RJ,2024-03-10,N
C104600,Jaspreet Desai,Chennai,TN,2022-09-21,N
C104601,Ayaan Deshpande,Delhi,DL,2024-12-31,Y
C104602,Ankit Pereira,Bhubaneswar,OR,2023-07-03,Y
C104603,Sneha Sheikh,Lucknow,UP,2023-01-05,N
C104604,Suresh Arora,Jaipur,RJ,2022-08-09,N
C104605,Ritika Srivastava,Jaipur,RJ,2024-03-10,N
C104606,Joseph Saxena,Kolkata,WB,2023-06-13,N
C104607,Imran Dutta,Noida,UP,2023-09-16,Y
C104608,Zaid Pandey,Mysuru,KA,2023-09-08,N
C104609,Ritika Sheikh,Coimbatore,TN,2023-04-02,N
C104610,Arjun Shinde,Delhi,DL,2022-08-12,N
C104611,Vivaan Malhotra,Mumbai,MH,2023-01-16,Y
C104612,Rohan Mittal,Bengaluru,KA,2024-01-05,N
C104613,Payal Das,Indore,MP,2023-02-25,N
C104614,Tenzin Deshpande,Nashik,MH,2024-02-28,N
C104615,Farah Malhotra,Kochi,KL,2023-08-08,N
C104616,Rohan George,Ranchi,JH,2023-01-20,N
C104617,Vikram Chauhan,Ranchi,JH,2022-12-16,Y
C104618,Ayaan Srivastava,Delhi,DL,2024-10-24,N
C104619,Shreya Pawar,Kolkata,WB,2022-11-14,N
C104620,Imran Bose,Kochi,KL,2024-10-24,N
C104621,Anjali Kaur,Mysuru,KA,2023-08-16,Y
C104622,Ayaan Pereira,Lucknow,UP,2023-06-03,N
C104623,Diya Chatterjee,Raipur,CG,2024-08-28,N
C104624,Aditya Saxena,Patna,BR,2022-10-11,N
C104625,Aadhya Sen,Bengaluru,KA,2024-09-11,N
C104626,Simran Nair,Dehradun,UK,2023-04-17,N
C104627,Vikram Bhatt,Kolkata,WB,2023-10-28,N
C104628,Siddharth Khan,Ahmedabad,GJ,2023-09-08,Y
C104629,Priya Rao,Chennai,TN,2023-08-13,N
C104630,Kunal Agarwal,Visakhapatnam,AP,2024-11-12,Y
C104631,Aarav Trivedi,Ahmedabad,GJ,2024-11-11,N
C104632,Neha Gill,Indore,MP,2023-08-02,N
C104633,Jaspreet Das,Delhi,DL,2023-12-13,Y
C104634,Faisal Mehta,Surat,GJ,2023-01-13,Y
C104635,Ramesh Saxena,Lucknow,UP,2023-02-18,N
C104636,Manpreet Jadhav,Surat,GJ,2023-06-23,Y
C104637,Bhavna Sharma,Lucknow,UP,2022-08-23,Y
C104638,Harpreet Naidu,Surat,GJ,2023-03-01,N
C104639,Payal Arora,Kolkata,WB,2024-10-18,N
C104640,Varun Srivastava,Indore,MP,2024-07-25,Y
C104641,Manish Nair,Mysuru,KA,2024-03-20,N
C104642,Tanvi Das,Dehradun,UK,2024-01-15,Y
C104643,Jaspreet Yadav,Hyderabad,TS,2024-09-24,N
C104644,Varun Chopra,Guwahati,AS,2024-04-29,N
C104645,Simran Bhatt,Raipur,CG,2022-11-21,N
C104646,Faisal Khan,Visakhapatnam,AP,2024-04-10,N
C104647,Rohit D'Souza,Nagpur,MH,2023-06-09,N
C104648,Imran Khanna,Bengaluru,KA,2023-11-23,N
C104649,Suresh Sharma,Bhubaneswar,OR,2024-03-16,Y
C104650,Manpreet Deshpande,Ahmedabad,GJ,2023-01-17,Y
C104651,Dev Desai,Chandigarh,CH,2023-10-10,N
C104652,Simran Varghese,Bhopal,MP,2023-07-16,N
C104653,Isha Joshi,Dehradun,UK,2023-05-23,N
C104654,Aditya Singh,Raipur,CG,2022-09-01,N
C104655,Siddharth Siddiqui,Lucknow,UP,2023-08-09,N
C104656,Yash Arora,Gurugram,HR,2022-09-15,Y
C104657,Zoya Pandey,Vadodara,GJ,2022-07-24,N
C104658,Yash Patil,Thiruvananthapuram,KL,2022-12-31,Y
C104659,Om Patel,Kolkata,WB,2024-10-24,N
C104660,Anjali Bose,Bengaluru,KA,2023-10-27,N
C104661,Deepak Arora,Pune,MH,2023-07-01,Y
C104662,Manpreet Patel,Dehradun,UK,2022-11-23,N
C104663,Steven Yadav,Visakhapatnam,AP,2023-07-22,N
C104664,Priya Dutta,Gurugram,HR,2022-12-21,N
C104665,Megha Pawar,Pune,MH,2024-03-21,N
C104666,Bhavna Sandhu,Guwahati,AS,2022-09-21,N
C104667,Kavya Sharma,Delhi,DL,2024-12-09,N
C104668,Simran Srivastava,Ahmedabad,GJ,2023-06-26,Y
C104669,Tenzin Pillai,Hyderabad,TS,2024-06-22,N
C104670,Ayaan Mittal,Lucknow,UP,2024-01-22,N
C104671,Priya Khan,Noida,UP,2022-08-27,N
C104672,Mohammed Pereira,Hyderabad,TS,2024-06-23,N
C104673,Sameer Pereira,Hyderabad,TS,2024-05-21,N
C104674,Vikram Siddiqui,Chandigarh,CH,2023-11-05,N
C104675,Sameer Bansal,Patna,BR,2023-02-25,N
C104676,Zaid Naidu,Ahmedabad,GJ,2023-03-25,Y
C104677,Steven Ghosh,Thiruvananthapuram,KL,2024-01-13,N
C104678,Mohammed Naidu,Ranchi,JH,2023-05-26,Y
C104679,Om Jadhav,Pune,MH,2023-03-20,Y
C104680,Shreya Malhotra,Dehradun,UK,2024-01-16,Y
C104681,Aishwarya Shah,Bhubaneswar,OR,2024-11-17,Y
C104682,Pooja Sen,Raipur,CG,2023-04-03,N
C104683,Zoya Sharma,Kochi,KL,2023-08-21,N
C104684,Krishna Patil,Bhopal,MP,2024-02-16,Y
C104685,Meera Menon,Dehradun,UK,2023-12-16,Y
C104686,Faisal Chatterjee,Delhi,DL,2023-10-06,Y
C104687,Megha Bhatia,Gurugram,HR,2022-09-02,N
C104688,Farah Kulkarni,Jaipur,RJ,2023-06-15,Y
C104689,Reyansh Desai,Surat,GJ,2023-06-23,N
C104690,Mohammed Kumar,Ahmedabad,GJ,2023-06-07,N
C104691,Tarun Rathore,Coimbatore,TN,2023-06-07,N
C104692,Anjali Rathore,Kochi,KL,2024-11-05,N
C104693,Ayaan Gaikwad,Ahmedabad,GJ,2022-10-24,Y
C104694,Neha Dhillon,Surat,GJ,2023-12-16,Y
C104695,Diya Fernandes,Thiruvananthapuram,KL,2024-12-22,N
C104696,Krishna Pandey,Bhubaneswar,OR,2024-12-03,N
C104697,Simran Patel,Lucknow,UP,2022-12-18,N
C104698,Rajat George,Ranchi,JH,2024-11-14,Y
C104699,Rahul Shah,Indore,MP,2023-10-16,Y
C104700,Daniel Sheikh,Ranchi,JH,2022-11-22,Y
C104701,Sneha Bhatia,Ahmedabad,GJ,2023-03-20,N
C104702,Diya Iyer,Chandigarh,CH,2024-02-12,N
C104703,Geeta Rao,Kochi,KL,2024-10-27,Y
C104704,Neha Mittal,Kolkata,WB,2022-08-02,N
C104705,Vikram Sethi,Kolkata,WB,2023-04-11,Y
C104706,Geeta Khan,Raipur,CG,2022-10-29,N
C104707,Vivaan Dutta,Dehradun,UK,2023-04-03,N
C104708,Suresh Verma,Raipur,CG,2023-12-13,Y
C104709,Meera Srivastava,Dehradun,UK,2023-01-17,N
C104710,Saanvi Joshi,Surat,GJ,2022-11-21,Y
C104711,Sukhwinder Mathew,Guwahati,AS,2022-08-13,N
C104712,Om Ghosh,Raipur,CG,2024-10-07,N
C104713,Reyansh Chopra,Delhi,DL,2024-09-07,N
C104714,Tenzin Gaikwad,Lucknow,UP,2022-09-20,N
C104715,Rajat Verma,Mysuru,KA,2024-08-05,N
C104716,Isha Naidu,Nagpur,MH,2025-01-01,Y
C104717,Om Rathore,Bhubaneswar,OR,2024-08-01,N
C104718,Steven Agarwal,Pune,MH,2023-09-23,N
C104719,Reyansh Khanna,Delhi,DL,2023-02-19,N
C104720,Anjali Sandhu,Nashik,MH,2023-05-19,Y
C104721,Anjali Dutta,Bengaluru,KA,2024-03-12,Y
C104722,Varun Sethi,Bhopal,MP,2022-12-30,N
C104723,Rahul Patel,Nagpur,MH,2024-01-05,N
C104724,Divya Reddy,Ranchi,JH,2023-08-03,Y
C104725,Kavya Srivastava,Indore,MP,2023-08-24,N
C104726,Meera Pereira,Vadodara,GJ,2022-10-31,Y
C104727,Rohan Goyal,Patna,BR,2023-11-20,Y
C104728,Om Menon,Gurugram,HR,2023-01-08,Y
C104729,Manish Pereira,Bhopal,MP,2024-09-19,N
C104730,Abhishek Joshi,Vadodara,GJ,2022-08-03,N
C104731,Gurpreet Roy,Raipur,CG,2024-01-02,Y
C104732,Sneha Agarwal,Lucknow,UP,2024-10-22,N
C104733,Rahul Bhatia,Gurugram,HR,2024-08-18,N
C104734,Zoya Pawar,Indore,MP,2023-02-12,N
C104735,Diya Naidu,Jaipur,RJ,2024-01-11,N
C104736,Gurpreet Saxena,Ranchi,JH,2023-10-30,N
C104737,Harsh Arora,Visakhapatnam,AP,2023-12-17,Y
C104738,Steven Rao,Chandigarh,CH,2024-04-28,Y
C104739,Komal Jain,Mysuru,KA,2023-08-06,N
C104740,Lobsang Ghosh,Surat,GJ,2024-04-23,N
C104741,Zaid Sen,Hyderabad,TS,2022-09-05,N
C104742,Kabir Singh,Raipur,CG,2022-08-16,N
C104743,Deepak Kapoor,Vadodara,GJ,2024-11-18,N
C104744,Anjali Joshi,Chennai,TN,2022-10-05,N
C104745,Divya Dutta,Visakhapatnam,AP,2024-09-13,N
C104746,Abhishek Sharma,Mumbai,MH,2023-01-25,N
C104747,Meera Desai,Chennai,TN,2022-09-28,Y
C104748,Manish Saxena,Coimbatore,TN,2023-11-27,N
C104749,Simran Pereira,Delhi,DL,2024-03-26,Y
C104750,Varun Sen,Vadodara,GJ,2024-05-05,N
C104751,Zoya Verma,Jaipur,RJ,2023-07-06,Y
C104752,Steven Rao,Bhubaneswar,OR,2024-07-05,Y
C104753,Krishna Chatterjee,Bhopal,MP,2022-08-17,Y
C104754,Krishna Khanna,Patna,BR,2023-06-30,N
C104755,Meera Bansal,Mumbai,MH,2022-12-14,Y
C104756,Divya Sandhu,Kochi,KL,2023-07-13,Y
C104757,Harsh Dhillon,Kolkata,WB,2024-01-23,N
C104758,Aadhya Nair,Mysuru,KA,2022-10-31,N
C104759,Diya Pandey,Kolkata,WB,2024-03-26,N
C104760,Komal Verma,Delhi,DL,2024-04-05,Y
C104761,Lobsang Kumar,Chandigarh,CH,2024-02-29,Y
C104762,Manish Saxena,Bhopal,MP,2023-12-24,N
C104763,Sai Yadav,Surat,GJ,2024-09-29,N
C104764,Isha Chauhan,Bhopal,MP,2022-09-19,N
C104765,Priya Qureshi,Mumbai,MH,2024-08-26,Y
C104766,Ishaan Khan,Dehradun,UK,2023-06-13,Y
C104767,Manpreet Yadav,Thiruvananthapuram,KL,2024-09-19,Y
C104768,Ayaan Dutta,Kolkata,WB,2023-10-18,N
C104769,Kunal Deshpande,Jaipur,RJ,2023-04-15,N
C104770,Ayaan Bhatia,Nashik,MH,2022-12-14,N
C104771,Steven Sethi,Ranchi,JH,2023-04-08,N
C104772,Rohit Joshi,Kolkata,WB,2023-09-23,N
C104773,Farah Goyal,Mumbai,MH,2023-10-16,N
C104774,Meera Pandey,Ranchi,JH,2023-06-22,N
C104775,Sunita D'Souza,Surat,GJ,2023-10-28,Y
C104776,Anjali Bansal,Pune,MH,2023-04-01,Y
C104777,Nisha Bansal,Ranchi,JH,2024-05-04,N
C104778,Simran Yadav,Coimbatore,TN,2022-10-07,N
C104779,Megha D'Souza,Mysuru,KA,2024-06-14,N
C104780,Pooja Fernandes,Kochi,KL,2022-11-18,Y
C104781,Pranav Mukherjee,Vadodara,GJ,2023-09-26,Y
C104782,Aditya Reddy,Guwahati,AS,2024-05-03,N
C104783,Vivaan Pawar,Chandigarh,CH,2022-12-24,N
C104784,Thomas Goyal,Gurugram,HR,2024-12-21,Y
C104785,Imran Das,Bengaluru,KA,2023-12-16,N
C104786,Sukhwinder Chopra,Mumbai,MH,2024-04-27,N
C104787,Diya Ghosh,Jaipur,RJ,2023-09-13,N
C104788,Dev Chatterjee,Ranchi,JH,2024-02-11,N
C104789,Ananya Fernandes,Chandigarh,CH,2024-02-07,N
C104790,Rahul Trivedi,Nashik,MH,2023-12-27,N
C104791,Abhishek Mishra,Patna,BR,2024-09-02,N
C104792,Ramesh Yadav,Coimbatore,TN,2024-11-03,N
C104793,Amit D'Souza,Ranchi,JH,2024-05-19,N
C104794,Bhavna Ghosh,Kochi,KL,2023-06-02,N
C104795,Yash Pandey,Visakhapatnam,AP,2022-10-24,N
C104796,Joseph Kulkarni,Bhubaneswar,OR,2022-12-30,N
C104797,Dev Reddy,Bhopal,MP,2022-08-08,N
C104798,Ishaan Pandey,Surat,GJ,2023-08-18,N
C104799,Riya Khanna,Thiruvananthapuram,KL,2022-11-12,N
C104800,Komal Varghese,Noida,UP,2024-06-20,Y
C104801,Vihaan D'Souza,Surat,GJ,2023-09-30,N
C104802,Joseph Verma,Mumbai,MH,2024-10-28,N
C104803,Ishaan Deshpande,Gurugram,HR,2022-09-10,N
C104804,Reyansh Kaur,Ranchi,JH,2024-09-30,N
C104805,Harpreet Sandhu,Nashik,MH,2023-07-24,Y
C104806,Kabir Das,Chandigarh,CH,2024-02-06,Y
C104807,Diya Srivastava,Pune,MH,2023-09-19,N
C104808,Varun Rao,Visakhapatnam,AP,2024-08-01,Y
C104809,Manish Bose,Mumbai,MH,2024-05-17,N
C104810,Siddharth Gill,Hyderabad,TS,2023-09-12,N
C104811,Rajat Dhillon,Noida,UP,2024-07-02,N
C104812,Deepak Reddy,Pune,MH,2023-08-20,N
C104813,Bhavna Saxena,Vadodara,GJ,2024-08-22,N
C104814,Suresh Jadhav,Mumbai,MH,2023-08-12,N
C104815,Kavya Siddiqui,Visakhapatnam,AP,2022-10-26,N
C104816,Neha Pandey,Kochi,KL,2023-05-10,N
C104817,Ramesh Mittal,Chennai,TN,2024-08-08,Y
C104818,Sunita Mukherjee,Hyderabad,TS,2024-01-07,N
C104819,Dev Ansari,Ahmedabad,GJ,2023-08-31,N
C104820,Lobsang Ghosh,Chandigarh,CH,2022-08-12,N
C104821,Lakshmi Patil,Indore,MP,2023-11-05,N
C104822,Neha George,Kolkata,WB,2024-12-09,N
C104823,Harsh Reddy,Bengaluru,KA,2022-09-27,N
C104824,Tarun Khan,Thiruvananthapuram,KL,2024-12-02,N
C104825,Sneha Mehta,Chennai,TN,2023-09-12,N
C104826,Nisha Deshpande,Mysuru,KA,2023-09-15,N
C104827,Farah Malhotra,Thiruvananthapuram,KL,2024-05-03,Y
C104828,Kunal Roy,Nagpur,MH,2023-09-17,Y
C104829,Nikhil Trivedi,Patna,BR,2023-04-06,N
C104830,Vivaan Gill,Raipur,CG,2024-10-19,N
C104831,Siddharth Kumar,Nashik,MH,2023-07-01,N
C104832,Tarun Pillai,Lucknow,UP,2023-08-01,N
C104833,Sunita Mehta,Indore,MP,2023-01-24,N
C104834,Riya Joshi,Delhi,DL,2022-08-29,N
C104835,Om Gupta,Hyderabad,TS,2024-11-17,N
C104836,Ishaan Sethi,Kolkata,WB,2023-08-17,N
C104837,Saanvi Pawar,Indore,MP,2024-01-18,N
C104838,Rajat Banerjee,Visakhapatnam,AP,2023-02-09,N
C104839,Daniel Bansal,Patna,BR,2023-08-20,N
C104840,Sunita Mathew,Mysuru,KA,2023-06-14,N
C104841,Abhishek Bose,Bhubaneswar,OR,2023-12-30,N
C104842,Swati Rathore,Thiruvananthapuram,KL,2023-06-16,N
C104843,Kavya Roy,Ranchi,JH,2024-03-17,Y
C104844,Lakshmi Ansari,Patna,BR,2023-10-04,N
C104845,Riya Pandey,Mumbai,MH,2023-05-05,N
C104846,Suresh George,Bhubaneswar,OR,2024-10-22,Y
C104847,Mohammed Tiwari,Thiruvananthapuram,KL,2022-07-27,N
C104848,Jaspreet Iyer,Kochi,KL,2024-04-21,N
C104849,Nikhil Pandey,Mysuru,KA,2023-03-27,N
C104850,Payal Tiwari,Bhopal,MP,2022-08-15,Y
C104851,Harpreet Mukherjee,Pune,MH,2024-02-15,N
C104852,Simran Kumar,Noida,UP,2023-05-17,N
C104853,Thomas D'Souza,Bhopal,MP,2024-08-03,Y
C104854,Nisha Yadav,Mumbai,MH,2023-04-28,N
C104855,Rajat Sethi,Mysuru,KA,2023-05-16,Y
C104856,Meera Rathore,Mysuru,KA,2024-04-13,N
C104857,Komal Kaur,Ahmedabad,GJ,2024-05-19,N
C104858,Farah Sethi,Gurugram,HR,2024-10-19,N
C104859,Farah Singh,Bengaluru,KA,2023-06-04,N
C104860,Steven Patel,Vadodara,GJ,2024-06-19,N
C104861,Deepak Sandhu,Kochi,KL,2024-12-04,N
C104862,Saanvi Yadav,Lucknow,UP,2024-12-05,N
C104863,Simran Goyal,Mysuru,KA,2023-08-04,N
C104864,Vikram Kaur,Chennai,TN,2024-02-24,N
C104865,Aishwarya Goyal,Kolkata,WB,2023-04-03,N
C104866,Krishna Das,Ranchi,JH,2023-01-15,N
C104867,Imran Joshi,Vadodara,GJ,2023-08-15,N
C104868,Aishwarya Gill,Pune,MH,2024-12-05,N
C104869,Aadhya Malhotra,Mysuru,KA,2022-08-09,N
C104870,Pooja Jain,Kochi,KL,2024-02-08,N
C104871,Komal Sethi,Surat,GJ,2023-11-27,Y
C104872,Neha Roy,Bhubaneswar,OR,2024-02-07,Y
C104873,Rajat Chauhan,Surat,GJ,2022-11-25,N
C104874,Faisal Mathew,Chennai,TN,2023-07-06,Y
C104875,Yash Mukherjee,Mumbai,MH,2022-12-20,N
C104876,Anjali Sharma,Guwahati,AS,2022-09-26,N
C104877,Rajat Bansal,Patna,BR,2022-08-22,Y
C104878,Sukhwinder Pandey,Noida,UP,2023-07-27,N
C104879,Ananya Chopra,Indore,MP,2022-09-27,N
C104880,Riya Iyer,Bhubaneswar,OR,2022-12-15,N
C104881,Mohammed Sheikh,Bengaluru,KA,2023-04-06,Y
C104882,Riya Naidu,Bhubaneswar,OR,2023-03-15,Y
C104883,Tenzin Bhatt,Pune,MH,2024-10-20,N
C104884,Manpreet Malhotra,Coimbatore,TN,2024-03-08,Y
C104885,Ritika Mukherjee,Patna,BR,2022-10-19,N
C104886,Diya Singh,Raipur,CG,2024-07-01,N
C104887,Nikhil Menon,Bengaluru,KA,2024-07-24,N
C104888,Karan Kaur,Visakhapatnam,AP,2023-08-17,N
C104889,Simran Ghosh,Kochi,KL,2024-06-14,N
C104890,Sai Menon,Kochi,KL,2023-02-26,N
C104891,Lakshmi Bhatt,Gurugram,HR,2023-10-07,N
C104892,Vikram Sethi,Hyderabad,TS,2022-08-20,N
C104893,Tenzin Dhillon,Bengaluru,KA,2023-09-19,N
C104894,Aadhya Siddiqui,Nagpur,MH,2023-08-25,N
C104895,Tarun Desai,Nagpur,MH,2023-07-16,Y
C104896,Yash Patel,Patna,BR,2023-07-17,Y
C104897,Rohit Bose,Jaipur,RJ,2023-05-25,N
C104898,Divya Ghosh,Bhubaneswar,OR,2023-12-19,N
C104899,Diya Bose,Delhi,DL,2023-04-06,Y
C104900,Nisha Verma,Bhopal,MP,2024-12-21,N
C104901,Nikhil Sheikh,Mumbai,MH,2022-10-12,N
C104902,Reyansh Malhotra,Mysuru,KA,2024-09-14,Y
C104903,Divya Yadav,Visakhapatnam,AP,2023-06-29,N
C104904,Vivaan Pereira,Visakhapatnam,AP,2024-02-04,N
C104905,Ritika D'Souza,Bengaluru,KA,2022-09-29,N
C104906,Vihaan Chauhan,Indore,MP,2024-12-09,N
C104907,Meera Sharma,Vadodara,GJ,2023-12-18,N
C104908,Thomas Roy,Mysuru,KA,2024-11-29,Y
C104909,Rajat Nair,Indore,MP,2022-11-01,Y
C104910,Aarav Bansal,Mysuru,KA,2022-10-23,N
C104911,Yash Rao,Delhi,DL,2024-09-16,N
C104912,Ramesh Verma,Ranchi,JH,2022-10-11,N
C104913,Ramesh Pillai,Ahmedabad,GJ,2022-09-07,Y
C104914,Rajat Singh,Gurugram,HR,2023-11-18,N
C104915,Ayaan Pillai,Bhubaneswar,OR,2023-03-19,N
C104916,Tenzin Menon,Gurugram,HR,2024-12-15,Y
C104917,Nisha Srivastava,Bhopal,MP,2022-08-30,N
C104918,Imran Iyer,Thiruvananthapuram,KL,2023-05-26,N
C104919,Pranav Gupta,Ranchi,JH,2023-12-06,N
C104920,Divya Naidu,Nagpur,MH,2023-11-26,N
C104921,Harsh Gill,Dehradun,UK,2024-06-17,N
C104922,Ramesh D'Souza,Ranchi,JH,2024-01-03,Y
C104923,Ritika Sheikh,Nashik,MH,2022-10-30,N
C104924,Simran Jain,Jaipur,RJ,2022-12-09,N
C104925,Farah Roy,Gurugram,HR,2023-03-26,Y
C104926,Ishaan Agarwal,Kochi,KL,2023-09-23,N
C104927,Faisal Qureshi,Ahmedabad,GJ,2024-02-23,N
C104928,Krishna Dutta,Visakhapatnam,AP,2024-12-01,N
C104929,Krishna Mehta,Guwahati,AS,2024-01-11,N
C104930,Rajat Arora,Raipur,CG,2024-07-20,N
C104931,Megha Gill,Mumbai,MH,2024-12-15,Y
C104932,Shreya Ghosh,Jaipur,RJ,2023-03-28,N
C104933,Saanvi Qureshi,Visakhapatnam,AP,2023-06-20,N
C104934,Sneha Bhatt,Kochi,KL,2023-08-22,N
C104935,Swati Khan,Ranchi,JH,2024-12-07,N
C104936,Manpreet Bhatia,Pune,MH,2024-06-23,N
C104937,Kunal Qureshi,Indore,MP,2023-03-11,N
C104938,Simran Bose,Bengaluru,KA,2022-10-07,N
C104939,Gurpreet Bhatia,Dehradun,UK,2024-09-29,N
C104940,Geeta Sen,Surat,GJ,2023-04-10,N
C104941,Siddharth Pandey,Bhubaneswar,OR,2022-12-31,Y
C104942,Yash Menon,Noida,UP,2023-08-06,N
C104943,Geeta Dutta,Bengaluru,KA,2022-12-22,N
C104944,Tarun Kumar,Thiruvananthapuram,KL,2022-10-11,Y
C104945,Thomas Ansari,Noida,UP,2023-12-30,N
C104946,Priya Pawar,Patna,BR,2024-04-20,N
C104947,Manpreet Bose,Bhubaneswar,OR,2023-09-27,N
C104948,Isha Rathore,Noida,UP,2022-10-09,N
C104949,Riya Dhillon,Bengaluru,KA,2024-06-30,N
C104950,Isha Chopra,Hyderabad,TS,2024-01-06,N
C104951,Sameer Jain,Patna,BR,2022-10-29,Y
C104952,Geeta Sethi,Jaipur,RJ,2022-11-02,N
C104953,Swati Pillai,Delhi,DL,2024-04-12,N
C104954,Vikram Khanna,Chennai,TN,2024-10-13,N
C104955,Rahul Fernandes,Ranchi,JH,2024-02-06,Y
C104956,Sunita Joshi,Visakhapatnam,AP,2023-01-19,N
C104957,Farah Shah,Jaipur,RJ,2022-09-16,Y
C104958,Ramesh Gaikwad,Nashik,MH,2023-08-10,N
C104959,Aishwarya Varghese,Noida,UP,2023-08-03,N
C104960,Sneha Trivedi,Nagpur,MH,2024-02-01,N
C104961,Nikhil George,Indore,MP,2023-10-04,N
C104962,Vivaan Malhotra,Chennai,TN,2024-03-21,N
C104963,Harsh Das,Surat,GJ,2023-12-10,N
C104964,Sai Verma,Dehradun,UK,2023-03-24,N
C104965,Ayaan Bhatia,Vadodara,GJ,2023-09-11,N
C104966,Daniel Iyer,Ranchi,JH,2022-10-28,Y
C104967,Krishna Siddiqui,Coimbatore,TN,2022-08-10,Y
C104968,Krishna George,Nagpur,MH,2023-02-15,N
C104969,Isha D'Souza,Visakhapatnam,AP,2024-04-20,N
C104970,Sameer Kaur,Vadodara,GJ,2024-06-13,N
C104971,Vihaan Arora,Kochi,KL,2024-05-01,N
C104972,Diya Pereira,Raipur,CG,2023-12-04,Y
C104973,Jaspreet Desai,Lucknow,UP,2023-12-15,N
C104974,Harpreet Bhatt,Pune,MH,2024-04-27,Y
C104975,Anjali Agarwal,Thiruvananthapuram,KL,2023-10-20,Y
C104976,Dev Kapoor,Bhubaneswar,OR,2024-12-28,N
C104977,Nisha Sen,Mysuru,KA,2022-08-11,N
C104978,Mohammed Kaur,Mysuru,KA,2023-05-02,Y
C104979,Vihaan Tiwari,Indore,MP,2024-06-20,N
C104980,Zaid Reddy,Thiruvananthapuram,KL,2023-07-25,N
C104981,Daniel Sen,Ranchi,JH,2023-08-07,N
C104982,Ishaan Tiwari,Vadodara,GJ,2024-01-15,Y
C104983,Pranav Saxena,Bhopal,MP,2023-09-19,N
C104984,Lobsang Siddiqui,Coimbatore,TN,2022-08-21,N
C104985,Divya Gupta,Ranchi,JH,2023-10-14,N
C104986,Zoya Ghosh,Jaipur,RJ,2022-08-06,Y
C104987,Aditya Roy,Ranchi,JH,2022-12-11,N
C104988,Amit Gill,Visakhapatnam,AP,2024-10-12,N
C104989,Sai Sandhu,Nashik,MH,2024-09-10,N
C104990,Sneha Kumar,Jaipur,RJ,2024-10-11,Y
C104991,Daniel Shah,Ranchi,JH,2022-12-11,N
C104992,Arjun Bhatt,Nashik,MH,2024-08-22,N
C104993,Kunal Ghosh,Nagpur,MH,2023-12-20,Y
C104994,Ishaan Tiwari,Kolkata,WB,2022-12-31,N
C104995,Yash Bansal,Patna,BR,2022-07-26,Y
C104996,Steven Bhatt,Bhopal,MP,2022-09-07,N
C104997,Divya Pandey,Lucknow,UP,2023-03-09,N
C104998,Farah Pereira,Pune,MH,2024-11-09,N
C104999,Diya Mathew,Jaipur,RJ,2022-12-15,N
C105000,Swati Ghosh,Chandigarh,CH,2023-02-12,N
C105001,Anjali Yadav,Jaipur,RJ,2024-03-31,Y
C105002,Ramesh Sharma,Indore,MP,2023-10-13,Y
C105003,Ayaan George,Nashik,MH,2024-02-15,N
C105004,Ayaan Deshpande,Bhopal,MP,2024-09-05,N
C105005,Megha Verma,Kolkata,WB,2022-07-31,N
C105006,Sunita Iyer,Mysuru,KA,2024-06-17,N
C105007,Rohan Pawar,Bengaluru,KA,2024-01-01,N
C105008,Rahul Pillai,Chandigarh,CH,2022-08-24,Y
C105009,Ritika Pandey,Ahmedabad,GJ,2024-06-05,Y
C105010,Abhishek Khan,Bhubaneswar,OR,2023-01-31,N
C105011,Geeta Shah,Chandigarh,CH,2022-10-05,N
C105012,Bhavna Trivedi,Chandigarh,CH,2023-03-08,N
C105013,Komal Malhotra,Vadodara,GJ,2022-07-16,Y
C105014,Pranav Trivedi,Coimbatore,TN,2024-04-13,N
C105015,Thomas Khan,Pune,MH,2023-11-20,Y
C105016,Thomas Mishra,Ranchi,JH,2024-10-27,N
C105017,Ayaan Jadhav,Nashik,MH,2023-10-06,N
C105018,Anjali Reddy,Hyderabad,TS,2023-02-24,N
C105019,Dev Siddiqui,Pune,MH,2023-01-03,Y
C105020,Aditya Kulkarni,Hyderabad,TS,2023-12-14,Y
C105021,Ishaan Jain,Nashik,MH,2024-10-09,Y
C105022,Lobsang Qureshi,Chandigarh,CH,2023-10-07,N
C105023,Daniel Mishra,Patna,BR,2024-06-24,N
C105024,Aditya Banerjee,Chennai,TN,2023-01-24,Y
C105025,Jaspreet Gaikwad,Mysuru,KA,2024-06-04,Y
C105026,Ritika Arora,Vadodara,GJ,2023-03-10,N
C105027,Tarun George,Coimbatore,TN,2023-12-20,N
C105028,Arjun Nair,Vadodara,GJ,2024-04-11,N
C105029,Tanvi George,Noida,UP,2023-04-09,Y
C105030,Saanvi Mittal,Surat,GJ,2022-12-07,N
C105031,Zaid Mathew,Chennai,TN,2023-01-24,Y
C105032,Payal Bhatt,Hyderabad,TS,2022-07-20,Y
C105033,Aarav Ghosh,Indore,MP,2024-05-20,N
C105034,Suresh Mukherjee,Visakhapatnam,AP,2024-07-15,N
C105035,Krishna Kapoor,Nashik,MH,2023-10-25,N
C105036,Rohan Sheikh,Gurugram,HR,2024-06-08,N
C105037,Tenzin Saxena,Thiruvananthapuram,KL,2024-12-31,Y
C105038,Abhishek Goyal,Kochi,KL,2023-12-31,N
C105039,Gurpreet Malhotra,Raipur,CG,2022-08-03,N
C105040,Divya Saxena,Chandigarh,CH,2024-01-22,N
C105041,Abhishek Bose,Kochi,KL,2024-06-25,Y
C105042,Tarun Ansari,Mumbai,MH,2023-07-24,N
C105043,Vikram Kapoor,Jaipur,RJ,2023-06-16,Y
C105044,Gurpreet Malhotra,Nashik,MH,2022-09-13,Y
C105045,Riya Sandhu,Raipur,CG,2022-09-27,N
C105046,Ramesh Qureshi,Mysuru,KA,2024-02-01,N
C105047,Swati Chatterjee,Gurugram,HR,2024-01-28,N
C105048,Sukhwinder Desai,Vadodara,GJ,2022-11-28,N
C105049,Vihaan Siddiqui,Visakhapatnam,AP,2024-09-24,Y
C105050,Aditya Bhatia,Vadodara,GJ,2022-08-19,Y
C105051,Arjun Deshpande,Mumbai,MH,2024-09-07,N
C105052,Neha Srivastava,Bengaluru,KA,2023-01-22,N
C105053,Farah Rathore,Delhi,DL,2023-10-26,N
C105054,Isha Jain,Chennai,TN,2023-12-12,N
C105055,Divya D'Souza,Bhubaneswar,OR,2024-04-25,Y
C105056,Ritika Malhotra,Chandigarh,CH,2023-08-21,N
C105057,Sunita Siddiqui,Dehradun,UK,2023-03-13,Y
C105058,Sukhwinder Nair,Raipur,CG,2022-11-09,N
C105059,Aishwarya Pandey,Nashik,MH,2024-02-01,Y
C105060,Ritika Agarwal,Mumbai,MH,2023-09-07,N
C105061,Kavya Reddy,Ahmedabad,GJ,2024-11-14,N
C105062,Jaspreet Shah,Visakhapatnam,AP,2023-09-17,Y
C105063,Harpreet Srivastava,Bengaluru,KA,2023-09-08,N
C105064,Saanvi Menon,Bhubaneswar,OR,2023-03-18,N
C105065,Rajat Yadav,Gurugram,HR,2022-08-15,N
C105066,Steven Iyer,Thiruvananthapuram,KL,2024-12-04,Y
C105067,Swati Gupta,Nagpur,MH,2024-03-05,N
C105068,Sameer Malhotra,Patna,BR,2022-11-04,N
C105069,Nisha Goyal,Nagpur,MH,2024-01-02,N
C105070,Pranav Roy,Mumbai,MH,2023-08-22,N
C105071,Diya Mehta,Indore,MP,2024-12-22,N
C105072,Rohan Mittal,Bengaluru,KA,2023-04-22,Y
C105073,Kabir Gaikwad,Hyderabad,TS,2023-04-08,N
C105074,Sukhwinder Deshpande,Mysuru,KA,2024-03-09,Y
C105075,Rahul Menon,Noida,UP,2023-12-04,Y
C105076,Sameer Srivastava,Hyderabad,TS,2024-05-15,N
C105077,Swati Deshpande,Ahmedabad,GJ,2022-09-27,N
C105078,Vivaan Naidu,Dehradun,UK,2023-10-13,N
C105079,Geeta Dhillon,Ahmedabad,GJ,2023-02-03,N
C105080,Divya Desai,Ahmedabad,GJ,2023-06-16,N
C105081,Harsh Kaur,Indore,MP,2024-11-05,N
C105082,Manpreet Pereira,Bengaluru,KA,2022-12-08,Y
C105083,Amit Jain,Kochi,KL,2023-11-16,N
C105084,Arjun D'Souza,Bhubaneswar,OR,2023-03-16,Y
C105085,Arjun Mishra,Gurugram,HR,2024-03-01,Y
C105086,Riya Gaikwad,Dehradun,UK,2024-04-01,Y
C105087,Jaspreet Siddiqui,Coimbatore,TN,2023-04-21,Y
C105088,Abhishek George,Pune,MH,2023-04-22,Y
C105089,Aditya Sethi,Guwahati,AS,2022-12-14,N
C105090,Tenzin Joshi,Bengaluru,KA,2024-01-01,N
C105091,Lakshmi Verma,Hyderabad,TS,2022-09-29,N
C105092,Ayaan Shinde,Jaipur,RJ,2024-06-14,Y
C105093,Aishwarya Sheikh,Bhubaneswar,OR,2024-04-01,Y
C105094,Sai Deshpande,Indore,MP,2023-01-03,N
C105095,Kavya Kapoor,Coimbatore,TN,2024-12-15,N
C105096,Zaid Bose,Bhubaneswar,OR,2023-03-21,Y
C105097,Tarun Dhillon,Delhi,DL,2023-07-14,N
C105098,Dev Nair,Ranchi,JH,2022-07-19,N
C105099,Riya Chatterjee,Surat,GJ,2023-04-17,Y
C105100,Mohammed Nair,Bhopal,MP,2023-11-21,N
C105101,Yash Joshi,Thiruvananthapuram,KL,2022-08-31,N
C105102,Arjun Das,Coimbatore,TN,2023-04-25,N
C105103,Lakshmi Gaikwad,Visakhapatnam,AP,2024-07-19,N
C105104,Tanvi Rathore,Bengaluru,KA,2024-04-27,Y
C105105,Meera Sethi,Bengaluru,KA,2023-07-17,N
C105106,Gurpreet Goyal,Jaipur,RJ,2022-08-26,N
C105107,Ishaan Desai,Hyderabad,TS,2024-07-16,N
C105108,Rajat Srivastava,Mumbai,MH,2024-04-10,Y
C105109,Rohan Deshpande,Bengaluru,KA,2023-12-27,N
C105110,Megha Srivastava,Hyderabad,TS,2023-02-18,Y
C105111,Thomas Sen,Raipur,CG,2024-10-02,N
C105112,Aditya Pillai,Nagpur,MH,2024-12-28,Y
C105113,Bhavna Gupta,Nagpur,MH,2022-12-05,Y
C105114,Sunita Chatterjee,Kochi,KL,2023-06-10,N
C105115,Meera Sethi,Lucknow,UP,2024-10-21,Y
C105116,Zoya Das,Patna,BR,2023-07-16,N
C105117,Arjun Ghosh,Gurugram,HR,2023-02-05,N
C105118,Saanvi Kumar,Coimbatore,TN,2022-09-01,Y
C105119,Dev Sandhu,Nashik,MH,2023-09-03,N
C105120,Aarav Rao,Surat,GJ,2023-12-30,Y
C105121,Riya Pillai,Dehradun,UK,2023-02-08,N
C105122,Ayaan Joshi,Chennai,TN,2023-09-04,N
C105123,Vihaan Qureshi,Mumbai,MH,2022-09-09,N
C105124,Ankit Joshi,Guwahati,AS,2024-04-17,N
C105125,Aditya Khan,Raipur,CG,2023-01-29,N
C105126,Rohan Joshi,Gurugram,HR,2024-02-04,Y
C105127,Swati George,Guwahati,AS,2023-07-31,N
C105128,Divya Kapoor,Chennai,TN,2022-09-15,Y
C105129,Vivaan Siddiqui,Kolkata,WB,2024-07-05,Y
C105130,Steven Naidu,Kochi,KL,2023-07-23,Y
C105131,Zaid Chatterjee,Jaipur,RJ,2024-08-11,N
C105132,Nisha Bhatt,Bhubaneswar,OR,2022-09-25,Y
C105133,Geeta Goyal,Mysuru,KA,2022-11-30,N
C105134,Priya Malhotra,Surat,GJ,2024-11-19,N
C105135,Ritika Sandhu,Kochi,KL,2024-10-29,Y
C105136,Farah Khan,Chandigarh,CH,2022-12-13,N
C105137,Shreya Pandey,Guwahati,AS,2022-09-15,N
C105138,Simran Tiwari,Delhi,DL,2023-04-23,N
C105139,Suresh Ansari,Chandigarh,CH,2023-10-28,N
C105140,Farah Mukherjee,Mumbai,MH,2022-12-05,N
C105141,Imran Pillai,Hyderabad,TS,2023-02-09,N
C105142,Zaid Gill,Hyderabad,TS,2024-05-12,N
C105143,Reyansh Sandhu,Mysuru,KA,2022-11-14,N
C105144,Kunal Mittal,Kochi,KL,2023-10-28,Y
C105145,Megha Ansari,Mumbai,MH,2023-12-17,Y
C105146,Karan Kumar,Raipur,CG,2023-03-30,N
C105147,Deepak Banerjee,Vadodara,GJ,2024-02-13,N
C105148,Anjali Saxena,Mysuru,KA,2023-01-08,N
C105149,Sukhwinder Khanna,Nashik,MH,2023-06-04,Y
C105150,Nisha Patel,Guwahati,AS,2024-10-23,Y
C105151,Vihaan Kapoor,Indore,MP,2023-10-11,N
C105152,Sai Mittal,Bengaluru,KA,2022-12-23,N
C105153,Simran Shah,Raipur,CG,2023-07-03,N
C105154,Sukhwinder Khan,Chandigarh,CH,2024-10-10,N
C105155,Aadhya Chauhan,Ahmedabad,GJ,2023-03-26,Y
C105156,Reyansh Trivedi,Visakhapatnam,AP,2024-02-21,Y
C105157,Gurpreet Yadav,Indore,MP,2024-08-06,Y
C105158,Shreya Shah,Kochi,KL,2023-11-04,Y
C105159,Zaid Chopra,Surat,GJ,2024-01-13,N
C105160,Swati Kapoor,Nashik,MH,2023-09-09,N
C105161,Imran Pawar,Indore,MP,2022-10-11,Y
C105162,Manish Nair,Jaipur,RJ,2023-04-18,Y
C105163,Sai Desai,Bengaluru,KA,2023-10-06,N
C105164,Harsh Varghese,Kolkata,WB,2024-08-17,N
C105165,Farah Mishra,Jaipur,RJ,2024-07-03,N
C105166,Rajat Gill,Pune,MH,2023-08-11,N
C105167,Abhishek Mishra,Vadodara,GJ,2024-12-04,N
C105168,Harsh Trivedi,Raipur,CG,2024-02-17,N
C105169,Ramesh Chatterjee,Indore,MP,2024-04-05,N
C105170,Isha Trivedi,Pune,MH,2023-02-08,N
C105171,Geeta Verma,Indore,MP,2023-09-09,N
C105172,Harsh Chatterjee,Raipur,CG,2024-11-09,Y
C105173,Sameer Kaur,Bhopal,MP,2024-04-07,N
C105174,Om Banerjee,Bhopal,MP,2023-10-30,Y
C105175,Krishna Naidu,Gurugram,HR,2023-01-26,N
C105176,Simran Dhillon,Hyderabad,TS,2023-09-21,N
C105177,Siddharth Gaikwad,Bhubaneswar,OR,2023-03-12,N
C105178,Kunal Deshpande,Kolkata,WB,2023-02-04,N
C105179,Sai Ghosh,Jaipur,RJ,2024-09-17,Y
C105180,Jaspreet Chopra,Gurugram,HR,2023-11-21,N
C105181,Diya Pillai,Mysuru,KA,2024-12-21,N
C105182,Krishna Bansal,Ahmedabad,GJ,2023-06-06,Y
C105183,Amit Menon,Kolkata,WB,2022-12-03,N
C105184,Krishna Ghosh,Pune,MH,2022-08-31,N
C105185,Deepak Desai,Bhubaneswar,OR,2023-08-20,N
C105186,Ramesh Arora,Guwahati,AS,2022-07-25,Y
C105187,Rohan Varghese,Raipur,CG,2022-12-23,Y
C105188,Shreya Pereira,Ahmedabad,GJ,2023-11-15,N
C105189,Diya Sheikh,Ahmedabad,GJ,2023-05-25,N
C105190,Aarav Rao,Kochi,KL,2024-03-15,Y
C105191,Rohit Yadav,Delhi,DL,2023-11-11,Y
C105192,Vikram Bhatt,Ranchi,JH,2023-01-23,Y
C105193,Sameer Mehta,Mumbai,MH,2023-04-08,Y
C105194,Siddharth Pawar,Ahmedabad,GJ,2022-10-24,N
C105195,Vivaan Varghese,Surat,GJ,2022-10-08,Y
C105196,Jaspreet Bansal,Pune,MH,2022-10-28,N
C105197,Ankit Agarwal,Ranchi,JH,2022-10-24,N
C105198,Nikhil Pandey,Visakhapatnam,AP,2023-03-20,N
C105199,Anjali Fernandes,Patna,BR,2023-09-07,N
C105200,Kunal Mittal,Gurugram,HR,2023-12-08,N
C105201,Aarav Agarwal,Raipur,CG,2024-03-18,Y
C105202,Aarav Jadhav,Coimbatore,TN,2023-05-03,N
C105203,Mohammed Mukherjee,Hyderabad,TS,2023-07-21,N
C105204,Shreya Desai,Vadodara,GJ,2024-10-03,N
C105205,Arjun Nair,Pune,MH,2024-04-22,N
C105206,Payal Chatterjee,Chandigarh,CH,2023-01-02,N
C105207,Divya Goyal,Lucknow,UP,2023-09-08,N
C105208,Daniel Mukherjee,Nashik,MH,2024-08-18,N
C105209,Meera Dutta,Gurugram,HR,2023-09-13,N
C105210,Megha Khanna,Indore,MP,2023-06-23,N
C105211,Rahul Mukherjee,Nagpur,MH,2023-01-26,Y
C105212,Ayaan Reddy,Mumbai,MH,2023-06-09,Y
C105213,Tanvi Gill,Noida,UP,2022-10-09,N
C105214,Divya Patel,Indore,MP,2022-07-26,Y
C105215,Rahul Verma,Jaipur,RJ,2023-06-17,N
C105216,Payal Rao,Thiruvananthapuram,KL,2022-09-28,Y
C105217,Nisha Varghese,Guwahati,AS,2024-09-06,N
C105218,Geeta Srivastava,Bhubaneswar,OR,2024-07-18,N
C105219,Vihaan Ghosh,Nashik,MH,2024-06-29,N
C105220,Vihaan Rao,Gurugram,HR,2024-11-09,Y
C105221,Sneha Kumar,Bhubaneswar,OR,2024-05-07,Y
C105222,Pooja Yadav,Chandigarh,CH,2023-05-08,Y
C105223,Shreya Goyal,Mysuru,KA,2023-06-10,N
C105224,Saanvi Bhatia,Guwahati,AS,2023-09-18,N
C105225,Vikram Mishra,Hyderabad,TS,2024-07-20,N
C105226,Amit George,Mumbai,MH,2024-09-27,N
C105227,Lobsang Kapoor,Surat,GJ,2022-10-03,N
C105228,Ankit Dhillon,Noida,UP,2024-05-12,Y
C105229,Riya Dhillon,Kolkata,WB,2024-10-07,Y
C105230,Kavya Varghese,Surat,GJ,2023-01-24,N
C105231,Isha Nair,Delhi,DL,2024-10-26,N
C105232,Divya Kaur,Coimbatore,TN,2023-02-05,N
C105233,Tanvi Fernandes,Ranchi,JH,2024-05-28,N
C105234,Daniel Sethi,Lucknow,UP,2023-06-15,Y
C105235,Ananya Kumar,Ranchi,JH,2024-10-26,N
C105236,Jaspreet Jain,Ahmedabad,GJ,2023-04-07,N
C105237,Nisha Mukherjee,Ranchi,JH,2023-11-16,N
C105238,Ramesh Fernandes,Bengaluru,KA,2024-10-02,N
C105239,Ritika Pillai,Nashik,MH,2024-04-11,N
C105240,Mohammed Mathew,Dehradun,UK,2024-04-04,N
C105241,Diya Reddy,Hyderabad,TS,2023-11-24,N
C105242,Karan Bhatia,Ahmedabad,GJ,2024-04-28,N
C105243,Lobsang D'Souza,Chennai,TN,2022-12-24,Y
C105244,Simran Menon,Chandigarh,CH,2022-08-09,Y
C105245,Nikhil Mukherjee,Gurugram,HR,2024-02-10,Y
C105246,Sunita Mathew,Mysuru,KA,2023-03-22,Y
C105247,Geeta Sandhu,Kolkata,WB,2023-11-19,Y
C105248,Dev Mehta,Mumbai,MH,2024-01-30,N
C105249,Aditya Mittal,Ahmedabad,GJ,2024-01-28,Y
C105250,Faisal George,Chandigarh,CH,2023-05-13,N
C105251,Bhavna Pawar,Nashik,MH,2024-07-02,N
C105252,Tenzin Bhatt,Bhopal,MP,2024-01-05,N
C105253,Steven Pillai,Thiruvananthapuram,KL,2022-09-14,Y
C105254,Megha Deshpande,Ahmedabad,GJ,2024-07-04,N
C105255,Meera Shah,Vadodara,GJ,2024-12-14,Y
C105256,Karan Pillai,Chennai,TN,2023-05-22,N
C105257,Rohit Pawar,Hyderabad,TS,2024-10-02,N
C105258,Varun Malhotra,Mumbai,MH,2023-03-17,N
C105259,Simran Pandey,Noida,UP,2023-08-11,Y
C105260,Mohammed Bansal,Thiruvananthapuram,KL,2024-01-07,Y
C105261,Isha Mishra,Surat,GJ,2022-10-22,Y
C105262,Sukhwinder Saxena,Dehradun,UK,2022-12-03,N
C105263,Nisha Mathew,Nagpur,MH,2024-07-05,Y
C105264,Ananya Agarwal,Dehradun,UK,2024-07-02,N
C105265,Pranav Kulkarni,Hyderabad,TS,2024-04-07,Y
C105266,Deepak D'Souza,Bengaluru,KA,2023-09-30,Y
C105267,Ananya George,Vadodara,GJ,2023-12-10,N
C105268,Jaspreet Saxena,Bhopal,MP,2023-04-20,N
C105269,Lobsang Kapoor,Nagpur,MH,2024-12-24,N
C105270,Ritika Kapoor,Patna,BR,2023-07-18,N
C105271,Zoya Sheikh,Bhubaneswar,OR,2023-01-19,Y
C105272,Sukhwinder George,Nagpur,MH,2024-04-04,Y
C105273,Divya Roy,Dehradun,UK,2022-09-20,Y
C105274,Siddharth Khan,Raipur,CG,2024-10-12,Y
C105275,Imran Sheikh,Indore,MP,2023-07-08,N
C105276,Harsh Gupta,Chennai,TN,2023-02-14,Y
C105277,Sunita Bose,Bengaluru,KA,2022-10-17,N
C105278,Rohan Bose,Chennai,TN,2024-07-22,N
C105279,Zoya Dutta,Indore,MP,2024-02-24,Y
C105280,Kavya Bhatia,Lucknow,UP,2023-06-04,N
C105281,Sunita Rathore,Noida,UP,2024-01-27,N
C105282,Aishwarya Chopra,Chandigarh,CH,2024-10-26,N
C105283,Diya Yadav,Kolkata,WB,2023-12-28,Y
C105284,Reyansh Ansari,Lucknow,UP,2023-04-27,N
C105285,Bhavna Ghosh,Surat,GJ,2023-01-25,Y
C105286,Steven Sheikh,Bhubaneswar,OR,2024-12-27,Y
C105287,Deepak Sen,Patna,BR,2022-09-04,N
C105288,Rohit Mehta,Kolkata,WB,2022-08-16,N
C105289,Rohan George,Visakhapatnam,AP,2022-07-18,N
C105290,Vivaan Srivastava,Gurugram,HR,2023-01-02,N
C105291,Ishaan Agarwal,Indore,MP,2022-10-18,Y
C105292,Tenzin Mukherjee,Ahmedabad,GJ,2023-12-16,N
C105293,Sai Pereira,Thiruvananthapuram,KL,2024-04-03,Y
C105294,Vivaan Joshi,Ranchi,JH,2024-04-01,N
C105295,Pranav Bhatia,Nashik,MH,2023-01-22,Y
C105296,Ayaan Tiwari,Nagpur,MH,2024-01-04,N
C105297,Isha Yadav,Mumbai,MH,2023-02-23,N
C105298,Karan Gaikwad,Mumbai,MH,2024-01-21,N
C105299,Mohammed Shinde,Lucknow,UP,2022-08-27,Y
C105300,Manpreet Sheikh,Indore,MP,2024-11-06,Y
C105301,Payal Mukherjee,Jaipur,RJ,2022-12-08,Y
C105302,Neha Goyal,Nashik,MH,2023-11-25,N
C105303,Lobsang Fernandes,Jaipur,RJ,2024-07-12,Y
C105304,Sukhwinder Deshpande,Ahmedabad,GJ,2024-09-08,N
C105305,Arjun Rathore,Pune,MH,2023-06-15,N
C105306,Rajat Pereira,Mysuru,KA,2024-10-25,Y
C105307,Dev Yadav,Chandigarh,CH,2023-03-30,N
C105308,Gurpreet Bhatia,Nashik,MH,2023-04-18,N
C105309,Steven Goyal,Mumbai,MH,2024-08-29,Y
C105310,Saanvi Fernandes,Chennai,TN,2023-01-25,N
C105311,Abhishek Chatterjee,Chandigarh,CH,2024-08-10,N
C105312,Anjali Bhatia,Raipur,CG,2024-10-31,N
C105313,Mohammed Ghosh,Lucknow,UP,2022-09-10,N
C105314,Aditya Patil,Hyderabad,TS,2022-09-25,N
C105315,Riya Mehta,Patna,BR,2023-07-16,N
C105316,Faisal Fernandes,Patna,BR,2023-04-18,N
C105317,Ananya Malhotra,Lucknow,UP,2023-01-04,Y
C105318,Anjali Arora,Mumbai,MH,2022-07-16,N
C105319,Ramesh Kulkarni,Bhopal,MP,2022-10-27,N
C105320,Vivaan Dhillon,Vadodara,GJ,2024-01-08,Y
C105321,Manish Sharma,Visakhapatnam,AP,2022-08-02,N
C105322,Kavya Bose,Noida,UP,2022-11-08,Y
C105323,Manpreet Verma,Thiruvananthapuram,KL,2023-06-27,N
C105324,Payal Fernandes,Delhi,DL,2024-11-30,N
C105325,Jaspreet Mishra,Hyderabad,TS,2024-10-21,N
C105326,Om D'Souza,Mysuru,KA,2024-06-03,Y
C105327,Zoya Goyal,Hyderabad,TS,2024-02-09,N
C105328,Karan Trivedi,Kolkata,WB,2023-07-22,N
C105329,Jaspreet Desai,Surat,GJ,2024-03-25,N
C105330,Arjun Kaur,Bhopal,MP,2024-10-05,Y
C105331,Lobsang Yadav,Kochi,KL,2023-02-20,N
C105332,Yash Trivedi,Ranchi,JH,2024-07-07,N
C105333,Ankit Deshpande,Dehradun,UK,2023-03-20,N
C105334,Joseph Menon,Dehradun,UK,2024-10-01,N
C105335,Aditya Singh,Pune,MH,2024-01-29,Y
C105336,Karan Mukherjee,Raipur,CG,2023-12-19,N
C105337,Sai Chopra,Guwahati,AS,2022-12-28,Y
C105338,Suresh Dutta,Chandigarh,CH,2022-12-02,N
C105339,Siddharth Khan,Delhi,DL,2024-11-29,N
C105340,Simran Roy,Thiruvananthapuram,KL,2022-07-17,N
C105341,Jaspreet Chauhan,Indore,MP,2022-09-12,N
C105342,Amit Tiwari,Lucknow,UP,2023-09-22,N
C105343,Pranav Patel,Vadodara,GJ,2024-11-17,Y
C105344,Simran Bhatia,Indore,MP,2024-12-09,Y
C105345,Harpreet George,Patna,BR,2023-09-10,N
C105346,Reyansh Jain,Hyderabad,TS,2022-09-26,N
C105347,Payal Rathore,Ahmedabad,GJ,2024-05-01,Y
C105348,Farah Gupta,Surat,GJ,2022-09-19,N
C105349,Arjun Jain,Raipur,CG,2024-12-09,N
C105350,Swati Deshpande,Nashik,MH,2023-05-22,Y
C105351,Riya Pillai,Lucknow,UP,2022-10-06,N
C105352,Rohan Khan,Ahmedabad,GJ,2023-10-31,N
C105353,Vikram Kaur,Bhopal,MP,2022-10-08,N
C105354,Ayaan Sandhu,Surat,GJ,2023-10-17,N
C105355,Aishwarya Qureshi,Delhi,DL,2023-10-09,N
C105356,Steven Qureshi,Mumbai,MH,2022-09-12,Y
C105357,Komal Patil,Kolkata,WB,2023-09-18,Y
C105358,Rajat Bansal,Noida,UP,2023-03-27,N
C105359,Sai Saxena,Bhubaneswar,OR,2022-07-30,Y
C105360,Anjali Bhatia,Dehradun,UK,2023-12-27,Y
C105361,Lakshmi Pillai,Vadodara,GJ,2024-04-07,N
C105362,Harsh Shah,Ahmedabad,GJ,2024-01-31,N
C105363,Harsh Fernandes,Dehradun,UK,2024-08-20,N
C105364,Krishna Joshi,Kolkata,WB,2024-12-11,N
C105365,Nikhil Menon,Bengaluru,KA,2023-04-25,Y
C105366,Rahul Yadav,Noida,UP,2023-06-18,N
C105367,Thomas Rathore,Vadodara,GJ,2024-02-04,Y
C105368,Diya Kapoor,Chennai,TN,2022-10-31,Y
C105369,Amit Deshpande,Kochi,KL,2024-07-02,N
C105370,Jaspreet Chatterjee,Bhubaneswar,OR,2023-08-23,N
C105371,Nisha Naidu,Lucknow,UP,2024-07-02,N
C105372,Imran Bansal,Hyderabad,TS,2023-12-16,N
C105373,Ritika Rao,Mysuru,KA,2024-12-31,N
C105374,Isha Arora,Chennai,TN,2023-09-02,N
C105375,Dev Pawar,Guwahati,AS,2024-10-11,Y
C105376,Ayaan Arora,Dehradun,UK,2024-07-27,N
C105377,Nisha Qureshi,Jaipur,RJ,2023-11-19,Y
C105378,Faisal Joshi,Indore,MP,2024-10-11,Y
C105379,Geeta Mukherjee,Mumbai,MH,2024-09-29,Y
C105380,Tanvi Bose,Guwahati,AS,2022-10-11,N
C105381,Rajat Sethi,Indore,MP,2024-05-18,N
C105382,Sameer Chatterjee,Thiruvananthapuram,KL,2024-07-28,N
C105383,Zaid Ansari,Vadodara,GJ,2023-02-28,N
C105384,Aarav Desai,Gurugram,HR,2023-04-13,N
C105385,Harsh Ansari,Mysuru,KA,2024-01-26,Y
C105386,Ritika Dutta,Bengaluru,KA,2023-01-17,Y
C105387,Suresh Qureshi,Thiruvananthapuram,KL,2022-10-23,N
C105388,Payal Nair,Jaipur,RJ,2023-12-11,N
C105389,Payal Pandey,Noida,UP,2023-11-21,N
C105390,Tenzin Jain,Nashik,MH,2023-07-12,N
C105391,Komal George,Surat,GJ,2022-12-25,Y
C105392,Krishna Bhatt,Patna,BR,2022-09-02,N
C105393,Aditya Rathore,Bhubaneswar,OR,2024-02-08,N
C105394,Karan Kumar,Gurugram,HR,2024-03-28,N
C105395,Divya Rathore,Chennai,TN,2024-03-14,N
C105396,Aditya Rao,Kolkata,WB,2024-10-07,N
C105397,Payal Singh,Pune,MH,2023-09-24,N
C105398,Ritika Kaur,Bhopal,MP,2023-09-16,N
C105399,Reyansh Pereira,Bengaluru,KA,2024-09-15,N
C105400,Farah Menon,Chennai,TN,2023-09-19,N
C105401,Anjali Arora,Pune,MH,2023-11-23,Y
C105402,Ankit Joshi,Nagpur,MH,2023-12-19,Y
C105403,Riya Mathew,Mumbai,MH,2023-06-09,N
C105404,Sneha Iyer,Jaipur,RJ,2024-07-01,N
C105405,Daniel Kapoor,Patna,BR,2023-06-08,N
C105406,Riya Patel,Bhubaneswar,OR,2022-12-20,N
C105407,Tanvi Dhillon,Bhubaneswar,OR,2022-10-25,N
C105408,Ramesh Saxena,Guwahati,AS,2022-09-05,Y
C105409,Thomas Saxena,Visakhapatnam,AP,2024-09-02,N
C105410,Vikram Gill,Thiruvananthapuram,KL,2023-02-23,N
C105411,Abhishek Singh,Surat,GJ,2023-01-06,Y
C105412,Thomas Roy,Vadodara,GJ,2022-12-15,N
C105413,Dev Patel,Lucknow,UP,2024-01-07,N
C105414,Ramesh Goyal,Surat,GJ,2023-07-30,N
C105415,Ishaan Kapoor,Hyderabad,TS,2024-02-21,Y
C105416,Tenzin Patel,Visakhapatnam,AP,2024-09-21,N
C105417,Harpreet Jadhav,Visakhapatnam,AP,2023-05-20,Y
C105418,Deepak Mittal,Gurugram,HR,2024-12-01,Y
C105419,Vikram Das,Mumbai,MH,2024-10-07,Y
C105420,Manpreet Mishra,Lucknow,UP,2023-10-25,N
C105421,Sukhwinder Shah,Hyderabad,TS,2023-06-18,Y
C105422,Kunal Dhillon,Surat,GJ,2022-08-27,N
C105423,Priya Verma,Bengaluru,KA,2023-08-23,Y
C105424,Krishna Gill,Chennai,TN,2023-02-23,N
C105425,Sameer Sen,Thiruvananthapuram,KL,2024-07-03,N
C105426,Shreya Mittal,Dehradun,UK,2023-04-06,Y
C105427,Steven Chatterjee,Pune,MH,2023-08-21,N
C105428,Sai Trivedi,Pune,MH,2023-08-27,Y
C105429,Farah Patel,Chandigarh,CH,2024-04-06,N
C105430,Geeta Saxena,Patna,BR,2024-05-20,Y
C105431,Deepak Bhatt,Mysuru,KA,2023-03-10,N
C105432,Steven Arora,Chandigarh,CH,2024-05-05,N
C105433,Ishaan Trivedi,Kolkata,WB,2024-12-16,N
C105434,Sai Das,Bhopal,MP,2024-02-29,N
C105435,Imran Chatterjee,Kochi,KL,2022-12-18,N
C105436,Zaid Kapoor,Patna,BR,2024-08-31,Y
C105437,Ishaan Gaikwad,Mumbai,MH,2024-12-28,Y
C105438,Zoya Pillai,Noida,UP,2023-04-21,N
C105439,Diya Dhillon,Mumbai,MH,2024-05-30,N
C105440,Ritika Patel,Gurugram,HR,2024-06-14,N
C105441,Arjun Shinde,Visakhapatnam,AP,2023-10-07,Y
C105442,Rahul Chauhan,Hyderabad,TS,2022-09-11,N
C105443,Payal Chatterjee,Bhopal,MP,2023-11-30,Y
C105444,Sukhwinder Ghosh,Visakhapatnam,AP,2023-01-10,N
C105445,Yash Sethi,Gurugram,HR,2023-05-27,N
C105446,Harsh Menon,Noida,UP,2023-10-04,N
C105447,Krishna Shah,Patna,BR,2024-12-20,N
C105448,Nikhil Ghosh,Coimbatore,TN,2022-12-27,N
C105449,Tanvi Gill,Bhopal,MP,2023-04-20,Y
C105450,Karan Das,Raipur,CG,2022-07-23,Y
C105451,Ananya Sethi,Nagpur,MH,2022-07-25,N
C105452,Tenzin Bansal,Patna,BR,2024-01-29,Y
C105453,Sameer Pereira,Kochi,KL,2022-11-03,Y
C105454,Tanvi Joshi,Ranchi,JH,2024-08-04,N
C105455,Daniel Mishra,Coimbatore,TN,2023-02-20,N
C105456,Tarun Rathore,Pune,MH,2023-04-29,Y
C105457,Jaspreet Gaikwad,Noida,UP,2023-12-22,Y
C105458,Sneha Verma,Ranchi,JH,2024-11-18,N
C105459,Rohit Rao,Delhi,DL,2023-03-29,N
C105460,Imran Das,Dehradun,UK,2023-07-11,Y
C105461,Meera Pereira,Dehradun,UK,2023-05-26,N
C105462,Rahul Desai,Noida,UP,2024-08-09,Y
C105463,Ishaan Khanna,Ahmedabad,GJ,2024-11-22,Y
C105464,Meera D'Souza,Ranchi,JH,2023-03-09,N
C105465,Sai Agarwal,Noida,UP,2024-06-18,Y
C105466,Harpreet Desai,Nashik,MH,2022-09-02,Y
C105467,Aditya D'Souza,Nashik,MH,2022-09-18,N
C105468,Payal Pawar,Noida,UP,2023-06-24,N
C105469,Faisal Jain,Pune,MH,2022-09-05,N
C105470,Diya Joshi,Nashik,MH,2024-06-26,Y
C105471,Rahul Reddy,Gurugram,HR,2023-10-27,N
C105472,Pranav Deshpande,Delhi,DL,2023-07-29,N
C105473,Dev Patel,Thiruvananthapuram,KL,2022-09-03,N
C105474,Tenzin Joshi,Noida,UP,2023-12-20,N
C105475,Dev Shah,Mysuru,KA,2023-08-06,N
C105476,Om Das,Ahmedabad,GJ,2024-03-10,N
C105477,Bhavna Fernandes,Gurugram,HR,2023-02-21,Y
C105478,Kabir Rao,Indore,MP,2023-02-03,Y
C105479,Krishna Singh,Hyderabad,TS,2024-08-30,N
C105480,Rahul Dutta,Mysuru,KA,2024-01-19,N
C105481,Kavya Reddy,Bhubaneswar,OR,2024-02-18,N
C105482,Manpreet Goyal,Surat,GJ,2023-09-16,Y
C105483,Bhavna Roy,Mysuru,KA,2023-09-07,N
C105484,Gurpreet Iyer,Chandigarh,CH,2023-12-10,Y
C105485,Ayaan Banerjee,Lucknow,UP,2024-09-15,N
C105486,Priya Saxena,Pune,MH,2024-11-03,Y
C105487,Shreya Gill,Coimbatore,TN,2022-11-04,N
C105488,Suresh Trivedi,Thiruvananthapuram,KL,2023-02-16,N
C105489,Riya Chopra,Kolkata,WB,2024-08-23,N
C105490,Ankit Bhatt,Patna,BR,2024-05-08,N
C105491,Tarun Kapoor,Coimbatore,TN,2024-01-03,N
C105492,Sukhwinder Chopra,Thiruvananthapuram,KL,2022-12-16,N
C105493,Amit Rathore,Kolkata,WB,2024-08-01,N
C105494,Isha Menon,Raipur,CG,2023-09-17,Y
C105495,Yash Mittal,Pune,MH,2022-10-10,N
C105496,Kunal Bose,Nashik,MH,2023-03-29,N
C105497,Isha Kapoor,Gurugram,HR,2024-12-06,N
C105498,Ayaan Kumar,Thiruvananthapuram,KL,2022-08-08,N
C105499,Siddharth Banerjee,Coimbatore,TN,2022-11-12,N
C105500,Neha Gaikwad,Kochi,KL,2024-02-13,N
C105501,Yash George,Visakhapatnam,AP,2023-10-22,Y
C105502,Saanvi Naidu,Indore,MP,2023-10-21,Y
C105503,Kabir Pillai,Kolkata,WB,2023-02-04,N
C105504,Steven Patel,Chennai,TN,2024-05-16,N
C105505,Tanvi Bhatt,Nagpur,MH,2022-12-31,N
C105506,Arjun Sen,Nashik,MH,2024-12-03,Y
C105507,Pranav Kumar,Lucknow,UP,2024-06-29,N
C105508,Komal Kapoor,Nagpur,MH,2024-11-30,N
C105509,Divya Agarwal,Gurugram,HR,2023-03-27,N
C105510,Ramesh Desai,Coimbatore,TN,2022-10-04,Y
C105511,Payal George,Dehradun,UK,2023-06-06,N
C105512,Rahul Saxena,Visakhapatnam,AP,2022-11-04,N
C105513,Harsh Sharma,Kolkata,WB,2022-10-11,N
C105514,Abhishek Rathore,Coimbatore,TN,2024-03-19,Y
C105515,Harpreet Fernandes,Visakhapatnam,AP,2023-04-21,N
C105516,Sai Srivastava,Gurugram,HR,2023-12-21,N
C105517,Divya Bose,Jaipur,RJ,2023-06-26,Y
C105518,Saanvi Mishra,Thiruvananthapuram,KL,2022-08-15,Y
C105519,Tenzin Chatterjee,Lucknow,UP,2022-12-23,N
C105520,Swati Pereira,Hyderabad,TS,2022-11-11,Y
C105521,Meera Malhotra,Guwahati,AS,2022-09-20,N
C105522,Karan Kaur,Ahmedabad,GJ,2023-11-15,N
C105523,Vivaan Chatterjee,Chandigarh,CH,2022-11-24,Y
C105524,Ramesh Mehta,Bhopal,MP,2024-11-02,N
C105525,Deepak Varghese,Surat,GJ,2023-03-31,Y
C105526,Neha Saxena,Indore,MP,2023-10-15,N
C105527,Krishna Qureshi,Mysuru,KA,2023-02-19,N
C105528,Manpreet Rao,Chandigarh,CH,2024-11-17,N
C105529,Pooja Singh,Coimbatore,TN,2023-08-24,N
C105530,Ishaan Jadhav,Vadodara,GJ,2024-02-28,N
C105531,Vikram Gupta,Chandigarh,CH,2024-12-10,N
C105532,Aishwarya Pawar,Patna,BR,2023-08-29,Y
C105533,Neha Sen,Bengaluru,KA,2023-07-12,N
C105534,Steven Chauhan,Lucknow,UP,2024-01-10,N
C105535,Isha Naidu,Lucknow,UP,2023-02-02,Y
C105536,Varun Pillai,Ranchi,JH,2024-09-06,N
C105537,Kavya Shinde,Kochi,KL,2024-01-21,N
C105538,Nikhil Mathew,Ahmedabad,GJ,2023-03-21,N
C105539,Aishwarya Pereira,Delhi,DL,2024-05-06,Y
C105540,Harpreet Bansal,Thiruvananthapuram,KL,2022-08-26,Y
C105541,Thomas Bhatia,Indore,MP,2024-10-09,Y
C105542,Nikhil Sethi,Ranchi,JH,2023-06-17,Y
C105543,Faisal Goyal,Raipur,CG,2024-01-03,N
C105544,Ankit Patel,Ahmedabad,GJ,2023-10-06,N
C105545,Lakshmi Banerjee,Vadodara,GJ,2023-01-03,Y
C105546,Swati Sen,Nashik,MH,2024-02-20,N
C105547,Arjun Naidu,Ranchi,JH,2024-08-03,N
C105548,Divya Shah,Visakhapatnam,AP,2023-03-21,N
C105549,Harpreet Agarwal,Patna,BR,2024-03-29,N
C105550,Dev Sandhu,Mysuru,KA,2024-04-02,Y
C105551,Thomas Banerjee,Bengaluru,KA,2024-01-13,N
C105552,Nikhil Patel,Ranchi,JH,2022-08-14,N
C105553,Riya Mehta,Kochi,KL,2024-07-25,N
C105554,Faisal D'Souza,Bhopal,MP,2023-02-17,N
C105555,Pooja Patel,Bengaluru,KA,2023-11-29,N
C105556,Megha Mehta,Chennai,TN,2024-07-22,Y
C105557,Rahul Kaur,Jaipur,RJ,2024-10-10,Y
C105558,Rohit Dhillon,Ahmedabad,GJ,2024-12-27,N
C105559,Vikram Khan,Surat,GJ,2024-03-01,N
C105560,Siddharth Varghese,Pune,MH,2024-03-10,N
C105561,Aarav Pandey,Delhi,DL,2023-03-15,N
C105562,Meera Pereira,Vadodara,GJ,2024-05-13,N
C105563,Anjali Mathew,Surat,GJ,2023-08-31,N
C105564,Daniel Qureshi,Mysuru,KA,2024-10-28,Y
C105565,Siddharth Chatterjee,Pune,MH,2024-10-12,Y
C105566,Pranav Pereira,Dehradun,UK,2024-02-24,N
C105567,Sai Singh,Chandigarh,CH,2023-05-15,N
C105568,Lobsang Verma,Noida,UP,2022-12-14,N
C105569,Ritika Shah,Delhi,DL,2023-08-11,N
C105570,Ramesh Patil,Patna,BR,2022-09-30,N
C105571,Zoya Qureshi,Vadodara,GJ,2023-05-23,Y
C105572,Lakshmi Jain,Lucknow,UP,2023-11-24,Y
C105573,Daniel Bhatia,Ranchi,JH,2023-01-30,N
C105574,Yash Bhatt,Pune,MH,2023-10-04,N
C105575,Gurpreet Gupta,Ranchi,JH,2023-09-18,N
C105576,Megha Chatterjee,Chennai,TN,2022-10-05,N
C105577,Amit Fernandes,Pune,MH,2022-07-28,N
C105578,Vivaan Mehta,Visakhapatnam,AP,2023-01-21,N
C105579,Isha Varghese,Pune,MH,2022-11-02,N
C105580,Rajat Deshpande,Lucknow,UP,2024-08-12,N
C105581,Suresh Naidu,Jaipur,RJ,2023-07-06,Y
C105582,Yash Bhatia,Guwahati,AS,2024-04-22,N
C105583,Anjali Saxena,Bengaluru,KA,2024-11-12,Y
C105584,Nikhil Gupta,Noida,UP,2023-01-24,N
C105585,Abhishek Bhatia,Visakhapatnam,AP,2024-11-05,N
C105586,Arjun Desai,Lucknow,UP,2022-08-03,Y
C105587,Ankit Mathew,Raipur,CG,2023-10-17,N
C105588,Komal Gaikwad,Raipur,CG,2023-10-19,N
C105589,Abhishek Varghese,Dehradun,UK,2024-08-05,N
C105590,Suresh Pillai,Indore,MP,2024-07-16,N
C105591,Faisal George,Mysuru,KA,2022-08-23,N
C105592,Zaid Singh,Jaipur,RJ,2022-10-29,N
C105593,Pooja Joshi,Visakhapatnam,AP,2024-10-09,Y
C105594,Rohan Mehta,Noida,UP,2024-04-16,N
C105595,Ishaan Kapoor,Bhubaneswar,OR,2024-05-25,Y
C105596,Sukhwinder Das,Raipur,CG,2022-12-22,Y
C105597,Dev Dutta,Bhopal,MP,2022-12-13,Y
C105598,Karan Patil,Visakhapatnam,AP,2022-09-28,N
C105599,Imran Saxena,Ahmedabad,GJ,2024-10-02,N
C105600,Aarav Gupta,Patna,BR,2023-04-29,N
C105601,Manpreet Roy,Dehradun,UK,2023-06-12,N
C105602,Rohan Patel,Delhi,DL,2024-06-15,N
C105603,Jaspreet Chopra,Nagpur,MH,2023-03-09,N
C105604,Manish Chatterjee,Visakhapatnam,AP,2024-05-27,N
C105605,Aditya Pandey,Kochi,KL,2023-12-27,N
C105606,Lobsang Bansal,Ahmedabad,GJ,2024-04-23,N
C105607,Ankit Srivastava,Coimbatore,TN,2022-09-26,N
C105608,Zoya Khanna,Thiruvananthapuram,KL,2024-08-12,N
C105609,Kunal Rathore,Dehradun,UK,2024-10-16,N
C105610,Priya Gaikwad,Kochi,KL,2024-10-25,N
C105611,Saanvi Nair,Raipur,CG,2024-02-03,Y
C105612,Tanvi Pereira,Kochi,KL,2024-06-04,N
C105613,Sunita Singh,Ranchi,JH,2024-01-06,N
C105614,Zoya Ghosh,Ahmedabad,GJ,2024-10-24,N
C105615,Siddharth Sen,Delhi,DL,2023-06-07,N
C105616,Vihaan Das,Guwahati,AS,2024-10-15,N
C105617,Ishaan Bhatia,Chandigarh,CH,2023-09-06,Y
C105618,Isha Ansari,Delhi,DL,2022-08-05,N
C105619,Vivaan Deshpande,Mysuru,KA,2024-02-04,N
C105620,Harpreet Rao,Bhopal,MP,2022-08-02,N
C105621,Rajat George,Dehradun,UK,2024-12-09,N
C105622,Rajat Goyal,Raipur,CG,2024-11-26,N
C105623,Nisha Sen,Lucknow,UP,2023-07-11,Y
C105624,Saanvi Desai,Guwahati,AS,2023-02-13,N
C105625,Aditya Gupta,Indore,MP,2023-10-19,Y
C105626,Kunal Kulkarni,Dehradun,UK,2024-08-27,N
C105627,Aarav Malhotra,Pune,MH,2024-05-25,N
C105628,Rajat Menon,Gurugram,HR,2024-10-05,N
C105629,Dev Malhotra,Bhubaneswar,OR,2023-02-27,N
C105630,Arjun Dhillon,Chandigarh,CH,2023-06-29,N
C105631,Thomas Dhillon,Dehradun,UK,2022-12-20,N
C105632,Kabir Banerjee,Visakhapatnam,AP,2023-07-03,N
C105633,Aishwarya Iyer,Noida,UP,2024-09-30,N
C105634,Dev Gaikwad,Indore,MP,2024-09-09,N
C105635,Anjali Menon,Bhubaneswar,OR,2024-03-24,N
C105636,Vikram Patil,Bengaluru,KA,2024-08-31,N
C105637,Deepak George,Pune,MH,2023-03-26,N
C105638,Krishna Chauhan,Guwahati,AS,2023-07-30,Y
C105639,Komal Dutta,Vadodara,GJ,2023-04-20,Y
C105640,Geeta Dhillon,Hyderabad,TS,2023-07-24,N
C105641,Diya Bansal,Jaipur,RJ,2024-01-18,Y
C105642,Zoya Agarwal,Kochi,KL,2023-10-12,N
C105643,Om Goyal,Guwahati,AS,2023-07-06,Y
C105644,Zaid Siddiqui,Visakhapatnam,AP,2022-07-29,N
C105645,Farah Gupta,Ranchi,JH,2024-09-13,N
C105646,Vikram Siddiqui,Kochi,KL,2023-05-09,N
C105647,Sneha D'Souza,Bengaluru,KA,2023-09-03,Y
C105648,Ramesh Sethi,Ahmedabad,GJ,2024-12-11,N
C105649,Pooja Saxena,Patna,BR,2022-10-14,Y
C105650,Rohan Patil,Kochi,KL,2023-12-11,N
C105651,Lobsang Menon,Bengaluru,KA,2024-03-29,N
C105652,Harpreet Sethi,Lucknow,UP,2023-12-11,N
C105653,Simran Mittal,Jaipur,RJ,2022-08-02,N
C105654,Aarav Sethi,Nagpur,MH,2023-01-19,Y
C105655,Suresh Trivedi,Visakhapatnam,AP,2023-07-10,Y
C105656,Sameer Kaur,Pune,MH,2024-05-09,Y
C105657,Payal Kaur,Mysuru,KA,2024-03-17,N
C105658,Ishaan Fernandes,Guwahati,AS,2022-11-15,N
C105659,Steven Verma,Noida,UP,2022-07-21,Y
C105660,Swati Bansal,Indore,MP,2024-06-09,N
C105661,Ankit Qureshi,Hyderabad,TS,2023-04-08,N
C105662,Aditya Shah,Surat,GJ,2024-10-10,N
C105663,Jaspreet Naidu,Raipur,CG,2023-08-25,N
C105664,Lobsang Deshpande,Chennai,TN,2023-04-29,Y
C105665,Payal Dutta,Bhubaneswar,OR,2022-10-23,N
C105666,Ramesh Bose,Ahmedabad,GJ,2024-03-20,Y
C105667,Aadhya Malhotra,Hyderabad,TS,2023-01-09,N
C105668,Ananya Pawar,Bhubaneswar,OR,2024-07-06,N
C105669,Daniel Mehta,Delhi,DL,2023-10-10,N
C105670,Sameer Agarwal,Visakhapatnam,AP,2024-11-09,N
C105671,Priya Patel,Lucknow,UP,2023-03-26,Y
C105672,Karan Malhotra,Surat,GJ,2022-10-19,N
C105673,Rohan Kulkarni,Raipur,CG,2024-11-29,N
C105674,Tanvi Kapoor,Coimbatore,TN,2024-10-21,Y
C105675,Rajat Kapoor,Bhopal,MP,2023-04-28,N
C105676,Ramesh Fernandes,Dehradun,UK,2023-10-23,Y
C105677,Manish Bhatt,Nashik,MH,2023-05-29,N
C105678,Sameer Das,Kochi,KL,2024-08-31,Y
C105679,Kunal Gupta,Indore,MP,2024-05-09,Y
C105680,Aishwarya George,Mysuru,KA,2023-12-24,Y
C105681,Riya Gaikwad,Chandigarh,CH,2023-08-11,N
C105682,Harsh Chopra,Mumbai,MH,2023-11-19,N
C105683,Deepak Das,Chandigarh,CH,2022-10-23,N
C105684,Divya Shinde,Coimbatore,TN,2024-11-15,Y
C105685,Reyansh Dhillon,Raipur,CG,2023-01-13,N
C105686,Mohammed Dutta,Gurugram,HR,2022-09-05,N
C105687,Deepak Agarwal,Delhi,DL,2023-09-02,Y
C105688,Kavya Chopra,Dehradun,UK,2023-10-17,N
C105689,Mohammed Trivedi,Chennai,TN,2024-05-26,N
C105690,Abhishek Naidu,Noida,UP,2022-11-03,Y
C105691,Anjali Jain,Nashik,MH,2024-02-02,Y
C105692,Zoya Bose,Chennai,TN,2023-12-01,Y
C105693,Tanvi Chopra,Vadodara,GJ,2023-01-09,Y
C105694,Saanvi Agarwal,Delhi,DL,2024-12-19,N
C105695,Farah Pandey,Mysuru,KA,2023-04-21,N
C105696,Sneha Goyal,Bhopal,MP,2023-11-04,N
C105697,Aditya Chopra,Dehradun,UK,2024-06-09,Y
C105698,Rohan Patil,Kochi,KL,2023-08-20,Y
C105699,Deepak Gupta,Thiruvananthapuram,KL,2024-03-13,Y
C105700,Mohammed Shah,Ahmedabad,GJ,2022-11-27,N
C105701,Megha Mehta,Surat,GJ,2023-03-11,Y
C105702,Anjali Sethi,Mumbai,MH,2023-03-26,N
C105703,Lobsang Qureshi,Dehradun,UK,2023-04-18,N
C105704,Ramesh Mukherjee,Visakhapatnam,AP,2024-11-17,Y
C105705,Pranav Iyer,Chennai,TN,2023-11-25,N
C105706,Gurpreet Kapoor,Guwahati,AS,2024-05-10,Y
C105707,Jaspreet D'Souza,Chandigarh,CH,2023-04-27,N
C105708,Karan Sheikh,Ranchi,JH,2024-01-02,Y
C105709,Manpreet Nair,Ahmedabad,GJ,2022-12-13,N
C105710,Steven Chopra,Indore,MP,2022-11-20,N
C105711,Geeta Yadav,Mumbai,MH,2024-12-19,N
C105712,Jaspreet Srivastava,Coimbatore,TN,2024-01-28,N
C105713,Payal Fernandes,Bhubaneswar,OR,2023-04-07,Y
C105714,Lobsang Sen,Nashik,MH,2023-11-05,N
C105715,Swati Kumar,Kochi,KL,2022-12-26,Y
C105716,Nisha Joshi,Raipur,CG,2023-10-17,N
C105717,Karan Trivedi,Coimbatore,TN,2023-10-04,Y
C105718,Zaid Arora,Visakhapatnam,AP,2024-03-11,N
C105719,Divya Joshi,Ahmedabad,GJ,2023-08-06,N
C105720,Saanvi Kulkarni,Nashik,MH,2022-12-10,N
C105721,Neha Malhotra,Guwahati,AS,2024-08-16,N
C105722,Swati Iyer,Lucknow,UP,2023-09-15,Y
C105723,Yash Shah,Surat,GJ,2023-02-18,N
C105724,Ritika Sheikh,Nashik,MH,2024-09-17,N
C105725,Ananya Bhatia,Jaipur,RJ,2024-08-01,N
C105726,Geeta Das,Thiruvananthapuram,KL,2023-01-24,N
C105727,Rajat Menon,Vadodara,GJ,2022-10-06,N
C105728,Suresh Mukherjee,Mumbai,MH,2022-09-25,Y
C105729,Kunal Patel,Mysuru,KA,2022-11-22,Y
C105730,Sneha Patil,Vadodara,GJ,2024-04-06,N
C105731,Rajat Fernandes,Coimbatore,TN,2023-10-26,N
C105732,Sai Dhillon,Mysuru,KA,2024-02-23,Y
C105733,Harpreet Nair,Kolkata,WB,2022-08-10,N
C105734,Joseph Jain,Guwahati,AS,2023-12-08,Y
C105735,Pooja Gaikwad,Chennai,TN,2022-11-20,Y
C105736,Rahul George,Guwahati,AS,2024-11-23,N
C105737,Saanvi Jadhav,Ranchi,JH,2023-06-10,Y
C105738,Aadhya Ghosh,Kochi,KL,2024-09-16,N
C105739,Deepak D'Souza,Guwahati,AS,2022-09-19,N
C105740,Daniel Shah,Mysuru,KA,2022-11-23,N
C105741,Priya Iyer,Surat,GJ,2023-09-03,N
C105742,Varun Sharma,Mumbai,MH,2024-10-06,N
C105743,Imran Yadav,Dehradun,UK,2023-11-25,N
C105744,Isha Yadav,Mumbai,MH,2024-10-20,N
C105745,Arjun Chatterjee,Pune,MH,2024-07-09,Y
C105746,Priya Bose,Bhopal,MP,2024-12-24,N
C105747,Om Ansari,Hyderabad,TS,2022-08-06,N
C105748,Joseph Nair,Ranchi,JH,2023-05-03,N
C105749,Imran Mukherjee,Indore,MP,2022-10-15,N
C105750,Farah Kulkarni,Jaipur,RJ,2023-04-26,N
C105751,Rohan Reddy,Vadodara,GJ,2023-04-03,Y
C105752,Sunita Bansal,Gurugram,HR,2023-01-14,Y
C105753,Amit Sethi,Thiruvananthapuram,KL,2022-11-27,N
C105754,Reyansh Sharma,Lucknow,UP,2023-09-18,N
C105755,Faisal Singh,Lucknow,UP,2023-04-05,N
C105756,Sai Sharma,Mumbai,MH,2023-07-24,Y
C105757,Megha Rao,Chandigarh,CH,2023-01-18,N
C105758,Sameer Patil,Hyderabad,TS,2023-08-23,Y
C105759,Saanvi Rao,Kolkata,WB,2023-03-05,N
C105760,Vivaan Sen,Surat,GJ,2023-12-20,N
C105761,Jaspreet Arora,Delhi,DL,2023-07-25,Y
C105762,Aditya Mehta,Lucknow,UP,2024-10-23,N
C105763,Faisal Naidu,Nashik,MH,2024-02-11,N
C105764,Jaspreet Deshpande,Vadodara,GJ,2024-09-22,Y
C105765,Lakshmi Gill,Kochi,KL,2024-02-11,Y
C105766,Ishaan Reddy,Noida,UP,2023-08-17,N
C105767,Tarun Mathew,Chennai,TN,2023-02-10,Y
C105768,Amit Sen,Visakhapatnam,AP,2023-10-19,Y
C105769,Amit Patil,Ahmedabad,GJ,2024-06-05,Y
C105770,Harsh D'Souza,Ahmedabad,GJ,2023-01-27,N
C105771,Deepak Bhatt,Guwahati,AS,2023-01-17,N
C105772,Imran Srivastava,Guwahati,AS,2023-11-03,Y
C105773,Sameer Desai,Nagpur,MH,2023-11-26,Y
C105774,Aarav Kulkarni,Bhubaneswar,OR,2023-11-15,Y
C105775,Gurpreet Desai,Mysuru,KA,2023-04-20,N
C105776,Abhishek D'Souza,Delhi,DL,2024-05-01,N
C105777,Nikhil Ghosh,Bhubaneswar,OR,2024-10-13,Y
C105778,Rohan Joshi,Noida,UP,2024-05-29,N
C105779,Aadhya Chopra,Lucknow,UP,2024-09-24,Y
C105780,Nikhil Kapoor,Bhubaneswar,OR,2024-03-01,N
C105781,Sai Kumar,Chandigarh,CH,2024-02-03,N
C105782,Anjali Rao,Guwahati,AS,2024-11-26,Y
C105783,Zoya Joshi,Jaipur,RJ,2022-12-19,N
C105784,Suresh Patel,Bhopal,MP,2023-03-01,Y
C105785,Varun Mathew,Ranchi,JH,2023-02-21,Y
C105786,Krishna Khanna,Lucknow,UP,2024-12-31,Y
C105787,Neha Dutta,Nashik,MH,2023-11-25,Y
C105788,Imran Gill,Mysuru,KA,2023-08-19,N
C105789,Sneha Gill,Gurugram,HR,2023-08-12,N
C105790,Megha Jadhav,Indore,MP,2023-07-26,N
C105791,Sukhwinder Ghosh,Thiruvananthapuram,KL,2022-07-25,N
C105792,Ankit Mathew,Dehradun,UK,2023-10-25,N
C105793,Aishwarya Mittal,Ranchi,JH,2024-09-19,N
C105794,Imran Fernandes,Delhi,DL,2024-07-25,Y
C105795,Ananya Ghosh,Vadodara,GJ,2024-05-07,N
C105796,Reyansh Mehta,Pune,MH,2022-08-03,Y
C105797,Ritika Sandhu,Guwahati,AS,2023-02-05,N
C105798,Pooja Malhotra,Bhopal,MP,2024-05-05,N
C105799,Swati Chauhan,Delhi,DL,2024-12-17,N
C105800,Priya Chauhan,Noida,UP,2022-09-29,N
C105801,Rohan Yadav,Mumbai,MH,2024-09-22,N
C105802,Priya Agarwal,Vadodara,GJ,2023-01-06,Y
C105803,Nikhil Das,Thiruvananthapuram,KL,2024-05-30,N
C105804,Imran Rathore,Raipur,CG,2023-05-23,N
C105805,Sameer Ansari,Nashik,MH,2024-03-03,Y
C105806,Lobsang Mishra,Ahmedabad,GJ,2024-02-03,N
C105807,Nikhil Naidu,Visakhapatnam,AP,2023-03-26,Y
C105808,Gurpreet Jadhav,Gurugram,HR,2024-11-02,N
C105809,Tanvi Banerjee,Hyderabad,TS,2022-09-12,N
C105810,Kunal Trivedi,Bhopal,MP,2024-04-17,N
C105811,Sameer Dhillon,Chandigarh,CH,2023-04-19,Y
C105812,Gurpreet Shinde,Mumbai,MH,2024-08-26,N
C105813,Sameer Gill,Bhopal,MP,2024-12-24,Y
C105814,Harsh Shinde,Jaipur,RJ,2024-06-21,N
C105815,Isha Mathew,Coimbatore,TN,2024-02-20,N
C105816,Divya Agarwal,Delhi,DL,2023-02-16,N
C105817,Tanvi Kapoor,Raipur,CG,2023-12-13,N
C105818,Saanvi Das,Mumbai,MH,2023-05-30,N
C105819,Tanvi Pereira,Mysuru,KA,2024-08-13,N
C105820,Shreya Arora,Ahmedabad,GJ,2024-02-08,N
C105821,Aarav Mehta,Kochi,KL,2024-01-07,N
C105822,Aishwarya Pandey,Guwahati,AS,2022-08-11,Y
C105823,Vihaan Goyal,Vadodara,GJ,2024-01-25,Y
C105824,Rajat Ghosh,Raipur,CG,2022-11-30,N
C105825,Ramesh Kumar,Delhi,DL,2023-11-06,Y
C105826,Kunal Rathore,Surat,GJ,2023-05-16,N
C105827,Vivaan Goyal,Lucknow,UP,2023-03-21,N
C105828,Zoya Pandey,Chennai,TN,2023-04-07,Y
C105829,Divya Rathore,Lucknow,UP,2022-11-04,N
C105830,Dev Roy,Mysuru,KA,2022-11-16,N
C105831,Tanvi Ansari,Ahmedabad,GJ,2023-08-22,N
C105832,Simran Pereira,Bhubaneswar,OR,2024-05-13,N
C105833,Mohammed Mittal,Mumbai,MH,2024-03-12,Y
C105834,Tarun Shinde,Mumbai,MH,2024-09-08,N
C105835,Payal Arora,Pune,MH,2022-09-21,N
C105836,Siddharth Verma,Bhopal,MP,2024-09-10,N
C105837,Anjali Singh,Visakhapatnam,AP,2022-12-13,N
C105838,Thomas Sen,Mysuru,KA,2023-12-31,N
C105839,Sunita Banerjee,Kochi,KL,2022-12-28,N
C105840,Rohit Naidu,Visakhapatnam,AP,2024-09-01,N
C105841,Ananya Bhatia,Bengaluru,KA,2022-08-20,N
C105842,Abhishek Dhillon,Hyderabad,TS,2023-08-29,N
C105843,Reyansh Khan,Bhubaneswar,OR,2023-09-28,N
C105844,Aishwarya Reddy,Hyderabad,TS,2023-04-19,N
C105845,Siddharth Sandhu,Guwahati,AS,2024-08-19,N
C105846,Sunita Pereira,Dehradun,UK,2022-11-06,N
C105847,Thomas Gaikwad,Ahmedabad,GJ,2023-08-07,N
C105848,Mohammed Goyal,Chennai,TN,2023-06-22,N
C105849,Rahul Bose,Patna,BR,2024-04-24,N
C105850,Lakshmi D'Souza,Dehradun,UK,2023-09-20,Y
C105851,Tenzin Srivastava,Mysuru,KA,2024-01-14,Y
C105852,Varun Patel,Bhopal,MP,2024-06-12,N
C105853,Farah Jadhav,Patna,BR,2024-02-28,N
C105854,Imran Pandey,Nashik,MH,2023-09-21,N
C105855,Priya Bose,Chandigarh,CH,2024-04-16,N
C105856,Ishaan Gill,Chennai,TN,2024-10-23,N
C105857,Varun Tiwari,Indore,MP,2023-03-06,Y
C105858,Harsh Gaikwad,Surat,GJ,2022-11-13,N
C105859,Meera D'Souza,Thiruvananthapuram,KL,2023-07-04,N
C105860,Priya Deshpande,Patna,BR,2024-06-14,N
C105861,Nikhil Banerjee,Noida,UP,2023-08-30,N
C105862,Divya Banerjee,Kolkata,WB,2023-05-29,N
C105863,Lakshmi Verma,Dehradun,UK,2023-05-19,N
C105864,Sneha Verma,Lucknow,UP,2024-05-22,N
C105865,Sukhwinder Trivedi,Vadodara,GJ,2022-09-09,N
C105866,Priya Srivastava,Chandigarh,CH,2023-01-08,Y
C105867,Saanvi Joshi,Chandigarh,CH,2024-03-17,N
C105868,Aarav Desai,Coimbatore,TN,2024-04-28,N
C105869,Siddharth Pandey,Coimbatore,TN,2023-08-18,N
C105870,Reyansh Chopra,Dehradun,UK,2024-03-11,N
C105871,Aishwarya Sethi,Kochi,KL,2022-08-11,N
C105872,Divya Malhotra,Chennai,TN,2023-11-04,Y
C105873,Kunal Pandey,Coimbatore,TN,2024-04-12,N
C105874,Rajat Bansal,Ahmedabad,GJ,2023-09-19,Y
C105875,Imran Dutta,Bhopal,MP,2022-11-07,Y
C105876,Riya Jadhav,Patna,BR,2023-10-07,N
C105877,Swati Menon,Thiruvananthapuram,KL,2024-08-29,N
C105878,Imran Ansari,Patna,BR,2022-09-03,N
C105879,Komal Banerjee,Hyderabad,TS,2022-11-15,N
C105880,Tarun Chauhan,Ranchi,JH,2024-04-17,N
C105881,Saanvi Jain,Vadodara,GJ,2022-12-17,Y
C105882,Amit Bansal,Ranchi,JH,2024-07-03,N
C105883,Vihaan Bansal,Raipur,CG,2024-01-01,Y
C105884,Aditya Arora,Gurugram,HR,2023-11-10,N
C105885,Ritika Kaur,Mumbai,MH,2022-12-07,Y
C105886,Dev Gupta,Mumbai,MH,2024-02-27,N
C105887,Anjali Goyal,Vadodara,GJ,2023-12-01,N
C105888,Abhishek Pandey,Raipur,CG,2022-07-26,Y
C105889,Sneha Sen,Coimbatore,TN,2023-01-01,Y
C105890,Sameer Gupta,Noida,UP,2024-05-18,N
C105891,Gurpreet Pandey,Dehradun,UK,2024-09-25,N
C105892,Daniel Jain,Dehradun,UK,2024-05-07,Y
C105893,Kavya Khanna,Kochi,KL,2024-11-10,N
C105894,Krishna Bhatt,Hyderabad,TS,2023-07-23,Y
C105895,Simran Khan,Visakhapatnam,AP,2023-07-26,N
C105896,Rahul Saxena,Chennai,TN,2023-11-24,Y
C105897,Kavya Pandey,Visakhapatnam,AP,2023-09-21,N
C105898,Sameer Varghese,Jaipur,RJ,2023-04-19,N
C105899,Kabir Rao,Chennai,TN,2023-05-31,N
C105900,Tanvi Banerjee,Coimbatore,TN,2024-11-21,Y
C105901,Isha Das,Lucknow,UP,2024-12-22,N
C105902,Steven Ansari,Delhi,DL,2024-01-23,N
C105903,Rahul Deshpande,Nashik,MH,2024-11-12,Y
C105904,Ananya Kulkarni,Bengaluru,KA,2024-01-27,Y
C105905,Kavya Nair,Noida,UP,2024-04-15,N
C105906,Tarun Sen,Guwahati,AS,2023-04-25,N
C105907,Vihaan Patil,Kolkata,WB,2023-10-27,Y
C105908,Reyansh Das,Bhopal,MP,2024-05-09,N
C105909,Riya Yadav,Bhubaneswar,OR,2023-04-02,N
C105910,Manpreet Qureshi,Pune,MH,2024-05-23,N
C105911,Karan Dhillon,Jaipur,RJ,2022-09-29,N
C105912,Farah Mishra,Gurugram,HR,2023-09-08,N
C105913,Daniel Patil,Raipur,CG,2023-11-23,N
C105914,Simran Das,Bhubaneswar,OR,2024-08-04,N
C105915,Geeta Pereira,Bhubaneswar,OR,2024-12-17,Y
C105916,Farah Shinde,Dehradun,UK,2024-10-03,Y
C105917,Pooja Patel,Indore,MP,2023-07-17,Y
C105918,Arjun Khan,Surat,GJ,2022-07-27,Y
C105919,Riya Dutta,Ahmedabad,GJ,2023-08-14,N
C105920,Rohan Ghosh,Pune,MH,2022-09-13,N
C105921,Arjun Chatterjee,Hyderabad,TS,2024-03-14,Y
C105922,Deepak Menon,Nashik,MH,2024-02-22,N
C105923,Sameer Rao,Nagpur,MH,2022-09-10,N
C105924,Vivaan Das,Jaipur,RJ,2024-12-19,N
C105925,Simran Fernandes,Ahmedabad,GJ,2024-01-06,N
C105926,Riya Gupta,Nashik,MH,2024-09-27,Y
C105927,Payal Trivedi,Indore,MP,2022-12-18,N
C105928,Ananya Joshi,Bhopal,MP,2024-06-10,N
C105929,Kavya Shinde,Chandigarh,CH,2023-02-09,N
C105930,Imran Sharma,Patna,BR,2024-07-10,N
C105931,Ankit Joshi,Pune,MH,2024-02-20,N
C105932,Abhishek Mukherjee,Nashik,MH,2024-09-15,N
C105933,Faisal Jadhav,Vadodara,GJ,2023-04-29,N
C105934,Daniel Ghosh,Kochi,KL,2022-07-24,Y
C105935,Abhishek Gaikwad,Vadodara,GJ,2024-06-10,N
C105936,Lobsang Iyer,Raipur,CG,2023-12-24,N
C105937,Manpreet Das,Bhopal,MP,2024-09-18,N
C105938,Om Das,Raipur,CG,2022-11-02,Y
C105939,Manpreet Mittal,Thiruvananthapuram,KL,2023-05-21,N
C105940,Shreya Fernandes,Patna,BR,2022-08-19,Y
C105941,Neha Desai,Chennai,TN,2023-09-21,N
C105942,Ritika Trivedi,Mysuru,KA,2023-06-04,Y
C105943,Tanvi Bhatt,Vadodara,GJ,2024-04-01,N
C105944,Lakshmi Chopra,Thiruvananthapuram,KL,2024-09-22,N
C105945,Rahul Khan,Patna,BR,2024-03-28,Y
C105946,Lakshmi Nair,Nagpur,MH,2022-12-31,Y
C105947,Aditya D'Souza,Lucknow,UP,2023-11-21,N
C105948,Daniel Chatterjee,Raipur,CG,2024-04-04,Y
C105949,Simran Shinde,Thiruvananthapuram,KL,2023-03-29,Y
C105950,Pooja Pandey,Nagpur,MH,2023-09-17,N
C105951,Thomas Rao,Raipur,CG,2023-07-28,N
C105952,Ishaan Gupta,Mumbai,MH,2024-10-24,N
C105953,Simran Sandhu,Vadodara,GJ,2022-08-24,N
C105954,Ritika Dhillon,Jaipur,RJ,2024-07-29,N
C105955,Aishwarya Jadhav,Bengaluru,KA,2022-07-16,N
C105956,Suresh Gupta,Hyderabad,TS,2022-09-25,Y
C105957,Isha Pandey,Noida,UP,2024-08-05,N
C105958,Vikram Shinde,Vadodara,GJ,2022-11-13,N
C105959,Abhishek Kumar,Mysuru,KA,2023-05-04,Y
C105960,Aishwarya George,Chandigarh,CH,2023-01-14,Y
C105961,Diya Qureshi,Nagpur,MH,2022-09-23,Y
C105962,Sneha Naidu,Vadodara,GJ,2024-01-23,N
C105963,Sameer Kumar,Jaipur,RJ,2023-07-26,N
C105964,Om Shinde,Visakhapatnam,AP,2022-11-12,Y
C105965,Varun Arora,Bhubaneswar,OR,2024-06-18,Y
C105966,Aarav Chopra,Raipur,CG,2022-09-25,N
C105967,Shreya Pandey,Mumbai,MH,2024-01-22,N
C105968,Lakshmi Arora,Ranchi,JH,2024-01-16,N
C105969,Anjali Kaur,Hyderabad,TS,2024-03-15,N
C105970,Lakshmi Qureshi,Jaipur,RJ,2022-11-07,N
C105971,Siddharth Khanna,Bhopal,MP,2023-09-03,N
C105972,Vivaan Ghosh,Kolkata,WB,2023-11-05,N
C105973,Joseph Bose,Lucknow,UP,2023-07-19,Y
C105974,Vikram Chopra,Guwahati,AS,2024-11-14,N
C105975,Ananya Arora,Ahmedabad,GJ,2023-02-24,N
C105976,Harpreet Varghese,Kolkata,WB,2024-06-20,N
C105977,Tanvi Patil,Lucknow,UP,2024-06-21,N
C105978,Amit Dhillon,Lucknow,UP,2025-01-01,N
C105979,Shreya Goyal,Nashik,MH,2024-10-22,N
C105980,Swati Tiwari,Dehradun,UK,2023-12-07,N
C105981,Swati Banerjee,Gurugram,HR,2022-11-03,Y
C105982,Sameer Jadhav,Mysuru,KA,2022-08-31,N
C105983,Geeta Ghosh,Kolkata,WB,2024-09-21,N
C105984,Reyansh Mittal,Guwahati,AS,2023-09-18,N
C105985,Zoya D'Souza,Jaipur,RJ,2024-07-11,N
C105986,Krishna Sen,Jaipur,RJ,2024-03-27,Y
C105987,Lobsang Rathore,Raipur,CG,2024-02-21,N
C105988,Aadhya Trivedi,Kochi,KL,2023-05-29,N
C105989,Ramesh Agarwal,Raipur,CG,2023-12-30,N
C105990,Pranav Malhotra,Indore,MP,2023-07-01,N
C105991,Imran Chatterjee,Bengaluru,KA,2022-09-19,N
C105992,Priya Deshpande,Kochi,KL,2023-11-19,N
C105993,Tanvi Singh,Ahmedabad,GJ,2023-02-27,N
C105994,Sneha Mehta,Pune,MH,2023-01-21,N
C105995,Zoya Sen,Visakhapatnam,AP,2023-08-08,N
C105996,Kunal Pereira,Pune,MH,2023-04-27,N
C105997,Pranav Khanna,Bengaluru,KA,2022-09-25,N
C105998,Swati Chauhan,Jaipur,RJ,2024-02-11,N
C105999,Aishwarya Chatterjee,Lucknow,UP,2022-08-03,N
C106000,Rohit Das,Ahmedabad,GJ,2024-03-13,N
C106001,Reyansh Pillai,Bengaluru,KA,2023-07-05,Y
C106002,Lakshmi George,Bhopal,MP,2023-10-07,Y
C106003,Lobsang Sharma,Visakhapatnam,AP,2022-09-30,N
C106004,Daniel Desai,Guwahati,AS,2023-08-09,N
C106005,Ishaan Trivedi,Bhubaneswar,OR,2024-05-04,N
C106006,Deepak Saxena,Ahmedabad,GJ,2024-07-26,N
C106007,Harsh Sen,Lucknow,UP,2022-07-18,Y
C106008,Lakshmi Kulkarni,Ranchi,JH,2022-10-14,N
C106009,Imran Shinde,Patna,BR,2024-04-20,N
C106010,Manish Bhatia,Lucknow,UP,2024-12-03,N
C106011,Thomas Varghese,Chandigarh,CH,2024-08-08,Y
C106012,Arjun Sethi,Ranchi,JH,2024-08-12,N
C106013,Sai D'Souza,Bhubaneswar,OR,2023-05-29,Y
C106014,Farah Joshi,Dehradun,UK,2023-09-29,N
C106015,Anjali Sethi,Thiruvananthapuram,KL,2022-12-07,Y
C106016,Amit Fernandes,Bhubaneswar,OR,2023-03-28,Y
C106017,Ananya Pawar,Ahmedabad,GJ,2023-02-27,Y
C106018,Anjali Chatterjee,Jaipur,RJ,2024-03-31,Y
C106019,Vivaan Pawar,Kolkata,WB,2023-03-21,N
C106020,Reyansh Srivastava,Delhi,DL,2023-09-17,Y
C106021,Imran Bose,Dehradun,UK,2024-09-21,Y
C106022,Anjali Das,Bengaluru,KA,2023-09-23,N
C106023,Siddharth Bhatt,Ahmedabad,GJ,2024-04-30,N
C106024,Pranav Siddiqui,Guwahati,AS,2023-09-02,N
C106025,Sameer Bose,Thiruvananthapuram,KL,2023-12-09,N
C106026,Dev Pawar,Ahmedabad,GJ,2022-11-01,N
C106027,Arjun Khanna,Chandigarh,CH,2022-08-30,Y
C106028,Vikram Sheikh,Kochi,KL,2024-06-14,N
C106029,Megha Malhotra,Bengaluru,KA,2023-10-05,N
C106030,Pooja Kulkarni,Surat,GJ,2024-08-01,N
C106031,Neha Mittal,Gurugram,HR,2024-02-23,Y
C106032,Reyansh Pandey,Nagpur,MH,2023-03-05,N
C106033,Megha Chauhan,Thiruvananthapuram,KL,2022-10-02,N
C106034,Kavya Sen,Thiruvananthapuram,KL,2023-05-13,N
C106035,Dev Shinde,Pune,MH,2023-11-15,N
C106036,Aarav Shah,Guwahati,AS,2024-06-14,N
C106037,Dev Bose,Raipur,CG,2023-04-15,N
C106038,Reyansh Pillai,Bhubaneswar,OR,2024-09-23,N
C106039,Sameer Qureshi,Nashik,MH,2024-01-06,N
C106040,Rohit Qureshi,Chennai,TN,2022-11-26,N
C106041,Saanvi Ansari,Raipur,CG,2023-02-03,Y
C106042,Vihaan Shah,Ranchi,JH,2023-04-05,N
C106043,Om Malhotra,Raipur,CG,2023-09-07,N
C106044,Priya Reddy,Bhubaneswar,OR,2023-09-04,N
C106045,Swati Jain,Chennai,TN,2022-10-21,N
C106046,Neha George,Raipur,CG,2023-07-14,N
C106047,Sameer Kumar,Chandigarh,CH,2024-05-31,N
C106048,Manish Deshpande,Coimbatore,TN,2024-06-23,Y
C106049,Sameer Pandey,Noida,UP,2022-09-09,Y
C106050,Ishaan Mathew,Bhubaneswar,OR,2024-11-22,Y
C106051,Tarun Ansari,Ranchi,JH,2023-05-11,N
C106052,Krishna Rathore,Nashik,MH,2023-11-21,N
C106053,Shreya Trivedi,Bhopal,MP,2024-02-17,N
C106054,Megha Desai,Surat,GJ,2024-06-26,Y
C106055,Priya Siddiqui,Visakhapatnam,AP,2023-05-20,N
C106056,Sameer Saxena,Delhi,DL,2024-12-16,N
C106057,Deepak Mathew,Chandigarh,CH,2023-05-04,N
C106058,Aishwarya Bose,Nagpur,MH,2022-09-29,N
C106059,Lobsang Yadav,Visakhapatnam,AP,2023-04-28,N
C106060,Zoya Arora,Hyderabad,TS,2023-07-07,N
C106061,Lobsang Rathore,Coimbatore,TN,2023-09-18,N
C106062,Arjun Banerjee,Raipur,CG,2024-10-24,N
C106063,Jaspreet Mittal,Bhubaneswar,OR,2023-03-11,N
C106064,Tenzin Bhatt,Guwahati,AS,2024-12-12,N
C106065,Rohan Pillai,Bhubaneswar,OR,2023-04-12,Y
C106066,Sneha Patil,Delhi,DL,2023-03-21,N
C106067,Nikhil Naidu,Bhopal,MP,2023-08-25,Y
C106068,Simran Dutta,Noida,UP,2023-01-09,N
C106069,Meera Goyal,Raipur,CG,2023-04-01,N
C106070,Sameer Arora,Kolkata,WB,2024-11-06,N
C106071,Payal Kulkarni,Coimbatore,TN,2022-10-06,N
C106072,Jaspreet Das,Lucknow,UP,2023-02-16,N
C106073,Siddharth Roy,Kochi,KL,2023-08-15,N
C106074,Dev Bose,Kolkata,WB,2024-09-18,Y
C106075,Lakshmi Pillai,Pune,MH,2022-08-23,Y
C106076,Rahul Pandey,Kochi,KL,2023-04-30,N
C106077,Harsh Menon,Mysuru,KA,2023-04-10,N
C106078,Zoya Pereira,Gurugram,HR,2024-12-05,N
C106079,Ritika Sheikh,Bhubaneswar,OR,2023-10-04,N
C106080,Tarun Patil,Hyderabad,TS,2023-05-06,Y
C106081,Isha Shah,Pune,MH,2023-03-10,Y
C106082,Ankit Pillai,Pune,MH,2024-12-14,Y
C106083,Krishna Sethi,Noida,UP,2024-04-15,N
C106084,Joseph Pawar,Chandigarh,CH,2023-09-18,Y
C106085,Meera Srivastava,Coimbatore,TN,2023-10-17,Y
C106086,Anjali Yadav,Surat,GJ,2024-09-01,N
C106087,Thomas Ansari,Ranchi,JH,2023-10-20,N
C106088,Swati George,Surat,GJ,2022-09-20,N
C106089,Mohammed Sharma,Kochi,KL,2024-04-16,Y
C106090,Sukhwinder Sen,Bhopal,MP,2023-01-09,N
C106091,Vikram Saxena,Pune,MH,2023-07-11,N
C106092,Aarav Sen,Mysuru,KA,2024-03-23,N
C106093,Harpreet Kumar,Nagpur,MH,2024-11-17,N
C106094,Aadhya Jain,Kochi,KL,2023-07-27,N
C106095,Shreya Srivastava,Patna,BR,2022-08-17,Y
C106096,Arjun Nair,Visakhapatnam,AP,2024-08-10,Y
C106097,Sneha Shah,Kolkata,WB,2022-11-29,N
C106098,Steven Khan,Visakhapatnam,AP,2024-11-18,N
C106099,Steven Bhatia,Bengaluru,KA,2023-04-14,N
C106100,Anjali Menon,Raipur,CG,2022-08-30,N
C106101,Arjun Pandey,Surat,GJ,2022-11-02,N
C106102,Krishna Verma,Ranchi,JH,2024-12-03,Y
C106103,Karan Mishra,Coimbatore,TN,2022-10-02,N
C106104,Harpreet Reddy,Chennai,TN,2023-08-30,N
C106105,Siddharth Khan,Noida,UP,2023-02-23,N
C106106,Lobsang Mishra,Chandigarh,CH,2024-01-25,Y
C106107,Isha Banerjee,Chandigarh,CH,2023-06-28,Y
C106108,Nikhil George,Surat,GJ,2023-03-13,N
C106109,Ananya Srivastava,Chennai,TN,2024-07-14,Y
C106110,Kabir Jain,Kochi,KL,2024-02-17,N
C106111,Dev Sheikh,Nagpur,MH,2022-11-14,Y
C106112,Sameer Bhatia,Visakhapatnam,AP,2023-08-04,N
C106113,Rohit Goyal,Kolkata,WB,2024-07-26,Y
C106114,Deepak Bhatt,Kochi,KL,2024-09-27,N
C106115,Neha Iyer,Mumbai,MH,2022-11-17,Y
C106116,Imran Gill,Patna,BR,2023-06-07,N
C106117,Zaid Desai,Dehradun,UK,2024-06-26,Y
C106118,Ramesh Naidu,Ranchi,JH,2024-08-10,N
C106119,Isha Joshi,Pune,MH,2023-03-31,Y
C106120,Meera Trivedi,Thiruvananthapuram,KL,2024-03-06,N
C106121,Imran Desai,Kolkata,WB,2022-11-26,N
C106122,Gurpreet Varghese,Pune,MH,2024-03-08,N
C106123,Tenzin Qureshi,Vadodara,GJ,2022-12-05,N
C106124,Ramesh Dhillon,Surat,GJ,2023-04-23,Y
C106125,Pranav Tiwari,Gurugram,HR,2024-12-29,Y
C106126,Megha Mittal,Ranchi,JH,2024-05-08,N
C106127,Sukhwinder Das,Guwahati,AS,2024-11-12,N
C106128,Reyansh Sen,Delhi,DL,2023-04-28,Y
C106129,Neha Srivastava,Jaipur,RJ,2024-12-01,Y
C106130,Varun Gupta,Guwahati,AS,2024-08-18,N
C106131,Arjun Rao,Noida,UP,2023-01-22,N
C106132,Saanvi Fernandes,Ahmedabad,GJ,2023-07-11,N
C106133,Pooja Shah,Ranchi,JH,2023-11-10,N
C106134,Jaspreet Mathew,Kolkata,WB,2024-01-12,Y
C106135,Geeta Malhotra,Indore,MP,2024-02-27,N
C106136,Deepak Verma,Visakhapatnam,AP,2024-05-10,Y
C106137,Vikram Srivastava,Bengaluru,KA,2024-11-19,N
C106138,Isha Siddiqui,Visakhapatnam,AP,2024-07-23,N
C106139,Shreya George,Thiruvananthapuram,KL,2024-01-10,Y
C106140,Diya Singh,Pune,MH,2023-07-29,N
C106141,Simran Patel,Noida,UP,2022-07-29,Y
C106142,Sai Kulkarni,Noida,UP,2022-10-05,N
C106143,Lakshmi Chopra,Guwahati,AS,2024-10-02,N
C106144,Shreya Gupta,Vadodara,GJ,2024-07-25,N
C106145,Riya Mathew,Hyderabad,TS,2023-03-15,N
C106146,Simran Shinde,Bengaluru,KA,2023-06-15,N
C106147,Rahul Kumar,Patna,BR,2023-12-17,N
C106148,Saanvi Patil,Pune,MH,2024-04-17,N
C106149,Karan Khanna,Ranchi,JH,2023-01-29,Y
C106150,Payal Dutta,Chandigarh,CH,2023-07-20,N
C106151,Priya Shah,Bhopal,MP,2024-09-05,N
C106152,Rohit Pillai,Patna,BR,2023-09-17,N
C106153,Simran Kumar,Nashik,MH,2024-12-21,N
C106154,Sunita Saxena,Guwahati,AS,2023-06-17,N
C106155,Saanvi Rao,Jaipur,RJ,2024-10-18,Y
C106156,Rajat Bansal,Bengaluru,KA,2023-06-03,N
C106157,Kabir Mishra,Noida,UP,2024-05-17,Y
C106158,Thomas D'Souza,Delhi,DL,2024-05-13,N
C106159,Simran George,Gurugram,HR,2023-12-15,N
C106160,Simran Arora,Nashik,MH,2024-10-20,N
C106161,Abhishek Desai,Bhubaneswar,OR,2024-12-14,N
C106162,Zaid Reddy,Vadodara,GJ,2024-02-20,N
C106163,Zaid Verma,Bhopal,MP,2024-04-28,Y
C106164,Rohit Reddy,Pune,MH,2024-04-19,N
C106165,Thomas Roy,Kolkata,WB,2024-05-23,N
C106166,Priya Pereira,Chandigarh,CH,2023-02-17,N
C106167,Jaspreet Joshi,Visakhapatnam,AP,2023-04-13,Y
C106168,Lakshmi Siddiqui,Coimbatore,TN,2024-08-21,N
C106169,Sunita Mishra,Kochi,KL,2024-11-29,Y
C106170,Priya Pereira,Bhubaneswar,OR,2022-10-09,N
C106171,Bhavna Menon,Thiruvananthapuram,KL,2023-09-19,N
C106172,Suresh Sandhu,Nagpur,MH,2024-11-10,Y
C106173,Simran Jain,Noida,UP,2024-09-09,N
C106174,Sameer Fernandes,Nashik,MH,2023-05-11,Y
C106175,Manpreet Naidu,Mumbai,MH,2022-10-27,N
C106176,Sneha Deshpande,Mumbai,MH,2023-06-19,Y
C106177,Shreya Rao,Bhopal,MP,2024-10-23,Y
C106178,Meera Pillai,Thiruvananthapuram,KL,2024-01-01,N
C106179,Farah Jadhav,Jaipur,RJ,2022-12-03,N
C106180,Jaspreet Kumar,Nashik,MH,2022-09-12,Y
C106181,Ramesh Pawar,Surat,GJ,2024-03-15,N
C106182,Divya Verma,Bhopal,MP,2024-02-17,N
C106183,Sunita Bhatt,Jaipur,RJ,2023-10-18,Y
C106184,Ananya Mehta,Surat,GJ,2024-05-10,N
C106185,Anjali Pawar,Surat,GJ,2024-05-12,N
C106186,Gurpreet Saxena,Surat,GJ,2024-04-08,Y
C106187,Rahul Mehta,Coimbatore,TN,2023-07-18,Y
C106188,Ananya Ansari,Ahmedabad,GJ,2022-09-03,N
C106189,Ananya Chauhan,Lucknow,UP,2024-04-21,N
C106190,Sukhwinder Dhillon,Coimbatore,TN,2022-12-30,N
C106191,Mohammed Pillai,Surat,GJ,2023-01-27,Y
C106192,Krishna Varghese,Jaipur,RJ,2022-12-10,N
C106193,Jaspreet Varghese,Jaipur,RJ,2024-05-07,N
C106194,Gurpreet Ansari,Visakhapatnam,AP,2022-08-21,N
C106195,Ankit Malhotra,Surat,GJ,2023-07-21,N
C106196,Lakshmi Ghosh,Nashik,MH,2023-04-20,N
C106197,Rohit Gill,Hyderabad,TS,2024-11-12,N
C106198,Ananya Reddy,Guwahati,AS,2024-12-11,N
C106199,Tarun Banerjee,Bhopal,MP,2024-08-31,N
C106200,Simran Goyal,Bengaluru,KA,2024-10-12,N
C106201,Vihaan Rao,Kolkata,WB,2023-12-17,N
C106202,Ramesh Chopra,Guwahati,AS,2023-06-03,N
C106203,Yash Joshi,Chandigarh,CH,2024-03-18,N
C106204,Thomas Mishra,Gurugram,HR,2024-11-27,N
C106205,Bhavna Kulkarni,Kolkata,WB,2024-10-21,Y
C106206,Deepak Sethi,Nashik,MH,2024-09-26,N
C106207,Karan Sethi,Indore,MP,2024-04-25,N
C106208,Meera Bansal,Vadodara,GJ,2023-12-18,N
C106209,Pranav Pereira,Gurugram,HR,2024-02-08,N
C106210,Bhavna Sethi,Patna,BR,2024-08-09,N
C106211,Neha Mathew,Kochi,KL,2023-04-11,Y
C106212,Aditya Chopra,Chennai,TN,2024-02-28,N
C106213,Saanvi Nair,Kolkata,WB,2023-03-24,Y
C106214,Aarav Pandey,Mumbai,MH,2024-05-12,N
C106215,Isha Roy,Mumbai,MH,2023-08-21,Y
C106216,Sameer Pillai,Vadodara,GJ,2023-02-18,Y
C106217,Ayaan Srivastava,Bhopal,MP,2024-03-05,N
C106218,Harpreet Pereira,Ahmedabad,GJ,2024-03-20,N
C106219,Ishaan Pawar,Vadodara,GJ,2024-03-09,Y
C106220,Kabir Naidu,Thiruvananthapuram,KL,2023-08-03,N
C106221,Yash Pereira,Nashik,MH,2024-02-11,N
C106222,Shreya Pillai,Chennai,TN,2023-02-18,Y
C106223,Tenzin Khanna,Hyderabad,TS,2022-08-19,N
C106224,Amit Goyal,Nashik,MH,2023-06-22,Y
C106225,Dev Sandhu,Ranchi,JH,2023-12-05,Y
C106226,Varun Tiwari,Indore,MP,2024-02-19,N
C106227,Sai Bansal,Mysuru,KA,2023-04-30,N
C106228,Faisal Sharma,Bengaluru,KA,2023-11-27,N
C106229,Lakshmi Shinde,Ahmedabad,GJ,2023-02-20,Y
C106230,Gurpreet Siddiqui,Ahmedabad,GJ,2024-12-15,N
C106231,Varun Reddy,Guwahati,AS,2023-05-05,N
C106232,Joseph Chopra,Bhubaneswar,OR,2024-01-12,Y
C106233,Pooja Saxena,Nashik,MH,2024-12-03,Y
C106234,Rahul Sen,Ranchi,JH,2024-11-11,Y
C106235,Divya Qureshi,Kochi,KL,2024-02-18,N
C106236,Priya Tiwari,Delhi,DL,2024-09-01,N
C106237,Arjun D'Souza,Patna,BR,2024-04-14,N
C106238,Daniel Srivastava,Ahmedabad,GJ,2024-11-07,N
C106239,Anjali Chopra,Chandigarh,CH,2023-03-12,N
C106240,Reyansh Fernandes,Vadodara,GJ,2023-06-02,N
C106241,Kabir Rao,Ranchi,JH,2024-09-24,N
C106242,Nikhil Yadav,Kochi,KL,2024-12-18,Y
C106243,Arjun Goyal,Chandigarh,CH,2024-03-19,N
C106244,Swati Qureshi,Coimbatore,TN,2022-07-25,Y
C106245,Divya Bhatia,Thiruvananthapuram,KL,2024-10-28,N
C106246,Saanvi Sheikh,Bhopal,MP,2024-05-27,N
C106247,Divya Rathore,Pune,MH,2024-08-09,N
C106248,Ramesh Menon,Ahmedabad,GJ,2023-12-31,N
C106249,Riya Malhotra,Thiruvananthapuram,KL,2024-04-30,N
C106250,Thomas Bhatt,Hyderabad,TS,2022-11-12,Y
C106251,Shreya Dutta,Visakhapatnam,AP,2022-09-12,N
C106252,Ankit Reddy,Ranchi,JH,2024-03-30,N
C106253,Suresh Jain,Delhi,DL,2023-09-23,N
C106254,Lobsang Bose,Nagpur,MH,2022-09-09,N
C106255,Saanvi Roy,Bengaluru,KA,2024-11-10,N
C106256,Varun Fernandes,Dehradun,UK,2022-08-08,N
C106257,Sameer Bhatia,Kochi,KL,2024-07-26,N
C106258,Amit Mukherjee,Guwahati,AS,2024-06-20,N
C106259,Sneha Bose,Raipur,CG,2024-04-29,N
C106260,Kavya D'Souza,Bhubaneswar,OR,2022-07-20,N
C106261,Kunal Nair,Jaipur,RJ,2022-08-22,Y
C106262,Vihaan Sharma,Ranchi,JH,2024-01-05,Y
C106263,Siddharth Bansal,Raipur,CG,2022-08-12,N
C106264,Om Mukherjee,Chennai,TN,2023-09-30,Y
C106265,Neha Kaur,Lucknow,UP,2023-07-06,Y
C106266,Rahul Pereira,Mumbai,MH,2024-12-22,N
C106267,Rahul Khanna,Raipur,CG,2023-02-03,Y
C106268,Tarun Siddiqui,Vadodara,GJ,2023-09-20,Y
C106269,Payal Bose,Delhi,DL,2022-12-11,Y
C106270,Abhishek Gupta,Coimbatore,TN,2024-12-26,Y
C106271,Daniel Mishra,Guwahati,AS,2024-05-01,Y
C106272,Thomas Jain,Delhi,DL,2024-07-14,Y
C106273,Dev Sen,Ahmedabad,GJ,2024-11-09,N
C106274,Ayaan Khanna,Delhi,DL,2023-02-21,N
C106275,Ananya Pillai,Noida,UP,2024-11-29,N
C106276,Vikram Yadav,Chennai,TN,2024-11-06,N
C106277,Priya Chatterjee,Bhubaneswar,OR,2024-05-28,Y
C106278,Shreya Reddy,Indore,MP,2023-08-05,Y
C106279,Faisal Arora,Patna,BR,2023-02-07,N
C106280,Manish Sheikh,Chennai,TN,2023-08-26,N
C106281,Abhishek Menon,Lucknow,UP,2024-09-12,N
C106282,Shreya Bhatt,Kolkata,WB,2024-02-04,N
C106283,Priya Fernandes,Bhubaneswar,OR,2024-12-17,Y
C106284,Harsh Sheikh,Pune,MH,2023-12-05,N
C106285,Arjun Sandhu,Ranchi,JH,2024-02-05,Y
C106286,Varun Patil,Jaipur,RJ,2022-09-04,N
C106287,Meera Chatterjee,Hyderabad,TS,2023-03-22,Y
C106288,Divya Sethi,Bhopal,MP,2024-09-07,Y
C106289,Abhishek Sheikh,Ranchi,JH,2022-07-21,N
C106290,Ishaan Bhatt,Mysuru,KA,2023-02-10,N
C106291,Anjali Iyer,Delhi,DL,2024-04-10,N
C106292,Abhishek Pawar,Kochi,KL,2023-06-15,N
C106293,Ramesh Khanna,Pune,MH,2022-09-18,Y
C106294,Komal Varghese,Bhopal,MP,2023-12-04,Y
C106295,Manpreet Singh,Ahmedabad,GJ,2024-09-13,Y
C106296,Harpreet Varghese,Kochi,KL,2024-02-08,N
C106297,Arjun Trivedi,Indore,MP,2023-06-04,N
C106298,Aarav Chopra,Coimbatore,TN,2024-04-01,N
C106299,Harpreet Bansal,Dehradun,UK,2023-05-28,N
C106300,Dev Reddy,Ranchi,JH,2022-07-19,Y
C106301,Manpreet Pandey,Lucknow,UP,2023-01-24,Y
C106302,Tanvi Chatterjee,Chandigarh,CH,2024-04-26,N
C106303,Meera Bose,Mysuru,KA,2023-09-20,N
C106304,Lakshmi Sethi,Mysuru,KA,2022-09-17,N
C106305,Pranav Kumar,Bhopal,MP,2024-01-24,Y
C106306,Simran Joshi,Mumbai,MH,2023-07-08,Y
C106307,Aishwarya Gaikwad,Jaipur,RJ,2024-09-15,N
C106308,Rajat Mittal,Bhubaneswar,OR,2023-10-23,N
C106309,Simran Patil,Patna,BR,2024-07-06,N
C106310,Siddharth Dhillon,Vadodara,GJ,2024-08-03,Y
C106311,Imran Sheikh,Visakhapatnam,AP,2022-09-21,N
C106312,Vivaan Menon,Ranchi,JH,2023-04-07,N
C106313,Payal Bansal,Noida,UP,2024-05-21,N
C106314,Mohammed Reddy,Vadodara,GJ,2022-07-24,Y
C106315,Dev Tiwari,Chandigarh,CH,2022-12-23,Y
C106316,Kunal D'Souza,Bhopal,MP,2023-03-23,Y
C106317,Arjun Yadav,Bengaluru,KA,2024-03-17,Y
C106318,Reyansh Banerjee,Jaipur,RJ,2023-06-29,N
C106319,Om Sethi,Ahmedabad,GJ,2022-08-16,Y
C106320,Isha Kumar,Visakhapatnam,AP,2023-05-11,N
C106321,Zaid Tiwari,Coimbatore,TN,2024-04-28,Y
C106322,Diya Siddiqui,Pune,MH,2022-11-23,N
C106323,Kunal Pillai,Chandigarh,CH,2023-02-11,N
C106324,Ramesh Sethi,Mysuru,KA,2024-12-29,N
C106325,Dev Kaur,Patna,BR,2024-10-07,N
C106326,Sukhwinder Khanna,Gurugram,HR,2024-02-04,Y
C106327,Zoya Sharma,Ranchi,JH,2023-09-20,Y
C106328,Yash Deshpande,Mumbai,MH,2024-11-17,N
C106329,Jaspreet Yadav,Visakhapatnam,AP,2024-05-18,N
C106330,Komal Goyal,Surat,GJ,2022-08-17,Y
C106331,Shreya Rao,Nashik,MH,2022-12-31,N
C106332,Vikram Goyal,Pune,MH,2024-11-23,N
C106333,Farah Varghese,Kochi,KL,2022-10-26,N
C106334,Deepak Bansal,Lucknow,UP,2023-12-05,Y
C106335,Rohit Siddiqui,Kolkata,WB,2022-12-29,N
C106336,Riya Reddy,Chennai,TN,2023-10-18,Y
C106337,Pooja Sharma,Visakhapatnam,AP,2024-08-30,N
C106338,Simran Mehta,Pune,MH,2022-10-05,N
C106339,Gurpreet Patel,Nagpur,MH,2024-07-04,N
C106340,Zoya Bose,Noida,UP,2024-01-19,N
C106341,Rajat Bhatt,Chennai,TN,2023-09-15,N
C106342,Simran Chopra,Chandigarh,CH,2023-03-16,N
C106343,Rajat Dhillon,Mysuru,KA,2024-06-06,Y
C106344,Meera Malhotra,Jaipur,RJ,2024-06-19,Y
C106345,Saanvi Gaikwad,Raipur,CG,2023-12-13,Y
C106346,Zaid Kumar,Bhopal,MP,2024-11-22,N
C106347,Bhavna Sen,Kochi,KL,2022-11-02,N
C106348,Deepak Roy,Kolkata,WB,2023-08-17,Y
C106349,Aarav Goyal,Chennai,TN,2022-08-13,N
C106350,Sukhwinder Siddiqui,Surat,GJ,2024-07-23,N
C106351,Isha Pandey,Mumbai,MH,2024-05-04,N
C106352,Ankit Banerjee,Mysuru,KA,2024-05-14,N
C106353,Kabir Sen,Ranchi,JH,2024-07-09,N
C106354,Sunita Tiwari,Jaipur,RJ,2023-04-01,N
C106355,Kunal Khan,Ahmedabad,GJ,2023-04-16,N
C106356,Vivaan Iyer,Dehradun,UK,2024-03-27,Y
C106357,Komal Chatterjee,Vadodara,GJ,2024-10-25,Y
C106358,Priya D'Souza,Kochi,KL,2024-02-06,Y
C106359,Deepak Roy,Thiruvananthapuram,KL,2024-12-02,N
C106360,Zoya Malhotra,Guwahati,AS,2022-11-12,Y
C106361,Imran Pandey,Pune,MH,2024-01-12,N
C106362,Komal Qureshi,Kolkata,WB,2024-02-05,Y
C106363,Manpreet Ansari,Mumbai,MH,2024-04-11,Y
C106364,Ramesh Desai,Dehradun,UK,2024-04-01,N
C106365,Steven Singh,Noida,UP,2023-05-24,Y
C106366,Thomas Roy,Surat,GJ,2022-09-02,N
C106367,Vihaan Deshpande,Indore,MP,2022-08-03,N
C106368,Dev Nair,Patna,BR,2022-12-10,Y
C106369,Krishna Qureshi,Thiruvananthapuram,KL,2024-11-26,N
C106370,Neha George,Chandigarh,CH,2024-01-12,N
C106371,Gurpreet Goyal,Kochi,KL,2023-05-03,N
C106372,Sunita Ansari,Hyderabad,TS,2023-12-24,N
C106373,Pranav Varghese,Nagpur,MH,2022-12-31,N
C106374,Rohit Rao,Gurugram,HR,2024-05-21,N
C106375,Yash Trivedi,Bengaluru,KA,2024-11-17,N
C106376,Zaid Gupta,Mysuru,KA,2024-01-08,N
C106377,Varun Pereira,Thiruvananthapuram,KL,2024-06-25,N
C106378,Sneha Kumar,Mysuru,KA,2024-02-08,N
C106379,Abhishek Desai,Pune,MH,2023-07-06,Y
C106380,Lakshmi Pandey,Vadodara,GJ,2024-04-19,N
C106381,Aditya Mittal,Chennai,TN,2023-06-08,N
C106382,Manish Reddy,Indore,MP,2024-06-27,N
C106383,Vikram Ghosh,Coimbatore,TN,2024-09-07,N
C106384,Manpreet Goyal,Nagpur,MH,2024-05-09,N
C106385,Sneha Chopra,Bhopal,MP,2024-10-16,N
C106386,Geeta Mishra,Chennai,TN,2023-10-11,Y
C106387,Arjun Pandey,Raipur,CG,2024-06-17,Y
C106388,Aadhya Patil,Bengaluru,KA,2024-07-24,N
C106389,Rohit Kumar,Chandigarh,CH,2022-08-09,N
C106390,Thomas Tiwari,Hyderabad,TS,2024-09-20,N
C106391,Deepak Qureshi,Coimbatore,TN,2022-08-24,N
C106392,Vikram Arora,Delhi,DL,2023-12-02,N
C106393,Meera George,Bhopal,MP,2024-04-21,Y
C106394,Dev Bhatia,Noida,UP,2024-05-11,N
C106395,Diya Ghosh,Jaipur,RJ,2024-12-24,N
C106396,Divya Nair,Raipur,CG,2024-10-20,N
C106397,Nikhil Gupta,Chennai,TN,2024-06-24,N
C106398,Rohit Rathore,Hyderabad,TS,2024-10-20,Y
C106399,Saanvi Yadav,Gurugram,HR,2024-09-01,Y
C106400,Suresh Mittal,Chennai,TN,2023-03-18,N
C106401,Rahul Iyer,Ranchi,JH,2023-04-16,Y
C106402,Megha Bansal,Bhubaneswar,OR,2023-04-18,N
C106403,Faisal Chopra,Indore,MP,2023-10-14,Y
C106404,Kabir Pillai,Bhopal,MP,2024-07-18,Y
C106405,Sameer Rao,Chandigarh,CH,2023-05-16,Y
C106406,Harpreet Pillai,Indore,MP,2024-04-05,Y
C106407,Kabir Agarwal,Indore,MP,2023-08-19,Y
C106408,Lakshmi Siddiqui,Delhi,DL,2023-11-28,N
C106409,Saanvi Naidu,Lucknow,UP,2023-08-04,N
C106410,Isha Gaikwad,Patna,BR,2024-09-09,N
C106411,Payal Rao,Indore,MP,2023-07-27,Y
C106412,Aadhya Singh,Chennai,TN,2023-06-23,Y
C106413,Om Jain,Ranchi,JH,2024-08-09,Y
C106414,Pooja Chauhan,Jaipur,RJ,2024-02-10,N
C106415,Gurpreet Kumar,Lucknow,UP,2023-08-06,Y
C106416,Swati Bhatt,Indore,MP,2024-09-18,N
C106417,Kabir Iyer,Chandigarh,CH,2023-10-28,Y
C106418,Isha Mukherjee,Nashik,MH,2024-09-25,Y
C106419,Tarun Khanna,Kochi,KL,2022-11-16,N
C106420,Sai Sheikh,Nashik,MH,2024-08-27,Y
C106421,Anjali Pereira,Bengaluru,KA,2023-11-14,N
C106422,Rahul Shah,Bengaluru,KA,2024-05-28,N
C106423,Tanvi Chopra,Mumbai,MH,2024-08-14,Y
C106424,Manish Srivastava,Jaipur,RJ,2023-11-13,N
C106425,Aadhya Mathew,Visakhapatnam,AP,2024-06-11,Y
C106426,Siddharth Ansari,Surat,GJ,2023-08-08,N
C106427,Kabir Qureshi,Mumbai,MH,2024-11-07,Y
C106428,Jaspreet Kulkarni,Dehradun,UK,2024-11-16,Y
C106429,Manpreet Kaur,Dehradun,UK,2023-02-02,N
C106430,Tanvi Goyal,Hyderabad,TS,2022-08-02,N
C106431,Tenzin Bansal,Raipur,CG,2023-07-30,Y
C106432,Aditya Malhotra,Gurugram,HR,2024-03-11,Y
C106433,Kavya Ghosh,Kochi,KL,2024-06-30,Y
C106434,Kabir Siddiqui,Vadodara,GJ,2024-09-24,N
C106435,Ankit George,Surat,GJ,2024-07-31,N
C106436,Varun Ghosh,Noida,UP,2023-04-04,N
C106437,Megha Mehta,Bhubaneswar,OR,2023-04-13,N
C106438,Suresh Dhillon,Mumbai,MH,2024-09-19,Y
C106439,Gurpreet Jadhav,Vadodara,GJ,2024-06-04,N
C106440,Rohan Gupta,Thiruvananthapuram,KL,2023-09-18,Y
C106441,Gurpreet Sen,Guwahati,AS,2023-04-10,N
C106442,Faisal Naidu,Visakhapatnam,AP,2023-02-19,Y
C106443,Neha Mehta,Surat,GJ,2022-09-01,N
C106444,Ritika Jain,Lucknow,UP,2023-07-24,N
C106445,Geeta Khanna,Pune,MH,2022-11-02,Y
C106446,Thomas Chauhan,Gurugram,HR,2022-10-22,Y
C106447,Nisha Nair,Patna,BR,2024-01-07,N
C106448,Aarav Patel,Guwahati,AS,2023-05-04,N
C106449,Tarun Reddy,Gurugram,HR,2023-01-02,N
C106450,Manpreet Khan,Jaipur,RJ,2024-09-28,N
C106451,Karan Das,Mumbai,MH,2022-11-11,N
C106452,Rohan Ansari,Kolkata,WB,2024-02-24,Y
C106453,Om Naidu,Lucknow,UP,2024-06-07,Y
C106454,Saanvi Goyal,Vadodara,GJ,2022-11-23,N
C106455,Komal Khanna,Guwahati,AS,2024-03-13,Y
C106456,Nikhil Pandey,Bengaluru,KA,2022-12-09,Y
C106457,Ankit Agarwal,Noida,UP,2024-10-12,N
C106458,Isha Sharma,Nashik,MH,2022-09-11,N
C106459,Thomas Pawar,Pune,MH,2024-06-02,Y
C106460,Reyansh Desai,Pune,MH,2024-01-27,Y
C106461,Kunal Sen,Bengaluru,KA,2024-07-01,N
C106462,Riya George,Kolkata,WB,2023-08-10,N
C106463,Ramesh Kulkarni,Jaipur,RJ,2023-07-18,N
C106464,Thomas Ghosh,Nashik,MH,2024-11-01,N
C106465,Shreya Mukherjee,Coimbatore,TN,2024-11-18,N
C106466,Tenzin Khan,Chandigarh,CH,2024-12-30,N
C106467,Vikram Mathew,Hyderabad,TS,2023-04-20,N
C106468,Tanvi Chatterjee,Surat,GJ,2023-10-19,Y
C106469,Rohit Chauhan,Vadodara,GJ,2023-02-26,N
C106470,Yash Dhillon,Dehradun,UK,2024-06-22,Y
C106471,Manish Verma,Bhopal,MP,2024-07-07,Y
C106472,Harsh Kumar,Mysuru,KA,2022-08-28,N
C106473,Sameer Kaur,Gurugram,HR,2024-09-27,N
C106474,Dev Kulkarni,Ahmedabad,GJ,2022-08-27,N
C106475,Anjali Pandey,Hyderabad,TS,2024-10-23,N
C106476,Daniel D'Souza,Nashik,MH,2024-09-26,N
C106477,Nisha Yadav,Guwahati,AS,2022-10-21,N
C106478,Vihaan Varghese,Nashik,MH,2024-07-14,N
C106479,Ankit Khanna,Bhubaneswar,OR,2024-07-03,N
C106480,Sneha Yadav,Noida,UP,2024-10-20,Y
C106481,Harpreet Tiwari,Visakhapatnam,AP,2024-08-12,N
C106482,Ananya Goyal,Visakhapatnam,AP,2022-07-30,Y
C106483,Daniel Arora,Bhopal,MP,2024-01-15,N
C106484,Lobsang Joshi,Gurugram,HR,2024-01-01,N
C106485,Thomas Shah,Bhopal,MP,2024-09-25,N
C106486,Neha Kumar,Dehradun,UK,2024-11-05,N
C106487,Aarav Mehta,Chennai,TN,2023-02-27,N
C106488,Payal Fernandes,Coimbatore,TN,2023-03-02,N
C106489,Nisha Goyal,Kochi,KL,2024-12-22,Y
C106490,Shreya Naidu,Raipur,CG,2024-02-11,N
C106491,Manish Bhatia,Chennai,TN,2023-04-26,N
C106492,Anjali Pereira,Ranchi,JH,2024-06-15,N
C106493,Varun Ghosh,Guwahati,AS,2024-05-25,N
C106494,Sukhwinder Mukherjee,Jaipur,RJ,2024-12-02,Y
C106495,Rohit Pereira,Bhopal,MP,2023-05-05,N
C106496,Simran Bhatia,Bhopal,MP,2024-01-08,N
C106497,Isha Dutta,Chennai,TN,2023-08-31,Y
C106498,Steven Pandey,Noida,UP,2024-10-03,N
C106499,Daniel Mishra,Ahmedabad,GJ,2023-07-23,N
C106500,Vikram Qureshi,Mumbai,MH,2022-07-31,N
C106501,Zoya Qureshi,Guwahati,AS,2023-04-14,N
C106502,Priya Goyal,Bhubaneswar,OR,2023-04-26,N
C106503,Tarun Gaikwad,Guwahati,AS,2024-02-17,N
C106504,Kabir Roy,Nagpur,MH,2024-05-11,N
C106505,Kabir Goyal,Gurugram,HR,2024-11-06,N
C106506,Arjun Qureshi,Nashik,MH,2023-08-28,N
C106507,Sukhwinder Patil,Indore,MP,2024-09-22,N
C106508,Om Mishra,Ahmedabad,GJ,2024-08-23,Y
C106509,Bhavna Jain,Bhopal,MP,2023-10-24,N
C106510,Imran Kapoor,Chennai,TN,2024-04-10,Y
C106511,Jaspreet Shah,Noida,UP,2022-07-16,N
C106512,Pooja Shah,Raipur,CG,2022-08-15,N
C106513,Faisal Mishra,Bhubaneswar,OR,2024-08-01,Y
C106514,Karan Qureshi,Surat,GJ,2022-12-26,N
C106515,Simran Patil,Coimbatore,TN,2024-10-30,Y
C106516,Dev Deshpande,Dehradun,UK,2023-05-22,Y
C106517,Mohammed Joshi,Delhi,DL,2022-11-16,N
C106518,Harpreet Patil,Lucknow,UP,2022-10-11,N
C106519,Shreya Chauhan,Bhopal,MP,2023-02-27,N
C106520,Swati Kulkarni,Noida,UP,2023-04-28,Y
C106521,Geeta Chopra,Noida,UP,2023-07-27,N
C106522,Rohan Verma,Hyderabad,TS,2023-07-23,Y
C106523,Siddharth Gupta,Bengaluru,KA,2023-10-09,N
C106524,Payal Shah,Kochi,KL,2024-01-21,N
C106525,Ankit Banerjee,Raipur,CG,2023-05-03,N
C106526,Ananya Rathore,Nashik,MH,2024-04-11,Y
C106527,Sukhwinder Kulkarni,Mysuru,KA,2023-04-21,N
C106528,Yash Naidu,Mumbai,MH,2023-07-16,N
C106529,Shreya Jain,Visakhapatnam,AP,2023-11-04,N
C106530,Zoya Desai,Lucknow,UP,2023-09-01,Y
C106531,Pooja Khan,Guwahati,AS,2024-04-19,N
C106532,Sukhwinder Pillai,Chandigarh,CH,2024-07-06,N
C106533,Tenzin Chauhan,Ahmedabad,GJ,2023-05-23,Y
C106534,Meera Gill,Coimbatore,TN,2022-07-24,N
C106535,Siddharth Verma,Gurugram,HR,2022-11-17,N
C106536,Vikram Pandey,Raipur,CG,2023-09-03,N
C106537,Rohit Khanna,Indore,MP,2023-08-24,Y
C106538,Rahul Srivastava,Thiruvananthapuram,KL,2024-11-22,Y
C106539,Aadhya Deshpande,Bhubaneswar,OR,2023-05-19,N
C106540,Siddharth Das,Dehradun,UK,2024-06-21,N
C106541,Pranav Dutta,Kolkata,WB,2023-11-14,N
C106542,Jaspreet Tiwari,Jaipur,RJ,2024-09-09,N
C106543,Sunita Patil,Pune,MH,2022-12-10,N
C106544,Arjun Das,Coimbatore,TN,2023-02-11,Y
C106545,Harpreet Shah,Lucknow,UP,2024-12-17,N
C106546,Aishwarya Agarwal,Hyderabad,TS,2024-04-19,Y
C106547,Ramesh Agarwal,Kolkata,WB,2023-01-04,N
C106548,Aditya Rao,Noida,UP,2024-12-16,N
C106549,Ishaan Pandey,Ranchi,JH,2023-03-05,Y
C106550,Sneha Mukherjee,Nashik,MH,2024-01-05,N
C106551,Anjali Dhillon,Ranchi,JH,2022-12-13,N
C106552,Vihaan Qureshi,Hyderabad,TS,2023-05-03,N
C106553,Varun Chauhan,Nashik,MH,2024-11-21,N
C106554,Saanvi Reddy,Delhi,DL,2023-05-15,Y
C106555,Rahul Srivastava,Kochi,KL,2023-08-17,N
C106556,Rohan Varghese,Bengaluru,KA,2024-06-23,N
C106557,Aditya Sandhu,Ranchi,JH,2023-02-18,Y
C106558,Payal Jadhav,Ahmedabad,GJ,2023-08-07,N
C106559,Arjun Gill,Surat,GJ,2023-12-03,N
C106560,Vivaan Pandey,Indore,MP,2023-11-27,Y
C106561,Simran Yadav,Chennai,TN,2024-03-15,Y
C106562,Thomas George,Ahmedabad,GJ,2024-08-31,N
C106563,Zoya Roy,Surat,GJ,2023-07-10,Y
C106564,Reyansh Naidu,Jaipur,RJ,2024-10-13,N
C106565,Manish Bhatt,Bengaluru,KA,2023-05-19,N
C106566,Priya Arora,Ranchi,JH,2023-11-13,N
C106567,Kavya D'Souza,Nagpur,MH,2023-08-13,N
C106568,Dev Ansari,Noida,UP,2024-01-05,N
C106569,Payal Rao,Chennai,TN,2022-12-31,N
C106570,Priya Sen,Visakhapatnam,AP,2024-09-25,N
C106571,Nisha Pereira,Dehradun,UK,2023-02-16,N
C106572,Geeta Nair,Nagpur,MH,2024-10-27,Y
C106573,Geeta Roy,Lucknow,UP,2022-10-26,Y
C106574,Pranav Mukherjee,Guwahati,AS,2023-06-09,Y
C106575,Vihaan Jain,Jaipur,RJ,2024-12-26,N
C106576,Imran Verma,Vadodara,GJ,2024-06-29,N
C106577,Vivaan Shinde,Delhi,DL,2023-08-03,Y
C106578,Divya Sheikh,Bengaluru,KA,2023-01-02,N
C106579,Pooja Patel,Kolkata,WB,2022-08-24,N
C106580,Sunita Sen,Kolkata,WB,2022-07-16,Y
C106581,Priya Chauhan,Visakhapatnam,AP,2024-09-16,Y
C106582,Lobsang Iyer,Visakhapatnam,AP,2022-12-05,Y
C106583,Kavya Pereira,Surat,GJ,2023-11-30,Y
C106584,Yash Menon,Bhopal,MP,2024-11-15,Y
C106585,Nikhil Shinde,Noida,UP,2023-12-02,N
C106586,Lobsang Joshi,Ranchi,JH,2024-04-29,Y
C106587,Nisha Pereira,Delhi,DL,2023-09-10,N
C106588,Ishaan Iyer,Guwahati,AS,2024-06-02,Y
C106589,Geeta Patel,Vadodara,GJ,2023-07-05,N
C106590,Pranav Bhatia,Ahmedabad,GJ,2024-09-19,N
C106591,Faisal Naidu,Raipur,CG,2022-09-28,N
C106592,Riya Reddy,Jaipur,RJ,2022-12-01,N
C106593,Siddharth Pawar,Nashik,MH,2024-01-19,N
C106594,Jaspreet Kaur,Ahmedabad,GJ,2023-05-13,N
C106595,Yash Pillai,Mumbai,MH,2022-09-05,N
C106596,Neha Sandhu,Bhopal,MP,2023-10-15,N
C106597,Ayaan Yadav,Coimbatore,TN,2023-06-22,Y
C106598,Reyansh Nair,Nagpur,MH,2022-09-21,N
C106599,Om Mukherjee,Guwahati,AS,2024-08-21,N
C106600,Divya Pandey,Thiruvananthapuram,KL,2023-11-10,N
C106601,Pranav Saxena,Patna,BR,2024-04-27,N
C106602,Pooja Jadhav,Lucknow,UP,2022-10-09,N
C106603,Sai Khanna,Noida,UP,2024-06-19,N
C106604,Tarun Bansal,Bhubaneswar,OR,2024-06-29,N
C106605,Sunita Saxena,Indore,MP,2023-06-18,N
C106606,Aadhya Shinde,Mumbai,MH,2023-08-25,Y
C106607,Kabir Pawar,Ranchi,JH,2024-12-02,N
C106608,Kabir Goyal,Guwahati,AS,2024-03-06,N
C106609,Saanvi Trivedi,Kolkata,WB,2024-05-23,N
C106610,Krishna Sheikh,Gurugram,HR,2022-10-12,Y
C106611,Aarav Chopra,Chennai,TN,2023-09-12,N
C106612,Ayaan Roy,Lucknow,UP,2022-09-14,N
C106613,Ramesh Patil,Guwahati,AS,2024-07-12,N
C106614,Tanvi Fernandes,Patna,BR,2023-03-11,N
C106615,Tarun Shinde,Delhi,DL,2023-06-22,N
C106616,Nikhil Saxena,Kolkata,WB,2022-11-06,Y
C106617,Daniel Gill,Chennai,TN,2023-03-23,N
C106618,Imran Roy,Nagpur,MH,2022-10-27,N
C106619,Abhishek Chauhan,Bhopal,MP,2024-05-19,N
C106620,Karan Ghosh,Lucknow,UP,2022-08-01,Y
C106621,Aditya Gaikwad,Thiruvananthapuram,KL,2022-09-16,Y
C106622,Om Gupta,Vadodara,GJ,2024-07-06,N
C106623,Tenzin Verma,Noida,UP,2022-08-01,Y
C106624,Krishna Sandhu,Bhubaneswar,OR,2023-08-22,N
C106625,Ritika Varghese,Delhi,DL,2022-11-12,N
C106626,Geeta Dutta,Nagpur,MH,2023-09-30,Y
C106627,Rajat Sheikh,Patna,BR,2024-08-04,N
C106628,Joseph Malhotra,Ahmedabad,GJ,2023-10-04,N
C106629,Neha Shah,Noida,UP,2024-08-01,N
C106630,Daniel Kaur,Chennai,TN,2024-05-05,N
C106631,Isha Sen,Guwahati,AS,2023-06-02,N
C106632,Lakshmi Das,Ahmedabad,GJ,2024-02-12,Y
C106633,Krishna Reddy,Chennai,TN,2024-02-24,Y
C106634,Vikram Mittal,Surat,GJ,2024-11-15,N
C106635,Zaid Sheikh,Bengaluru,KA,2023-03-22,Y
C106636,Sai Chopra,Thiruvananthapuram,KL,2024-10-23,N
C106637,Abhishek Malhotra,Surat,GJ,2023-11-08,N
C106638,Sameer Ansari,Guwahati,AS,2023-04-03,Y
C106639,Rajat Desai,Dehradun,UK,2023-01-31,N
C106640,Vihaan Pawar,Indore,MP,2023-10-08,N
C106641,Anjali Siddiqui,Indore,MP,2024-10-31,N
C106642,Tarun Mathew,Bhopal,MP,2023-06-08,N
C106643,Kabir Mittal,Surat,GJ,2024-05-20,N
C106644,Divya Fernandes,Ranchi,JH,2022-08-21,Y
C106645,Rajat Pandey,Nashik,MH,2024-10-13,N
C106646,Harpreet Trivedi,Delhi,DL,2022-11-14,N
C106647,Karan Das,Ahmedabad,GJ,2022-07-28,N
C106648,Karan Yadav,Nagpur,MH,2023-10-01,Y
C106649,Sukhwinder Kapoor,Surat,GJ,2024-04-25,N
C106650,Ayaan Mathew,Bhubaneswar,OR,2024-05-02,Y
C106651,Rahul Khanna,Lucknow,UP,2024-04-25,N
C106652,Kabir Mehta,Pune,MH,2023-07-10,Y
C106653,Manpreet Kapoor,Kolkata,WB,2022-09-12,N
C106654,Harpreet Siddiqui,Delhi,DL,2024-10-22,N
C106655,Faisal Bose,Dehradun,UK,2024-09-27,N
C106656,Kabir Gill,Nagpur,MH,2024-11-21,N
C106657,Divya Goyal,Delhi,DL,2024-04-02,Y
C106658,Aadhya Mittal,Chennai,TN,2023-10-26,N
C106659,Komal Agarwal,Bhopal,MP,2023-04-20,Y
C106660,Swati Tiwari,Patna,BR,2024-04-23,N
C106661,Aadhya Chopra,Gurugram,HR,2023-01-03,Y
C106662,Priya Joshi,Coimbatore,TN,2024-05-03,Y
C106663,Sunita Kapoor,Surat,GJ,2024-10-26,Y
C106664,Zoya Naidu,Mysuru,KA,2022-09-07,N
C106665,Pooja Arora,Thiruvananthapuram,KL,2022-12-03,N
C106666,Rohit Mehta,Dehradun,UK,2024-06-17,Y
C106667,Isha Patel,Chennai,TN,2022-07-24,N
C106668,Steven Iyer,Coimbatore,TN,2023-10-02,Y
C106669,Tarun Rao,Dehradun,UK,2024-08-25,N
C106670,Tarun Tiwari,Kolkata,WB,2022-09-05,N
C106671,Ritika Pandey,Bhopal,MP,2024-07-21,N
C106672,Aditya George,Jaipur,RJ,2022-07-17,Y
C106673,Simran Khanna,Bhubaneswar,OR,2023-04-17,N
C106674,Sneha Naidu,Dehradun,UK,2024-05-14,Y
C106675,Aishwarya Bhatia,Coimbatore,TN,2023-10-22,N
C106676,Divya George,Visakhapatnam,AP,2023-02-22,N
C106677,Reyansh Menon,Jaipur,RJ,2023-07-24,Y
C106678,Aarav Pereira,Chandigarh,CH,2022-12-06,Y
C106679,Anjali Sharma,Lucknow,UP,2024-12-05,N
C106680,Om Kapoor,Pune,MH,2022-08-20,N
C106681,Krishna Gaikwad,Delhi,DL,2024-11-01,N
C106682,Mohammed Trivedi,Nagpur,MH,2024-11-01,N
C106683,Mohammed Jadhav,Surat,GJ,2023-09-04,Y
C106684,Payal Mittal,Dehradun,UK,2024-12-28,N
C106685,Yash Jadhav,Chandigarh,CH,2023-04-21,N
C106686,Mohammed Shinde,Kochi,KL,2024-02-21,Y
C106687,Swati Yadav,Hyderabad,TS,2023-03-20,N
C106688,Tanvi Sandhu,Bengaluru,KA,2023-01-20,N
C106689,Nikhil Patil,Pune,MH,2024-01-07,Y
C106690,Kunal Sethi,Pune,MH,2022-07-28,N
C106691,Simran Saxena,Gurugram,HR,2024-01-28,N
C106692,Ramesh Kaur,Nashik,MH,2024-08-14,Y
C106693,Anjali Goyal,Kochi,KL,2023-10-17,N
C106694,Daniel Gill,Patna,BR,2022-09-17,Y
C106695,Sai Desai,Bhopal,MP,2024-01-05,N
C106696,Ishaan Chopra,Ranchi,JH,2024-04-24,Y
C106697,Ramesh Kaur,Delhi,DL,2023-01-07,N
C106698,Suresh Nair,Dehradun,UK,2023-02-06,Y
C106699,Anjali Banerjee,Chennai,TN,2023-01-11,N
C106700,Rahul Bhatt,Mumbai,MH,2024-11-27,Y
C106701,Lakshmi Ghosh,Visakhapatnam,AP,2024-10-01,N
C106702,Priya Sen,Guwahati,AS,2024-11-18,N
C106703,Pranav Dhillon,Pune,MH,2024-06-03,Y
C106704,Riya Khan,Chennai,TN,2023-01-19,N
C106705,Vihaan Reddy,Visakhapatnam,AP,2024-09-03,N
C106706,Aishwarya Saxena,Ranchi,JH,2022-12-13,N
C106707,Divya Rathore,Visakhapatnam,AP,2022-10-31,Y
C106708,Zoya Mathew,Chandigarh,CH,2022-09-07,N
C106709,Ankit Kumar,Delhi,DL,2024-08-26,Y
C106710,Priya Banerjee,Noida,UP,2023-02-09,N
C106711,Om Chauhan,Bhopal,MP,2024-10-01,Y
C106712,Aarav Chauhan,Chennai,TN,2023-01-12,N
C106713,Geeta Shinde,Mumbai,MH,2024-12-30,N
C106714,Deepak Tiwari,Mumbai,MH,2023-12-14,N
C106715,Nikhil Khanna,Bhubaneswar,OR,2024-01-25,N
C106716,Imran Iyer,Bhopal,MP,2024-09-13,N
C106717,Arjun Jain,Raipur,CG,2023-02-17,N
C106718,Ritika Patel,Kolkata,WB,2023-04-19,N
C106719,Imran Sandhu,Mumbai,MH,2022-11-01,Y
C106720,Ananya Agarwal,Gurugram,HR,2023-04-09,N
C106721,Aditya Singh,Kochi,KL,2023-10-03,N
C106722,Nisha Roy,Guwahati,AS,2023-09-29,N
C106723,Rohit Bansal,Patna,BR,2024-03-29,N
C106724,Farah Qureshi,Kochi,KL,2022-10-26,N
C106725,Manpreet Goyal,Jaipur,RJ,2024-09-18,N
C106726,Yash Reddy,Noida,UP,2024-10-10,N
C106727,Diya Malhotra,Ranchi,JH,2023-02-02,N
C106728,Ananya Chopra,Surat,GJ,2023-10-22,Y
C106729,Ritika Sethi,Delhi,DL,2022-12-06,N
C106730,Suresh Bhatt,Coimbatore,TN,2024-04-11,N
C106731,Faisal Siddiqui,Nagpur,MH,2023-10-16,Y
C106732,Varun Shah,Ranchi,JH,2024-03-19,Y
C106733,Kavya Saxena,Hyderabad,TS,2022-09-13,N
C106734,Zaid Goyal,Indore,MP,2024-01-08,N
C106735,Thomas Sharma,Chandigarh,CH,2023-01-22,Y
C106736,Amit Bhatt,Nashik,MH,2023-01-02,Y
C106737,Simran Malhotra,Vadodara,GJ,2023-11-09,N
C106738,Kunal Saxena,Delhi,DL,2023-09-04,Y
C106739,Suresh Kapoor,Chennai,TN,2024-05-13,N
C106740,Harpreet D'Souza,Nashik,MH,2024-08-14,N
C106741,Thomas Kulkarni,Surat,GJ,2023-02-19,N
C106742,Ananya Saxena,Pune,MH,2024-07-27,N
C106743,Imran Kaur,Delhi,DL,2024-03-14,N
C106744,Lobsang Deshpande,Noida,UP,2024-11-28,N
C106745,Isha Saxena,Bhubaneswar,OR,2024-01-29,N
C106746,Kunal Mittal,Kochi,KL,2024-03-07,N
C106747,Sukhwinder Das,Pune,MH,2024-02-18,Y
C106748,Lobsang Dhillon,Guwahati,AS,2023-05-05,Y
C106749,Gurpreet Rao,Vadodara,GJ,2022-09-03,N
C106750,Om Dutta,Raipur,CG,2023-10-19,N
C106751,Simran Rathore,Thiruvananthapuram,KL,2023-04-14,N
C106752,Imran Das,Chandigarh,CH,2023-05-10,N
C106753,Shreya Ghosh,Guwahati,AS,2023-03-19,Y
C106754,Reyansh Varghese,Lucknow,UP,2023-06-19,Y
C106755,Manpreet Shah,Thiruvananthapuram,KL,2023-10-16,N
C106756,Payal Dhillon,Raipur,CG,2022-09-10,Y
C106757,Vivaan D'Souza,Visakhapatnam,AP,2023-02-15,Y
C106758,Rohan Goyal,Kolkata,WB,2024-12-27,N
C106759,Joseph Naidu,Kolkata,WB,2023-06-04,N
C106760,Simran Patil,Bhopal,MP,2022-08-14,N
C106761,Vikram Reddy,Bhubaneswar,OR,2023-05-20,N
C106762,Steven Reddy,Kochi,KL,2024-03-14,N
C106763,Lobsang Jain,Surat,GJ,2024-10-11,Y
C106764,Dev Jain,Noida,UP,2024-08-21,Y
C106765,Diya Mathew,Chandigarh,CH,2024-06-15,N
C106766,Anjali Shah,Lucknow,UP,2022-09-10,N
C106767,Faisal Kulkarni,Chandigarh,CH,2024-05-20,Y
C106768,Geeta Fernandes,Nashik,MH,2024-03-03,N
C106769,Kunal Trivedi,Chandigarh,CH,2023-04-07,Y
C106770,Sukhwinder Patil,Patna,BR,2024-09-16,N
C106771,Swati Bhatia,Mumbai,MH,2022-10-19,N
C106772,Diya Verma,Vadodara,GJ,2023-03-28,Y
C106773,Aishwarya Dhillon,Delhi,DL,2023-08-17,N
C106774,Dev Chauhan,Ranchi,JH,2023-07-24,N
C106775,Daniel Yadav,Kochi,KL,2023-02-21,Y
C106776,Ramesh D'Souza,Ranchi,JH,2024-11-25,N
C106777,Jaspreet Pandey,Dehradun,UK,2024-01-13,N
C106778,Isha Bose,Jaipur,RJ,2024-06-05,Y
C106779,Tarun Patil,Gurugram,HR,2024-06-10,Y
C106780,Amit Nair,Nagpur,MH,2023-02-09,N
C106781,Komal Gupta,Bengaluru,KA,2023-04-08,N
C106782,Aadhya Sethi,Nashik,MH,2024-07-26,N
C106783,Siddharth Dhillon,Lucknow,UP,2024-09-25,Y
C106784,Ankit Malhotra,Gurugram,HR,2022-12-19,Y
C106785,Rohit Patel,Patna,BR,2023-07-23,Y
C106786,Rohit Sethi,Lucknow,UP,2023-08-17,Y
C106787,Swati Sheikh,Delhi,DL,2024-05-25,N
C106788,Ankit Srivastava,Ranchi,JH,2023-07-03,N
C106789,Anjali Yadav,Ranchi,JH,2024-02-28,N
C106790,Kavya Chauhan,Chennai,TN,2023-08-20,N
C106791,Farah Iyer,Nashik,MH,2022-07-18,N
C106792,Aarav Gill,Hyderabad,TS,2024-11-14,N
C106793,Divya Bansal,Kolkata,WB,2023-07-08,N
C106794,Pooja Rao,Coimbatore,TN,2024-07-12,N
C106795,Lobsang Mathew,Chandigarh,CH,2023-12-31,N
C106796,Reyansh Singh,Gurugram,HR,2023-04-24,Y
C106797,Siddharth Das,Indore,MP,2022-10-22,Y
C106798,Komal Sen,Hyderabad,TS,2022-12-12,N
C106799,Ritika Sheikh,Kolkata,WB,2024-11-21,N
C106800,Harpreet Patil,Jaipur,RJ,2024-08-04,N
C106801,Lobsang Reddy,Nashik,MH,2024-08-19,Y
C106802,Tenzin Patel,Delhi,DL,2023-07-12,N
C106803,Nisha Qureshi,Ahmedabad,GJ,2023-05-03,N
C106804,Vihaan D'Souza,Pune,MH,2023-11-25,Y
C106805,Riya Menon,Kochi,KL,2023-10-06,N
C106806,Priya Kumar,Hyderabad,TS,2023-08-31,N
C106807,Harsh Sethi,Kochi,KL,2024-07-30,N
C106808,Pranav Mittal,Jaipur,RJ,2024-07-28,N
C106809,Gurpreet Bansal,Visakhapatnam,AP,2023-09-10,N
C106810,Ayaan Gill,Mumbai,MH,2023-09-29,Y
C106811,Reyansh Pereira,Bhubaneswar,OR,2024-06-05,N
C106812,Aditya Bose,Bengaluru,KA,2024-08-25,N
C106813,Kavya Chauhan,Ranchi,JH,2024-01-18,N
C106814,Sneha Menon,Bhopal,MP,2024-02-10,N
C106815,Deepak Gill,Bhubaneswar,OR,2023-04-29,Y
C106816,Simran Shinde,Vadodara,GJ,2022-10-20,N
C106817,Ananya Gaikwad,Patna,BR,2023-02-15,N
C106818,Amit Pandey,Bhubaneswar,OR,2024-02-29,Y
C106819,Harpreet Chopra,Bhopal,MP,2022-08-23,Y
C106820,Faisal Mittal,Patna,BR,2024-10-07,N
C106821,Manish Goyal,Kochi,KL,2024-05-27,N
C106822,Nisha George,Mysuru,KA,2023-10-21,N
C106823,Lakshmi Gill,Indore,MP,2024-10-26,N
C106824,Pranav Bhatia,Noida,UP,2024-10-12,N
C106825,Neha Ghosh,Noida,UP,2022-12-12,N
C106826,Simran George,Indore,MP,2023-12-26,N
C106827,Dev Khanna,Ahmedabad,GJ,2022-12-15,N
C106828,Amit Gill,Hyderabad,TS,2022-07-24,N
C106829,Manpreet Ghosh,Visakhapatnam,AP,2023-04-21,N
C106830,Ayaan Mathew,Raipur,CG,2024-03-13,N
C106831,Zaid Ansari,Vadodara,GJ,2023-11-25,Y
C106832,Isha Sharma,Chennai,TN,2023-09-06,N
C106833,Neha Deshpande,Mumbai,MH,2024-05-21,N
C106834,Priya Bose,Patna,BR,2023-11-08,N
C106835,Swati Sharma,Jaipur,RJ,2023-12-01,N
C106836,Jaspreet Tiwari,Ranchi,JH,2023-11-09,N
C106837,Yash Mishra,Delhi,DL,2024-12-01,Y
C106838,Farah Kulkarni,Bhubaneswar,OR,2022-12-19,N
C106839,Vikram Rathore,Guwahati,AS,2023-05-21,N
C106840,Geeta Gupta,Nashik,MH,2023-12-15,N
C106841,Sunita Bhatia,Mysuru,KA,2024-04-26,N
C106842,Rohit Nair,Thiruvananthapuram,KL,2024-02-14,N
C106843,Geeta Bansal,Ranchi,JH,2022-08-11,N
C106844,Gurpreet Sethi,Indore,MP,2024-10-07,N
C106845,Kabir Menon,Thiruvananthapuram,KL,2023-01-28,Y
C106846,Tenzin Srivastava,Surat,GJ,2023-12-15,N
C106847,Zaid Srivastava,Mysuru,KA,2023-04-15,Y
C106848,Tarun Kumar,Ranchi,JH,2024-06-23,N
C106849,Pranav Desai,Hyderabad,TS,2024-03-30,N
C106850,Ishaan Kapoor,Mysuru,KA,2022-09-01,N
C106851,Sunita George,Patna,BR,2023-08-20,N
C106852,Rajat Mukherjee,Lucknow,UP,2024-12-08,N
C106853,Ankit Iyer,Kochi,KL,2024-03-03,Y
C106854,Isha Gupta,Ranchi,JH,2022-11-04,Y
C106855,Ritika Dutta,Guwahati,AS,2022-10-12,N
C106856,Kabir Khan,Patna,BR,2023-07-25,N
C106857,Divya Khanna,Pune,MH,2023-05-06,N
C106858,Zoya Chatterjee,Chennai,TN,2023-12-11,Y
C106859,Nikhil Desai,Dehradun,UK,2024-11-25,Y
C106860,Reyansh Shah,Chennai,TN,2023-04-03,N
C106861,Ayaan Menon,Pune,MH,2022-07-24,N
C106862,Mohammed Mathew,Delhi,DL,2023-01-16,Y
C106863,Ananya Naidu,Chennai,TN,2022-12-12,N
C106864,Siddharth Sethi,Gurugram,HR,2023-02-10,N
C106865,Suresh Sen,Chennai,TN,2023-11-21,Y
C106866,Rohan Rao,Surat,GJ,2024-03-22,Y
C106867,Manpreet Bhatt,Mysuru,KA,2024-06-29,N
C106868,Anjali Gupta,Chandigarh,CH,2023-09-27,N
C106869,Tenzin Bose,Bhopal,MP,2024-11-05,N
C106870,Ritika Ansari,Thiruvananthapuram,KL,2024-01-20,N
C106871,Manpreet Mishra,Thiruvananthapuram,KL,2023-12-13,N
C106872,Zoya Iyer,Indore,MP,2024-04-26,N
C106873,Priya Verma,Nagpur,MH,2024-01-25,N
C106874,Om Desai,Dehradun,UK,2023-07-04,N
C106875,Vikram Deshpande,Surat,GJ,2023-04-12,N
C106876,Zoya Siddiqui,Mysuru,KA,2024-01-07,N
C106877,Joseph Khan,Pune,MH,2023-08-29,Y
C106878,Tarun Fernandes,Noida,UP,2023-11-21,N
C106879,Manish Bansal,Chennai,TN,2024-07-21,Y
C106880,Sunita Roy,Dehradun,UK,2024-09-30,N
C106881,Mohammed Deshpande,Indore,MP,2024-08-23,Y
C106882,Lakshmi Reddy,Ranchi,JH,2024-07-31,N
C106883,Yash Mishra,Mumbai,MH,2022-12-05,N
C106884,Rahul Fernandes,Jaipur,RJ,2024-07-05,Y
C106885,Deepak Dhillon,Dehradun,UK,2023-08-03,N
C106886,Divya Chopra,Vadodara,GJ,2024-03-09,Y
C106887,Aditya Chauhan,Mumbai,MH,2024-02-29,N
C106888,Sneha Mukherjee,Gurugram,HR,2023-04-13,N
C106889,Lobsang Desai,Jaipur,RJ,2023-10-18,Y
C106890,Komal Deshpande,Ahmedabad,GJ,2024-07-08,N
C106891,Thomas Sheikh,Visakhapatnam,AP,2023-08-07,Y
C106892,Ankit Chatterjee,Kochi,KL,2024-01-15,Y
C106893,Rahul Patel,Ranchi,JH,2022-07-21,N
C106894,Faisal Bose,Ranchi,JH,2024-02-22,N
C106895,Om Tiwari,Surat,GJ,2022-08-07,Y
C106896,Deepak Roy,Mysuru,KA,2023-11-20,N
C106897,Kunal Pandey,Lucknow,UP,2023-03-07,Y
C106898,Ayaan Mishra,Coimbatore,TN,2024-07-27,N
C106899,Ankit Saxena,Bhubaneswar,OR,2024-11-12,N
C106900,Rohit George,Surat,GJ,2023-01-14,Y
C106901,Kunal Pawar,Dehradun,UK,2023-05-01,N
C106902,Tanvi Fernandes,Bhubaneswar,OR,2024-01-20,N
C106903,Anjali Singh,Pune,MH,2024-04-12,Y
C106904,Aditya Banerjee,Coimbatore,TN,2023-12-23,N
C106905,Arjun Mukherjee,Ahmedabad,GJ,2024-04-26,N
C106906,Tanvi Chopra,Chennai,TN,2024-03-02,N
C106907,Meera Das,Chandigarh,CH,2023-12-19,Y
C106908,Lakshmi Srivastava,Kolkata,WB,2024-07-12,N
C106909,Kunal Sethi,Bengaluru,KA,2023-06-15,N
C106910,Joseph Goyal,Guwahati,AS,2024-04-10,N
C106911,Reyansh Mittal,Kochi,KL,2024-03-22,Y
C106912,Om Nair,Dehradun,UK,2023-08-23,N
C106913,Payal Sandhu,Surat,GJ,2022-10-18,N
C106914,Anjali Yadav,Coimbatore,TN,2023-12-17,N
C106915,Megha Shinde,Coimbatore,TN,2024-11-09,Y
C106916,Manish Malhotra,Kochi,KL,2023-04-01,Y
C106917,Aishwarya Goyal,Vadodara,GJ,2023-05-27,N
C106918,Sai D'Souza,Chandigarh,CH,2024-01-29,N
C106919,Aadhya Naidu,Nagpur,MH,2023-02-02,Y
C106920,Zoya Fernandes,Bhubaneswar,OR,2023-10-20,N
C106921,Jaspreet Chatterjee,Coimbatore,TN,2023-05-18,N
C106922,Vivaan Pawar,Mysuru,KA,2024-04-05,Y
C106923,Komal Kumar,Patna,BR,2022-07-30,N
C106924,Suresh Shinde,Noida,UP,2024-08-01,N
C106925,Swati Sheikh,Ranchi,JH,2023-09-18,Y
C106926,Kunal Kaur,Guwahati,AS,2023-03-03,N
C106927,Karan Chopra,Bhubaneswar,OR,2023-07-27,N
C106928,Kabir Yadav,Ranchi,JH,2023-12-04,Y
C106929,Imran Joshi,Bhubaneswar,OR,2024-12-08,Y
C106930,Ritika Varghese,Guwahati,AS,2023-01-06,N
C106931,Bhavna Bhatt,Dehradun,UK,2024-12-06,N
C106932,Ishaan Srivastava,Pune,MH,2023-10-31,N
C106933,Gurpreet George,Lucknow,UP,2023-10-08,N
C106934,Sukhwinder Jain,Delhi,DL,2024-11-11,Y
C106935,Nisha Rao,Kolkata,WB,2024-07-15,N
C106936,Isha Sen,Noida,UP,2022-12-05,Y
C106937,Riya Sheikh,Chennai,TN,2023-09-21,N
C106938,Imran Patil,Ahmedabad,GJ,2022-07-21,N
C106939,Shreya Nair,Patna,BR,2024-04-06,N
C106940,Dev Mehta,Nagpur,MH,2024-01-08,N
C106941,Vikram Saxena,Raipur,CG,2023-08-19,N
C106942,Kunal Pandey,Noida,UP,2024-04-13,N
C106943,Suresh Verma,Lucknow,UP,2023-12-17,N
C106944,Divya Iyer,Nashik,MH,2022-11-21,N
C106945,Ayaan D'Souza,Nagpur,MH,2022-12-28,Y
C106946,Deepak Goyal,Visakhapatnam,AP,2022-09-27,N
C106947,Sameer Gill,Indore,MP,2024-12-02,Y
C106948,Aditya D'Souza,Bhubaneswar,OR,2023-11-23,N
C106949,Payal Fernandes,Nashik,MH,2024-11-09,N
C106950,Geeta Roy,Kochi,KL,2023-04-26,Y
C106951,Ishaan Gill,Ranchi,JH,2022-07-20,N
C106952,Nisha Siddiqui,Visakhapatnam,AP,2024-03-12,N
C106953,Anjali Gaikwad,Hyderabad,TS,2024-06-26,N
C106954,Neha Gaikwad,Chennai,TN,2022-09-11,N
C106955,Vivaan Verma,Raipur,CG,2024-09-06,N
C106956,Sai Agarwal,Delhi,DL,2023-03-04,N
C106957,Sukhwinder Dutta,Indore,MP,2024-07-08,N
C106958,Rohan Pereira,Guwahati,AS,2023-01-28,N
C106959,Ramesh Jain,Gurugram,HR,2022-12-02,N
C106960,Ananya Goyal,Patna,BR,2023-10-06,N
C106961,Divya Patel,Kochi,KL,2024-03-03,N
C106962,Ankit Patil,Patna,BR,2023-09-28,Y
C106963,Ankit Ansari,Hyderabad,TS,2023-05-07,Y
C106964,Geeta Gupta,Noida,UP,2024-02-20,N
C106965,Jaspreet Trivedi,Kochi,KL,2024-06-26,N
C106966,Tarun Khan,Raipur,CG,2024-04-16,N
C106967,Payal Kapoor,Nashik,MH,2024-09-07,N
C106968,Joseph Sheikh,Coimbatore,TN,2023-11-06,N
C106969,Manish Das,Bhopal,MP,2022-09-14,N
C106970,Swati Sen,Nashik,MH,2023-06-04,N
C106971,Ananya Srivastava,Ranchi,JH,2023-03-23,N
C106972,Sunita Tiwari,Patna,BR,2024-05-14,Y
C106973,Deepak Desai,Jaipur,RJ,2023-12-16,N
C106974,Amit Mukherjee,Dehradun,UK,2023-03-26,N
C106975,Aishwarya Kaur,Ahmedabad,GJ,2024-04-22,N
C106976,Ananya Kulkarni,Thiruvananthapuram,KL,2023-10-27,N
C106977,Sunita Gill,Kolkata,WB,2024-12-31,N
C106978,Sai Kumar,Bhubaneswar,OR,2024-01-05,Y
C106979,Pranav Rao,Bhopal,MP,2023-06-12,N
C106980,Amit Siddiqui,Visakhapatnam,AP,2024-03-02,Y
C106981,Swati Rathore,Coimbatore,TN,2024-02-03,Y
C106982,Vivaan Yadav,Chandigarh,CH,2023-11-14,Y
C106983,Kabir Banerjee,Surat,GJ,2022-10-04,N
C106984,Steven Chauhan,Kolkata,WB,2022-09-29,N
C106985,Joseph Khanna,Ahmedabad,GJ,2023-04-12,N
C106986,Daniel Pandey,Nashik,MH,2024-04-28,N
C106987,Tenzin Yadav,Indore,MP,2023-06-15,Y
C106988,Faisal Sen,Vadodara,GJ,2022-11-21,N
C106989,Varun Malhotra,Lucknow,UP,2024-07-12,Y
C106990,Aditya Pereira,Surat,GJ,2023-01-22,N
C106991,Reyansh Menon,Dehradun,UK,2022-12-15,Y
C106992,Vihaan Banerjee,Visakhapatnam,AP,2022-10-26,N
C106993,Harsh Kapoor,Dehradun,UK,2024-03-23,Y
C106994,Shreya Ansari,Mumbai,MH,2023-06-06,N
C106995,Reyansh Jadhav,Visakhapatnam,AP,2023-12-13,Y
C106996,Megha Iyer,Raipur,CG,2023-11-15,N
C106997,Siddharth Banerjee,Delhi,DL,2023-11-03,N
C106998,Meera Malhotra,Surat,GJ,2024-06-30,N
C106999,Lakshmi Naidu,Chandigarh,CH,2024-10-19,Y
C107000,Pranav Patel,Delhi,DL,2023-07-27,Y
C107001,Isha Iyer,Nagpur,MH,2022-08-11,N
C107002,Rohit Fernandes,Hyderabad,TS,2022-08-23,N
C107003,Rajat Arora,Kochi,KL,2023-11-04,Y
C107004,Faisal Banerjee,Hyderabad,TS,2023-09-07,Y
C107005,Daniel Rathore,Gurugram,HR,2023-05-03,N
C107006,Jaspreet Singh,Thiruvananthapuram,KL,2022-12-22,N
C107007,Divya Patel,Coimbatore,TN,2024-12-28,N
C107008,Isha Kulkarni,Guwahati,AS,2023-04-12,N
C107009,Anjali Nair,Surat,GJ,2022-08-08,N
C107010,Arjun Desai,Mysuru,KA,2024-09-03,N
C107011,Deepak Varghese,Bhopal,MP,2023-05-11,Y
C107012,Sukhwinder Tiwari,Visakhapatnam,AP,2024-03-29,N
C107013,Siddharth Khanna,Dehradun,UK,2023-09-30,N
C107014,Faisal Pawar,Ahmedabad,GJ,2023-01-21,N
C107015,Rohan Sethi,Ranchi,JH,2023-03-19,Y
C107016,Tarun Roy,Lucknow,UP,2024-01-22,N
C107017,Aadhya Patel,Mumbai,MH,2022-10-04,N
C107018,Harpreet Kumar,Ranchi,JH,2022-12-12,N
C107019,Komal Yadav,Lucknow,UP,2023-06-12,N
C107020,Kabir Malhotra,Noida,UP,2022-12-17,N
C107021,Jaspreet Rao,Bhubaneswar,OR,2022-07-27,N
C107022,Anjali Gaikwad,Chennai,TN,2023-03-01,Y
C107023,Divya Das,Mysuru,KA,2023-09-04,Y
C107024,Isha Kumar,Thiruvananthapuram,KL,2022-08-12,N
C107025,Rahul Mathew,Jaipur,RJ,2024-02-15,N
C107026,Rohan Pandey,Visakhapatnam,AP,2024-01-08,Y
C107027,Kavya Das,Patna,BR,2024-06-16,N
C107028,Tanvi Iyer,Gurugram,HR,2023-02-05,N
C107029,Saanvi Reddy,Vadodara,GJ,2024-06-14,Y
C107030,Zoya Goyal,Noida,UP,2023-07-30,N
C107031,Ishaan Bansal,Lucknow,UP,2022-10-17,N
C107032,Ritika Fernandes,Ahmedabad,GJ,2022-09-28,N
C107033,Ramesh Srivastava,Bengaluru,KA,2023-04-09,N
C107034,Rohan Das,Delhi,DL,2024-07-31,N
C107035,Varun Iyer,Kolkata,WB,2023-10-10,N
C107036,Anjali Jadhav,Bengaluru,KA,2022-07-25,Y
C107037,Priya Arora,Surat,GJ,2023-11-16,Y
C107038,Rajat Das,Raipur,CG,2024-05-10,N
C107039,Manish Siddiqui,Raipur,CG,2023-03-24,Y
C107040,Joseph Pawar,Bhubaneswar,OR,2023-07-12,N
C107041,Neha Mishra,Thiruvananthapuram,KL,2024-11-22,Y
C107042,Manish Agarwal,Visakhapatnam,AP,2022-10-04,N
C107043,Meera Dhillon,Lucknow,UP,2024-06-27,N
C107044,Payal Ansari,Patna,BR,2023-02-16,Y
C107045,Aarav Sethi,Jaipur,RJ,2024-11-27,N
C107046,Meera Mukherjee,Thiruvananthapuram,KL,2023-10-07,N
C107047,Aditya Menon,Coimbatore,TN,2022-09-17,N
C107048,Riya Sheikh,Kolkata,WB,2024-12-23,Y
C107049,Zaid Sandhu,Bhopal,MP,2023-06-14,N
C107050,Amit Khan,Visakhapatnam,AP,2023-06-14,N
C107051,Lobsang Varghese,Visakhapatnam,AP,2023-11-28,N
C107052,Geeta Agarwal,Mumbai,MH,2023-02-02,N
C107053,Steven Deshpande,Bhopal,MP,2023-06-01,N
C107054,Arjun Gupta,Surat,GJ,2024-11-07,N
C107055,Swati Chopra,Dehradun,UK,2022-11-16,N
C107056,Sameer Chauhan,Bhopal,MP,2024-03-03,N
C107057,Aditya Chatterjee,Coimbatore,TN,2023-01-31,N
C107058,Pooja Yadav,Visakhapatnam,AP,2024-08-11,N
C107059,Vivaan Das,Hyderabad,TS,2024-11-23,N
C107060,Zaid Pawar,Mysuru,KA,2024-11-26,N
C107061,Kavya Gaikwad,Mysuru,KA,2022-11-20,Y
C107062,Nisha Patil,Kolkata,WB,2023-01-13,N
C107063,Aarav Naidu,Indore,MP,2024-08-03,N
C107064,Suresh Desai,Chennai,TN,2022-10-05,N
C107065,Shreya Chopra,Kochi,KL,2023-02-02,N
C107066,Siddharth Ghosh,Delhi,DL,2023-08-14,N
C107067,Amit Dhillon,Pune,MH,2024-01-11,N
C107068,Rahul Chauhan,Vadodara,GJ,2023-12-07,N
C107069,Imran Chatterjee,Ahmedabad,GJ,2024-10-21,Y
C107070,Yash Chauhan,Bhubaneswar,OR,2022-08-31,N
C107071,Bhavna Kumar,Patna,BR,2022-09-18,Y
C107072,Riya Verma,Patna,BR,2023-12-12,Y
C107073,Kabir Ansari,Bhopal,MP,2024-12-21,N
C107074,Daniel Khanna,Mumbai,MH,2022-08-26,Y
C107075,Om Ghosh,Ahmedabad,GJ,2023-10-25,N
C107076,Isha Bose,Bengaluru,KA,2023-07-11,N
C107077,Daniel Malhotra,Chandigarh,CH,2023-01-06,N
C107078,Divya Shah,Gurugram,HR,2023-10-27,N
C107079,Sukhwinder Pandey,Chandigarh,CH,2022-08-23,N
C107080,Aishwarya Mittal,Jaipur,RJ,2024-01-22,N
C107081,Ayaan Trivedi,Dehradun,UK,2024-12-27,N
C107082,Lobsang Mittal,Kochi,KL,2024-07-14,N
C107083,Mohammed Kapoor,Delhi,DL,2024-08-26,N
C107084,Sai Arora,Nashik,MH,2023-11-29,Y
C107085,Sneha Chatterjee,Kolkata,WB,2023-10-29,N
C107086,Aditya Shah,Hyderabad,TS,2023-03-15,Y
C107087,Aadhya Iyer,Guwahati,AS,2023-09-08,N
C107088,Yash Khanna,Ranchi,JH,2023-08-19,N
C107089,Rohit Agarwal,Visakhapatnam,AP,2022-08-23,N
C107090,Anjali Banerjee,Nagpur,MH,2024-12-27,N
C107091,Tarun Pereira,Bengaluru,KA,2024-10-08,N
C107092,Sukhwinder Sheikh,Bhubaneswar,OR,2023-07-28,Y
C107093,Geeta Khanna,Hyderabad,TS,2022-12-27,N
C107094,Simran Mittal,Bhubaneswar,OR,2022-10-20,N
C107095,Manish Bansal,Mumbai,MH,2024-02-22,N
C107096,Megha Chauhan,Thiruvananthapuram,KL,2022-11-06,Y
C107097,Arjun Jain,Nashik,MH,2024-01-05,N
C107098,Ankit Tiwari,Mumbai,MH,2023-10-06,Y
C107099,Geeta Mishra,Indore,MP,2023-11-10,N
C107100,Suresh Reddy,Visakhapatnam,AP,2024-05-21,N
C107101,Reyansh Naidu,Visakhapatnam,AP,2023-04-10,Y
C107102,Nisha Sandhu,Bengaluru,KA,2023-01-01,N
C107103,Suresh Trivedi,Bhopal,MP,2022-08-17,N
C107104,Saanvi Shah,Dehradun,UK,2024-11-30,N
C107105,Lakshmi Rao,Bengaluru,KA,2023-04-11,N
C107106,Aishwarya Joshi,Guwahati,AS,2024-11-11,N
C107107,Abhishek Gaikwad,Thiruvananthapuram,KL,2024-08-17,N
C107108,Rohan Bose,Nashik,MH,2024-04-09,N
C107109,Lobsang Srivastava,Ranchi,JH,2022-07-24,N
C107110,Rohit Shah,Thiruvananthapuram,KL,2023-05-22,N
C107111,Aditya Menon,Mysuru,KA,2023-09-03,N
C107112,Bhavna Desai,Guwahati,AS,2024-07-08,N
C107113,Komal Nair,Bhubaneswar,OR,2022-10-23,N
C107114,Anjali Patel,Chennai,TN,2024-05-12,N
C107115,Sukhwinder Gupta,Coimbatore,TN,2023-12-04,N
C107116,Komal Mittal,Pune,MH,2023-12-04,N
C107117,Harpreet Bose,Visakhapatnam,AP,2024-04-17,N
C107118,Om Rao,Delhi,DL,2024-02-23,Y
C107119,Mohammed Patil,Bhubaneswar,OR,2022-12-05,N
C107120,Priya Arora,Mumbai,MH,2024-12-26,N
C107121,Sneha Chatterjee,Nagpur,MH,2024-12-11,Y
C107122,Anjali Saxena,Guwahati,AS,2024-07-24,Y
C107123,Anjali Srivastava,Ranchi,JH,2024-09-16,N
C107124,Faisal Pereira,Kochi,KL,2024-02-13,Y
C107125,Lobsang Sen,Jaipur,RJ,2024-06-17,N
C107126,Vihaan Bansal,Kochi,KL,2022-08-05,N
C107127,Rajat Shah,Chennai,TN,2022-09-28,Y
C107128,Harpreet Verma,Kolkata,WB,2023-08-24,N
C107129,Bhavna Bhatia,Coimbatore,TN,2024-11-03,Y
C107130,Dev Goyal,Jaipur,RJ,2023-12-01,Y
C107131,Nikhil Kumar,Surat,GJ,2023-10-14,N
C107132,Karan Saxena,Mysuru,KA,2024-07-17,Y
C107133,Pranav Jadhav,Mumbai,MH,2024-02-19,N
C107134,Deepak Mittal,Bengaluru,KA,2024-02-08,N
C107135,Harsh Sheikh,Pune,MH,2023-11-30,Y
C107136,Karan Trivedi,Patna,BR,2024-10-06,Y
C107137,Shreya Yadav,Lucknow,UP,2023-07-13,Y
C107138,Manpreet Srivastava,Kolkata,WB,2024-03-23,Y
C107139,Varun Desai,Visakhapatnam,AP,2022-10-21,N
C107140,Vihaan Yadav,Coimbatore,TN,2022-08-20,N
C107141,Sunita Sandhu,Mumbai,MH,2022-11-10,N
C107142,Jaspreet Singh,Chennai,TN,2023-11-03,N
C107143,Vikram Sharma,Vadodara,GJ,2023-12-18,N
C107144,Pranav Chauhan,Chandigarh,CH,2023-01-17,N
C107145,Meera Qureshi,Noida,UP,2022-09-30,N
C107146,Zaid Bose,Kochi,KL,2022-08-21,N
C107147,Aditya Kumar,Gurugram,HR,2023-09-06,Y
C107148,Mohammed Jain,Hyderabad,TS,2024-08-13,N
C107149,Siddharth Verma,Nagpur,MH,2022-10-16,N
C107150,Geeta Arora,Patna,BR,2024-04-05,N
C107151,Isha Bhatt,Coimbatore,TN,2024-11-20,N
C107152,Payal George,Mumbai,MH,2023-05-02,Y
C107153,Amit George,Gurugram,HR,2024-09-18,N
C107154,Ishaan Mishra,Patna,BR,2023-04-09,N
C107155,Dev Qureshi,Thiruvananthapuram,KL,2023-03-31,N
C107156,Ishaan Bose,Mumbai,MH,2023-02-12,N
C107157,Kabir Menon,Pune,MH,2023-05-06,N
C107158,Sai Rathore,Visakhapatnam,AP,2023-11-30,Y
C107159,Anjali Bansal,Guwahati,AS,2023-09-08,Y
C107160,Kunal Gill,Gurugram,HR,2023-05-19,N
C107161,Tanvi Gupta,Chennai,TN,2022-09-20,Y
C107162,Ananya Sethi,Vadodara,GJ,2022-12-30,N
C107163,Zoya Joshi,Patna,BR,2022-08-01,Y
C107164,Ramesh Arora,Pune,MH,2023-12-20,Y
C107165,Priya Sandhu,Lucknow,UP,2024-12-08,N
C107166,Kabir Mukherjee,Thiruvananthapuram,KL,2023-05-09,N
C107167,Arjun Qureshi,Surat,GJ,2023-02-27,N
C107168,Sunita Joshi,Delhi,DL,2024-03-18,N
C107169,Aadhya Banerjee,Bengaluru,KA,2023-09-12,N
C107170,Diya Mittal,Pune,MH,2024-09-18,Y
C107171,Anjali Gill,Visakhapatnam,AP,2023-05-01,N
C107172,Rohan Saxena,Guwahati,AS,2023-10-02,N
C107173,Lobsang Arora,Kolkata,WB,2023-08-05,N
C107174,Kabir Naidu,Kolkata,WB,2022-10-27,N
C107175,Arjun Kaur,Bhubaneswar,OR,2023-03-10,N
C107176,Geeta Goyal,Mumbai,MH,2024-02-22,N
C107177,Sneha Desai,Bhubaneswar,OR,2023-12-20,N
C107178,Neha Das,Gurugram,HR,2023-09-08,Y
C107179,Kavya Shah,Mumbai,MH,2024-03-31,Y
C107180,Farah Arora,Thiruvananthapuram,KL,2023-12-29,Y
C107181,Ankit Pawar,Bengaluru,KA,2023-01-25,N
C107182,Neha Chatterjee,Lucknow,UP,2024-12-30,N
C107183,Ramesh Tiwari,Visakhapatnam,AP,2024-12-26,N
C107184,Reyansh Das,Delhi,DL,2022-09-12,Y
C107185,Pooja Chatterjee,Nagpur,MH,2024-03-31,N
C107186,Komal Sandhu,Nashik,MH,2022-11-07,N
C107187,Zoya Jadhav,Ahmedabad,GJ,2023-04-25,Y
C107188,Krishna Deshpande,Nagpur,MH,2023-10-07,Y
C107189,Joseph Qureshi,Thiruvananthapuram,KL,2024-08-27,N
C107190,Farah Ghosh,Kolkata,WB,2022-09-08,N
C107191,Priya Jadhav,Jaipur,RJ,2024-08-24,N
C107192,Zaid Kumar,Pune,MH,2024-08-23,Y
C107193,Manpreet Nair,Kolkata,WB,2023-03-04,N
C107194,Krishna Pillai,Bhopal,MP,2023-06-11,N
C107195,Rohit Das,Nashik,MH,2023-08-26,Y
C107196,Divya Pillai,Patna,BR,2024-06-20,Y
C107197,Steven Agarwal,Nagpur,MH,2023-08-20,N
C107198,Varun Dhillon,Visakhapatnam,AP,2024-07-22,N
C107199,Meera Chopra,Delhi,DL,2024-12-22,N
C107200,Karan Gaikwad,Kochi,KL,2023-08-17,N
C107201,Gurpreet Banerjee,Ahmedabad,GJ,2024-12-23,N
C107202,Siddharth Bhatt,Chennai,TN,2024-04-19,N
C107203,Isha Mittal,Dehradun,UK,2024-12-08,N
C107204,Divya Ghosh,Mysuru,KA,2024-06-01,Y
C107205,Neha Kulkarni,Chandigarh,CH,2024-07-03,N
C107206,Harsh Bansal,Visakhapatnam,AP,2023-09-01,N
C107207,Shreya Mehta,Noida,UP,2024-01-28,N
C107208,Ishaan Khan,Patna,BR,2024-07-22,N
C107209,Kavya Rao,Bengaluru,KA,2022-10-23,N
C107210,Manish Sheikh,Guwahati,AS,2022-09-25,N
C107211,Tenzin Rao,Thiruvananthapuram,KL,2023-02-16,Y
C107212,Harpreet Patel,Kolkata,WB,2024-10-16,N
C107213,Mohammed Mukherjee,Ahmedabad,GJ,2022-12-10,Y
C107214,Rohit Dhillon,Bhubaneswar,OR,2023-12-16,Y
C107215,Ritika Mishra,Gurugram,HR,2023-09-05,N
C107216,Lobsang Rathore,Bhubaneswar,OR,2023-07-03,N
C107217,Daniel Verma,Kochi,KL,2024-10-11,N
C107218,Megha Varghese,Visakhapatnam,AP,2023-02-07,N
C107219,Zaid D'Souza,Bengaluru,KA,2024-03-01,Y
C107220,Priya Sen,Kochi,KL,2024-08-14,Y
C107221,Faisal Fernandes,Delhi,DL,2022-09-23,N
C107222,Mohammed Kulkarni,Ahmedabad,GJ,2024-09-13,Y
C107223,Ishaan Sen,Noida,UP,2024-11-28,N
C107224,Sai Varghese,Lucknow,UP,2024-11-05,N
C107225,Rohan Bose,Mysuru,KA,2022-12-10,Y
C107226,Vihaan Mittal,Lucknow,UP,2023-10-30,N
C107227,Jaspreet Chopra,Ahmedabad,GJ,2023-03-17,N
C107228,Vihaan Verma,Nashik,MH,2023-04-20,N
C107229,Joseph Agarwal,Ranchi,JH,2023-09-02,Y
C107230,Karan Gupta,Noida,UP,2024-05-20,N
C107231,Sneha Singh,Nagpur,MH,2022-12-21,N
C107232,Anjali Mehta,Vadodara,GJ,2024-10-11,Y
C107233,Zoya Sandhu,Chandigarh,CH,2022-12-19,N
C107234,Kabir Patil,Lucknow,UP,2022-11-22,N
C107235,Saanvi Ghosh,Kolkata,WB,2023-05-23,N
C107236,Farah Shah,Nagpur,MH,2024-02-12,N
C107237,Priya Dhillon,Chennai,TN,2024-01-04,Y
C107238,Sunita Chatterjee,Vadodara,GJ,2024-04-29,Y
C107239,Riya Bhatia,Ahmedabad,GJ,2024-10-01,N
C107240,Reyansh Pereira,Mumbai,MH,2024-08-23,N
C107241,Zoya Varghese,Noida,UP,2022-12-27,Y
C107242,Siddharth Bose,Pune,MH,2022-07-17,N
C107243,Geeta Fernandes,Pune,MH,2022-10-07,N
C107244,Ayaan Kulkarni,Patna,BR,2023-03-08,N
C107245,Ritika Khan,Bhopal,MP,2022-11-03,N
C107246,Nikhil Rao,Hyderabad,TS,2022-11-09,Y
C107247,Jaspreet Ghosh,Delhi,DL,2023-03-28,N
C107248,Megha Jadhav,Visakhapatnam,AP,2023-08-31,N
C107249,Lobsang Gill,Indore,MP,2023-11-20,N
C107250,Zaid Pillai,Lucknow,UP,2024-08-06,N
C107251,Priya Nair,Hyderabad,TS,2024-09-08,N
C107252,Shreya Kumar,Kolkata,WB,2024-09-04,N
C107253,Geeta Qureshi,Surat,GJ,2024-02-25,N
C107254,Vikram Kulkarni,Noida,UP,2022-09-02,N
C107255,Thomas Sharma,Noida,UP,2023-10-04,Y
C107256,Om Varghese,Bhubaneswar,OR,2023-01-27,N
C107257,Ramesh Bansal,Gurugram,HR,2022-10-06,N
C107258,Thomas Kapoor,Surat,GJ,2024-11-12,N
C107259,Pranav Bhatia,Gurugram,HR,2024-11-08,Y
C107260,Ritika Varghese,Dehradun,UK,2023-11-14,Y
C107261,Ramesh Gaikwad,Mysuru,KA,2024-10-12,N
C107262,Nisha Ansari,Nagpur,MH,2024-09-24,N
C107263,Anjali Pereira,Ranchi,JH,2022-12-04,N
C107264,Reyansh Kumar,Bhubaneswar,OR,2023-03-28,N
C107265,Rohit Gaikwad,Indore,MP,2024-11-25,N
C107266,Steven Trivedi,Nashik,MH,2023-12-05,N
C107267,Manish Shinde,Kochi,KL,2022-07-21,N
C107268,Imran Kapoor,Nagpur,MH,2024-05-25,N
C107269,Dev Kaur,Mumbai,MH,2024-04-21,N
C107270,Saanvi Mukherjee,Gurugram,HR,2024-01-08,N
C107271,Faisal Singh,Delhi,DL,2023-03-24,Y
C107272,Manish Bhatt,Noida,UP,2024-04-28,N
C107273,Manpreet Gill,Bhubaneswar,OR,2022-11-10,Y
C107274,Ramesh Gupta,Chandigarh,CH,2024-06-11,N
C107275,Simran Khan,Mumbai,MH,2023-02-16,Y
C107276,Vikram Desai,Chandigarh,CH,2023-11-06,N
C107277,Manpreet Naidu,Kolkata,WB,2023-08-04,N
C107278,Mohammed Goyal,Chandigarh,CH,2023-11-23,N
C107279,Aarav George,Kochi,KL,2022-09-23,N
C107280,Manish Mukherjee,Surat,GJ,2023-04-20,Y
C107281,Yash Gaikwad,Chennai,TN,2022-08-21,N
C107282,Nisha Kaur,Mumbai,MH,2023-11-13,N
C107283,Ramesh Bose,Coimbatore,TN,2024-05-17,Y
C107284,Kavya Verma,Pune,MH,2023-09-26,N
C107285,Manish Dhillon,Vadodara,GJ,2022-09-27,N
C107286,Steven Siddiqui,Bhopal,MP,2023-08-01,N
C107287,Komal Khanna,Mumbai,MH,2023-07-12,N
C107288,Riya Deshpande,Nagpur,MH,2024-05-09,Y
C107289,Sneha Iyer,Raipur,CG,2024-01-18,N
C107290,Simran Singh,Chennai,TN,2023-08-05,Y
C107291,Saanvi Jain,Hyderabad,TS,2023-11-05,N
C107292,Yash Fernandes,Vadodara,GJ,2024-09-07,N
C107293,Bhavna Malhotra,Coimbatore,TN,2023-03-24,N
C107294,Aishwarya Singh,Lucknow,UP,2023-12-17,Y
C107295,Sneha Kaur,Ahmedabad,GJ,2024-12-29,Y
C107296,Daniel Trivedi,Ranchi,JH,2024-09-12,N
C107297,Meera Patil,Guwahati,AS,2024-08-07,Y
C107298,Divya Mittal,Noida,UP,2024-09-04,N
C107299,Rohan Ansari,Coimbatore,TN,2023-11-07,N
C107300,Tenzin Patil,Noida,UP,2023-06-14,N
C107301,Meera Desai,Chennai,TN,2022-12-17,Y
C107302,Aditya Srivastava,Bengaluru,KA,2024-05-25,Y
C107303,Shreya Ansari,Coimbatore,TN,2023-04-01,N
C107304,Vihaan Mehta,Patna,BR,2022-12-05,N
C107305,Priya Khan,Vadodara,GJ,2023-03-30,Y
C107306,Daniel Agarwal,Indore,MP,2022-12-14,Y
C107307,Mohammed Fernandes,Patna,BR,2023-04-07,Y
C107308,Shreya Pandey,Nagpur,MH,2022-10-26,N
C107309,Reyansh Dutta,Nagpur,MH,2022-12-22,N
C107310,Divya Chauhan,Bengaluru,KA,2023-02-04,N
C107311,Harpreet Sethi,Vadodara,GJ,2024-07-01,N
C107312,Mohammed Dhillon,Nashik,MH,2022-12-02,N
C107313,Mohammed Reddy,Gurugram,HR,2024-01-30,Y
C107314,Manish Mehta,Pune,MH,2023-10-25,N
C107315,Rajat Das,Coimbatore,TN,2024-09-29,Y
C107316,Ankit Bansal,Bhopal,MP,2023-05-10,N
C107317,Sneha Ansari,Noida,UP,2023-04-29,N
C107318,Yash George,Dehradun,UK,2024-05-30,N
C107319,Jaspreet Khan,Ahmedabad,GJ,2024-12-28,N
C107320,Faisal Siddiqui,Ranchi,JH,2022-11-03,N
C107321,Payal Malhotra,Delhi,DL,2024-12-02,N
C107322,Steven Desai,Noida,UP,2024-05-29,Y
C107323,Tenzin Kumar,Nagpur,MH,2022-09-11,N
C107324,Tenzin Deshpande,Patna,BR,2024-10-30,Y
C107325,Manpreet Verma,Nashik,MH,2024-03-05,N
C107326,Divya Nair,Bhubaneswar,OR,2024-12-11,N
C107327,Kunal Fernandes,Patna,BR,2022-09-12,Y
C107328,Aditya Mathew,Mumbai,MH,2023-03-31,Y
C107329,Suresh Das,Chandigarh,CH,2024-06-30,Y
C107330,Tanvi Sandhu,Ranchi,JH,2024-06-21,Y
C107331,Vihaan Das,Mumbai,MH,2022-08-16,N
C107332,Manish Mukherjee,Nashik,MH,2023-02-22,N
C107333,Isha Chauhan,Thiruvananthapuram,KL,2024-03-11,N
C107334,Krishna Patel,Visakhapatnam,AP,2023-04-28,N
C107335,Kavya Arora,Bhubaneswar,OR,2024-02-07,Y
C107336,Aarav Bansal,Guwahati,AS,2022-12-09,Y
C107337,Rahul Gaikwad,Mysuru,KA,2024-06-13,N
C107338,Aarav Nair,Bhopal,MP,2024-05-11,Y
C107339,Meera Pandey,Patna,BR,2024-02-12,N
C107340,Amit Siddiqui,Dehradun,UK,2023-02-02,N
C107341,Joseph Fernandes,Lucknow,UP,2024-08-23,N
C107342,Pranav Menon,Indore,MP,2023-10-17,N
C107343,Joseph Bose,Pune,MH,2024-05-05,Y
C107344,Ramesh Malhotra,Bhopal,MP,2023-04-29,N
C107345,Siddharth Verma,Kolkata,WB,2022-08-07,N
C107346,Komal Tiwari,Delhi,DL,2024-03-02,N
C107347,Meera Chatterjee,Vadodara,GJ,2023-08-31,N
C107348,Vikram Gaikwad,Ahmedabad,GJ,2022-11-07,N
C107349,Om Iyer,Jaipur,RJ,2024-04-19,N
C107350,Tarun Reddy,Pune,MH,2023-10-30,Y
C107351,Rohit Khanna,Delhi,DL,2022-10-03,Y
C107352,Lakshmi Roy,Coimbatore,TN,2023-11-29,N
C107353,Amit Mishra,Lucknow,UP,2023-01-17,N
C107354,Pranav Malhotra,Nagpur,MH,2024-04-01,N
C107355,Bhavna Ansari,Indore,MP,2023-06-10,Y
C107356,Ishaan Dutta,Delhi,DL,2024-09-30,N
C107357,Gurpreet Fernandes,Patna,BR,2022-08-17,N
C107358,Zaid Chatterjee,Nashik,MH,2024-06-03,N
C107359,Steven Das,Jaipur,RJ,2023-05-01,Y
C107360,Diya Banerjee,Ahmedabad,GJ,2023-02-25,N
C107361,Ankit Kumar,Mumbai,MH,2022-11-10,Y
C107362,Vihaan Mukherjee,Dehradun,UK,2023-06-24,N
C107363,Abhishek Srivastava,Mysuru,KA,2023-07-14,N
C107364,Shreya Khanna,Guwahati,AS,2023-03-08,Y
C107365,Farah Khanna,Hyderabad,TS,2023-06-10,N
C107366,Nikhil Gill,Indore,MP,2022-10-21,N
C107367,Payal Goyal,Vadodara,GJ,2023-09-09,N
C107368,Om Srivastava,Surat,GJ,2024-09-22,Y
C107369,Lobsang Singh,Nagpur,MH,2024-04-21,Y
C107370,Ananya Jadhav,Hyderabad,TS,2023-05-30,Y
C107371,Sai Kapoor,Visakhapatnam,AP,2023-09-20,N
C107372,Geeta Reddy,Pune,MH,2024-06-05,Y
C107373,Rahul Mukherjee,Pune,MH,2024-03-24,Y
C107374,Saanvi Kapoor,Thiruvananthapuram,KL,2023-03-01,Y
C107375,Riya Roy,Dehradun,UK,2023-03-17,N
C107376,Zoya Dutta,Thiruvananthapuram,KL,2024-03-05,Y
C107377,Vikram Dutta,Raipur,CG,2023-03-23,Y
C107378,Ananya D'Souza,Guwahati,AS,2022-11-06,N
C107379,Sunita Goyal,Indore,MP,2022-09-09,N
C107380,Aishwarya Sheikh,Chennai,TN,2023-12-12,N
C107381,Megha Bhatt,Visakhapatnam,AP,2022-08-21,N
C107382,Pranav Gupta,Nagpur,MH,2023-06-11,N
C107383,Neha Ghosh,Noida,UP,2024-03-25,N
C107384,Nisha Rao,Guwahati,AS,2023-03-04,Y
C107385,Imran Mehta,Chennai,TN,2023-11-09,N
C107386,Siddharth Sethi,Bengaluru,KA,2024-02-01,N
C107387,Sunita Deshpande,Noida,UP,2022-11-05,N
C107388,Nisha Sheikh,Kochi,KL,2023-08-25,N
C107389,Saanvi Rao,Bengaluru,KA,2024-06-14,N
C107390,Rohan Pandey,Gurugram,HR,2023-09-10,N
C107391,Nisha Desai,Surat,GJ,2024-04-02,N
C107392,Ramesh Nair,Lucknow,UP,2024-05-03,Y
C107393,Diya Shinde,Guwahati,AS,2022-08-19,N
C107394,Deepak Iyer,Hyderabad,TS,2023-11-17,N
C107395,Varun Tiwari,Mysuru,KA,2024-12-31,Y
C107396,Pooja Agarwal,Guwahati,AS,2024-03-06,Y
C107397,Suresh Patel,Vadodara,GJ,2024-12-29,N
C107398,Diya Bansal,Mysuru,KA,2023-10-24,N
C107399,Ananya Kulkarni,Mysuru,KA,2023-09-30,N
C107400,Payal Roy,Thiruvananthapuram,KL,2024-01-03,N
C107401,Suresh Dhillon,Hyderabad,TS,2024-11-28,Y
C107402,Neha Gill,Guwahati,AS,2022-11-18,N
C107403,Geeta Srivastava,Noida,UP,2022-09-27,N
C107404,Harsh Kumar,Delhi,DL,2024-10-10,N
C107405,Riya Trivedi,Hyderabad,TS,2024-02-17,N
C107406,Daniel Goyal,Noida,UP,2023-08-07,N
C107407,Rajat Varghese,Coimbatore,TN,2023-09-18,N
C107408,Kabir Jain,Visakhapatnam,AP,2023-12-14,N
C107409,Lobsang Sandhu,Bhubaneswar,OR,2024-12-02,N
C107410,Payal Fernandes,Gurugram,HR,2024-06-27,N
C107411,Payal Joshi,Bhubaneswar,OR,2024-08-12,N
C107412,Megha Reddy,Mumbai,MH,2024-01-27,N
C107413,Aditya Gaikwad,Surat,GJ,2024-12-01,N
C107414,Rahul Pandey,Bhubaneswar,OR,2022-10-30,N
C107415,Amit Mukherjee,Chandigarh,CH,2024-04-15,N
C107416,Nikhil Menon,Coimbatore,TN,2024-01-06,Y
C107417,Manpreet Shinde,Raipur,CG,2023-12-28,N
C107418,Lobsang Mukherjee,Chennai,TN,2024-05-04,N
C107419,Payal George,Dehradun,UK,2023-05-15,N
C107420,Megha Rathore,Bengaluru,KA,2023-01-17,N
C107421,Manpreet Ghosh,Bhopal,MP,2023-06-30,N
C107422,Simran Rao,Kochi,KL,2023-05-11,N
C107423,Tenzin Gaikwad,Lucknow,UP,2023-01-23,N
C107424,Tenzin Jain,Thiruvananthapuram,KL,2023-05-22,N
C107425,Harsh Qureshi,Pune,MH,2024-10-28,N
C107426,Manish Tiwari,Visakhapatnam,AP,2024-06-04,Y
C107427,Sai Agarwal,Chandigarh,CH,2024-06-16,N
C107428,Pranav Rathore,Jaipur,RJ,2023-03-13,N
C107429,Payal Bhatia,Lucknow,UP,2023-11-23,Y
C107430,Suresh Menon,Indore,MP,2023-12-24,Y
C107431,Thomas Ghosh,Chennai,TN,2024-01-21,Y
C107432,Sunita Ghosh,Visakhapatnam,AP,2024-03-28,Y
C107433,Anjali Varghese,Gurugram,HR,2022-08-02,Y
C107434,Ananya Ghosh,Ranchi,JH,2023-01-15,N
C107435,Priya Chopra,Indore,MP,2024-10-30,Y
C107436,Riya Chauhan,Bhopal,MP,2023-05-13,Y
C107437,Arjun D'Souza,Hyderabad,TS,2024-12-21,N
C107438,Farah Naidu,Patna,BR,2024-06-12,N
C107439,Jaspreet Roy,Visakhapatnam,AP,2023-10-02,N
C107440,Pranav Pereira,Noida,UP,2024-04-27,N
C107441,Kabir Arora,Hyderabad,TS,2024-03-04,Y
C107442,Mohammed D'Souza,Delhi,DL,2022-10-19,N
C107443,Saanvi Joshi,Bhopal,MP,2024-01-27,N
C107444,Ananya Jadhav,Noida,UP,2024-07-31,N
C107445,Pooja Agarwal,Dehradun,UK,2023-02-18,N
C107446,Saanvi Saxena,Mumbai,MH,2023-01-28,N
C107447,Suresh Yadav,Raipur,CG,2024-12-30,Y
C107448,Deepak Kumar,Chennai,TN,2023-09-25,N
C107449,Joseph Nair,Gurugram,HR,2022-10-09,N
C107450,Ishaan Bansal,Kolkata,WB,2022-10-09,N
C107451,Lakshmi Kapoor,Chennai,TN,2022-12-03,N
C107452,Rahul Tiwari,Patna,BR,2024-05-04,N
C107453,Daniel Gill,Chennai,TN,2024-01-25,Y
C107454,Megha Bansal,Bhopal,MP,2023-05-15,N
C107455,Anjali Varghese,Lucknow,UP,2023-02-01,Y
C107456,Ramesh Mathew,Visakhapatnam,AP,2023-09-17,N
C107457,Rahul Joshi,Jaipur,RJ,2022-09-10,Y
C107458,Rohan Chatterjee,Patna,BR,2023-01-08,N
C107459,Megha Chauhan,Chandigarh,CH,2023-09-07,N
C107460,Farah Malhotra,Chandigarh,CH,2022-08-30,N
C107461,Shreya Pillai,Delhi,DL,2023-11-27,N
C107462,Faisal Mathew,Chandigarh,CH,2024-12-23,N
C107463,Yash Kapoor,Surat,GJ,2023-07-29,N
C107464,Mohammed Mittal,Lucknow,UP,2023-12-14,Y
C107465,Kavya Sandhu,Lucknow,UP,2023-10-26,N
C107466,Saanvi Iyer,Guwahati,AS,2024-09-11,N
C107467,Rohit Sethi,Vadodara,GJ,2023-06-29,Y
C107468,Aishwarya Jadhav,Noida,UP,2022-07-19,N
C107469,Faisal Siddiqui,Nashik,MH,2022-08-04,Y
C107470,Anjali Sethi,Patna,BR,2024-01-01,N
C107471,Payal Naidu,Gurugram,HR,2024-12-18,N
C107472,Bhavna Goyal,Mumbai,MH,2023-10-11,Y
C107473,Jaspreet Srivastava,Raipur,CG,2024-01-06,N
C107474,Payal Naidu,Noida,UP,2023-01-18,N
C107475,Gurpreet Reddy,Mumbai,MH,2022-10-23,Y
C107476,Shreya Kaur,Mumbai,MH,2024-02-04,N
C107477,Saanvi Patel,Ahmedabad,GJ,2022-11-30,N
C107478,Amit Reddy,Noida,UP,2022-09-17,N
C107479,Ramesh Kaur,Surat,GJ,2023-11-11,N
C107480,Ananya Das,Nagpur,MH,2024-08-29,N
C107481,Sunita Pawar,Hyderabad,TS,2023-08-06,N
C107482,Varun Malhotra,Visakhapatnam,AP,2023-12-13,N
C107483,Jaspreet Trivedi,Delhi,DL,2023-12-15,N
C107484,Vihaan Khanna,Noida,UP,2024-05-02,N
C107485,Divya Bhatt,Chennai,TN,2024-01-10,N
C107486,Abhishek Chauhan,Vadodara,GJ,2022-07-19,N
C107487,Sameer Siddiqui,Bengaluru,KA,2023-06-21,N
C107488,Ankit Iyer,Nashik,MH,2023-09-12,Y
C107489,Ananya Patil,Thiruvananthapuram,KL,2023-09-27,N
C107490,Ishaan Pandey,Delhi,DL,2023-02-08,N
C107491,Saanvi Verma,Chennai,TN,2022-09-24,N
C107492,Thomas Mishra,Nagpur,MH,2022-08-20,N
C107493,Sneha D'Souza,Delhi,DL,2023-10-07,N
C107494,Om Mishra,Lucknow,UP,2023-01-10,N
C107495,Rohit Verma,Jaipur,RJ,2024-05-09,Y
C107496,Komal Yadav,Chennai,TN,2024-12-09,Y
C107497,Ishaan Ghosh,Vadodara,GJ,2022-09-19,N
C107498,Payal Khan,Vadodara,GJ,2024-03-28,N
C107499,Bhavna Shinde,Visakhapatnam,AP,2023-06-01,N
C107500,Bhavna Bansal,Nashik,MH,2024-03-15,N
C107501,Karan Dutta,Pune,MH,2023-03-03,N
C107502,Lobsang Reddy,Nagpur,MH,2023-09-08,Y
C107503,Anjali Sharma,Coimbatore,TN,2024-10-16,N
C107504,Vivaan Patil,Lucknow,UP,2022-10-03,Y
C107505,Aarav Ansari,Nashik,MH,2024-10-20,N
C107506,Varun Iyer,Mumbai,MH,2022-08-05,N
C107507,Manish Banerjee,Jaipur,RJ,2024-08-18,Y
C107508,Pooja Chatterjee,Dehradun,UK,2024-05-23,Y
C107509,Ayaan Sandhu,Coimbatore,TN,2023-04-25,N
C107510,Kavya Sharma,Thiruvananthapuram,KL,2022-09-24,Y
C107511,Tanvi Deshpande,Vadodara,GJ,2024-06-18,N
C107512,Lakshmi Qureshi,Nashik,MH,2022-11-09,Y
C107513,Rajat Joshi,Noida,UP,2023-07-17,N
C107514,Isha Mathew,Coimbatore,TN,2024-11-29,Y
C107515,Pooja Patel,Bhopal,MP,2023-03-05,Y
C107516,Riya George,Surat,GJ,2023-02-13,N
C107517,Priya Patel,Mysuru,KA,2023-03-15,N
C107518,Zaid Sandhu,Mysuru,KA,2024-07-21,N
C107519,Priya Jain,Gurugram,HR,2023-06-16,N
C107520,Aadhya Trivedi,Visakhapatnam,AP,2024-11-20,Y
C107521,Thomas Kulkarni,Guwahati,AS,2022-12-03,N
C107522,Komal Iyer,Indore,MP,2024-02-29,Y
C107523,Suresh Khanna,Guwahati,AS,2024-02-11,Y
C107524,Diya Goyal,Thiruvananthapuram,KL,2024-11-12,Y
C107525,Sameer Mehta,Delhi,DL,2022-07-25,N
C107526,Arjun Verma,Vadodara,GJ,2022-07-22,N
C107527,Riya Nair,Ranchi,JH,2023-07-24,N
C107528,Vivaan Saxena,Hyderabad,TS,2023-02-17,N
C107529,Komal Reddy,Visakhapatnam,AP,2023-02-17,N
C107530,Bhavna Pawar,Ahmedabad,GJ,2024-09-04,Y
C107531,Aarav Pawar,Thiruvananthapuram,KL,2024-11-21,Y
C107532,Riya Jain,Coimbatore,TN,2022-11-16,Y
C107533,Kabir Deshpande,Patna,BR,2023-09-26,N
C107534,Ishaan Naidu,Noida,UP,2024-07-15,N
C107535,Om Singh,Ranchi,JH,2022-11-06,N
C107536,Harsh Sheikh,Indore,MP,2024-04-13,Y
C107537,Nikhil Singh,Guwahati,AS,2023-03-31,N
C107538,Farah Pawar,Surat,GJ,2024-09-16,N
C107539,Varun Sethi,Noida,UP,2023-11-17,N
C107540,Diya Desai,Coimbatore,TN,2023-03-25,N
C107541,Dev Khan,Noida,UP,2023-03-20,N
C107542,Tarun Dhillon,Nashik,MH,2022-10-01,N
C107543,Sukhwinder Banerjee,Noida,UP,2023-02-25,Y
C107544,Ishaan Singh,Surat,GJ,2022-08-16,N
C107545,Manpreet Mukherjee,Noida,UP,2023-08-07,Y
C107546,Farah Varghese,Thiruvananthapuram,KL,2024-01-07,Y
C107547,Steven Joshi,Jaipur,RJ,2023-08-04,Y
C107548,Vihaan Pereira,Thiruvananthapuram,KL,2022-12-24,Y
C107549,Tenzin Naidu,Coimbatore,TN,2024-07-11,Y
C107550,Faisal Kapoor,Nagpur,MH,2024-12-24,Y
C107551,Jaspreet Menon,Mysuru,KA,2024-03-29,N
C107552,Aadhya Yadav,Bhubaneswar,OR,2022-07-18,N
C107553,Aadhya Deshpande,Raipur,CG,2022-11-10,Y
C107554,Zoya Nair,Bhubaneswar,OR,2024-11-02,Y
C107555,Ankit Malhotra,Vadodara,GJ,2022-12-15,N
C107556,Lakshmi Fernandes,Lucknow,UP,2024-03-01,N
C107557,Abhishek Qureshi,Bengaluru,KA,2023-06-02,Y
C107558,Vikram Bansal,Bhopal,MP,2023-10-01,N
C107559,Gurpreet Joshi,Ahmedabad,GJ,2023-03-27,Y
C107560,Pooja Sen,Chennai,TN,2024-07-17,Y
C107561,Arjun Goyal,Mysuru,KA,2024-07-28,Y
C107562,Kabir Mishra,Ranchi,JH,2024-12-14,N
C107563,Sunita Dhillon,Pune,MH,2023-01-31,N
C107564,Shreya Menon,Surat,GJ,2023-03-04,N
C107565,Anjali Agarwal,Patna,BR,2024-03-06,N
C107566,Thomas Kulkarni,Bhopal,MP,2022-07-26,Y
C107567,Shreya Sandhu,Chennai,TN,2023-09-09,N
C107568,Shreya Mittal,Ahmedabad,GJ,2023-10-22,N
C107569,Ananya Bhatia,Bhubaneswar,OR,2023-12-17,N
C107570,Divya Gill,Delhi,DL,2024-01-20,N
C107571,Meera Jadhav,Delhi,DL,2023-03-18,N
C107572,Komal Mishra,Nagpur,MH,2022-09-03,N
C107573,Priya Ansari,Raipur,CG,2022-10-21,N
C107574,Zoya Verma,Hyderabad,TS,2023-09-03,N
C107575,Manish Patel,Guwahati,AS,2022-08-04,N
C107576,Kabir Singh,Indore,MP,2022-08-21,N
C107577,Tanvi Menon,Vadodara,GJ,2024-03-25,N
C107578,Rohan Ansari,Delhi,DL,2023-11-05,N
C107579,Imran George,Thiruvananthapuram,KL,2024-12-16,N
C107580,Amit Das,Ranchi,JH,2023-04-28,N
C107581,Nikhil Pillai,Chennai,TN,2023-06-06,Y
C107582,Payal Sandhu,Mysuru,KA,2024-01-13,N
C107583,Sameer Dhillon,Bhopal,MP,2023-04-15,N
C107584,Sneha Pawar,Coimbatore,TN,2023-06-01,N
C107585,Rahul Joshi,Vadodara,GJ,2024-11-16,Y
C107586,Tarun Chauhan,Noida,UP,2023-09-09,N
C107587,Tarun Rao,Nagpur,MH,2024-06-11,Y
C107588,Om Singh,Kochi,KL,2024-05-12,Y
C107589,Zaid Deshpande,Gurugram,HR,2023-10-24,Y
C107590,Neha Singh,Kolkata,WB,2022-09-15,N
C107591,Priya Jain,Noida,UP,2022-09-06,N
C107592,Thomas D'Souza,Kochi,KL,2023-01-20,N
C107593,Manpreet Gill,Jaipur,RJ,2024-12-24,N
C107594,Ritika Fernandes,Delhi,DL,2024-09-19,N
C107595,Shreya Khan,Lucknow,UP,2024-07-22,Y
C107596,Joseph Pandey,Pune,MH,2024-12-17,N
C107597,Tenzin Kaur,Gurugram,HR,2024-03-25,Y
C107598,Joseph Mishra,Mysuru,KA,2023-09-29,N
C107599,Krishna Jadhav,Chandigarh,CH,2023-04-04,Y
C107600,Ramesh Yadav,Raipur,CG,2023-04-13,N
C107601,Shreya Gill,Delhi,DL,2022-11-12,Y
C107602,Gurpreet Patel,Chandigarh,CH,2023-03-06,Y
C107603,Manish Roy,Hyderabad,TS,2024-05-26,N
C107604,Nisha Naidu,Mumbai,MH,2024-05-21,Y
C107605,Tanvi Sharma,Surat,GJ,2022-08-20,Y
C107606,Anjali Iyer,Jaipur,RJ,2023-02-23,N
C107607,Tarun Kulkarni,Ahmedabad,GJ,2023-11-18,N
C107608,Zaid Jadhav,Ranchi,JH,2022-10-16,Y
C107609,Manpreet Mittal,Bhubaneswar,OR,2024-06-12,Y
C107610,Gurpreet George,Hyderabad,TS,2023-08-09,N
C107611,Ramesh Pillai,Surat,GJ,2024-02-03,N
C107612,Joseph Gill,Delhi,DL,2023-04-11,N
C107613,Vihaan Chauhan,Chandigarh,CH,2023-08-12,Y
C107614,Gurpreet Goyal,Coimbatore,TN,2024-09-07,N
C107615,Zaid Patil,Bhubaneswar,OR,2023-01-22,Y
C107616,Sai Sen,Gurugram,HR,2024-04-09,N
C107617,Sukhwinder Pillai,Jaipur,RJ,2024-09-08,N
C107618,Ayaan Mishra,Raipur,CG,2022-10-16,N
C107619,Farah Khanna,Hyderabad,TS,2022-10-07,N
C107620,Karan Bansal,Ahmedabad,GJ,2024-08-10,N
C107621,Pranav Mishra,Noida,UP,2022-12-06,N
C107622,Lakshmi Ghosh,Lucknow,UP,2024-11-11,Y
C107623,Pooja Saxena,Kochi,KL,2024-05-17,Y
C107624,Farah Goyal,Kochi,KL,2022-10-19,N
C107625,Lakshmi Rao,Bhubaneswar,OR,2023-09-01,N
C107626,Joseph Gill,Mumbai,MH,2022-09-15,N
C107627,Steven Fernandes,Bengaluru,KA,2023-04-01,N
C107628,Steven Qureshi,Lucknow,UP,2024-02-01,N
C107629,Sai Fernandes,Hyderabad,TS,2023-05-02,Y
C107630,Ritika Sethi,Bhopal,MP,2023-12-04,N
C107631,Steven Dhillon,Raipur,CG,2024-07-12,N
C107632,Jaspreet Ghosh,Gurugram,HR,2024-09-07,N
C107633,Ayaan Sheikh,Gurugram,HR,2023-09-27,N
C107634,Suresh Naidu,Kochi,KL,2023-08-09,N
C107635,Jaspreet Nair,Thiruvananthapuram,KL,2022-10-11,N
C107636,Tanvi George,Bengaluru,KA,2023-10-20,Y
C107637,Bhavna Jadhav,Surat,GJ,2023-11-22,N
C107638,Sameer Bhatia,Guwahati,AS,2022-10-26,Y
C107639,Sunita Chauhan,Guwahati,AS,2024-10-28,Y
C107640,Megha Kapoor,Gurugram,HR,2023-11-29,Y
C107641,Aishwarya Patel,Surat,GJ,2023-08-05,N
C107642,Nisha Varghese,Bhubaneswar,OR,2023-10-07,N
C107643,Aarav Singh,Gurugram,HR,2023-07-09,N
C107644,Thomas Bhatt,Chandigarh,CH,2023-07-02,N
C107645,Vihaan Bhatt,Bhopal,MP,2023-10-26,N
C107646,Imran Ghosh,Thiruvananthapuram,KL,2024-05-06,N
C107647,Swati Das,Nagpur,MH,2023-02-09,N
C107648,Tarun Dutta,Kolkata,WB,2024-06-04,Y
C107649,Rohit Kaur,Visakhapatnam,AP,2024-11-22,Y
C107650,Vikram Malhotra,Thiruvananthapuram,KL,2023-09-23,N
C107651,Ananya Kumar,Lucknow,UP,2022-10-28,Y
C107652,Karan Mittal,Vadodara,GJ,2023-08-19,Y
C107653,Bhavna Mukherjee,Gurugram,HR,2024-12-15,N
C107654,Arjun Gaikwad,Mumbai,MH,2023-07-23,N
C107655,Vivaan Pawar,Guwahati,AS,2023-07-16,N
C107656,Divya Chatterjee,Chandigarh,CH,2023-09-05,N
C107657,Zoya Mehta,Nagpur,MH,2024-02-27,N
C107658,Payal Sharma,Nagpur,MH,2024-10-10,Y
C107659,Gurpreet Chatterjee,Vadodara,GJ,2023-02-05,N
C107660,Rohan Malhotra,Nashik,MH,2024-03-28,N
C107661,Tanvi Sen,Nashik,MH,2023-02-22,Y
C107662,Neha Siddiqui,Bhubaneswar,OR,2023-06-01,N
C107663,Rahul Tiwari,Coimbatore,TN,2022-08-10,N
C107664,Lakshmi Singh,Coimbatore,TN,2022-08-15,Y
C107665,Kabir Varghese,Dehradun,UK,2024-09-15,Y
C107666,Siddharth Siddiqui,Mumbai,MH,2024-01-21,Y
C107667,Lakshmi Khanna,Delhi,DL,2023-03-12,N
C107668,Suresh Das,Hyderabad,TS,2024-09-18,N
C107669,Ayaan Pereira,Visakhapatnam,AP,2023-01-12,Y
C107670,Vihaan Rao,Coimbatore,TN,2023-01-09,N
C107671,Vivaan Jadhav,Pune,MH,2024-08-13,Y
C107672,Saanvi Chopra,Coimbatore,TN,2024-12-10,N
C107673,Tarun Sharma,Ranchi,JH,2024-07-01,Y
C107674,Suresh Saxena,Bhopal,MP,2024-06-29,N
C107675,Kunal Naidu,Kochi,KL,2023-12-13,N
C107676,Varun Goyal,Coimbatore,TN,2023-06-08,N
C107677,Yash Pandey,Chandigarh,CH,2024-03-24,N
C107678,Sukhwinder Patel,Bhopal,MP,2023-03-28,N
C107679,Meera Dhillon,Delhi,DL,2023-03-08,Y
C107680,Payal George,Bhopal,MP,2024-12-28,N
C107681,Simran Chauhan,Bengaluru,KA,2022-09-30,Y
C107682,Joseph Verma,Chandigarh,CH,2024-04-02,N
C107683,Aditya Shah,Raipur,CG,2023-03-01,N
C107684,Rohit Joshi,Lucknow,UP,2023-05-05,Y
C107685,Sunita Pillai,Mysuru,KA,2023-02-24,N
C107686,Vihaan Pandey,Nashik,MH,2023-10-31,Y
C107687,Karan Agarwal,Nagpur,MH,2023-05-15,N
C107688,Anjali Kaur,Nagpur,MH,2023-12-24,N
C107689,Pooja Desai,Kolkata,WB,2024-07-27,Y
C107690,Pranav Mishra,Mysuru,KA,2022-11-17,Y
C107691,Tanvi George,Indore,MP,2023-07-23,N
C107692,Varun Iyer,Bhubaneswar,OR,2022-12-07,Y
C107693,Tenzin Mehta,Chandigarh,CH,2024-03-17,N
C107694,Ananya Naidu,Mumbai,MH,2024-04-22,N
C107695,Diya Gill,Surat,GJ,2024-07-02,Y
C107696,Aditya Sandhu,Delhi,DL,2024-02-12,N
C107697,Rajat Shinde,Gurugram,HR,2024-03-22,N
C107698,Nikhil Sen,Coimbatore,TN,2023-12-20,N
C107699,Nisha Kumar,Surat,GJ,2023-02-22,Y
C107700,Vihaan Gupta,Chandigarh,CH,2023-01-21,N
C107701,Ayaan Jadhav,Visakhapatnam,AP,2024-12-16,Y
C107702,Rohan Jadhav,Bhubaneswar,OR,2022-08-27,N
C107703,Shreya Srivastava,Coimbatore,TN,2024-08-20,N
C107704,Megha Sethi,Chennai,TN,2024-01-23,Y
C107705,Vikram Mehta,Nagpur,MH,2024-10-23,N
C107706,Ritika Khan,Guwahati,AS,2023-09-11,N
C107707,Kavya Bose,Delhi,DL,2024-08-25,N
C107708,Sneha Mehta,Gurugram,HR,2024-09-13,N
C107709,Lobsang Varghese,Nashik,MH,2024-06-01,N
C107710,Rohan Bose,Chennai,TN,2024-04-12,N
C107711,Harsh Verma,Delhi,DL,2022-07-21,Y
C107712,Karan Chatterjee,Noida,UP,2023-06-05,Y
C107713,Ayaan Qureshi,Mysuru,KA,2023-11-24,Y
C107714,Priya Mittal,Lucknow,UP,2024-08-03,N
C107715,Meera Desai,Dehradun,UK,2022-09-27,Y
C107716,Suresh Khanna,Nagpur,MH,2023-07-23,N
C107717,Kabir Sandhu,Kolkata,WB,2023-11-16,N
C107718,Sneha Pawar,Delhi,DL,2023-02-28,Y
C107719,Lakshmi Shinde,Bhubaneswar,OR,2022-08-03,N
C107720,Kavya Kulkarni,Dehradun,UK,2023-03-28,Y
C107721,Jaspreet Kapoor,Mysuru,KA,2022-09-10,Y
C107722,Tanvi Desai,Chandigarh,CH,2023-04-18,Y
C107723,Kabir Pawar,Guwahati,AS,2023-02-13,N
C107724,Thomas Sandhu,Hyderabad,TS,2024-10-28,N
C107725,Suresh Goyal,Ranchi,JH,2024-06-11,N
C107726,Pranav Yadav,Kochi,KL,2022-09-03,N
C107727,Payal Goyal,Guwahati,AS,2023-05-08,N
C107728,Komal Siddiqui,Thiruvananthapuram,KL,2023-04-01,Y
C107729,Abhishek Mishra,Raipur,CG,2024-07-09,N
C107730,Ritika Desai,Chandigarh,CH,2022-08-24,Y
C107731,Vivaan Roy,Mumbai,MH,2024-11-26,Y
C107732,Thomas Yadav,Thiruvananthapuram,KL,2023-12-14,N
C107733,Priya Deshpande,Patna,BR,2023-08-05,N
C107734,Riya Kulkarni,Hyderabad,TS,2023-09-21,N
C107735,Tarun Kaur,Noida,UP,2024-01-16,N
C107736,Pranav Sen,Noida,UP,2024-04-19,Y
C107737,Kavya D'Souza,Delhi,DL,2023-08-22,Y
C107738,Tarun Bose,Dehradun,UK,2023-12-27,Y
C107739,Gurpreet Naidu,Bhubaneswar,OR,2024-03-11,N
C107740,Rajat D'Souza,Visakhapatnam,AP,2024-10-04,Y
C107741,Dev Jadhav,Surat,GJ,2023-12-27,N
C107742,Simran Gupta,Pune,MH,2023-07-04,N
C107743,Komal Iyer,Chandigarh,CH,2023-06-26,Y
C107744,Isha Menon,Mumbai,MH,2023-07-19,N
C107745,Diya Mukherjee,Dehradun,UK,2024-12-15,Y
C107746,Zaid Pillai,Indore,MP,2022-08-26,Y
C107747,Simran Ansari,Thiruvananthapuram,KL,2023-07-18,N
C107748,Rohan Srivastava,Raipur,CG,2022-09-13,N
C107749,Imran Rathore,Pune,MH,2023-01-04,N
C107750,Vivaan Varghese,Kolkata,WB,2024-07-01,Y
C107751,Priya Bose,Delhi,DL,2024-04-11,Y
C107752,Vivaan Mehta,Visakhapatnam,AP,2023-08-14,N
C107753,Mohammed Kulkarni,Ranchi,JH,2023-03-24,N
C107754,Harsh Saxena,Bengaluru,KA,2022-11-09,N
C107755,Krishna Trivedi,Chandigarh,CH,2023-04-30,N
C107756,Bhavna Sandhu,Thiruvananthapuram,KL,2022-07-26,Y
C107757,Dev Trivedi,Nashik,MH,2024-06-23,N
C107758,Nikhil Sheikh,Lucknow,UP,2024-03-05,N
C107759,Lobsang Pillai,Mysuru,KA,2023-03-26,N
C107760,Dev Arora,Guwahati,AS,2023-05-27,Y
C107761,Faisal Mukherjee,Patna,BR,2023-06-16,N
C107762,Siddharth Mishra,Thiruvananthapuram,KL,2024-03-26,N
C107763,Krishna Kaur,Mumbai,MH,2024-07-28,N
C107764,Geeta Das,Ahmedabad,GJ,2023-11-26,N
C107765,Sunita Bhatt,Pune,MH,2024-11-30,N
C107766,Isha Mukherjee,Chennai,TN,2024-10-20,Y
C107767,Sukhwinder Roy,Nagpur,MH,2024-03-01,N
C107768,Harpreet Kumar,Nagpur,MH,2023-06-10,Y
C107769,Mohammed Kapoor,Lucknow,UP,2023-11-28,Y
C107770,Sunita Dhillon,Visakhapatnam,AP,2024-03-24,N
C107771,Varun Bhatt,Noida,UP,2023-01-21,N
C107772,Rajat Sheikh,Delhi,DL,2024-10-17,N
C107773,Kabir Desai,Bhubaneswar,OR,2022-11-09,N
C107774,Geeta Verma,Visakhapatnam,AP,2023-04-22,Y
C107775,Diya Goyal,Surat,GJ,2024-01-19,Y
C107776,Aditya Menon,Mysuru,KA,2022-09-14,Y
C107777,Megha Rathore,Visakhapatnam,AP,2023-02-06,N
C107778,Komal Agarwal,Nashik,MH,2024-09-25,N
C107779,Meera Naidu,Ranchi,JH,2023-06-16,N
C107780,Kunal Jain,Bengaluru,KA,2024-11-23,N
C107781,Kabir Bhatia,Ranchi,JH,2023-12-20,N
C107782,Rohit Chopra,Ahmedabad,GJ,2024-03-14,N
C107783,Reyansh Siddiqui,Dehradun,UK,2022-12-12,N
C107784,Aishwarya Chopra,Noida,UP,2023-03-31,N
C107785,Swati Sandhu,Patna,BR,2024-06-01,N
C107786,Pooja Pawar,Dehradun,UK,2024-02-06,N
C107787,Imran Mehta,Mumbai,MH,2022-08-18,Y
C107788,Lakshmi Kaur,Indore,MP,2023-11-24,N
C107789,Aadhya Sharma,Noida,UP,2023-07-23,N
C107790,Deepak Menon,Raipur,CG,2024-08-22,N
C107791,Harpreet Bhatia,Hyderabad,TS,2024-03-04,N
C107792,Dev Patel,Kochi,KL,2023-02-03,Y
C107793,Harpreet Dhillon,Chennai,TN,2024-10-19,Y
C107794,Sunita Qureshi,Kolkata,WB,2024-07-26,Y
C107795,Neha Fernandes,Thiruvananthapuram,KL,2022-10-30,N
C107796,Faisal Patil,Bhopal,MP,2024-06-03,N
C107797,Dev Deshpande,Mumbai,MH,2024-06-15,N
C107798,Vivaan Srivastava,Chennai,TN,2024-12-28,N
C107799,Arjun Gaikwad,Noida,UP,2024-05-15,Y
C107800,Lobsang D'Souza,Bengaluru,KA,2022-10-31,N
C107801,Suresh Bhatia,Mysuru,KA,2024-10-06,N
C107802,Kabir Gill,Chandigarh,CH,2023-10-19,N
C107803,Kunal Goyal,Pune,MH,2024-03-24,Y
C107804,Tanvi Jain,Surat,GJ,2024-03-26,Y
C107805,Ananya Iyer,Bhubaneswar,OR,2024-12-19,N
C107806,Karan Sheikh,Pune,MH,2022-12-16,N
C107807,Vihaan Chatterjee,Thiruvananthapuram,KL,2022-10-23,N
C107808,Varun Mukherjee,Noida,UP,2022-09-14,N
C107809,Faisal Pandey,Ranchi,JH,2024-03-18,N
C107810,Geeta Bhatia,Bengaluru,KA,2023-10-19,N
C107811,Mohammed Das,Chennai,TN,2023-06-18,N
C107812,Megha Shinde,Visakhapatnam,AP,2023-01-22,N
C107813,Lakshmi Singh,Indore,MP,2023-08-31,N
C107814,Harpreet Patel,Nagpur,MH,2024-01-24,N
C107815,Lobsang Mathew,Coimbatore,TN,2024-09-13,Y
C107816,Kabir Ansari,Ahmedabad,GJ,2023-12-27,N
C107817,Yash Mishra,Pune,MH,2024-11-24,N
C107818,Shreya Dutta,Bengaluru,KA,2023-04-24,N
C107819,Vikram Shinde,Nagpur,MH,2024-08-16,N
C107820,Komal Jadhav,Patna,BR,2022-12-07,N
C107821,Megha Arora,Raipur,CG,2023-05-16,N
C107822,Siddharth Chatterjee,Indore,MP,2024-08-08,N
C107823,Manish Trivedi,Mumbai,MH,2023-07-12,Y
C107824,Ayaan Dutta,Mumbai,MH,2024-05-21,N
C107825,Rahul Agarwal,Bhopal,MP,2024-10-11,N
C107826,Manpreet Kumar,Noida,UP,2023-05-28,Y
C107827,Tanvi Pandey,Chennai,TN,2024-12-24,N
C107828,Deepak Agarwal,Delhi,DL,2023-08-28,N
C107829,Faisal Gupta,Lucknow,UP,2023-04-20,Y
C107830,Riya Pawar,Nashik,MH,2024-02-09,N
C107831,Riya Patel,Dehradun,UK,2024-10-01,N
C107832,Vihaan Ghosh,Bhopal,MP,2024-01-23,Y
C107833,Ishaan Agarwal,Vadodara,GJ,2024-04-23,Y
C107834,Dev Kapoor,Chennai,TN,2024-03-21,N
C107835,Sneha Chauhan,Thiruvananthapuram,KL,2024-10-23,N
C107836,Abhishek Pillai,Visakhapatnam,AP,2024-10-18,N
C107837,Rohan Roy,Vadodara,GJ,2023-06-23,Y
C107838,Manish Kaur,Noida,UP,2023-05-16,N
C107839,Joseph Agarwal,Kolkata,WB,2023-08-07,N
C107840,Diya Shah,Surat,GJ,2023-12-05,N
C107841,Zaid Reddy,Mumbai,MH,2024-08-18,N
C107842,Megha Mittal,Delhi,DL,2023-09-09,N
C107843,Thomas Desai,Kochi,KL,2023-03-25,Y
C107844,Siddharth Shinde,Hyderabad,TS,2024-12-15,N
C107845,Daniel Varghese,Raipur,CG,2023-12-04,N
C107846,Pooja Das,Chennai,TN,2024-06-22,N
C107847,Ramesh Menon,Jaipur,RJ,2022-11-22,N
C107848,Komal D'Souza,Chandigarh,CH,2023-02-28,N
C107849,Kabir Agarwal,Gurugram,HR,2023-01-03,Y
C107850,Sameer Banerjee,Nashik,MH,2022-12-24,N
C107851,Thomas Sheikh,Patna,BR,2022-11-23,Y
C107852,Riya Iyer,Guwahati,AS,2022-11-12,N
C107853,Tenzin Pillai,Ahmedabad,GJ,2023-11-30,N
C107854,Sukhwinder Roy,Jaipur,RJ,2024-04-02,N
C107855,Aditya Menon,Patna,BR,2022-08-07,N
C107856,Ramesh Sheikh,Guwahati,AS,2023-01-15,N
C107857,Pooja Dhillon,Raipur,CG,2023-09-24,Y
C107858,Dev Iyer,Chennai,TN,2024-04-11,N
C107859,Ritika Desai,Nagpur,MH,2022-09-28,N
C107860,Manpreet Siddiqui,Delhi,DL,2023-09-02,N
C107861,Megha Pillai,Visakhapatnam,AP,2023-11-16,N
C107862,Komal Fernandes,Delhi,DL,2024-08-19,N
C107863,Nisha Mishra,Mumbai,MH,2024-06-21,Y
C107864,Geeta Bansal,Raipur,CG,2023-09-18,Y
C107865,Thomas Rathore,Guwahati,AS,2023-07-05,Y
C107866,Reyansh Mathew,Pune,MH,2024-11-30,Y
C107867,Harpreet Saxena,Noida,UP,2022-09-08,N
C107868,Nikhil Sharma,Dehradun,UK,2023-11-10,Y
C107869,Saanvi Saxena,Bengaluru,KA,2024-04-03,N
C107870,Ananya Dhillon,Vadodara,GJ,2023-01-25,N
C107871,Ayaan Pillai,Dehradun,UK,2024-05-14,N
C107872,Faisal Pawar,Hyderabad,TS,2023-04-13,N
C107873,Nikhil Tiwari,Noida,UP,2024-02-18,N
C107874,Manpreet Pawar,Mysuru,KA,2023-10-25,N
C107875,Manish Tiwari,Nagpur,MH,2024-05-14,N
C107876,Kunal Pereira,Thiruvananthapuram,KL,2024-09-19,N
C107877,Swati Srivastava,Noida,UP,2022-11-24,Y
C107878,Yash Qureshi,Nashik,MH,2022-12-18,N
C107879,Aishwarya Sethi,Ahmedabad,GJ,2024-02-14,N
C107880,Sunita Srivastava,Jaipur,RJ,2023-09-01,N
C107881,Siddharth Gupta,Raipur,CG,2022-12-02,N
C107882,Rajat Banerjee,Mysuru,KA,2022-09-14,N
C107883,Imran Kulkarni,Ranchi,JH,2023-08-23,N
C107884,Om Dhillon,Thiruvananthapuram,KL,2023-10-12,N
C107885,Ayaan Das,Chandigarh,CH,2023-03-04,N
C107886,Nisha Shah,Nagpur,MH,2024-08-18,N
C107887,Aarav Shinde,Patna,BR,2024-07-26,Y
C107888,Aadhya Pandey,Coimbatore,TN,2022-10-25,N
C107889,Kunal Patil,Coimbatore,TN,2023-10-31,N
C107890,Harsh Agarwal,Patna,BR,2022-11-17,Y
C107891,Harpreet Pillai,Ranchi,JH,2022-12-02,Y
C107892,Deepak Ansari,Kolkata,WB,2023-08-08,N
C107893,Tarun Sandhu,Bengaluru,KA,2023-05-21,N
C107894,Aishwarya Gaikwad,Kolkata,WB,2023-08-10,N
C107895,Steven Joshi,Kochi,KL,2023-08-28,N
C107896,Rahul Roy,Ahmedabad,GJ,2023-06-01,Y
C107897,Abhishek Deshpande,Mysuru,KA,2023-06-18,N
C107898,Ishaan Mittal,Thiruvananthapuram,KL,2022-08-20,N
C107899,Vihaan Khan,Thiruvananthapuram,KL,2023-08-15,N
C107900,Isha Kaur,Vadodara,GJ,2023-10-31,Y
C107901,Pooja Patil,Ranchi,JH,2024-01-19,Y
C107902,Vihaan Ansari,Dehradun,UK,2024-02-12,Y
C107903,Abhishek Mittal,Kolkata,WB,2024-10-02,N
C107904,Anjali George,Delhi,DL,2022-10-14,N
C107905,Kabir Fernandes,Visakhapatnam,AP,2024-04-02,N
C107906,Sneha George,Raipur,CG,2024-01-20,N
C107907,Shreya Mishra,Jaipur,RJ,2023-04-18,N
C107908,Sunita Sen,Guwahati,AS,2024-02-04,Y
C107909,Kavya Mukherjee,Nashik,MH,2024-04-30,N
C107910,Steven Khan,Vadodara,GJ,2023-11-14,N
C107911,Ramesh Shinde,Gurugram,HR,2024-01-24,Y
C107912,Reyansh Kaur,Delhi,DL,2023-07-20,N
C107913,Riya Jadhav,Surat,GJ,2022-08-14,Y
C107914,Kavya Das,Pune,MH,2023-08-27,N
C107915,Aditya Sandhu,Bhopal,MP,2024-03-17,N
C107916,Sunita Siddiqui,Dehradun,UK,2023-11-15,N
C107917,Kavya Deshpande,Mysuru,KA,2024-06-17,N
C107918,Tarun Jadhav,Mumbai,MH,2023-06-23,Y
C107919,Komal Arora,Lucknow,UP,2023-01-15,Y
C107920,Kavya Dhillon,Guwahati,AS,2022-12-18,Y
C107921,Rajat Gill,Coimbatore,TN,2024-03-05,N
C107922,Tarun Bhatia,Gurugram,HR,2023-12-27,N
C107923,Bhavna George,Chandigarh,CH,2023-04-13,Y
C107924,Harpreet Tiwari,Visakhapatnam,AP,2022-08-19,N
C107925,Rahul Singh,Vadodara,GJ,2022-09-05,N
C107926,Ananya Das,Mysuru,KA,2024-05-23,N
C107927,Megha Bansal,Kochi,KL,2022-07-18,N
C107928,Anjali Pandey,Bhubaneswar,OR,2024-07-22,Y
C107929,Harpreet Sheikh,Surat,GJ,2023-12-19,Y
C107930,Vihaan D'Souza,Hyderabad,TS,2023-05-09,N
C107931,Karan Banerjee,Jaipur,RJ,2022-07-28,N
C107932,Ramesh D'Souza,Chandigarh,CH,2024-02-18,N
C107933,Isha Ansari,Nashik,MH,2024-12-22,Y
C107934,Neha Jadhav,Lucknow,UP,2023-11-01,N
C107935,Geeta Naidu,Ahmedabad,GJ,2024-04-16,N
C107936,Arjun Mittal,Kochi,KL,2022-09-27,N
C107937,Om Deshpande,Noida,UP,2022-08-16,N
C107938,Faisal Patil,Kochi,KL,2024-11-24,N
C107939,Ritika Kumar,Hyderabad,TS,2023-10-27,N
C107940,Harpreet Kaur,Guwahati,AS,2023-08-02,Y
C107941,Sai Pawar,Mysuru,KA,2022-10-20,N
C107942,Varun Sheikh,Guwahati,AS,2022-11-04,N
C107943,Ramesh Ansari,Raipur,CG,2023-02-23,Y
C107944,Swati Gupta,Mysuru,KA,2023-11-15,Y
C107945,Payal Bansal,Vadodara,GJ,2024-12-17,Y
C107946,Tenzin Ansari,Chandigarh,CH,2024-02-21,N
C107947,Riya Patil,Raipur,CG,2024-08-08,N
C107948,Suresh Kulkarni,Bhubaneswar,OR,2023-09-15,N
C107949,Siddharth Gill,Raipur,CG,2023-07-19,N
C107950,Suresh Iyer,Surat,GJ,2023-02-28,N
C107951,Siddharth Sharma,Ahmedabad,GJ,2024-06-30,N
C107952,Aishwarya Iyer,Mysuru,KA,2024-07-31,N
C107953,Karan Naidu,Indore,MP,2023-01-08,N
C107954,Thomas Dutta,Gurugram,HR,2023-11-09,N
C107955,Aadhya Ghosh,Bhopal,MP,2022-11-26,N
C107956,Thomas Dhillon,Patna,BR,2022-08-20,N
C107957,Ishaan Rathore,Noida,UP,2024-04-07,N
C107958,Aarav Goyal,Kolkata,WB,2024-06-14,Y
C107959,Lakshmi Goyal,Chennai,TN,2023-02-24,Y
C107960,Meera Sharma,Patna,BR,2024-01-07,Y
C107961,Gurpreet George,Indore,MP,2024-03-14,N
C107962,Manish Ghosh,Visakhapatnam,AP,2024-02-11,N
C107963,Ritika Jadhav,Bhopal,MP,2023-08-09,N
C107964,Jaspreet Pawar,Kolkata,WB,2024-11-11,N
C107965,Zoya Bose,Patna,BR,2022-10-21,N
C107966,Abhishek Iyer,Mumbai,MH,2024-11-24,Y
C107967,Rohan Pillai,Ranchi,JH,2024-05-01,Y
C107968,Reyansh Dhillon,Chandigarh,CH,2022-11-11,N
C107969,Joseph Jain,Guwahati,AS,2023-01-13,Y
C107970,Steven Kaur,Ranchi,JH,2024-10-15,Y
C107971,Pooja Bhatt,Guwahati,AS,2022-07-28,N
C107972,Shreya Nair,Patna,BR,2023-09-26,N
C107973,Neha Pandey,Raipur,CG,2022-12-21,Y
C107974,Daniel Kaur,Coimbatore,TN,2022-09-03,N
C107975,Sukhwinder Singh,Visakhapatnam,AP,2024-04-28,N
C107976,Imran Roy,Noida,UP,2024-08-19,N
C107977,Harsh Trivedi,Bhubaneswar,OR,2023-09-25,N
C107978,Megha Sharma,Dehradun,UK,2022-07-18,N
C107979,Tenzin Dhillon,Bhopal,MP,2022-08-27,N
C107980,Vikram Mehta,Chandigarh,CH,2024-02-16,N
C107981,Farah Das,Ranchi,JH,2024-06-18,Y
C107982,Varun Mittal,Mumbai,MH,2023-03-06,N
C107983,Aishwarya Kapoor,Nagpur,MH,2024-04-13,Y
C107984,Kabir Jain,Pune,MH,2024-02-14,N
C107985,Tarun Srivastava,Chennai,TN,2024-08-27,N
C107986,Arjun George,Raipur,CG,2024-06-08,N
C107987,Karan Jadhav,Nashik,MH,2022-12-02,Y
C107988,Joseph Arora,Bhubaneswar,OR,2024-11-27,N
C107989,Abhishek Pillai,Chandigarh,CH,2023-12-27,N
C107990,Rohit Bhatt,Ranchi,JH,2023-08-27,Y
C107991,Joseph Mishra,Pune,MH,2023-07-28,N
C107992,Nikhil Nair,Kochi,KL,2023-10-11,N
C107993,Megha Dhillon,Dehradun,UK,2024-10-24,N
C107994,Diya Rao,Gurugram,HR,2024-06-15,N
C107995,Arjun Shah,Nagpur,MH,2023-06-23,N
C107996,Zoya Iyer,Hyderabad,TS,2023-05-06,N
C107997,Dev Fernandes,Guwahati,AS,2024-01-13,N
C107998,Swati Varghese,Ranchi,JH,2023-06-15,N
C107999,Deepak Gupta,Surat,GJ,2024-11-17,N
C108000,Amit Srivastava,Guwahati,AS,2024-08-11,N
C108001,Rahul Mukherjee,Raipur,CG,2024-12-09,N
C108002,Geeta Pawar,Pune,MH,2022-08-23,Y
C108003,Sneha Tiwari,Patna,BR,2024-12-04,N
C108004,Jaspreet Sandhu,Guwahati,AS,2024-07-16,Y
C108005,Meera Gill,Patna,BR,2023-07-17,N
C108006,Aishwarya Mehta,Bhubaneswar,OR,2023-12-10,Y
C108007,Vivaan Kumar,Ranchi,JH,2022-08-30,N
C108008,Ankit Das,Nashik,MH,2023-02-24,N
C108009,Ananya Qureshi,Mysuru,KA,2022-09-23,N
C108010,Suresh Fernandes,Nagpur,MH,2024-06-18,Y
C108011,Vikram Shah,Mysuru,KA,2024-08-28,N
C108012,Priya Kaur,Chandigarh,CH,2024-03-31,N
C108013,Karan Pillai,Bhopal,MP,2023-11-28,N
C108014,Ishaan Tiwari,Kolkata,WB,2024-07-10,N
C108015,Nikhil Desai,Kochi,KL,2023-06-10,N
C108016,Shreya Sen,Visakhapatnam,AP,2023-09-24,N
C108017,Komal Sharma,Lucknow,UP,2024-03-23,N
C108018,Payal Ghosh,Ranchi,JH,2024-06-01,Y
C108019,Siddharth Mehta,Thiruvananthapuram,KL,2023-10-06,Y
C108020,Reyansh Sheikh,Bengaluru,KA,2022-11-29,N
C108021,Lakshmi Joshi,Lucknow,UP,2023-12-26,Y
C108022,Arjun Bhatia,Chennai,TN,2022-11-21,N
C108023,Karan Arora,Ahmedabad,GJ,2024-02-07,N
C108024,Aarav Jain,Indore,MP,2023-12-02,N
C108025,Nisha Goyal,Raipur,CG,2022-07-25,Y
C108026,Daniel Mathew,Bhopal,MP,2023-07-09,Y
C108027,Anjali Rao,Nashik,MH,2024-08-26,Y
C108028,Harsh Sandhu,Kolkata,WB,2024-05-23,N
C108029,Sukhwinder Joshi,Visakhapatnam,AP,2023-05-31,Y
C108030,Saanvi Patil,Lucknow,UP,2023-02-02,N
C108031,Arjun Rathore,Lucknow,UP,2024-11-26,N
C108032,Tanvi Nair,Ranchi,JH,2023-08-17,Y
C108033,Mohammed George,Guwahati,AS,2023-08-10,Y
C108034,Meera Sharma,Visakhapatnam,AP,2023-12-27,N
C108035,Sunita Shinde,Indore,MP,2023-05-15,Y
C108036,Zaid Khanna,Mysuru,KA,2023-03-25,N
C108037,Aarav Trivedi,Dehradun,UK,2024-05-12,N
C108038,Tanvi Varghese,Nagpur,MH,2024-01-15,Y
C108039,Krishna Rathore,Mumbai,MH,2024-02-21,Y
C108040,Lakshmi Jain,Mysuru,KA,2023-07-29,Y
C108041,Priya Sethi,Raipur,CG,2022-10-28,N
C108042,Zaid Sandhu,Noida,UP,2023-10-18,N
C108043,Rohan Bansal,Noida,UP,2023-06-28,Y
C108044,Rajat D'Souza,Guwahati,AS,2024-11-08,N
C108045,Isha Reddy,Hyderabad,TS,2023-04-30,Y
C108046,Rohit Siddiqui,Kochi,KL,2023-11-04,N
C108047,Geeta Banerjee,Kolkata,WB,2024-06-26,N
C108048,Zoya Bansal,Jaipur,RJ,2022-08-02,N
C108049,Rajat Iyer,Vadodara,GJ,2024-06-29,N
C108050,Simran Kaur,Kolkata,WB,2023-08-30,N
C108051,Ayaan Patil,Nashik,MH,2022-08-13,N
C108052,Harpreet Saxena,Nashik,MH,2023-04-19,Y
C108053,Joseph Nair,Bhopal,MP,2024-05-14,N
C108054,Reyansh Gaikwad,Bhopal,MP,2024-10-15,Y
C108055,Vikram Desai,Jaipur,RJ,2024-07-14,N
C108056,Neha Mukherjee,Vadodara,GJ,2022-12-11,N
C108057,Rohit Bhatia,Ranchi,JH,2024-08-19,Y
C108058,Komal Malhotra,Delhi,DL,2023-08-17,Y
C108059,Kunal Mukherjee,Chandigarh,CH,2024-09-27,Y
C108060,Suresh George,Kochi,KL,2022-12-14,N
C108061,Daniel Mukherjee,Gurugram,HR,2024-08-11,N
C108062,Divya Pereira,Mumbai,MH,2023-11-03,N
C108063,Harpreet Pandey,Raipur,CG,2023-04-17,Y
C108064,Rahul D'Souza,Mumbai,MH,2023-04-25,Y
C108065,Shreya Srivastava,Patna,BR,2024-04-02,N
C108066,Suresh Khanna,Bengaluru,KA,2024-01-08,N
C108067,Yash Malhotra,Bhubaneswar,OR,2023-10-23,Y
C108068,Simran Pillai,Kolkata,WB,2024-11-03,Y
C108069,Payal Fernandes,Dehradun,UK,2023-07-03,N
C108070,Dev Shah,Chennai,TN,2024-06-01,N
C108071,Tanvi Bhatt,Chennai,TN,2023-12-12,Y
C108072,Swati Jadhav,Nashik,MH,2024-08-13,N
C108073,Farah Shinde,Surat,GJ,2024-08-29,Y
C108074,Thomas Rathore,Pune,MH,2024-09-22,N
C108075,Steven Iyer,Jaipur,RJ,2024-07-29,N
C108076,Thomas Mittal,Mysuru,KA,2024-11-02,N
C108077,Daniel Mehta,Chennai,TN,2023-01-01,Y
C108078,Jaspreet Kulkarni,Hyderabad,TS,2023-03-20,N
C108079,Manish Sharma,Coimbatore,TN,2023-02-23,N
C108080,Simran Mehta,Bengaluru,KA,2024-08-14,Y
C108081,Saanvi Chopra,Chennai,TN,2023-01-31,N
C108082,Sai Rao,Dehradun,UK,2024-05-10,N
C108083,Diya Reddy,Patna,BR,2024-05-17,N
C108084,Saanvi Desai,Noida,UP,2022-12-13,Y
C108085,Payal Mukherjee,Mumbai,MH,2024-03-23,N
C108086,Reyansh Reddy,Kolkata,WB,2022-11-23,Y
C108087,Swati Mehta,Guwahati,AS,2023-05-12,N
C108088,Yash Mukherjee,Surat,GJ,2023-01-16,N
C108089,Abhishek Kapoor,Ranchi,JH,2024-12-13,N
C108090,Neha Naidu,Guwahati,AS,2022-08-26,N
C108091,Ananya Kumar,Kochi,KL,2022-12-14,N
C108092,Suresh Rao,Kochi,KL,2022-09-12,N
C108093,Divya D'Souza,Kochi,KL,2024-02-07,N
C108094,Jaspreet Verma,Guwahati,AS,2024-09-04,N
C108095,Tenzin Ansari,Delhi,DL,2024-12-13,N
C108096,Sameer Khan,Nashik,MH,2023-04-16,N
C108097,Jaspreet Fernandes,Chennai,TN,2024-03-15,N
C108098,Rohan Pandey,Ranchi,JH,2024-11-26,Y
C108099,Sunita Iyer,Indore,MP,2023-10-29,N
C108100,Aishwarya Pillai,Lucknow,UP,2024-08-11,Y
C108101,Manish Joshi,Nashik,MH,2024-11-15,N
C108102,Meera Gaikwad,Indore,MP,2023-01-18,N
C108103,Jaspreet Chopra,Noida,UP,2024-11-14,N
C108104,Meera Saxena,Lucknow,UP,2023-04-11,N
C108105,Pranav Bhatia,Gurugram,HR,2024-03-19,N
C108106,Diya Pillai,Mumbai,MH,2024-12-23,N
C108107,Ramesh Verma,Visakhapatnam,AP,2024-12-23,Y
C108108,Kavya Desai,Gurugram,HR,2023-08-16,Y
C108109,Neha Nair,Gurugram,HR,2023-03-05,N
C108110,Reyansh Gaikwad,Nashik,MH,2023-10-05,N
C108111,Vivaan Bansal,Dehradun,UK,2023-09-25,N
C108112,Thomas George,Kochi,KL,2024-08-25,N
C108113,Suresh Agarwal,Mysuru,KA,2023-07-18,N
C108114,Aarav Das,Dehradun,UK,2023-11-13,N
C108115,Rajat Gill,Bengaluru,KA,2024-09-06,N
C108116,Anjali Gupta,Mumbai,MH,2024-10-03,N
C108117,Isha Chauhan,Mysuru,KA,2023-12-20,N
C108118,Ramesh Yadav,Gurugram,HR,2024-01-16,N
C108119,Ankit Kumar,Gurugram,HR,2023-03-16,N
C108120,Harpreet Chauhan,Bhopal,MP,2023-01-21,Y
C108121,Vihaan Bhatt,Vadodara,GJ,2024-11-05,Y
C108122,Arjun Kulkarni,Nagpur,MH,2024-10-03,N
C108123,Manpreet Shinde,Nashik,MH,2023-09-06,N
C108124,Ishaan Ghosh,Mysuru,KA,2024-06-11,N
C108125,Tanvi Jain,Kolkata,WB,2024-07-08,Y
C108126,Dev Qureshi,Indore,MP,2022-08-10,Y
C108127,Rohan Khan,Kolkata,WB,2023-01-13,N
C108128,Suresh Qureshi,Bengaluru,KA,2023-05-23,Y
C108129,Anjali Gupta,Coimbatore,TN,2024-09-08,N
C108130,Sameer Pillai,Indore,MP,2023-06-16,N
C108131,Anjali Arora,Dehradun,UK,2023-02-07,N
C108132,Faisal Gupta,Pune,MH,2024-03-26,N
C108133,Joseph Chatterjee,Ahmedabad,GJ,2023-01-02,N
C108134,Ramesh Agarwal,Bengaluru,KA,2022-07-29,Y
C108135,Divya Mittal,Surat,GJ,2023-11-13,N
C108136,Farah Fernandes,Vadodara,GJ,2022-09-02,N
C108137,Abhishek Malhotra,Patna,BR,2024-11-20,Y
C108138,Payal Trivedi,Bhopal,MP,2023-03-20,Y
C108139,Diya Khan,Surat,GJ,2024-01-14,Y
C108140,Kavya Naidu,Bhopal,MP,2022-09-24,N
C108141,Sameer Pillai,Bhubaneswar,OR,2023-04-18,N
C108142,Lobsang Gill,Mysuru,KA,2023-11-30,N
C108143,Pranav Bansal,Mysuru,KA,2023-03-27,Y
C108144,Thomas Mittal,Bengaluru,KA,2024-03-27,N
C108145,Imran Verma,Chandigarh,CH,2022-08-23,Y
C108146,Kavya Pandey,Indore,MP,2023-05-09,N
C108147,Joseph Desai,Chennai,TN,2024-05-04,Y
C108148,Amit Kumar,Surat,GJ,2024-10-21,Y
C108149,Geeta George,Kochi,KL,2024-09-16,N
C108150,Rajat Fernandes,Ranchi,JH,2024-09-23,N
C108151,Isha Mishra,Mysuru,KA,2024-04-10,Y
C108152,Swati Mathew,Mumbai,MH,2024-07-05,Y
C108153,Arjun Goyal,Ahmedabad,GJ,2023-08-28,N
C108154,Nikhil Goyal,Dehradun,UK,2022-11-10,N
C108155,Imran Kumar,Pune,MH,2024-11-15,N
C108156,Payal D'Souza,Jaipur,RJ,2024-11-30,Y
C108157,Aditya Mathew,Bengaluru,KA,2023-07-06,Y
C108158,Yash Deshpande,Pune,MH,2024-07-14,Y
C108159,Karan Gupta,Indore,MP,2023-07-21,N
C108160,Abhishek Bansal,Raipur,CG,2023-10-21,N
C108161,Dev Chatterjee,Chennai,TN,2024-03-21,N
C108162,Tenzin Qureshi,Gurugram,HR,2024-12-04,N
C108163,Ramesh Arora,Jaipur,RJ,2023-02-17,N
C108164,Ananya Rathore,Nagpur,MH,2024-08-23,N
C108165,Harpreet Kumar,Gurugram,HR,2024-12-08,N
C108166,Om Ansari,Ahmedabad,GJ,2024-03-16,N
C108167,Om D'Souza,Kolkata,WB,2023-03-12,N
C108168,Farah Arora,Chandigarh,CH,2024-04-30,Y
C108169,Zoya Khanna,Nagpur,MH,2023-04-20,N
C108170,Ishaan Rao,Kolkata,WB,2024-07-22,N
C108171,Nikhil Nair,Mysuru,KA,2023-07-17,N
C108172,Harpreet Mathew,Ranchi,JH,2022-08-15,Y
C108173,Vivaan Bhatt,Jaipur,RJ,2024-06-15,N
C108174,Harpreet Sheikh,Chennai,TN,2023-12-24,Y
C108175,Dev Patil,Ahmedabad,GJ,2024-06-27,Y
C108176,Tanvi Desai,Indore,MP,2023-03-29,N
C108177,Lobsang Naidu,Surat,GJ,2024-04-18,N
C108178,Gurpreet Siddiqui,Jaipur,RJ,2022-08-08,N
C108179,Zaid Deshpande,Patna,BR,2024-03-23,Y
C108180,Neha Pandey,Bhopal,MP,2024-08-17,N
C108181,Bhavna Joshi,Gurugram,HR,2023-12-15,Y
C108182,Payal Das,Indore,MP,2023-05-24,N
C108183,Saanvi Gill,Thiruvananthapuram,KL,2024-02-05,N
C108184,Aadhya Iyer,Kolkata,WB,2024-01-26,Y
C108185,Kabir Bansal,Bhubaneswar,OR,2024-03-19,Y
C108186,Abhishek Gaikwad,Surat,GJ,2022-08-04,N
C108187,Suresh Iyer,Delhi,DL,2024-10-25,Y
C108188,Yash Menon,Bhopal,MP,2024-12-14,N
C108189,Nisha Roy,Chandigarh,CH,2023-09-12,Y
C108190,Manish George,Jaipur,RJ,2022-08-23,N
C108191,Zoya Trivedi,Mumbai,MH,2022-09-27,N
C108192,Saanvi Chatterjee,Noida,UP,2022-08-22,N
C108193,Ayaan Trivedi,Pune,MH,2024-03-16,N
C108194,Farah Arora,Chennai,TN,2023-12-17,N
C108195,Rajat Pandey,Bhubaneswar,OR,2024-04-12,Y
C108196,Om Siddiqui,Mysuru,KA,2023-06-17,N
C108197,Yash Reddy,Delhi,DL,2022-09-11,N
C108198,Rohit Agarwal,Bhubaneswar,OR,2024-11-10,Y
C108199,Om Siddiqui,Thiruvananthapuram,KL,2023-07-04,N
C108200,Priya Khanna,Jaipur,RJ,2023-04-02,N
C108201,Tanvi Agarwal,Raipur,CG,2024-10-12,N
C108202,Zaid Saxena,Mumbai,MH,2023-07-15,Y
C108203,Zaid Pandey,Bhopal,MP,2024-01-09,N
C108204,Simran Iyer,Ranchi,JH,2023-08-12,Y
C108205,Steven Dhillon,Raipur,CG,2024-09-04,N
C108206,Aishwarya Varghese,Raipur,CG,2022-11-09,N
C108207,Diya Sen,Chennai,TN,2023-03-14,N
C108208,Abhishek Kumar,Gurugram,HR,2023-06-20,N
C108209,Swati Khan,Patna,BR,2022-08-12,Y
C108210,Rahul Fernandes,Raipur,CG,2024-03-15,N
C108211,Vikram Reddy,Guwahati,AS,2024-02-19,N
C108212,Neha Bhatia,Coimbatore,TN,2023-09-25,N
C108213,Yash Bhatt,Kolkata,WB,2023-04-05,N
C108214,Steven Mathew,Thiruvananthapuram,KL,2022-12-10,N
C108215,Pooja Rao,Ahmedabad,GJ,2022-08-21,N
C108216,Kabir Patel,Chandigarh,CH,2022-09-07,N
C108217,Vikram Chopra,Bengaluru,KA,2023-07-06,N
C108218,Aadhya Ghosh,Kolkata,WB,2023-05-28,N
C108219,Rohan Qureshi,Lucknow,UP,2023-02-04,N
C108220,Aishwarya Naidu,Bhubaneswar,OR,2024-04-06,N
C108221,Kabir Ansari,Thiruvananthapuram,KL,2023-07-16,Y
C108222,Vivaan Deshpande,Bhopal,MP,2022-11-21,N
C108223,Bhavna Chatterjee,Chennai,TN,2022-09-25,N
C108224,Ayaan Nair,Raipur,CG,2023-10-14,Y
C108225,Sukhwinder D'Souza,Gurugram,HR,2022-08-21,Y
C108226,Ramesh Banerjee,Chennai,TN,2024-02-24,N
C108227,Megha Mehta,Bengaluru,KA,2023-08-28,Y
C108228,Sukhwinder Srivastava,Ahmedabad,GJ,2022-09-11,N
C108229,Zoya Chatterjee,Patna,BR,2023-08-06,Y
C108230,Kavya Gaikwad,Nashik,MH,2024-05-21,N
C108231,Gurpreet Ansari,Raipur,CG,2023-03-18,Y
C108232,Ankit Kapoor,Guwahati,AS,2022-12-17,Y
C108233,Ishaan Malhotra,Pune,MH,2024-03-10,Y
C108234,Lobsang Kumar,Dehradun,UK,2023-01-23,Y
C108235,Sneha Iyer,Delhi,DL,2024-02-04,N
C108236,Lobsang Nair,Coimbatore,TN,2024-06-13,Y
C108237,Neha Verma,Lucknow,UP,2024-03-07,N
C108238,Varun Sharma,Thiruvananthapuram,KL,2023-10-30,N
C108239,Ankit Sheikh,Bengaluru,KA,2023-11-03,N
C108240,Sai Khanna,Ranchi,JH,2023-03-30,N
C108241,Jaspreet Malhotra,Dehradun,UK,2024-03-28,N
C108242,Lobsang Dhillon,Surat,GJ,2024-11-10,N
C108243,Riya Rao,Kolkata,WB,2024-10-25,Y
C108244,Sneha D'Souza,Chandigarh,CH,2024-08-16,Y
C108245,Meera Varghese,Bhopal,MP,2024-04-13,Y
C108246,Shreya Jadhav,Visakhapatnam,AP,2024-04-06,N
C108247,Faisal Bhatt,Mumbai,MH,2022-11-04,N
C108248,Daniel Roy,Vadodara,GJ,2023-10-10,N
C108249,Neha Mehta,Gurugram,HR,2024-04-15,N
C108250,Kavya Siddiqui,Nashik,MH,2023-08-19,N
C108251,Nikhil Patel,Raipur,CG,2023-05-28,N
C108252,Joseph Mishra,Ahmedabad,GJ,2024-12-24,N
C108253,Riya Rathore,Mumbai,MH,2023-07-05,N
C108254,Ayaan Das,Mysuru,KA,2023-04-05,N
C108255,Yash Pillai,Dehradun,UK,2023-11-27,N
C108256,Kunal Saxena,Kochi,KL,2022-12-18,N
C108257,Rohan Patel,Mumbai,MH,2023-01-08,N
C108258,Vivaan Mathew,Coimbatore,TN,2022-10-09,N
C108259,Vivaan Sheikh,Chandigarh,CH,2023-11-10,Y
C108260,Shreya Qureshi,Pune,MH,2024-12-21,N
C108261,Tenzin Tiwari,Delhi,DL,2023-09-23,N
C108262,Komal Mathew,Guwahati,AS,2023-12-17,N
C108263,Neha Sheikh,Bhubaneswar,OR,2024-09-23,N
C108264,Sneha Sen,Hyderabad,TS,2024-05-26,Y
C108265,Vivaan Reddy,Kolkata,WB,2022-11-04,N
C108266,Nikhil Agarwal,Gurugram,HR,2022-12-20,Y
C108267,Swati Khan,Chandigarh,CH,2022-11-27,N
C108268,Tanvi Ghosh,Ranchi,JH,2024-08-16,N
C108269,Diya Gupta,Chennai,TN,2023-02-10,N
C108270,Divya Das,Raipur,CG,2024-12-04,N
C108271,Kunal Siddiqui,Chennai,TN,2023-06-02,N
C108272,Shreya Patil,Mumbai,MH,2023-08-18,N
C108273,Zoya Sharma,Kolkata,WB,2024-08-29,N
C108274,Sneha Kaur,Ahmedabad,GJ,2022-10-06,Y
C108275,Komal Sharma,Bengaluru,KA,2023-11-16,Y
C108276,Anjali Pawar,Vadodara,GJ,2023-03-31,N
C108277,Aditya Singh,Surat,GJ,2024-09-10,N
C108278,Sai Sen,Vadodara,GJ,2023-10-17,N
C108279,Kunal Ansari,Chennai,TN,2024-08-06,N
C108280,Rohan Jain,Ahmedabad,GJ,2023-01-31,N
C108281,Manish Chatterjee,Gurugram,HR,2022-07-17,N
C108282,Farah Ansari,Bhopal,MP,2023-01-24,N
C108283,Zaid Tiwari,Chandigarh,CH,2023-01-12,Y
C108284,Sameer George,Mysuru,KA,2024-10-28,N
C108285,Jaspreet Joshi,Nashik,MH,2023-12-28,N
C108286,Amit Bhatia,Mumbai,MH,2024-01-06,N
C108287,Amit Dutta,Noida,UP,2024-05-05,N
C108288,Priya Pawar,Kochi,KL,2024-11-16,N
C108289,Swati Reddy,Guwahati,AS,2023-08-29,N
C108290,Zaid Kumar,Coimbatore,TN,2023-07-08,N
C108291,Isha Trivedi,Surat,GJ,2023-02-02,Y
C108292,Sukhwinder Joshi,Bhopal,MP,2023-12-08,N
C108293,Ayaan Desai,Ahmedabad,GJ,2024-10-20,N
C108294,Geeta Sen,Guwahati,AS,2024-12-19,N
C108295,Isha Mishra,Bhopal,MP,2022-12-08,N
C108296,Anjali Varghese,Lucknow,UP,2024-03-27,N
C108297,Swati Sen,Indore,MP,2023-12-11,N
C108298,Harsh Rao,Ahmedabad,GJ,2023-10-17,Y
C108299,Gurpreet Bhatia,Vadodara,GJ,2023-09-23,N
C108300,Krishna Pillai,Bhubaneswar,OR,2023-10-04,N
C108301,Kavya Goyal,Vadodara,GJ,2022-09-10,N
C108302,Vivaan Pereira,Mysuru,KA,2023-06-02,Y
C108303,Bhavna Fernandes,Guwahati,AS,2023-10-09,N
C108304,Karan Ansari,Surat,GJ,2024-10-29,Y
C108305,Nikhil Roy,Kochi,KL,2022-12-21,N
C108306,Ramesh Banerjee,Surat,GJ,2024-05-21,Y
C108307,Rohan Pandey,Ahmedabad,GJ,2023-03-31,N
C108308,Arjun Joshi,Guwahati,AS,2023-03-06,N
C108309,Komal Sen,Mumbai,MH,2024-02-28,N
C108310,Sai Nair,Delhi,DL,2023-12-28,Y
C108311,Manish Bose,Dehradun,UK,2024-12-15,Y
C108312,Aishwarya Pereira,Bhubaneswar,OR,2024-12-26,N
C108313,Krishna Shinde,Surat,GJ,2023-11-28,N
C108314,Diya Yadav,Pune,MH,2023-08-08,N
C108315,Jaspreet Sethi,Noida,UP,2024-04-21,N
C108316,Payal Bhatt,Bhopal,MP,2023-05-03,Y
C108317,Ananya Bose,Ahmedabad,GJ,2024-06-24,Y
C108318,Megha Gaikwad,Guwahati,AS,2022-07-22,N
C108319,Ayaan Pereira,Bhopal,MP,2022-09-14,N
C108320,Lakshmi Pillai,Hyderabad,TS,2024-10-26,N
C108321,Ramesh Qureshi,Chandigarh,CH,2023-05-25,N
C108322,Dev Mathew,Ahmedabad,GJ,2023-12-16,N
C108323,Dev Bhatia,Hyderabad,TS,2022-09-25,Y
C108324,Rohit Varghese,Raipur,CG,2023-11-06,N
C108325,Manish Joshi,Kochi,KL,2022-12-01,N
C108326,Ishaan Menon,Coimbatore,TN,2024-11-20,N
C108327,Aditya Patel,Kochi,KL,2022-11-09,Y
C108328,Ritika Mittal,Visakhapatnam,AP,2022-12-31,N
C108329,Riya Chauhan,Lucknow,UP,2024-03-10,N
C108330,Ishaan Patil,Patna,BR,2024-04-29,Y
C108331,Daniel Fernandes,Mysuru,KA,2024-08-09,N
C108332,Nisha Shah,Chandigarh,CH,2024-02-15,N
C108333,Ankit Shah,Indore,MP,2024-11-13,Y
C108334,Aarav Chauhan,Patna,BR,2023-04-10,N
C108335,Vihaan Mehta,Ranchi,JH,2023-04-09,Y
C108336,Faisal Roy,Bengaluru,KA,2024-12-30,Y
C108337,Simran Menon,Jaipur,RJ,2022-09-20,Y
C108338,Sukhwinder Chopra,Nagpur,MH,2024-07-12,N
C108339,Neha Qureshi,Jaipur,RJ,2023-05-12,Y
C108340,Vivaan Banerjee,Noida,UP,2023-10-31,Y
C108341,Pooja Kumar,Nashik,MH,2024-06-26,Y
C108342,Thomas Yadav,Indore,MP,2022-08-20,N
C108343,Reyansh Kapoor,Kochi,KL,2022-08-19,N
C108344,Dev George,Dehradun,UK,2024-11-16,Y
C108345,Amit Pawar,Nagpur,MH,2024-09-25,Y
C108346,Harsh Mehta,Surat,GJ,2024-01-10,Y
C108347,Jaspreet Reddy,Ranchi,JH,2022-10-07,Y
C108348,Siddharth Mathew,Bengaluru,KA,2024-09-10,N
C108349,Tanvi Gupta,Kolkata,WB,2023-02-27,N
C108350,Swati Mittal,Bengaluru,KA,2023-10-16,N
C108351,Ananya Shinde,Chandigarh,CH,2024-01-21,N
C108352,Ayaan Bose,Mumbai,MH,2024-03-19,N
C108353,Kunal Rathore,Kochi,KL,2024-03-27,Y
C108354,Priya Deshpande,Kochi,KL,2023-01-04,N
C108355,Riya Dutta,Bhubaneswar,OR,2023-09-02,N
C108356,Diya Singh,Gurugram,HR,2024-06-23,N
C108357,Harsh Joshi,Dehradun,UK,2023-01-14,N
C108358,Ayaan Joshi,Mysuru,KA,2024-09-05,Y
C108359,Suresh Khan,Ahmedabad,GJ,2024-02-23,N
C108360,Suresh Naidu,Bhubaneswar,OR,2023-11-12,N
C108361,Vikram Kapoor,Thiruvananthapuram,KL,2022-12-12,N
C108362,Sukhwinder Chopra,Thiruvananthapuram,KL,2024-12-06,N
C108363,Bhavna Das,Nashik,MH,2024-02-12,N
C108364,Mohammed Singh,Gurugram,HR,2022-10-06,N
C108365,Kavya Bhatt,Noida,UP,2023-05-06,N
C108366,Sai Mishra,Indore,MP,2022-11-20,N
C108367,Krishna Banerjee,Bhubaneswar,OR,2022-12-05,Y
C108368,Imran Sharma,Gurugram,HR,2023-11-04,N
C108369,Pooja Desai,Mumbai,MH,2022-09-02,Y
C108370,Faisal Chauhan,Kochi,KL,2024-04-10,N
C108371,Bhavna Tiwari,Kochi,KL,2024-10-03,N
C108372,Vikram Siddiqui,Delhi,DL,2023-01-09,Y
C108373,Vivaan Ansari,Vadodara,GJ,2024-12-24,N
C108374,Kabir Bose,Ranchi,JH,2024-04-23,N
C108375,Divya Pawar,Mysuru,KA,2023-01-06,Y
C108376,Ankit Fernandes,Lucknow,UP,2023-11-23,N
C108377,Zoya Srivastava,Hyderabad,TS,2022-09-23,N
C108378,Sunita Pandey,Visakhapatnam,AP,2024-06-30,N
C108379,Suresh George,Patna,BR,2024-12-02,N
C108380,Kunal Malhotra,Jaipur,RJ,2024-10-03,N
C108381,Reyansh Gupta,Bhopal,MP,2024-02-13,Y
C108382,Geeta Khanna,Bhubaneswar,OR,2024-02-27,Y
C108383,Vikram Deshpande,Bhopal,MP,2024-02-26,Y
C108384,Aarav Agarwal,Surat,GJ,2024-10-18,Y
C108385,Aadhya Agarwal,Patna,BR,2022-11-17,Y
C108386,Kavya Pawar,Chennai,TN,2022-12-24,Y
C108387,Lobsang Roy,Ahmedabad,GJ,2023-03-23,Y
C108388,Saanvi Tiwari,Noida,UP,2023-10-03,N
C108389,Karan Dhillon,Chandigarh,CH,2024-07-23,N
C108390,Riya Jadhav,Bengaluru,KA,2024-07-28,N
C108391,Bhavna Mukherjee,Noida,UP,2024-11-08,N
C108392,Reyansh Pandey,Coimbatore,TN,2023-10-03,Y
C108393,Rohan Varghese,Bhubaneswar,OR,2022-09-12,Y
C108394,Vikram Arora,Mumbai,MH,2024-02-10,N
C108395,Aarav Tiwari,Visakhapatnam,AP,2023-08-07,N
C108396,Meera Fernandes,Pune,MH,2022-10-08,N
C108397,Neha Agarwal,Indore,MP,2024-12-08,N
C108398,Bhavna George,Mumbai,MH,2024-03-30,N
C108399,Kabir Mathew,Kochi,KL,2024-01-31,N
C108400,Joseph Shinde,Patna,BR,2024-01-16,Y
C108401,Shreya Rao,Chandigarh,CH,2023-05-10,N
C108402,Manish Dhillon,Surat,GJ,2023-07-30,Y
C108403,Amit Reddy,Kolkata,WB,2023-05-18,N
C108404,Ritika Kaur,Ranchi,JH,2024-01-16,N
C108405,Imran Agarwal,Visakhapatnam,AP,2023-07-12,N
C108406,Tarun Trivedi,Mysuru,KA,2022-11-13,N
C108407,Deepak Das,Chennai,TN,2022-11-25,N
C108408,Sunita Bhatt,Bhopal,MP,2023-05-06,Y
C108409,Faisal Mittal,Indore,MP,2024-02-09,N
C108410,Sameer Srivastava,Lucknow,UP,2024-09-26,Y
C108411,Gurpreet Malhotra,Surat,GJ,2024-01-06,N
C108412,Yash Banerjee,Guwahati,AS,2023-11-10,N
C108413,Thomas Shinde,Delhi,DL,2023-05-06,Y
C108414,Priya Das,Bhubaneswar,OR,2023-03-28,N
C108415,Joseph Fernandes,Guwahati,AS,2023-07-06,N
C108416,Rajat Jadhav,Visakhapatnam,AP,2023-06-25,N
C108417,Shreya Dutta,Ahmedabad,GJ,2023-11-13,Y
C108418,Ayaan Mittal,Bhubaneswar,OR,2024-09-10,Y
C108419,Tarun Rathore,Thiruvananthapuram,KL,2024-11-22,N
C108420,Pranav George,Visakhapatnam,AP,2024-09-24,N
C108421,Isha Sharma,Visakhapatnam,AP,2023-08-27,N
C108422,Komal Reddy,Bengaluru,KA,2024-07-03,N
C108423,Aditya Menon,Chandigarh,CH,2024-02-24,N
C108424,Zaid Pillai,Nagpur,MH,2022-08-20,N
C108425,Mohammed Mehta,Delhi,DL,2024-09-23,N
C108426,Reyansh Naidu,Bhubaneswar,OR,2024-06-13,Y
C108427,Pooja Malhotra,Lucknow,UP,2024-12-15,N
C108428,Meera Sheikh,Ranchi,JH,2023-09-19,N
C108429,Dev Tiwari,Guwahati,AS,2022-11-27,N
C108430,Riya Gupta,Mumbai,MH,2024-07-10,N
C108431,Amit Yadav,Delhi,DL,2024-01-19,N
C108432,Yash Sethi,Coimbatore,TN,2024-07-21,N
C108433,Gurpreet Joshi,Ranchi,JH,2022-10-06,N
C108434,Sunita Pandey,Surat,GJ,2023-06-19,N
C108435,Geeta Banerjee,Raipur,CG,2023-11-06,N
C108436,Om Trivedi,Mumbai,MH,2024-03-23,N
C108437,Sneha Pandey,Nashik,MH,2024-12-16,N
C108438,Meera Patel,Patna,BR,2022-12-20,N
C108439,Sukhwinder Srivastava,Thiruvananthapuram,KL,2022-10-28,N
C108440,Ishaan Singh,Jaipur,RJ,2023-11-29,N
C108441,Siddharth Banerjee,Nagpur,MH,2024-03-14,N
C108442,Gurpreet Kulkarni,Vadodara,GJ,2024-09-17,Y
C108443,Arjun Jadhav,Dehradun,UK,2024-05-13,N
C108444,Suresh Bhatia,Bhubaneswar,OR,2022-10-05,N
C108445,Gurpreet Tiwari,Vadodara,GJ,2023-11-22,N
C108446,Harpreet Chauhan,Jaipur,RJ,2023-11-12,N
C108447,Ananya Pereira,Kolkata,WB,2024-01-30,N
C108448,Suresh Patil,Vadodara,GJ,2023-02-12,N
C108449,Isha Gill,Thiruvananthapuram,KL,2023-07-16,Y
C108450,Mohammed Dutta,Nagpur,MH,2023-12-11,N
C108451,Kabir Jadhav,Indore,MP,2024-02-27,N
C108452,Farah Siddiqui,Jaipur,RJ,2024-08-27,N
C108453,Ritika Gill,Ranchi,JH,2023-05-16,N
C108454,Kabir Jain,Pune,MH,2023-02-24,N
C108455,Harpreet Yadav,Pune,MH,2022-10-21,N
C108456,Diya Kapoor,Bhubaneswar,OR,2024-01-18,Y
C108457,Siddharth Naidu,Bengaluru,KA,2024-09-05,N
C108458,Ananya Trivedi,Indore,MP,2023-07-16,N
C108459,Vihaan Gill,Nashik,MH,2024-01-04,N
C108460,Amit George,Kolkata,WB,2022-08-22,N
C108461,Ayaan Das,Chandigarh,CH,2024-04-06,N
C108462,Ramesh Dhillon,Indore,MP,2023-03-19,N
C108463,Riya Arora,Bhubaneswar,OR,2023-06-20,Y
C108464,Ankit Rao,Ranchi,JH,2023-11-04,N
C108465,Faisal Malhotra,Kochi,KL,2024-05-05,N
C108466,Thomas Jain,Nashik,MH,2024-07-17,Y
C108467,Sukhwinder Desai,Noida,UP,2023-07-27,Y
C108468,Swati Mehta,Coimbatore,TN,2023-11-25,N
C108469,Tenzin Mittal,Patna,BR,2022-11-30,N
C108470,Bhavna Patil,Mumbai,MH,2023-09-09,N
C108471,Imran Saxena,Delhi,DL,2024-10-02,N
C108472,Thomas Bose,Chandigarh,CH,2023-11-28,N
C108473,Megha Kumar,Vadodara,GJ,2023-01-05,N
C108474,Gurpreet Banerjee,Vadodara,GJ,2022-09-01,N
C108475,Manish Srivastava,Chandigarh,CH,2024-12-24,Y
C108476,Ananya Srivastava,Mumbai,MH,2023-05-22,N
C108477,Rohit Rathore,Nashik,MH,2023-08-14,Y
C108478,Reyansh Kapoor,Bengaluru,KA,2022-08-19,N
C108479,Vivaan Jadhav,Chandigarh,CH,2023-07-12,Y
C108480,Ramesh Rathore,Bengaluru,KA,2022-09-04,N
C108481,Rohit Nair,Chennai,TN,2024-02-05,N
C108482,Arjun Mittal,Delhi,DL,2022-08-18,Y
C108483,Manpreet George,Patna,BR,2024-12-22,N
C108484,Payal Ansari,Bhubaneswar,OR,2024-09-25,N
C108485,Abhishek Kaur,Surat,GJ,2024-10-07,Y
C108486,Pooja Bansal,Coimbatore,TN,2022-08-13,N
C108487,Jaspreet Iyer,Pune,MH,2024-12-08,N
C108488,Isha Khan,Hyderabad,TS,2023-12-20,N
C108489,Rajat Pillai,Surat,GJ,2022-07-28,Y
C108490,Nikhil Verma,Nagpur,MH,2023-08-23,Y
C108491,Sameer Khanna,Coimbatore,TN,2023-09-11,N
C108492,Deepak Mathew,Bhubaneswar,OR,2024-11-22,N
C108493,Joseph Patil,Kochi,KL,2024-12-03,N
C108494,Vivaan Pawar,Ranchi,JH,2024-08-11,N
C108495,Neha Deshpande,Mysuru,KA,2024-07-13,N
C108496,Divya Varghese,Coimbatore,TN,2024-04-09,N
C108497,Meera Siddiqui,Nagpur,MH,2024-07-03,Y
C108498,Daniel Roy,Pune,MH,2022-09-28,N
C108499,Aarav Deshpande,Vadodara,GJ,2023-02-23,N
C108500,Shreya Banerjee,Dehradun,UK,2024-01-26,N
C108501,Manish Chatterjee,Ranchi,JH,2024-08-16,N
C108502,Priya Mehta,Kolkata,WB,2024-03-23,Y
C108503,Ankit Banerjee,Mysuru,KA,2023-03-08,N
C108504,Sunita Iyer,Chandigarh,CH,2023-05-22,N
C108505,Lobsang Malhotra,Lucknow,UP,2023-08-23,N
C108506,Om Sen,Coimbatore,TN,2023-02-23,N
C108507,Aishwarya Naidu,Indore,MP,2023-04-28,N
C108508,Komal Reddy,Chandigarh,CH,2023-11-17,N
C108509,Diya Pillai,Kochi,KL,2024-03-07,N
C108510,Jaspreet Singh,Mumbai,MH,2023-12-23,N
C108511,Yash Patil,Kolkata,WB,2023-04-19,N
C108512,Aadhya Shinde,Raipur,CG,2022-10-10,Y
C108513,Sameer Banerjee,Surat,GJ,2023-04-15,Y
C108514,Joseph Pandey,Lucknow,UP,2023-08-07,N
C108515,Abhishek Khanna,Ahmedabad,GJ,2023-12-02,N
C108516,Riya Trivedi,Surat,GJ,2022-07-16,Y
C108517,Ayaan Shinde,Gurugram,HR,2022-11-02,N
C108518,Kavya Ansari,Dehradun,UK,2022-09-09,N
C108519,Lobsang Bose,Dehradun,UK,2022-07-19,Y
C108520,Saanvi Kulkarni,Pune,MH,2023-12-09,Y
C108521,Thomas Mathew,Kochi,KL,2022-12-04,N
C108522,Kavya Singh,Visakhapatnam,AP,2023-01-22,Y
C108523,Tenzin Chatterjee,Nashik,MH,2024-04-15,N
C108524,Sneha Pandey,Hyderabad,TS,2022-11-14,N
C108525,Arjun Tiwari,Nashik,MH,2023-05-13,Y
C108526,Zoya Menon,Indore,MP,2024-08-19,N
C108527,Daniel Sandhu,Raipur,CG,2022-08-28,N
C108528,Bhavna Deshpande,Lucknow,UP,2024-09-16,Y
C108529,Farah Mehta,Jaipur,RJ,2023-07-02,Y
C108530,Kavya Trivedi,Thiruvananthapuram,KL,2022-11-16,N
C108531,Vivaan Das,Mumbai,MH,2023-08-07,Y
C108532,Saanvi Das,Coimbatore,TN,2022-07-31,N
C108533,Riya Pawar,Vadodara,GJ,2024-05-22,N
C108534,Saanvi Patel,Patna,BR,2022-12-31,N
C108535,Simran Khanna,Kochi,KL,2024-10-03,N
C108536,Ananya Patel,Delhi,DL,2023-04-06,N
C108537,Deepak Verma,Bhopal,MP,2023-08-17,Y
C108538,Om Naidu,Indore,MP,2023-10-21,N
C108539,Lobsang Chopra,Hyderabad,TS,2024-11-12,Y
C108540,Neha Tiwari,Thiruvananthapuram,KL,2023-03-10,N
C108541,Sneha Chatterjee,Indore,MP,2022-09-19,N
C108542,Ritika Trivedi,Hyderabad,TS,2022-10-28,N
C108543,Joseph Varghese,Guwahati,AS,2022-11-09,N
C108544,Deepak Tiwari,Dehradun,UK,2023-02-08,Y
C108545,Megha Banerjee,Nashik,MH,2023-12-13,N
C108546,Isha Kumar,Thiruvananthapuram,KL,2024-04-12,N
C108547,Farah Goyal,Nagpur,MH,2023-08-09,Y
C108548,Neha Malhotra,Thiruvananthapuram,KL,2023-11-22,N
C108549,Isha Goyal,Thiruvananthapuram,KL,2022-10-11,N
C108550,Amit Chopra,Patna,BR,2023-03-31,N
C108551,Sai Kapoor,Hyderabad,TS,2024-10-21,Y
C108552,Saanvi Rathore,Pune,MH,2023-04-07,Y
C108553,Saanvi Varghese,Coimbatore,TN,2023-04-20,Y
C108554,Sukhwinder Kumar,Gurugram,HR,2022-10-07,N
C108555,Yash Sen,Lucknow,UP,2022-10-03,N
C108556,Faisal Arora,Vadodara,GJ,2023-05-26,Y
C108557,Payal Banerjee,Nagpur,MH,2022-09-09,N
C108558,Bhavna Nair,Mysuru,KA,2023-04-09,Y
C108559,Aarav Pillai,Bhubaneswar,OR,2023-08-26,N
C108560,Isha Nair,Vadodara,GJ,2022-08-17,N
C108561,Zoya Goyal,Noida,UP,2024-03-10,Y
C108562,Pranav Chatterjee,Surat,GJ,2024-03-17,N
C108563,Megha George,Indore,MP,2024-04-09,N
C108564,Manpreet Mishra,Noida,UP,2023-07-05,N
C108565,Gurpreet Das,Thiruvananthapuram,KL,2024-12-07,N
C108566,Sunita Deshpande,Jaipur,RJ,2023-08-01,Y
C108567,Payal Bhatt,Chennai,TN,2023-05-20,N
C108568,Anjali Mehta,Indore,MP,2024-04-07,N
C108569,Ritika Rathore,Indore,MP,2024-03-19,N
C108570,Ritika Arora,Hyderabad,TS,2024-03-31,N
C108571,Sunita Dutta,Nashik,MH,2023-05-26,Y
C108572,Aarav Gill,Bhubaneswar,OR,2024-05-08,Y
C108573,Ritika Reddy,Pune,MH,2024-10-19,Y
C108574,Om Shah,Mumbai,MH,2023-11-28,N
C108575,Meera Gaikwad,Jaipur,RJ,2024-01-15,N
C108576,Kunal Agarwal,Mysuru,KA,2022-09-12,N
C108577,Nisha Malhotra,Nagpur,MH,2023-08-01,N
C108578,Bhavna Agarwal,Mumbai,MH,2024-03-14,Y
C108579,Diya Das,Gurugram,HR,2023-03-02,N
C108580,Zaid Banerjee,Lucknow,UP,2023-01-08,N
C108581,Gurpreet Arora,Gurugram,HR,2023-05-06,N
C108582,Ankit Pillai,Mysuru,KA,2023-05-11,N
C108583,Aadhya Ansari,Bengaluru,KA,2024-07-24,Y
C108584,Krishna Chatterjee,Vadodara,GJ,2023-03-09,N
C108585,Bhavna Pereira,Visakhapatnam,AP,2023-07-21,Y
C108586,Reyansh Gaikwad,Thiruvananthapuram,KL,2024-01-17,Y
C108587,Bhavna Rathore,Chennai,TN,2023-04-13,Y
C108588,Faisal Jadhav,Chandigarh,CH,2023-08-08,N
C108589,Harsh Fernandes,Mumbai,MH,2024-10-12,Y
C108590,Aadhya Mukherjee,Gurugram,HR,2024-07-31,N
C108591,Siddharth Mishra,Raipur,CG,2023-07-09,Y
C108592,Ritika Trivedi,Thiruvananthapuram,KL,2023-11-13,N
C108593,Gurpreet Ansari,Ahmedabad,GJ,2024-12-02,N
C108594,Amit Khanna,Surat,GJ,2024-05-14,N
C108595,Divya Sen,Kolkata,WB,2024-11-28,N
C108596,Nikhil Trivedi,Hyderabad,TS,2023-06-23,N
C108597,Tanvi Chopra,Chennai,TN,2024-03-11,N
C108598,Rohan Patil,Noida,UP,2023-07-08,N
C108599,Joseph Nair,Vadodara,GJ,2024-05-24,Y
C108600,Tanvi Ansari,Ranchi,JH,2022-12-03,Y
C108601,Diya Chatterjee,Mumbai,MH,2023-03-26,N
C108602,Diya Chauhan,Noida,UP,2024-04-15,N
C108603,Sai Tiwari,Mumbai,MH,2023-05-06,N
C108604,Ananya Jain,Indore,MP,2023-07-30,N
C108605,Jaspreet Khanna,Noida,UP,2022-07-16,N
C108606,Varun D'Souza,Vadodara,GJ,2024-10-26,Y
C108607,Gurpreet Gaikwad,Hyderabad,TS,2023-09-10,N
C108608,Ritika Verma,Lucknow,UP,2024-10-07,Y
C108609,Neha Mathew,Dehradun,UK,2022-12-28,N
C108610,Ankit Kaur,Vadodara,GJ,2024-04-03,Y
C108611,Sai Sharma,Indore,MP,2024-11-12,Y
C108612,Rahul Gupta,Gurugram,HR,2024-08-11,Y
C108613,Aarav Pillai,Delhi,DL,2024-12-27,N
C108614,Lakshmi Ansari,Bhubaneswar,OR,2023-02-05,Y
C108615,Zoya Malhotra,Patna,BR,2022-12-24,N
C108616,Tenzin Reddy,Hyderabad,TS,2024-07-06,N
C108617,Zoya Rao,Chennai,TN,2023-05-16,N
C108618,Siddharth Pereira,Bhubaneswar,OR,2024-07-11,Y
C108619,Harsh Kulkarni,Kolkata,WB,2024-09-07,N
C108620,Shreya Reddy,Dehradun,UK,2023-04-02,N
C108621,Harpreet Pandey,Indore,MP,2024-03-27,N
C108622,Ritika Kumar,Raipur,CG,2023-10-30,Y
C108623,Kunal Chauhan,Ahmedabad,GJ,2023-11-11,Y
C108624,Varun Roy,Mumbai,MH,2023-01-12,N
C108625,Neha Mishra,Guwahati,AS,2024-11-02,N
C108626,Kunal Gill,Nashik,MH,2023-04-14,Y
C108627,Kavya Yadav,Ranchi,JH,2024-08-01,N
C108628,Pooja Verma,Ranchi,JH,2023-12-30,Y
C108629,Vikram Mukherjee,Ranchi,JH,2023-01-09,N
C108630,Imran Sethi,Nashik,MH,2023-11-14,Y
C108631,Geeta Srivastava,Kolkata,WB,2023-02-04,Y
C108632,Jaspreet Khanna,Kochi,KL,2023-03-25,N
C108633,Karan Pereira,Ranchi,JH,2023-07-09,N
C108634,Om Chopra,Mysuru,KA,2024-04-23,N
C108635,Vikram Bhatia,Visakhapatnam,AP,2023-08-27,N
C108636,Shreya Patil,Mysuru,KA,2022-12-22,N
C108637,Vikram Khan,Kolkata,WB,2023-02-14,N
C108638,Simran Mukherjee,Ahmedabad,GJ,2023-08-27,Y
C108639,Nikhil Shah,Noida,UP,2024-03-27,N
C108640,Krishna Chopra,Coimbatore,TN,2022-10-29,Y
C108641,Karan Kapoor,Mysuru,KA,2024-07-23,Y
C108642,Abhishek Das,Dehradun,UK,2023-04-10,N
C108643,Farah Tiwari,Dehradun,UK,2023-08-04,N
C108644,Sai Nair,Bhopal,MP,2022-11-27,Y
C108645,Pooja Reddy,Jaipur,RJ,2024-12-13,N
C108646,Kunal Desai,Pune,MH,2022-08-16,N
C108647,Shreya Mathew,Hyderabad,TS,2024-01-08,N
C108648,Joseph Srivastava,Coimbatore,TN,2023-04-28,N
C108649,Shreya Srivastava,Pune,MH,2024-02-12,N
C108650,Geeta Arora,Bhubaneswar,OR,2024-03-20,N
C108651,Sneha Joshi,Noida,UP,2023-05-08,Y
C108652,Daniel Trivedi,Raipur,CG,2023-07-04,N
C108653,Vihaan Siddiqui,Jaipur,RJ,2024-07-29,Y
C108654,Nisha Pillai,Hyderabad,TS,2024-05-29,N
C108655,Vivaan Sen,Dehradun,UK,2022-11-30,N
C108656,Megha Pillai,Coimbatore,TN,2024-12-24,N
C108657,Rohit Sen,Raipur,CG,2022-07-25,Y
C108658,Lakshmi George,Kolkata,WB,2024-02-29,Y
C108659,Isha Mittal,Chandigarh,CH,2024-10-23,Y
C108660,Kabir Saxena,Dehradun,UK,2023-01-14,N
C108661,Karan Sheikh,Ranchi,JH,2024-04-08,N
C108662,Shreya Kulkarni,Thiruvananthapuram,KL,2023-02-28,Y
C108663,Komal Menon,Jaipur,RJ,2023-07-06,N
C108664,Komal Chatterjee,Ranchi,JH,2022-12-24,N
C108665,Priya Shah,Mumbai,MH,2022-08-09,Y
C108666,Harsh Jain,Kochi,KL,2023-04-10,N
C108667,Joseph Verma,Surat,GJ,2022-12-15,Y
C108668,Om D'Souza,Thiruvananthapuram,KL,2024-02-04,N
C108669,Meera Dutta,Ranchi,JH,2024-03-05,N
C108670,Gurpreet Banerjee,Nashik,MH,2024-06-14,N
C108671,Amit Verma,Raipur,CG,2024-06-27,N
C108672,Tenzin Menon,Bhopal,MP,2023-10-01,Y
C108673,Tenzin Chopra,Bengaluru,KA,2024-11-16,N
C108674,Komal Kapoor,Gurugram,HR,2023-12-19,Y
C108675,Neha Dhillon,Kolkata,WB,2024-06-05,Y
C108676,Komal Rao,Bhopal,MP,2024-01-25,Y
C108677,Aadhya Agarwal,Pune,MH,2022-08-04,N
C108678,Sneha Dutta,Gurugram,HR,2024-11-02,N
C108679,Daniel Mukherjee,Lucknow,UP,2023-04-23,N
C108680,Aarav Iyer,Surat,GJ,2023-09-23,N
C108681,Saanvi Chauhan,Hyderabad,TS,2023-06-13,Y
C108682,Faisal Rathore,Gurugram,HR,2024-10-22,Y
C108683,Abhishek Goyal,Lucknow,UP,2024-11-22,N
C108684,Amit Rao,Mysuru,KA,2023-09-26,N
C108685,Suresh George,Vadodara,GJ,2024-10-19,N
C108686,Nisha Jadhav,Kochi,KL,2023-01-20,N
C108687,Megha Pandey,Nagpur,MH,2024-05-14,Y
C108688,Sai Shinde,Coimbatore,TN,2024-03-28,N
C108689,Payal Menon,Guwahati,AS,2023-12-13,N
C108690,Rohit Pawar,Ahmedabad,GJ,2023-05-07,N
C108691,Krishna Pawar,Ahmedabad,GJ,2023-08-13,N
C108692,Vivaan Malhotra,Chennai,TN,2022-08-24,Y
C108693,Yash Shinde,Delhi,DL,2022-10-08,N
C108694,Kunal Mittal,Kochi,KL,2023-03-20,Y
C108695,Bhavna Roy,Visakhapatnam,AP,2023-02-16,N
C108696,Megha Tiwari,Mysuru,KA,2023-01-31,N
C108697,Priya Pereira,Bengaluru,KA,2024-06-22,N
C108698,Aadhya Varghese,Kochi,KL,2023-12-02,N
C108699,Vikram Verma,Nagpur,MH,2023-07-22,N
C108700,Ananya Yadav,Raipur,CG,2023-12-29,N
C108701,Rohit Dutta,Mumbai,MH,2024-07-16,N
C108702,Isha Pawar,Chennai,TN,2024-11-28,N
C108703,Imran Menon,Bhubaneswar,OR,2023-03-29,N
C108704,Reyansh Banerjee,Ranchi,JH,2023-04-26,N
C108705,Pooja Chopra,Guwahati,AS,2022-11-27,Y
C108706,Faisal Banerjee,Guwahati,AS,2024-06-16,N
C108707,Faisal Iyer,Patna,BR,2024-02-23,N
C108708,Vivaan Yadav,Jaipur,RJ,2024-06-26,N
C108709,Om Gill,Nashik,MH,2023-01-19,N
C108710,Meera Das,Delhi,DL,2023-08-07,Y
C108711,Isha Verma,Bhubaneswar,OR,2022-12-25,N
C108712,Mohammed Pereira,Bhopal,MP,2023-02-23,N
C108713,Nikhil Desai,Jaipur,RJ,2024-06-19,Y
C108714,Sai Patel,Ranchi,JH,2024-10-07,N
C108715,Sunita Agarwal,Mysuru,KA,2022-12-04,Y
C108716,Thomas Ghosh,Gurugram,HR,2023-07-19,N
C108717,Zoya Malhotra,Delhi,DL,2023-10-14,N
C108718,Sunita Varghese,Chandigarh,CH,2023-03-12,Y
C108719,Lobsang Gupta,Surat,GJ,2022-12-27,Y
C108720,Amit Pandey,Raipur,CG,2022-11-08,N
C108721,Komal Shah,Dehradun,UK,2023-01-08,N
C108722,Komal Sandhu,Guwahati,AS,2024-05-23,N
C108723,Lobsang Shinde,Patna,BR,2023-06-03,N
C108724,Riya Goyal,Ranchi,JH,2023-04-15,Y
C108725,Manish Shah,Nashik,MH,2022-10-24,N
C108726,Vikram Nair,Ahmedabad,GJ,2023-11-22,N
C108727,Rahul Bansal,Hyderabad,TS,2024-11-28,N
C108728,Shreya Menon,Noida,UP,2022-09-16,Y
C108729,Gurpreet Reddy,Indore,MP,2023-08-06,N
C108730,Kabir Patil,Raipur,CG,2023-03-14,Y
C108731,Aditya Sen,Delhi,DL,2022-07-27,Y
C108732,Varun Pillai,Visakhapatnam,AP,2022-10-25,Y
C108733,Imran Mehta,Nashik,MH,2022-09-12,N
C108734,Payal Sheikh,Kochi,KL,2023-11-18,N
C108735,Komal Bansal,Dehradun,UK,2024-09-09,N
C108736,Diya Desai,Bengaluru,KA,2023-06-27,N
C108737,Pooja Agarwal,Kolkata,WB,2024-03-14,N
C108738,Pooja Sandhu,Coimbatore,TN,2024-11-28,N
C108739,Saanvi Iyer,Thiruvananthapuram,KL,2023-11-12,N
C108740,Amit Pereira,Kolkata,WB,2023-03-31,Y
C108741,Ramesh Jain,Bhopal,MP,2023-09-06,Y
C108742,Om Chatterjee,Bhopal,MP,2023-08-22,N
C108743,Mohammed Jain,Coimbatore,TN,2022-08-23,N
C108744,Manpreet Pandey,Mumbai,MH,2023-11-10,Y
C108745,Daniel Patel,Pune,MH,2022-08-01,N
C108746,Sunita Ansari,Visakhapatnam,AP,2024-11-06,N
C108747,Om Chauhan,Noida,UP,2024-04-24,N
C108748,Steven Chopra,Ahmedabad,GJ,2023-10-03,N
C108749,Rahul Shinde,Visakhapatnam,AP,2024-05-26,N
C108750,Krishna Varghese,Nashik,MH,2024-09-26,N
C108751,Tanvi Bose,Delhi,DL,2024-06-23,N
C108752,Diya Gill,Nashik,MH,2024-07-18,N
C108753,Farah Reddy,Pune,MH,2024-01-29,N
C108754,Siddharth Dhillon,Lucknow,UP,2024-07-22,Y
C108755,Rajat Reddy,Ahmedabad,GJ,2023-06-18,N
C108756,Amit Bansal,Chandigarh,CH,2023-07-13,Y
C108757,Harpreet Menon,Bengaluru,KA,2022-12-20,N
C108758,Manish Menon,Ranchi,JH,2023-05-28,N
C108759,Harpreet Iyer,Kochi,KL,2022-09-29,Y
C108760,Ayaan Sheikh,Jaipur,RJ,2022-12-21,N
C108761,Krishna Khanna,Kolkata,WB,2024-10-11,N
C108762,Aadhya Ghosh,Kolkata,WB,2024-11-25,Y
C108763,Ayaan Singh,Ranchi,JH,2023-03-11,Y
C108764,Tenzin Ansari,Pune,MH,2022-09-07,Y
C108765,Rohit Ghosh,Nagpur,MH,2022-12-18,N
C108766,Ishaan Varghese,Vadodara,GJ,2024-10-23,Y
C108767,Neha Nair,Surat,GJ,2023-02-17,Y
C108768,Ankit Rathore,Thiruvananthapuram,KL,2023-02-16,N
C108769,Pranav Kaur,Ahmedabad,GJ,2024-10-09,N
C108770,Geeta Verma,Bhubaneswar,OR,2023-12-24,N
C108771,Nikhil Chopra,Vadodara,GJ,2024-02-19,N
C108772,Ankit Menon,Bhopal,MP,2022-12-16,Y
C108773,Nisha Varghese,Thiruvananthapuram,KL,2024-03-30,N
C108774,Simran Sethi,Pune,MH,2022-11-26,N
C108775,Pranav Sen,Visakhapatnam,AP,2024-07-15,Y
C108776,Harsh Kumar,Nagpur,MH,2023-05-15,Y
C108777,Priya Bansal,Mumbai,MH,2024-10-02,Y
C108778,Saanvi Mishra,Mysuru,KA,2024-12-12,N
C108779,Tarun Mishra,Nagpur,MH,2023-08-19,Y
C108780,Vikram Pawar,Bhopal,MP,2022-08-10,N
C108781,Sunita Menon,Bhopal,MP,2024-06-04,Y
C108782,Nisha Malhotra,Surat,GJ,2023-11-09,Y
C108783,Gurpreet Mittal,Mumbai,MH,2024-08-08,N
C108784,Kunal Qureshi,Patna,BR,2022-10-30,Y
C108785,Zaid Mishra,Ranchi,JH,2023-02-24,N
C108786,Mohammed Deshpande,Jaipur,RJ,2024-04-08,N
C108787,Swati Joshi,Coimbatore,TN,2023-04-19,N
C108788,Neha D'Souza,Vadodara,GJ,2024-02-11,N
C108789,Aishwarya Kapoor,Kochi,KL,2024-02-06,N
C108790,Rahul George,Gurugram,HR,2023-08-29,N
C108791,Varun Pillai,Noida,UP,2022-07-18,N
C108792,Harsh Trivedi,Indore,MP,2023-03-20,N
C108793,Meera Roy,Mysuru,KA,2023-10-08,N
C108794,Tanvi Srivastava,Mumbai,MH,2023-07-27,N
C108795,Farah Gill,Bengaluru,KA,2023-07-28,N
C108796,Diya Bansal,Coimbatore,TN,2022-09-23,Y
C108797,Payal Naidu,Hyderabad,TS,2022-08-26,Y
C108798,Harsh Gaikwad,Guwahati,AS,2023-03-18,N
C108799,Meera Dhillon,Kolkata,WB,2024-08-04,N
C108800,Deepak Khan,Nagpur,MH,2024-08-10,N
C108801,Aadhya Naidu,Jaipur,RJ,2023-09-09,N
C108802,Daniel Qureshi,Vadodara,GJ,2023-07-06,N
C108803,Sukhwinder Chauhan,Nagpur,MH,2023-09-20,N
C108804,Lakshmi Shinde,Pune,MH,2023-10-28,N
C108805,Shreya D'Souza,Kolkata,WB,2024-09-24,N
C108806,Reyansh Srivastava,Ahmedabad,GJ,2022-09-29,N
C108807,Rajat Trivedi,Dehradun,UK,2022-08-04,N
C108808,Diya Sethi,Nagpur,MH,2024-11-30,N
C108809,Rahul Trivedi,Bhubaneswar,OR,2022-08-03,N
C108810,Divya Jadhav,Vadodara,GJ,2024-08-11,N
C108811,Rajat Khanna,Raipur,CG,2023-12-26,N
C108812,Bhavna Ansari,Raipur,CG,2023-05-15,N
C108813,Neha Desai,Ranchi,JH,2023-02-12,Y
C108814,Saanvi Mishra,Bhubaneswar,OR,2022-11-11,N
C108815,Aditya Sharma,Vadodara,GJ,2024-11-19,N
C108816,Tenzin Nair,Vadodara,GJ,2024-05-17,Y
C108817,Isha Deshpande,Noida,UP,2023-11-22,N
C108818,Dev Chopra,Bhubaneswar,OR,2024-09-11,N
C108819,Ankit Patil,Gurugram,HR,2024-02-07,N
C108820,Karan Srivastava,Surat,GJ,2023-08-24,N
C108821,Priya Rathore,Kolkata,WB,2024-10-21,N
C108822,Dev Verma,Surat,GJ,2023-05-30,N
C108823,Steven Sharma,Lucknow,UP,2024-05-08,N
C108824,Steven Ansari,Nagpur,MH,2024-07-10,Y
C108825,Megha Patil,Chandigarh,CH,2022-10-22,N
C108826,Rohit Malhotra,Vadodara,GJ,2024-02-09,Y
C108827,Gurpreet Gupta,Vadodara,GJ,2024-01-19,N
C108828,Tenzin Rathore,Bhubaneswar,OR,2024-06-23,Y
C108829,Priya Joshi,Mumbai,MH,2024-06-02,Y
C108830,Jaspreet Singh,Noida,UP,2023-01-14,N
C108831,Divya Dhillon,Guwahati,AS,2022-07-30,Y
C108832,Swati Menon,Kochi,KL,2023-08-07,N
C108833,Saanvi Kumar,Bengaluru,KA,2023-12-20,N
C108834,Jaspreet Kulkarni,Pune,MH,2023-01-02,N
C108835,Reyansh Dhillon,Thiruvananthapuram,KL,2024-09-06,N
C108836,Manish Patel,Thiruvananthapuram,KL,2023-02-07,N
C108837,Manpreet Tiwari,Kochi,KL,2023-09-26,Y
C108838,Anjali Ghosh,Mysuru,KA,2023-02-20,Y
C108839,Farah Siddiqui,Bhubaneswar,OR,2023-11-23,N
C108840,Ayaan Verma,Visakhapatnam,AP,2024-03-08,Y
C108841,Thomas Malhotra,Lucknow,UP,2024-05-14,N
C108842,Om Bansal,Dehradun,UK,2023-06-08,N
C108843,Imran Saxena,Nashik,MH,2023-08-24,Y
C108844,Sunita Khanna,Guwahati,AS,2023-04-25,N
C108845,Om Nair,Noida,UP,2023-04-30,N
C108846,Simran Deshpande,Noida,UP,2023-02-07,N
C108847,Geeta Deshpande,Hyderabad,TS,2023-11-02,N
C108848,Sunita Mittal,Nashik,MH,2024-08-27,N
C108849,Siddharth D'Souza,Chandigarh,CH,2024-08-27,Y
C108850,Vihaan Mittal,Coimbatore,TN,2022-12-02,Y
C108851,Krishna Banerjee,Mysuru,KA,2023-01-28,N
C108852,Riya Iyer,Chandigarh,CH,2024-05-10,N
C108853,Swati Roy,Pune,MH,2023-10-14,N
C108854,Vihaan Chopra,Bhopal,MP,2023-01-23,N
C108855,Anjali Arora,Vadodara,GJ,2023-04-16,N
C108856,Faisal Kulkarni,Noida,UP,2023-11-12,N
C108857,Varun Siddiqui,Guwahati,AS,2024-10-04,N
C108858,Om Qureshi,Chennai,TN,2023-02-20,N
C108859,Rahul Sen,Patna,BR,2022-11-13,N
C108860,Ritika Bose,Lucknow,UP,2023-02-24,Y
C108861,Harpreet Dhillon,Jaipur,RJ,2024-07-22,N
C108862,Yash Banerjee,Bhubaneswar,OR,2023-11-01,N
C108863,Ayaan Pillai,Visakhapatnam,AP,2024-05-04,N
C108864,Priya Kaur,Visakhapatnam,AP,2023-04-21,N
C108865,Varun Dhillon,Nashik,MH,2024-06-17,Y
C108866,Ayaan Gaikwad,Kolkata,WB,2022-12-20,Y
C108867,Deepak Qureshi,Bhopal,MP,2024-08-07,Y
C108868,Aditya Patel,Raipur,CG,2024-03-02,Y
C108869,Isha Singh,Noida,UP,2023-09-02,N
C108870,Bhavna Sen,Bhopal,MP,2022-08-29,N
C108871,Aarav Fernandes,Lucknow,UP,2023-08-30,Y
C108872,Vivaan Bansal,Ahmedabad,GJ,2023-04-12,Y
C108873,Om Kapoor,Delhi,DL,2024-07-15,Y
C108874,Ankit Kapoor,Chandigarh,CH,2023-04-12,N
C108875,Sneha Chopra,Mumbai,MH,2022-08-27,N
C108876,Reyansh Gupta,Surat,GJ,2024-11-23,N
C108877,Aditya Sheikh,Raipur,CG,2023-02-18,N
C108878,Isha Banerjee,Ahmedabad,GJ,2023-02-15,N
C108879,Saanvi Dutta,Noida,UP,2024-11-15,Y
C108880,Harpreet George,Guwahati,AS,2024-03-31,Y
C108881,Ramesh Mishra,Surat,GJ,2024-08-03,N
C108882,Daniel Menon,Kolkata,WB,2023-02-26,Y
C108883,Ramesh George,Dehradun,UK,2022-10-30,Y
C108884,Arjun Bansal,Kolkata,WB,2023-09-02,N
C108885,Kunal Patel,Nashik,MH,2022-12-19,N
C108886,Zoya Rao,Lucknow,UP,2022-12-08,Y
C108887,Rohit Kaur,Lucknow,UP,2024-08-21,N
C108888,Ishaan Yadav,Indore,MP,2023-07-09,Y
C108889,Rohit Arora,Thiruvananthapuram,KL,2023-11-14,Y
C108890,Vikram Mittal,Lucknow,UP,2023-03-17,N
C108891,Gurpreet Yadav,Pune,MH,2024-06-11,N
C108892,Tanvi Chauhan,Guwahati,AS,2024-12-30,N
C108893,Deepak Goyal,Nagpur,MH,2023-12-26,N
C108894,Manish Pillai,Mumbai,MH,2022-12-24,N
C108895,Mohammed Saxena,Pune,MH,2024-11-12,Y
C108896,Imran Gaikwad,Ranchi,JH,2022-11-20,N
C108897,Amit Iyer,Kochi,KL,2024-07-02,Y
C108898,Pooja Jadhav,Indore,MP,2022-08-09,N
C108899,Komal Dhillon,Pune,MH,2024-08-20,N
C108900,Jaspreet Sethi,Gurugram,HR,2022-11-13,Y
C108901,Kunal Roy,Kolkata,WB,2023-05-07,N
C108902,Amit Trivedi,Indore,MP,2023-06-13,Y
C108903,Manish Qureshi,Nashik,MH,2023-08-10,Y
C108904,Harpreet Arora,Indore,MP,2023-02-25,N
C108905,Ishaan Shinde,Jaipur,RJ,2022-12-04,N
C108906,Zoya Kaur,Ranchi,JH,2022-07-19,Y
C108907,Lobsang George,Thiruvananthapuram,KL,2024-02-17,N
C108908,Tanvi Menon,Bhopal,MP,2022-09-25,N
C108909,Lakshmi Iyer,Lucknow,UP,2024-11-06,N
C108910,Krishna Pillai,Chennai,TN,2023-01-28,Y
C108911,Sai Sethi,Bhubaneswar,OR,2023-07-24,N
C108912,Arjun Kapoor,Chennai,TN,2023-07-03,N
C108913,Sunita Kapoor,Nashik,MH,2022-12-27,Y
C108914,Nisha Ghosh,Ahmedabad,GJ,2023-05-31,Y
C108915,Mohammed Sethi,Ranchi,JH,2024-03-24,N
C108916,Farah Dutta,Gurugram,HR,2024-03-20,N
C108917,Joseph Patil,Dehradun,UK,2024-11-20,N
C108918,Geeta Kapoor,Patna,BR,2023-11-26,N
C108919,Faisal Gaikwad,Ranchi,JH,2024-02-19,N
C108920,Farah Rathore,Coimbatore,TN,2022-12-08,Y
C108921,Rohit Bhatia,Bengaluru,KA,2023-11-09,N
C108922,Bhavna Jain,Kochi,KL,2023-08-19,Y
C108923,Imran Arora,Pune,MH,2024-03-28,Y
C108924,Abhishek Iyer,Indore,MP,2022-10-10,Y
C108925,Shreya Bhatt,Nashik,MH,2024-05-24,Y
C108926,Aarav Qureshi,Mysuru,KA,2024-04-01,Y
C108927,Daniel Tiwari,Bengaluru,KA,2024-06-26,N
C108928,Ayaan Sharma,Chennai,TN,2022-07-26,N
C108929,Megha Sen,Raipur,CG,2023-01-26,N
C108930,Aishwarya Roy,Nagpur,MH,2023-02-28,N
C108931,Jaspreet Mittal,Hyderabad,TS,2024-10-10,N
C108932,Thomas Jain,Mysuru,KA,2024-03-10,Y
C108933,Tenzin Dhillon,Kolkata,WB,2024-06-20,N
C108934,Siddharth Mishra,Indore,MP,2024-10-11,N
C108935,Sneha Desai,Jaipur,RJ,2022-12-05,N
C108936,Yash Ansari,Nashik,MH,2022-09-01,N
C108937,Ritika Patel,Chandigarh,CH,2023-07-05,N
C108938,Komal Tiwari,Surat,GJ,2022-08-07,N
C108939,Suresh Sandhu,Chennai,TN,2024-07-18,N
C108940,Ankit Mishra,Coimbatore,TN,2023-11-14,Y
C108941,Suresh Goyal,Hyderabad,TS,2024-03-01,Y
C108942,Arjun Trivedi,Coimbatore,TN,2023-12-28,Y
C108943,Sukhwinder Yadav,Jaipur,RJ,2022-09-19,N
C108944,Lobsang Khan,Mysuru,KA,2024-04-07,N
C108945,Suresh Mukherjee,Ranchi,JH,2022-09-20,N
C108946,Rajat Tiwari,Visakhapatnam,AP,2024-07-25,Y
C108947,Vikram Pereira,Bhopal,MP,2022-09-19,Y
C108948,Ishaan Gupta,Thiruvananthapuram,KL,2024-09-04,Y
C108949,Manpreet Mehta,Noida,UP,2024-06-13,Y
C108950,Megha Jadhav,Ahmedabad,GJ,2022-11-30,N
C108951,Lakshmi Pawar,Raipur,CG,2022-12-21,N
C108952,Saanvi Mittal,Chennai,TN,2024-06-08,N
C108953,Isha Jain,Pune,MH,2024-04-20,N
C108954,Imran Shah,Bhubaneswar,OR,2024-11-07,N
C108955,Krishna Gupta,Bengaluru,KA,2023-07-22,N
C108956,Manpreet Kumar,Nagpur,MH,2022-09-16,N
C108957,Aishwarya Kapoor,Mumbai,MH,2023-10-18,N
C108958,Sai Banerjee,Coimbatore,TN,2024-10-20,Y
C108959,Sneha Sandhu,Lucknow,UP,2024-04-20,N
C108960,Vikram Ansari,Bengaluru,KA,2024-09-22,N
C108961,Imran Jain,Nashik,MH,2022-12-05,Y
C108962,Kavya Bhatt,Mysuru,KA,2024-07-20,Y
C108963,Diya Verma,Lucknow,UP,2023-08-10,Y
C108964,Geeta Saxena,Thiruvananthapuram,KL,2023-05-28,N
C108965,Siddharth Kaur,Chennai,TN,2024-10-11,N
C108966,Manish Shinde,Delhi,DL,2023-09-15,N
C108967,Sameer Mehta,Nagpur,MH,2022-10-24,N
C108968,Priya Das,Raipur,CG,2023-08-18,N
C108969,Rohan Varghese,Patna,BR,2023-09-26,N
C108970,Rohit Srivastava,Jaipur,RJ,2024-09-12,N
C108971,Manish Kumar,Pune,MH,2023-02-21,N
C108972,Meera Pillai,Raipur,CG,2022-10-16,N
C108973,Diya Kumar,Gurugram,HR,2023-11-14,Y
C108974,Sneha Rao,Noida,UP,2024-11-17,N
C108975,Manish Gill,Ahmedabad,GJ,2023-05-09,N
C108976,Mohammed Nair,Raipur,CG,2023-10-12,N
C108977,Arjun Srivastava,Kolkata,WB,2022-09-30,N
C108978,Geeta Mathew,Visakhapatnam,AP,2022-12-27,N
C108979,Krishna Malhotra,Noida,UP,2023-05-21,N
C108980,Rohit Naidu,Kochi,KL,2022-11-07,Y
C108981,Vikram Joshi,Nashik,MH,2024-10-26,N
C108982,Varun Sharma,Noida,UP,2022-07-29,N
C108983,Vikram Sheikh,Delhi,DL,2023-01-30,N
C108984,Neha Khanna,Gurugram,HR,2023-02-17,N
C108985,Mohammed Kumar,Coimbatore,TN,2024-06-27,N
C108986,Saanvi Malhotra,Noida,UP,2023-11-13,N
C108987,Karan Bhatt,Lucknow,UP,2024-10-25,N
C108988,Sukhwinder Verma,Lucknow,UP,2023-11-11,N
C108989,Tanvi Agarwal,Bhubaneswar,OR,2024-07-04,N
C108990,Rahul Menon,Nashik,MH,2024-12-30,N
C108991,Rohit Banerjee,Visakhapatnam,AP,2024-05-09,N
C108992,Ritika Menon,Bhopal,MP,2024-10-05,N
C108993,Anjali Shah,Nagpur,MH,2024-10-21,Y
C108994,Suresh Pillai,Indore,MP,2023-12-13,N
C108995,Nikhil Menon,Gurugram,HR,2024-03-11,N
C108996,Om Mathew,Noida,UP,2024-05-16,Y
C108997,Vikram Shinde,Chennai,TN,2023-08-07,Y
C108998,Megha Qureshi,Surat,GJ,2023-08-13,N
C108999,Yash Saxena,Indore,MP,2023-11-10,Y
C109000,Kavya Fernandes,Hyderabad,TS,2023-06-23,N
C109001,Varun Srivastava,Bhubaneswar,OR,2023-09-07,N
C109002,Nisha Goyal,Kochi,KL,2024-08-22,N
C109003,Ramesh Deshpande,Mumbai,MH,2022-09-29,Y
C109004,Rohan Mishra,Mumbai,MH,2024-07-31,N
C109005,Isha Chopra,Visakhapatnam,AP,2024-06-30,Y
C109006,Rajat Srivastava,Indore,MP,2023-12-30,Y
C109007,Rajat Menon,Kochi,KL,2024-10-04,Y
C109008,Karan Mehta,Surat,GJ,2022-08-14,Y
C109009,Ramesh Rathore,Noida,UP,2023-12-30,N
C109010,Ananya Ansari,Nashik,MH,2022-08-21,Y
C109011,Rajat Pillai,Lucknow,UP,2024-05-31,N
C109012,Tarun Pawar,Vadodara,GJ,2024-12-29,N
C109013,Gurpreet Sheikh,Ahmedabad,GJ,2024-04-05,N
C109014,Aarav Trivedi,Bengaluru,KA,2024-03-11,Y
C109015,Manish Roy,Indore,MP,2022-10-19,N
C109016,Simran Qureshi,Chandigarh,CH,2022-09-08,N
C109017,Siddharth Sharma,Thiruvananthapuram,KL,2024-09-02,N
C109018,Harpreet Sen,Pune,MH,2024-12-29,Y
C109019,Ayaan Gupta,Dehradun,UK,2024-03-03,N
C109020,Arjun Sen,Guwahati,AS,2024-12-16,N
C109021,Manish Chopra,Surat,GJ,2024-01-04,N
C109022,Pranav Das,Indore,MP,2023-12-01,N
C109023,Joseph Roy,Chandigarh,CH,2024-04-03,N
C109024,Meera Kulkarni,Bengaluru,KA,2024-01-16,N
C109025,Komal Pereira,Guwahati,AS,2022-10-14,Y
C109026,Siddharth D'Souza,Visakhapatnam,AP,2023-10-17,N
C109027,Deepak Dutta,Mysuru,KA,2024-04-19,N
C109028,Zaid Trivedi,Indore,MP,2023-09-17,N
C109029,Simran Roy,Bhopal,MP,2022-07-17,N
C109030,Tenzin Chauhan,Chennai,TN,2024-02-05,N
C109031,Simran Dutta,Coimbatore,TN,2024-12-23,N
C109032,Amit Iyer,Ahmedabad,GJ,2024-03-07,Y
C109033,Bhavna Nair,Nagpur,MH,2024-04-02,N
C109034,Rajat Gill,Nagpur,MH,2024-09-19,N
C109035,Swati Dutta,Chennai,TN,2023-09-20,N
C109036,Gurpreet Patil,Visakhapatnam,AP,2023-12-11,N
C109037,Isha Yadav,Lucknow,UP,2022-08-09,N
C109038,Farah Shinde,Surat,GJ,2023-01-24,N
C109039,Pranav Shah,Vadodara,GJ,2023-03-03,N
C109040,Priya Jain,Hyderabad,TS,2024-05-27,N
C109041,Pranav Singh,Thiruvananthapuram,KL,2022-10-07,N
C109042,Krishna Reddy,Kolkata,WB,2024-04-03,N
C109043,Dev Agarwal,Gurugram,HR,2024-12-31,N
C109044,Neha Qureshi,Bhopal,MP,2024-03-16,Y
C109045,Vikram Mishra,Dehradun,UK,2023-06-06,Y
C109046,Rohit Shinde,Delhi,DL,2022-09-19,N
C109047,Tanvi Pillai,Bengaluru,KA,2024-08-30,N
C109048,Siddharth Ansari,Vadodara,GJ,2022-09-15,Y
C109049,Sai Fernandes,Raipur,CG,2023-01-19,N
C109050,Amit Desai,Bhopal,MP,2023-08-01,N
C109051,Kavya Rao,Raipur,CG,2023-01-18,N
C109052,Shreya Rathore,Gurugram,HR,2023-01-05,Y
C109053,Krishna Rao,Bhubaneswar,OR,2023-05-24,N
C109054,Zaid Yadav,Delhi,DL,2023-01-17,Y
C109055,Faisal Bansal,Jaipur,RJ,2022-10-08,N
C109056,Isha Varghese,Nagpur,MH,2023-07-26,N
C109057,Divya Shinde,Dehradun,UK,2024-03-16,N
C109058,Tanvi Patil,Indore,MP,2024-01-24,Y
C109059,Pooja Banerjee,Noida,UP,2023-11-18,N
C109060,Suresh Sandhu,Visakhapatnam,AP,2024-07-08,Y
C109061,Neha Chauhan,Lucknow,UP,2024-08-18,Y
C109062,Amit Nair,Kolkata,WB,2024-06-07,Y
C109063,Lakshmi Bose,Kochi,KL,2024-02-27,N
C109064,Varun Bose,Vadodara,GJ,2023-05-24,N
C109065,Gurpreet Pereira,Patna,BR,2023-12-07,Y
C109066,Lakshmi Sethi,Jaipur,RJ,2024-08-10,N
C109067,Aditya Bhatt,Ranchi,JH,2024-10-31,N
C109068,Tanvi Deshpande,Pune,MH,2024-01-26,N
C109069,Ayaan Gill,Gurugram,HR,2024-06-15,Y
C109070,Geeta Rao,Nagpur,MH,2023-05-30,N
C109071,Lobsang Trivedi,Ahmedabad,GJ,2023-04-21,N
C109072,Thomas Malhotra,Lucknow,UP,2023-09-17,Y
C109073,Meera Jain,Nashik,MH,2024-08-10,N
C109074,Joseph George,Nagpur,MH,2024-03-15,N
C109075,Ritika Goyal,Jaipur,RJ,2023-03-30,Y
C109076,Ayaan Jadhav,Vadodara,GJ,2022-09-28,Y
C109077,Shreya Bhatt,Indore,MP,2023-04-27,N
C109078,Abhishek Sharma,Bengaluru,KA,2023-10-25,N
C109079,Sukhwinder Pereira,Patna,BR,2023-09-24,N
C109080,Siddharth Bhatia,Thiruvananthapuram,KL,2024-03-16,Y
C109081,Lakshmi Gill,Gurugram,HR,2024-09-14,Y
C109082,Nikhil Gaikwad,Jaipur,RJ,2023-02-18,N
C109083,Harsh Desai,Guwahati,AS,2024-06-17,Y
C109084,Vivaan Kulkarni,Pune,MH,2024-05-12,Y
C109085,Payal Kumar,Chennai,TN,2022-12-07,N
C109086,Divya Khanna,Jaipur,RJ,2024-10-12,N
C109087,Steven Patil,Kolkata,WB,2024-09-05,N
C109088,Zoya Patil,Dehradun,UK,2023-02-04,N
C109089,Om Sandhu,Bhubaneswar,OR,2024-11-30,N
C109090,Rajat Joshi,Nashik,MH,2023-11-19,N
C109091,Gurpreet Mishra,Noida,UP,2024-07-09,N
C109092,Kavya Iyer,Pune,MH,2022-11-12,Y
C109093,Varun Arora,Bengaluru,KA,2024-08-09,N
C109094,Nisha Patel,Mysuru,KA,2022-12-15,Y
C109095,Sai Menon,Mysuru,KA,2023-08-17,N
C109096,Neha Mishra,Bengaluru,KA,2023-05-25,Y
C109097,Kavya Bansal,Nagpur,MH,2022-09-27,Y
C109098,Siddharth George,Thiruvananthapuram,KL,2022-07-16,N
C109099,Mohammed Rao,Noida,UP,2024-06-02,Y
C109100,Riya Khanna,Vadodara,GJ,2023-05-27,N
C109101,Faisal Deshpande,Ahmedabad,GJ,2022-09-03,N
C109102,Manish Sharma,Indore,MP,2023-11-16,N
C109103,Aditya Ansari,Kochi,KL,2024-06-02,N
C109104,Om Patil,Noida,UP,2022-09-30,N
C109105,Ayaan Dutta,Nagpur,MH,2023-04-10,N
C109106,Dev Yadav,Chandigarh,CH,2022-11-25,N
C109107,Dev Fernandes,Patna,BR,2024-12-07,Y
C109108,Meera Banerjee,Patna,BR,2024-07-23,Y
C109109,Ananya Sheikh,Ahmedabad,GJ,2024-06-29,Y
C109110,Kavya Reddy,Vadodara,GJ,2022-10-31,N
C109111,Abhishek Deshpande,Kolkata,WB,2024-04-25,N
C109112,Sameer Kaur,Bhubaneswar,OR,2024-02-08,N
C109113,Saanvi Rathore,Visakhapatnam,AP,2024-10-05,N
C109114,Harpreet Rao,Pune,MH,2024-01-13,N
C109115,Swati Bansal,Coimbatore,TN,2024-11-22,N
C109116,Om Das,Kochi,KL,2023-07-13,Y
C109117,Farah Gaikwad,Jaipur,RJ,2024-11-05,Y
C109118,Kabir Banerjee,Lucknow,UP,2024-05-19,Y
C109119,Arjun Banerjee,Gurugram,HR,2024-09-21,N
C109120,Geeta Khan,Patna,BR,2023-10-24,Y
C109121,Vivaan Patel,Thiruvananthapuram,KL,2024-05-28,Y
C109122,Megha Kumar,Vadodara,GJ,2022-11-14,Y
C109123,Tenzin Mittal,Thiruvananthapuram,KL,2023-07-15,N
C109124,Jaspreet Kapoor,Noida,UP,2023-09-11,N
C109125,Harsh Pawar,Bengaluru,KA,2022-10-12,N
C109126,Joseph Malhotra,Ranchi,JH,2024-01-17,N
C109127,Zaid Saxena,Dehradun,UK,2024-06-12,N
C109128,Lakshmi Ghosh,Surat,GJ,2023-01-10,N
C109129,Farah Agarwal,Pune,MH,2024-08-27,N
C109130,Simran Iyer,Lucknow,UP,2023-02-25,Y
C109131,Faisal Bansal,Chennai,TN,2024-08-19,Y
C109132,Tanvi Trivedi,Patna,BR,2023-04-03,Y
C109133,Dev Sandhu,Ahmedabad,GJ,2023-07-21,N
C109134,Komal Khanna,Thiruvananthapuram,KL,2022-08-15,Y
C109135,Abhishek D'Souza,Indore,MP,2023-12-14,N
C109136,Tarun Saxena,Indore,MP,2024-05-28,N
C109137,Aditya Banerjee,Patna,BR,2023-04-11,N
C109138,Isha Reddy,Thiruvananthapuram,KL,2024-06-10,N
C109139,Tanvi Rathore,Ahmedabad,GJ,2023-06-02,Y
C109140,Abhishek Sharma,Guwahati,AS,2023-12-28,N
C109141,Aarav Rao,Chandigarh,CH,2023-03-24,N
C109142,Bhavna Rao,Kochi,KL,2024-12-19,N
C109143,Amit Sheikh,Visakhapatnam,AP,2024-08-09,N
C109144,Divya Siddiqui,Nagpur,MH,2023-12-10,N
C109145,Imran Reddy,Raipur,CG,2024-09-06,N
C109146,Deepak Qureshi,Guwahati,AS,2024-05-21,Y
C109147,Geeta Sheikh,Ahmedabad,GJ,2024-08-03,N
C109148,Kabir Varghese,Gurugram,HR,2023-04-19,Y
C109149,Kunal Ansari,Jaipur,RJ,2024-11-09,N
C109150,Karan Chopra,Gurugram,HR,2024-07-22,N
C109151,Saanvi D'Souza,Raipur,CG,2024-06-26,Y
C109152,Rajat Banerjee,Bhubaneswar,OR,2023-04-15,N
C109153,Jaspreet Mittal,Kochi,KL,2023-01-15,Y
C109154,Faisal Patel,Guwahati,AS,2024-08-30,N
C109155,Divya Jain,Dehradun,UK,2024-03-08,Y
C109156,Neha Kulkarni,Chennai,TN,2024-09-08,Y
C109157,Ishaan Shah,Hyderabad,TS,2022-11-17,N
C109158,Manish Fernandes,Nashik,MH,2024-12-13,Y
C109159,Rohan Roy,Vadodara,GJ,2024-02-26,N
C109160,Aarav Gupta,Mumbai,MH,2023-01-16,N
C109161,Isha Jadhav,Lucknow,UP,2022-08-18,N
C109162,Ishaan Sheikh,Mumbai,MH,2024-06-01,Y
C109163,Simran Chopra,Indore,MP,2023-07-19,N
C109164,Zaid Bansal,Pune,MH,2023-08-01,N
C109165,Arjun Varghese,Indore,MP,2024-10-27,N
C109166,Reyansh Verma,Kolkata,WB,2023-08-24,N
C109167,Deepak Sandhu,Raipur,CG,2023-04-23,N
C109168,Jaspreet Varghese,Vadodara,GJ,2024-03-13,N
C109169,Faisal Dhillon,Chennai,TN,2022-08-23,N
C109170,Ritika Pandey,Jaipur,RJ,2024-01-14,N
C109171,Karan Patil,Chennai,TN,2024-09-09,N
C109172,Kabir Pawar,Pune,MH,2024-04-26,N
C109173,Ishaan Kaur,Bengaluru,KA,2024-11-07,N
C109174,Aarav Mittal,Guwahati,AS,2024-08-07,Y
C109175,Neha Bose,Chennai,TN,2023-12-09,Y
C109176,Rahul Reddy,Thiruvananthapuram,KL,2024-02-25,N
C109177,Megha Iyer,Nashik,MH,2023-03-24,Y
C109178,Rajat Malhotra,Visakhapatnam,AP,2024-01-06,N
C109179,Rahul Chopra,Raipur,CG,2024-10-07,N
C109180,Siddharth Khan,Jaipur,RJ,2024-03-01,Y
C109181,Pooja Pandey,Pune,MH,2023-07-02,N
C109182,Pooja Agarwal,Thiruvananthapuram,KL,2024-06-30,N
C109183,Tenzin Nair,Coimbatore,TN,2022-08-17,N
C109184,Siddharth Patel,Jaipur,RJ,2023-12-11,N
C109185,Harpreet Deshpande,Ahmedabad,GJ,2024-02-07,N
C109186,Meera Pandey,Guwahati,AS,2024-12-24,N
C109187,Aishwarya Tiwari,Pune,MH,2023-05-03,N
C109188,Shreya Mishra,Patna,BR,2023-10-08,N
C109189,Suresh Fernandes,Bhubaneswar,OR,2022-09-28,Y
C109190,Nikhil Deshpande,Lucknow,UP,2024-12-11,N
C109191,Gurpreet Verma,Bhubaneswar,OR,2024-12-16,Y
C109192,Simran Mukherjee,Hyderabad,TS,2023-05-04,N
C109193,Abhishek Kumar,Thiruvananthapuram,KL,2023-03-15,Y
C109194,Aarav Bhatia,Bhopal,MP,2024-04-21,N
C109195,Tenzin Patil,Bengaluru,KA,2023-08-11,N
C109196,Rohan Srivastava,Kochi,KL,2023-05-03,Y
C109197,Pranav Pereira,Ahmedabad,GJ,2024-03-15,N
C109198,Ramesh Pandey,Hyderabad,TS,2024-06-10,N
C109199,Kabir Mishra,Guwahati,AS,2023-11-12,Y
C109200,Harpreet Pillai,Nashik,MH,2023-09-26,Y
C109201,Reyansh Chatterjee,Gurugram,HR,2022-12-25,N
C109202,Sunita Gill,Pune,MH,2023-12-17,N
C109203,Faisal Khanna,Hyderabad,TS,2023-11-03,Y
C109204,Ayaan Gupta,Coimbatore,TN,2023-03-23,N
C109205,Saanvi George,Ahmedabad,GJ,2023-12-23,N
C109206,Manpreet Kapoor,Coimbatore,TN,2024-06-15,N
C109207,Vihaan Pereira,Mumbai,MH,2024-12-17,N
C109208,Yash Goyal,Lucknow,UP,2023-06-16,N
C109209,Shreya Bhatt,Indore,MP,2024-08-28,N
C109210,Simran Iyer,Guwahati,AS,2024-05-31,N
C109211,Varun Rao,Ahmedabad,GJ,2024-11-26,N
C109212,Suresh Tiwari,Ranchi,JH,2022-11-01,Y
C109213,Nisha Sheikh,Indore,MP,2024-09-24,N
C109214,Bhavna Khanna,Gurugram,HR,2023-05-27,N
C109215,Ramesh Qureshi,Guwahati,AS,2023-10-13,N
C109216,Steven Kapoor,Mysuru,KA,2022-10-18,Y
C109217,Abhishek Siddiqui,Bhubaneswar,OR,2023-01-22,N
C109218,Abhishek Ansari,Guwahati,AS,2023-03-11,Y
C109219,Lobsang Nair,Nagpur,MH,2023-07-11,N
C109220,Farah Pereira,Nashik,MH,2023-10-08,N
C109221,Rajat Mehta,Visakhapatnam,AP,2022-10-02,N
C109222,Sai Malhotra,Raipur,CG,2024-10-07,N
C109223,Dev Patel,Thiruvananthapuram,KL,2023-06-18,Y
C109224,Manish Chatterjee,Thiruvananthapuram,KL,2023-11-22,Y
C109225,Om Banerjee,Indore,MP,2023-08-25,Y
C109226,Sukhwinder Pawar,Bhubaneswar,OR,2024-10-22,N
C109227,Ananya Mehta,Chennai,TN,2023-05-24,Y
C109228,Tarun Singh,Chandigarh,CH,2023-09-19,N
C109229,Sukhwinder Gaikwad,Delhi,DL,2023-03-03,Y
C109230,Kabir Patil,Indore,MP,2022-09-03,N
C109231,Imran Gill,Delhi,DL,2024-08-19,N
C109232,Varun Shah,Ranchi,JH,2022-08-22,N
C109233,Aditya Patil,Dehradun,UK,2023-01-05,Y
C109234,Komal Sethi,Bengaluru,KA,2023-08-09,N
C109235,Nikhil Bhatt,Thiruvananthapuram,KL,2024-06-29,Y
C109236,Rajat Gill,Nashik,MH,2024-03-11,Y
C109237,Nikhil Qureshi,Kolkata,WB,2024-10-28,N
C109238,Tanvi Pandey,Nashik,MH,2024-09-17,N
C109239,Megha Khanna,Kolkata,WB,2024-09-26,N
C109240,Amit Chopra,Thiruvananthapuram,KL,2024-01-27,N
C109241,Aditya Bose,Pune,MH,2024-11-27,N
C109242,Rohan Ansari,Hyderabad,TS,2023-12-28,N
C109243,Tenzin Singh,Gurugram,HR,2023-04-13,N
C109244,Diya Khanna,Indore,MP,2023-08-03,N
C109245,Sneha Bose,Chennai,TN,2023-01-10,N
C109246,Vivaan Srivastava,Ahmedabad,GJ,2023-04-13,N
C109247,Nisha Khan,Chandigarh,CH,2022-10-14,Y
C109248,Karan Varghese,Raipur,CG,2024-03-01,N
C109249,Riya Chauhan,Jaipur,RJ,2023-05-16,N
C109250,Sameer Ansari,Visakhapatnam,AP,2024-11-06,N
C109251,Vihaan Deshpande,Noida,UP,2022-08-07,N
C109252,Farah Kumar,Indore,MP,2023-06-03,N
C109253,Saanvi Shah,Jaipur,RJ,2024-08-23,Y
C109254,Vivaan Bose,Dehradun,UK,2022-07-27,N
C109255,Jaspreet George,Gurugram,HR,2022-08-13,Y
C109256,Kavya Roy,Pune,MH,2022-10-15,N
C109257,Swati Patel,Thiruvananthapuram,KL,2022-11-28,N
C109258,Nisha Patel,Bengaluru,KA,2024-10-28,N
C109259,Steven Rao,Visakhapatnam,AP,2024-09-22,N
C109260,Abhishek Gaikwad,Surat,GJ,2024-11-29,Y
C109261,Neha Jadhav,Guwahati,AS,2023-03-09,N
C109262,Aadhya Mehta,Lucknow,UP,2024-06-28,Y
C109263,Ananya Jadhav,Ahmedabad,GJ,2023-04-25,N
C109264,Thomas Ghosh,Ranchi,JH,2024-01-13,Y
C109265,Sukhwinder Malhotra,Kolkata,WB,2022-12-11,N
C109266,Kavya Shinde,Ahmedabad,GJ,2022-10-03,N
C109267,Sunita Chopra,Chandigarh,CH,2023-07-01,N
C109268,Aishwarya Sharma,Indore,MP,2022-11-02,Y
C109269,Siddharth Pereira,Bhubaneswar,OR,2023-03-02,N
C109270,Steven Pandey,Chandigarh,CH,2023-07-17,N
C109271,Kabir Fernandes,Bengaluru,KA,2023-07-30,Y
C109272,Aishwarya Mukherjee,Guwahati,AS,2023-11-08,Y
C109273,Daniel Yadav,Ahmedabad,GJ,2023-08-14,Y
C109274,Daniel Ghosh,Bhopal,MP,2024-12-03,N
C109275,Riya Mathew,Chandigarh,CH,2024-03-20,N
C109276,Zaid Shah,Surat,GJ,2022-10-09,N
C109277,Sameer Pandey,Lucknow,UP,2024-09-18,N
C109278,Meera Khan,Mumbai,MH,2022-08-09,N
C109279,Abhishek Reddy,Mumbai,MH,2023-06-24,N
C109280,Meera Pillai,Vadodara,GJ,2023-01-19,N
C109281,Steven Naidu,Bhopal,MP,2024-08-22,N
C109282,Karan Bhatia,Indore,MP,2022-12-17,Y
C109283,Neha Desai,Vadodara,GJ,2024-02-01,N
C109284,Aishwarya Saxena,Coimbatore,TN,2023-03-04,N
C109285,Nikhil Joshi,Delhi,DL,2024-06-21,N
C109286,Sameer Srivastava,Mysuru,KA,2024-08-20,Y
C109287,Megha Sethi,Surat,GJ,2024-12-16,N
C109288,Saanvi Sethi,Mysuru,KA,2023-04-26,N
C109289,Meera Ansari,Bhopal,MP,2023-11-28,Y
C109290,Yash Kapoor,Ahmedabad,GJ,2024-09-10,N
C109291,Lobsang Kapoor,Dehradun,UK,2022-10-08,N
C109292,Deepak Fernandes,Bhubaneswar,OR,2024-10-21,N
C109293,Saanvi Dhillon,Dehradun,UK,2023-12-08,N
C109294,Neha Kumar,Thiruvananthapuram,KL,2023-04-09,Y
C109295,Sukhwinder Khan,Mumbai,MH,2024-11-29,N
C109296,Zaid Patel,Kolkata,WB,2023-05-11,Y
C109297,Aishwarya Pereira,Coimbatore,TN,2024-03-10,N
C109298,Sneha Arora,Nashik,MH,2022-09-21,N
C109299,Sameer Rao,Gurugram,HR,2024-03-09,N
C109300,Riya Jadhav,Vadodara,GJ,2024-07-02,N
C109301,Arjun Desai,Visakhapatnam,AP,2023-08-27,N
C109302,Kunal Kapoor,Hyderabad,TS,2023-09-15,N
C109303,Ananya Fernandes,Nashik,MH,2024-09-25,Y
C109304,Sunita Mittal,Delhi,DL,2023-07-17,Y
C109305,Kunal Bose,Gurugram,HR,2023-01-19,N
C109306,Swati Shinde,Mumbai,MH,2023-09-22,N
C109307,Karan Sen,Bengaluru,KA,2023-01-21,N
C109308,Ritika D'Souza,Kochi,KL,2024-07-21,N
C109309,Sukhwinder Sandhu,Dehradun,UK,2023-03-08,Y
C109310,Abhishek Kaur,Bengaluru,KA,2022-07-25,N
C109311,Thomas Trivedi,Coimbatore,TN,2022-10-12,N
C109312,Zoya Pillai,Dehradun,UK,2022-08-14,Y
C109313,Aadhya Bansal,Surat,GJ,2022-08-07,N
C109314,Kunal Dhillon,Chandigarh,CH,2024-09-08,N
C109315,Gurpreet Iyer,Thiruvananthapuram,KL,2023-09-19,Y
C109316,Joseph Khanna,Chennai,TN,2024-09-07,Y
C109317,Megha Menon,Hyderabad,TS,2024-12-04,Y
C109318,Sneha Patil,Chennai,TN,2024-05-25,N
C109319,Megha Roy,Guwahati,AS,2023-06-19,Y
C109320,Lobsang Arora,Raipur,CG,2024-04-09,N
C109321,Varun Khanna,Dehradun,UK,2023-01-04,Y
C109322,Ritika Singh,Nashik,MH,2022-10-15,Y
C109323,Imran Sethi,Mumbai,MH,2023-04-21,N
C109324,Sukhwinder Sandhu,Nashik,MH,2023-08-06,N
C109325,Ritika Yadav,Pune,MH,2023-02-15,N
C109326,Geeta Bhatt,Ahmedabad,GJ,2022-12-14,N
C109327,Gurpreet Fernandes,Chandigarh,CH,2024-05-12,N
C109328,Arjun Jain,Nagpur,MH,2023-05-29,N
C109329,Simran Mukherjee,Gurugram,HR,2024-09-24,Y
C109330,Aadhya Yadav,Nashik,MH,2023-09-12,N
C109331,Ayaan Nair,Jaipur,RJ,2022-08-27,N
C109332,Deepak Sandhu,Kolkata,WB,2022-08-09,N
C109333,Yash Mathew,Vadodara,GJ,2023-03-16,Y
C109334,Simran Yadav,Nashik,MH,2023-04-30,N
C109335,Nisha Dhillon,Mysuru,KA,2024-01-25,N
C109336,Krishna Mehta,Kochi,KL,2024-07-28,Y
C109337,Ramesh Sethi,Guwahati,AS,2024-04-13,Y
C109338,Komal Mittal,Dehradun,UK,2023-08-05,Y
C109339,Amit Sen,Noida,UP,2024-08-28,N
C109340,Mohammed Singh,Pune,MH,2024-01-24,N
C109341,Jaspreet Siddiqui,Kochi,KL,2023-03-01,N
C109342,Komal Shinde,Nashik,MH,2023-01-20,Y
C109343,Om Kulkarni,Raipur,CG,2024-09-29,Y
C109344,Neha Kaur,Indore,MP,2024-04-30,N
C109345,Manish Kulkarni,Raipur,CG,2024-03-08,N
C109346,Ritika Bansal,Mysuru,KA,2024-05-11,Y
C109347,Manpreet Patel,Bengaluru,KA,2022-12-03,N
C109348,Pooja Dhillon,Patna,BR,2024-01-08,N
C109349,Kunal Sen,Pune,MH,2023-07-08,N
C109350,Imran Kulkarni,Ahmedabad,GJ,2023-02-11,Y
C109351,Pooja Sharma,Gurugram,HR,2022-11-16,Y
C109352,Ayaan Jadhav,Indore,MP,2024-06-17,N
C109353,Thomas Saxena,Guwahati,AS,2023-10-20,N
C109354,Yash Varghese,Noida,UP,2022-10-23,N
C109355,Rahul Gaikwad,Gurugram,HR,2023-08-05,Y
C109356,Suresh Dutta,Dehradun,UK,2023-01-05,Y
C109357,Shreya Dhillon,Indore,MP,2023-01-29,Y
C109358,Lobsang Pillai,Gurugram,HR,2024-08-12,N
C109359,Pooja Bose,Ahmedabad,GJ,2024-09-06,N
C109360,Kavya Jadhav,Bhopal,MP,2023-09-16,N
C109361,Imran Menon,Kolkata,WB,2022-08-31,N
C109362,Pooja Patil,Guwahati,AS,2023-10-06,Y
C109363,Suresh Kulkarni,Bhopal,MP,2024-07-11,N
C109364,Varun Jain,Kochi,KL,2023-01-29,Y
C109365,Reyansh Naidu,Vadodara,GJ,2024-03-19,Y
C109366,Tenzin Mishra,Raipur,CG,2023-03-21,N
C109367,Megha Tiwari,Chennai,TN,2023-12-18,Y
C109368,Yash Deshpande,Guwahati,AS,2023-04-21,Y
C109369,Faisal Fernandes,Visakhapatnam,AP,2023-10-28,N
C109370,Anjali Singh,Visakhapatnam,AP,2024-07-09,N
C109371,Tarun Sethi,Chennai,TN,2023-09-05,N
C109372,Komal Chopra,Guwahati,AS,2022-12-02,Y
C109373,Pranav Mathew,Bhopal,MP,2023-09-27,N
C109374,Jaspreet Patil,Surat,GJ,2024-06-11,N
C109375,Deepak Banerjee,Kochi,KL,2024-10-02,N
C109376,Joseph Das,Vadodara,GJ,2023-01-27,N
C109377,Meera Sethi,Gurugram,HR,2023-06-30,N
C109378,Rohan Nair,Mumbai,MH,2022-09-22,Y
C109379,Diya Ansari,Bengaluru,KA,2022-10-15,Y
C109380,Sunita Goyal,Guwahati,AS,2024-06-26,N
C109381,Aishwarya Pillai,Raipur,CG,2024-02-02,N
C109382,Manpreet Verma,Hyderabad,TS,2024-04-24,N
C109383,Sukhwinder Pillai,Thiruvananthapuram,KL,2024-04-24,N
C109384,Yash Kulkarni,Patna,BR,2023-11-08,N
C109385,Kavya Gaikwad,Jaipur,RJ,2023-01-05,N
C109386,Rohan Fernandes,Lucknow,UP,2023-09-21,N
C109387,Tanvi Dutta,Lucknow,UP,2023-04-28,Y
C109388,Krishna Desai,Visakhapatnam,AP,2023-10-22,Y
C109389,Kavya Mishra,Nashik,MH,2022-11-22,N
C109390,Om Chauhan,Ahmedabad,GJ,2023-12-18,N
C109391,Riya Patil,Mumbai,MH,2023-12-08,Y
C109392,Yash Srivastava,Visakhapatnam,AP,2024-03-09,Y
C109393,Tarun Patel,Chennai,TN,2024-12-07,N
C109394,Shreya Kulkarni,Bhopal,MP,2023-01-29,N
C109395,Reyansh Patil,Pune,MH,2024-08-16,N
C109396,Nikhil Chauhan,Coimbatore,TN,2024-12-11,Y
C109397,Vihaan Shah,Jaipur,RJ,2022-07-18,N
C109398,Bhavna Mukherjee,Visakhapatnam,AP,2023-12-14,N
C109399,Divya Mathew,Thiruvananthapuram,KL,2024-01-11,Y
C109400,Steven Saxena,Raipur,CG,2022-11-24,N
C109401,Kabir Patil,Bhopal,MP,2024-02-28,N
C109402,Daniel Chopra,Chennai,TN,2023-08-07,N
C109403,Farah Mittal,Lucknow,UP,2023-08-18,Y
C109404,Isha Chatterjee,Dehradun,UK,2024-09-15,N
C109405,Siddharth Sharma,Hyderabad,TS,2023-09-08,Y
C109406,Zoya Khan,Ahmedabad,GJ,2024-11-02,N
C109407,Rahul Sethi,Dehradun,UK,2022-12-10,N
C109408,Reyansh Kulkarni,Bhubaneswar,OR,2024-10-05,Y
C109409,Sunita Sheikh,Indore,MP,2023-06-15,Y
C109410,Sneha Dhillon,Nagpur,MH,2022-11-07,N
C109411,Dev D'Souza,Chandigarh,CH,2024-04-22,N
C109412,Riya Shah,Chennai,TN,2022-12-21,N
C109413,Tarun Das,Noida,UP,2022-11-24,Y
C109414,Payal Bhatt,Indore,MP,2024-12-29,N
C109415,Rohan Mehta,Mysuru,KA,2023-09-24,N
C109416,Siddharth Gill,Delhi,DL,2024-02-25,N
C109417,Swati Kumar,Chandigarh,CH,2022-11-20,Y
C109418,Sukhwinder Siddiqui,Vadodara,GJ,2023-04-29,N
C109419,Gurpreet Bhatt,Kolkata,WB,2024-06-28,N
C109420,Harpreet Ghosh,Chennai,TN,2023-07-19,N
C109421,Rahul Pawar,Jaipur,RJ,2023-11-23,N
C109422,Ishaan Joshi,Dehradun,UK,2022-09-02,N
C109423,Joseph Khanna,Thiruvananthapuram,KL,2022-07-28,N
C109424,Isha Ansari,Bengaluru,KA,2023-08-30,N
C109425,Thomas Sheikh,Ranchi,JH,2022-11-01,Y
C109426,Shreya Dutta,Patna,BR,2024-04-23,Y
C109427,Imran Shinde,Nashik,MH,2023-10-12,N
C109428,Anjali Verma,Raipur,CG,2024-04-03,N
C109429,Ishaan Desai,Kolkata,WB,2023-02-07,N
C109430,Geeta Agarwal,Chennai,TN,2022-10-27,N
C109431,Aarav Iyer,Mysuru,KA,2024-06-28,Y
C109432,Ayaan Yadav,Nagpur,MH,2023-05-21,N
C109433,Lakshmi Kapoor,Patna,BR,2023-04-14,N
C109434,Pooja Pandey,Dehradun,UK,2023-07-03,N
C109435,Priya Pereira,Chennai,TN,2024-08-31,N
C109436,Geeta Ansari,Patna,BR,2022-09-15,N
C109437,Rohit Kaur,Delhi,DL,2023-07-02,Y
C109438,Imran Iyer,Indore,MP,2024-01-18,N
C109439,Megha Ansari,Mumbai,MH,2024-01-25,Y
C109440,Riya Fernandes,Raipur,CG,2024-03-05,N
C109441,Ramesh Arora,Nagpur,MH,2024-10-25,N
C109442,Lobsang Gupta,Hyderabad,TS,2023-07-14,N
C109443,Anjali Naidu,Raipur,CG,2022-08-04,N
C109444,Abhishek Chauhan,Raipur,CG,2022-07-21,N
C109445,Pooja Kapoor,Chennai,TN,2024-01-29,N
C109446,Dev Khanna,Indore,MP,2023-02-28,N
C109447,Sai Chatterjee,Jaipur,RJ,2024-10-17,N
C109448,Kabir Sethi,Bhubaneswar,OR,2023-02-13,Y
C109449,Krishna Qureshi,Jaipur,RJ,2023-10-28,N
C109450,Geeta Ansari,Delhi,DL,2024-05-15,N
C109451,Kunal D'Souza,Nagpur,MH,2024-05-08,Y
C109452,Daniel Jadhav,Thiruvananthapuram,KL,2023-12-17,N
C109453,Manish Shinde,Coimbatore,TN,2022-12-13,N
C109454,Manpreet Kulkarni,Chennai,TN,2023-11-03,N
C109455,Swati Menon,Coimbatore,TN,2024-04-23,Y
C109456,Sukhwinder Shah,Mumbai,MH,2023-09-24,N
C109457,Ananya Sandhu,Thiruvananthapuram,KL,2023-08-06,N
C109458,Aarav Sandhu,Ranchi,JH,2024-07-23,N
C109459,Aarav Singh,Bengaluru,KA,2023-12-23,N
C109460,Lakshmi Pereira,Ranchi,JH,2024-11-28,Y
C109461,Ananya Qureshi,Pune,MH,2023-07-03,N
C109462,Jaspreet Rao,Nagpur,MH,2024-04-15,N
C109463,Bhavna Deshpande,Nagpur,MH,2024-05-17,N
C109464,Lobsang Patil,Pune,MH,2023-02-19,Y
C109465,Geeta Menon,Bengaluru,KA,2022-07-16,N
C109466,Joseph Sen,Jaipur,RJ,2024-10-16,N
C109467,Komal Banerjee,Kochi,KL,2023-06-14,N
C109468,Geeta Siddiqui,Bhubaneswar,OR,2022-11-13,N
C109469,Riya Siddiqui,Jaipur,RJ,2023-07-23,N
C109470,Meera Pawar,Dehradun,UK,2022-11-26,N
C109471,Manpreet Verma,Jaipur,RJ,2023-10-21,N
C109472,Manpreet Nair,Vadodara,GJ,2024-11-12,N
C109473,Riya Shah,Guwahati,AS,2023-09-04,N
C109474,Gurpreet Sandhu,Guwahati,AS,2023-04-30,Y
C109475,Tenzin Ansari,Ahmedabad,GJ,2024-04-17,Y
C109476,Manpreet Das,Pune,MH,2024-09-27,N
C109477,Steven Yadav,Guwahati,AS,2022-11-29,N
C109478,Arjun Ansari,Surat,GJ,2023-08-03,N
C109479,Aditya Patil,Raipur,CG,2023-03-11,N
C109480,Rajat Bose,Chennai,TN,2022-07-25,N
C109481,Pooja Mukherjee,Chennai,TN,2023-12-31,N
C109482,Anjali Patel,Hyderabad,TS,2024-07-28,N
C109483,Siddharth Khanna,Jaipur,RJ,2023-03-25,N
C109484,Vikram Kaur,Ahmedabad,GJ,2023-12-12,N
C109485,Deepak Srivastava,Coimbatore,TN,2024-10-20,N
C109486,Pranav Dhillon,Lucknow,UP,2024-07-09,N
C109487,Ishaan Gaikwad,Indore,MP,2022-12-29,Y
C109488,Ankit Sharma,Patna,BR,2024-01-01,N
C109489,Nisha Sandhu,Indore,MP,2024-06-14,N
C109490,Lakshmi Roy,Ranchi,JH,2022-08-08,Y
C109491,Gurpreet Fernandes,Indore,MP,2024-11-17,N
C109492,Sameer Rathore,Kochi,KL,2023-08-02,Y
C109493,Tanvi Mehta,Kochi,KL,2025-01-01,N
C109494,Imran Rathore,Hyderabad,TS,2024-07-23,Y
C109495,Saanvi Malhotra,Mysuru,KA,2024-02-08,N
C109496,Ananya Qureshi,Raipur,CG,2024-03-01,N
C109497,Komal Malhotra,Mumbai,MH,2024-09-24,N
C109498,Deepak Kulkarni,Mysuru,KA,2022-09-16,N
C109499,Meera Kulkarni,Kochi,KL,2023-03-24,N
