order_id,customer_id,sku,order_date,channel,qty,order_value_inr,lot_code
VR884750,C104051,VA-AC-CH65,2024-06-15,Amazon,2,2998,CH65-2405-3
VR886282,C103775,VA-AC-CBL,2024-06-15,Amazon,1,359,CBL-2405-2
VR888631,C104948,VA-EB-PL1,2024-06-15,vireo.in,1,1999,PL1-2403-3
VR891388,C100563,VA-SP-ORB,2024-06-15,Flipkart,1,5399,ORB-2404-4
VR892331,C102056,VA-EB-PL1,2024-06-15,Amazon,1,2499,PL1-2404-3
VR897371,C107511,VA-HP-ST2,2024-06-15,vireo.in,1,4249,ST2-2403-1
VR901710,C102390,VA-EB-PL1,2024-06-15,vireo.in,1,1999,PL1-2405-4
VR906600,C102852,VA-EB-PL1,2024-06-15,Amazon,1,2249,PL1-2405-3
VR909447,C101554,VA-SP-ORB,2024-06-15,vireo.in,1,5099,ORB-2403-3
VR881638,C108154,VA-EB-PL1,2024-06-16,vireo.in,1,2499,PL1-2404-1
VR887473,C101437,VA-SP-ORB,2024-06-16,vireo.in,1,5699,ORB-2403-2
VR890503,C108389,VA-HP-ST2,2024-06-16,Amazon,1,4249,ST2-2403-3
VR896089,C103998,VA-EB-PL1,2024-06-16,Amazon,1,2499,PL1-2404-4
VR900888,C103854,VA-EB-PL1,2024-06-16,vireo.in,1,2249,PL1-2403-1
VR906831,C103093,VA-HP-ST2,2024-06-16,vireo.in,1,4499,ST2-2403-1
VR909397,C100203,VA-NB-ARC,2024-06-16,Amazon,2,2078,ARC-2404-3
VR881825,C101739,VA-SW-NX1,2024-06-17,Amazon,1,4249,NX1-2405-1
VR881988,C108884,VA-AC-CBL,2024-06-17,Amazon,1,379,CBL-2405-1
VR888493,C108535,VA-NB-ARC,2024-06-17,Amazon,1,1299,ARC-2404-1
VR889000,C106762,VA-SW-NX1,2024-06-17,vireo.in,2,9998,NX1-2405-2
VR889264,C102161,VA-AC-CH65,2024-06-17,vireo.in,1,1424,CH65-2403-4
VR898869,C102981,VA-HP-ST2,2024-06-17,vireo.in,1,4999,ST2-2403-4
VR901696,C101082,VA-SP-ORB,2024-06-17,vireo.in,1,5999,ORB-2403-3
VR905499,C106824,VA-EB-PL1,2024-06-17,vireo.in,1,2499,PL1-2405-4
VR906259,C102733,VA-HP-ST2,2024-06-17,Amazon,1,4499,ST2-2404-3
VR907642,C108033,VA-SP-ORB,2024-06-17,Amazon,1,5399,ORB-2403-2
VR884913,C102322,VA-EB-PL1,2024-06-18,vireo.in,1,2499,PL1-2403-3
VR891479,C103287,VA-EB-PL1,2024-06-18,vireo.in,1,2124,PL1-2404-4
VR897402,C107221,VA-EB-PL1,2024-06-18,vireo.in,2,4998,PL1-2405-4
VR909566,C102818,VA-EB-PL1,2024-06-18,vireo.in,1,2499,PL1-2404-4
VR886957,C102732,VA-EB-PL1,2024-06-19,vireo.in,1,2499,PL1-2403-1
VR891535,C108766,VA-EB-PL1,2024-06-19,vireo.in,1,2249,PL1-2404-4
VR893601,C104853,VA-NB-ARC,2024-06-19,vireo.in,1,1039,ARC-2405-3
VR893868,C108597,VA-EB-PL1,2024-06-19,vireo.in,1,2374,PL1-2405-3
VR899097,C105453,VA-SP-ORB,2024-06-19,Amazon,1,5999,ORB-2404-2
VR900399,C106107,VA-HP-ST2,2024-06-19,vireo.in,1,4249,ST2-2405-1
VR908365,C103555,VA-NB-ARC,2024-06-19,Amazon,1,1234,ARC-2405-1
VR883667,C106188,VA-SP-ORB,2024-06-20,vireo.in,1,5999,ORB-2404-4
VR886729,C103899,VA-HP-ST2,2024-06-20,Amazon,1,4249,ST2-2404-3
VR892675,C107870,VA-SW-NX1,2024-06-20,vireo.in,1,4249,NX1-2404-3
VR899625,C102652,VA-EB-PL1,2024-06-20,Flipkart,1,2499,PL1-2404-3
VR904539,C103409,VA-EB-PL1,2024-06-20,vireo.in,1,2499,PL1-2403-2
VR906786,C101571,VA-SW-NX1,2024-06-20,Amazon,1,4999,NX1-2405-1
VR909691,C106882,VA-EB-PL1,2024-06-20,vireo.in,1,2374,PL1-2404-3
VR881259,C103976,VA-AC-CBL,2024-06-21,Amazon,1,339,CBL-2404-3
VR883292,C107669,VA-SW-NX1,2024-06-21,Amazon,1,4999,NX1-2405-1
VR886894,C100790,VA-EB-PL1,2024-06-21,vireo.in,1,2124,PL1-2404-3
VR894160,C106482,VA-SP-ORB,2024-06-21,vireo.in,1,4799,ORB-2403-2
VR899775,C107705,VA-SP-ORB,2024-06-21,Amazon,1,5999,ORB-2405-1
VR900151,C102961,VA-EB-PL1,2024-06-21,Amazon,1,2124,PL1-2403-2
VR901175,C101590,VA-AC-CBL,2024-06-21,vireo.in,1,319,CBL-2404-4
VR903767,C103668,VA-SP-ORB,2024-06-21,vireo.in,1,5099,ORB-2405-2
VR905478,C101692,VA-EB-PL1,2024-06-21,Amazon,1,2374,PL1-2404-4
VR887524,C103176,VA-HP-ST2,2024-06-22,Flipkart,1,4999,ST2-2403-3
VR902114,C101288,VA-NB-ARC,2024-06-22,vireo.in,1,1234,ARC-2403-3
VR902185,C105484,VA-AC-CH65,2024-06-22,vireo.in,1,1274,CH65-2405-1
VR903196,C106027,VA-EB-PL1,2024-06-22,vireo.in,1,2374,PL1-2403-4
VR903508,C108925,VA-EB-PL1,2024-06-22,Amazon,1,2374,PL1-2405-3
VR905386,C107427,VA-SP-ORB,2024-06-22,vireo.in,1,5999,ORB-2403-2
VR907891,C102166,VA-EB-PL1,2024-06-22,Amazon,1,2124,PL1-2403-2
VR907997,C101819,VA-EB-PL1,2024-06-22,Flipkart,1,2249,PL1-2403-2
VR880471,C106277,VA-EB-PL1,2024-06-23,Flipkart,1,2249,PL1-2403-1
VR885826,C104217,VA-SP-ORB,2024-06-23,Amazon,1,4799,ORB-2404-4
VR889477,C101047,VA-HP-ST2,2024-06-23,vireo.in,1,4999,ST2-2404-3
VR896819,C100966,VA-SP-ORB,2024-06-23,vireo.in,1,5399,ORB-2405-1
VR903310,C102635,VA-EB-PL1,2024-06-23,Amazon,1,2249,PL1-2404-1
VR909068,C108256,VA-NB-ARC,2024-06-23,Amazon,2,2598,ARC-2405-3
VR882632,C108701,VA-HP-ST2,2024-06-24,vireo.in,1,4499,ST2-2404-3
VR884729,C101758,VA-EB-PL1,2024-06-24,vireo.in,1,2249,PL1-2403-1
VR885598,C105739,VA-EB-PL1,2024-06-24,vireo.in,1,2374,PL1-2405-3
VR900357,C109142,VA-EB-PL1,2024-06-24,Amazon,1,2499,PL1-2404-4
VR900588,C109021,VA-SP-ORB,2024-06-24,Amazon,1,5999,ORB-2403-3
VR901204,C107450,VA-SP-ORB,2024-06-24,Amazon,1,4799,ORB-2403-4
VR882403,C107110,VA-EB-PL1,2024-06-25,Flipkart,1,2499,PL1-2404-1
VR885022,C108807,VA-AC-CBL,2024-06-25,Flipkart,1,319,CBL-2405-3
VR888831,C101836,VA-HP-ST2,2024-06-25,Amazon,1,4999,ST2-2406-1
VR900672,C106363,VA-EB-PL1,2024-06-25,Flipkart,1,2499,PL1-2406-4
VR901544,C108927,VA-EB-PL1,2024-06-25,vireo.in,1,2249,PL1-2405-3
VR903710,C101495,VA-SP-ORB,2024-06-25,vireo.in,1,5099,ORB-2403-2
VR906124,C105055,VA-EB-PL1,2024-06-25,Amazon,1,2499,PL1-2406-4
VR906656,C102533,VA-AC-CH65,2024-06-25,vireo.in,1,1199,CH65-2406-2
VR886161,C106641,VA-AC-CBL,2024-06-26,Amazon,1,379,CBL-2403-2
VR886714,C103599,VA-EB-PL1,2024-06-26,Flipkart,1,2499,PL1-2404-2
VR895285,C102986,VA-HP-ST2,2024-06-26,vireo.in,1,3999,ST2-2403-1
VR895301,C100072,VA-EB-PL1,2024-06-26,vireo.in,1,2124,PL1-2406-1
VR895507,C108771,VA-SW-NX1,2024-06-26,Amazon,1,4749,NX1-2404-4
VR898691,C101232,VA-NB-ARC,2024-06-26,Amazon,1,1299,ARC-2403-4
VR888556,C107291,VA-EB-PL1,2024-06-27,Flipkart,1,2499,PL1-2403-3
VR890166,C108626,VA-AC-CBL,2024-06-27,Amazon,1,359,CBL-2404-4
VR893220,C104713,VA-EB-PL1,2024-06-27,vireo.in,1,2124,PL1-2405-1
VR894099,C106310,VA-SP-ORB,2024-06-27,Amazon,1,5999,ORB-2405-4
VR903467,C106200,VA-EB-PL1,2024-06-27,vireo.in,1,2499,PL1-2405-4
VR881329,C100820,VA-EB-PL1,2024-06-28,vireo.in,1,2499,PL1-2405-1
VR883351,C108713,VA-SW-NX1,2024-06-28,Flipkart,1,4999,NX1-2404-3
VR883859,C106997,VA-NB-ARC,2024-06-28,Amazon,1,1299,ARC-2403-1
VR888844,C100058,VA-EB-PL1,2024-06-28,vireo.in,1,2249,PL1-2406-2
VR899184,C101916,VA-SP-ORB,2024-06-28,Flipkart,1,5999,ORB-2403-2
VR903761,C104273,VA-EB-PL1,2024-06-28,Flipkart,1,2124,PL1-2404-2
VR884584,C103267,VA-EB-PL1,2024-06-29,vireo.in,1,1999,PL1-2406-2
VR884931,C105542,VA-HP-ST2,2024-06-29,vireo.in,2,9998,ST2-2403-3
VR889220,C106021,VA-SW-NX1,2024-06-29,vireo.in,1,4999,NX1-2403-1
VR896529,C103362,VA-EB-PL1,2024-06-29,vireo.in,1,2499,PL1-2405-2
VR902721,C102486,VA-SP-ORB,2024-06-29,vireo.in,1,4799,ORB-2405-3
VR908662,C101229,VA-SP-ORB,2024-06-29,Amazon,2,10198,ORB-2405-3
VR881874,C101067,VA-SW-NX1,2024-06-30,vireo.in,1,4999,NX1-2406-1
VR889742,C100553,VA-EB-PL1,2024-06-30,vireo.in,1,2249,PL1-2405-2
VR897084,C106472,VA-EB-PL1,2024-06-30,vireo.in,1,2499,PL1-2405-4
VR902641,C104843,VA-EB-PL1,2024-06-30,vireo.in,1,1999,PL1-2405-4
VR903331,C108332,VA-EB-PL1,2024-06-30,vireo.in,1,2499,PL1-2405-3
VR885188,C104182,VA-SW-NX1,2024-07-01,vireo.in,1,3999,NX1-2405-2
VR885821,C100867,VA-HP-ST2,2024-07-01,Amazon,1,4249,ST2-2403-1
VR886931,C106826,VA-SP-ORB,2024-07-01,vireo.in,1,5099,ORB-2405-1
VR891847,C100775,VA-HP-ST2,2024-07-01,vireo.in,1,4249,ST2-2406-3
VR900016,C105949,VA-SW-NX1,2024-07-01,Flipkart,1,3999,NX1-2405-4
VR901637,C102974,VA-AC-CBL,2024-07-01,Amazon,1,379,CBL-2406-3
VR901868,C102680,VA-EB-PL1,2024-07-01,Amazon,1,2499,PL1-2404-1
VR904894,C102714,VA-NB-ARC,2024-07-01,vireo.in,1,1104,ARC-2405-4
VR906754,C105372,VA-EB-PL1,2024-07-01,vireo.in,1,2124,PL1-2404-3
VR895798,C100610,VA-EB-PL1,2024-07-02,vireo.in,1,2249,PL1-2404-4
VR896941,C104199,VA-EB-PL1,2024-07-02,Amazon,1,2499,PL1-2406-4
VR899323,C109080,VA-AC-CH65,2024-07-02,Flipkart,1,1499,CH65-2404-1
VR899809,C102522,VA-SP-ORB,2024-07-02,vireo.in,1,5099,ORB-2404-2
VR906751,C102584,VA-EB-PL1,2024-07-02,vireo.in,1,1999,PL1-2403-1
VR880459,C103981,VA-EB-PL1,2024-07-03,vireo.in,1,2249,PL1-2405-1
VR886116,C103927,VA-HP-ST2,2024-07-03,vireo.in,1,3999,ST2-2404-4
VR890584,C104122,VA-EB-PL1,2024-07-03,Amazon,1,2499,PL1-2403-2
VR893138,C103146,VA-SP-ORB,2024-07-03,vireo.in,1,5999,ORB-2404-3
VR895859,C107486,VA-EB-PL1,2024-07-03,vireo.in,1,2499,PL1-2404-1
VR897408,C104805,VA-EB-PL1,2024-07-03,vireo.in,1,2499,PL1-2403-4
VR897567,C108906,VA-EB-PL1,2024-07-03,Amazon,1,2499,PL1-2403-4
VR897794,C101527,VA-EB-PL1,2024-07-03,vireo.in,1,2499,PL1-2404-4
VR900121,C103848,VA-SP-ORB,2024-07-03,vireo.in,1,5699,ORB-2403-4
VR903937,C100466,VA-EB-PL1,2024-07-03,vireo.in,2,4748,PL1-2403-3
VR909216,C102468,VA-AC-CBL,2024-07-03,vireo.in,1,339,CBL-2405-1
VR880003,C107268,VA-SP-ORB,2024-07-04,Flipkart,1,5399,ORB-2404-2
VR881153,C102308,VA-EB-PL1,2024-07-04,vireo.in,1,2249,PL1-2405-2
VR896936,C100593,VA-EB-PL1,2024-07-04,Amazon,1,2499,PL1-2405-1
VR903646,C109098,VA-EB-PL1,2024-07-04,Amazon,1,2499,PL1-2406-2
VR906507,C103993,VA-SW-NX1,2024-07-04,Flipkart,1,4249,NX1-2403-2
VR907298,C104950,VA-EB-PL1,2024-07-04,vireo.in,1,1999,PL1-2403-3
VR909305,C105536,VA-SW-NX1,2024-07-04,vireo.in,1,4999,NX1-2404-1
VR889672,C100407,VA-SP-ORB,2024-07-05,Amazon,1,5099,ORB-2406-4
VR899094,C105515,VA-AC-CH65,2024-07-05,vireo.in,1,1349,CH65-2403-3
VR885747,C105139,VA-EB-PL1,2024-07-06,vireo.in,1,2124,PL1-2403-2
VR896305,C104397,VA-EB-PL1,2024-07-06,Amazon,1,2499,PL1-2404-3
VR896512,C102065,VA-SP-ORB,2024-07-06,vireo.in,1,5399,ORB-2404-1
VR898385,C102960,VA-HP-ST2,2024-07-06,vireo.in,2,8998,ST2-2404-2
VR905071,C108212,VA-HP-ST2,2024-07-06,vireo.in,1,4749,ST2-2406-4
VR882322,C101862,VA-EB-PL1,2024-07-07,vireo.in,2,4998,PL1-2403-1
VR882673,C109364,VA-HP-ST2,2024-07-07,vireo.in,1,4999,ST2-2406-4
VR886290,C102479,VA-SP-ORB,2024-07-07,vireo.in,1,4799,ORB-2405-4
VR888435,C105331,VA-EB-PL1,2024-07-07,Amazon,1,2124,PL1-2405-2
VR888676,C103786,VA-EB-PL1,2024-07-07,vireo.in,1,2249,PL1-2405-3
VR889607,C104578,VA-SP-ORB,2024-07-07,Amazon,1,5399,ORB-2406-3
VR890396,C103433,VA-NB-ARC,2024-07-07,vireo.in,1,1104,ARC-2405-2
VR890528,C103527,VA-HP-ST2,2024-07-07,Amazon,1,4999,ST2-2404-1
VR898570,C109354,VA-HP-ST2,2024-07-07,vireo.in,1,4999,ST2-2404-2
VR901035,C101853,VA-AC-CH65,2024-07-07,Amazon,1,1274,CH65-2405-1
VR904715,C106126,VA-EB-PL1,2024-07-07,Amazon,1,2124,PL1-2405-1
VR907738,C107098,VA-EB-PL1,2024-07-07,vireo.in,1,2499,PL1-2405-3
VR908481,C102130,VA-EB-PL1,2024-07-07,vireo.in,1,2374,PL1-2404-2
VR882701,C106859,VA-EB-PL1,2024-07-08,Amazon,1,2499,PL1-2404-3
VR884834,C102997,VA-SW-NX1,2024-07-08,Amazon,1,4249,NX1-2405-1
VR885078,C107105,VA-EB-PL1,2024-07-08,Amazon,1,2124,PL1-2403-1
VR888553,C108937,VA-EB-PL1,2024-07-08,vireo.in,2,3998,PL1-2404-3
VR890370,C104251,VA-EB-PL1,2024-07-08,vireo.in,1,2249,PL1-2404-2
VR890714,C103469,VA-NB-ARC,2024-07-08,vireo.in,1,1169,ARC-2404-1
VR895755,C107705,VA-HP-ST2,2024-07-08,Amazon,1,4249,ST2-2406-2
VR895897,C107359,VA-SP-ORB,2024-07-08,Amazon,1,5099,ORB-2405-4
VR898669,C106741,VA-EB-PL1,2024-07-08,vireo.in,1,2374,PL1-2406-3
VR887343,C103211,VA-NB-ARC,2024-07-09,Amazon,1,1299,ARC-2403-3
VR890479,C105555,VA-EB-PL1,2024-07-09,Amazon,1,2499,PL1-2405-1
VR892513,C102320,VA-SW-NX1,2024-07-09,vireo.in,1,4999,NX1-2404-4
VR904355,C102505,VA-NB-ARC,2024-07-09,Flipkart,1,1299,ARC-2403-1
VR882642,C106171,VA-SW-NX1,2024-07-10,Amazon,1,3999,NX1-2405-3
VR886868,C101875,VA-EB-PL1,2024-07-10,vireo.in,1,2124,PL1-2404-2
VR893990,C105136,VA-NB-ARC,2024-07-10,vireo.in,1,1299,ARC-2403-4
VR895747,C101296,VA-EB-PL1,2024-07-10,vireo.in,1,2499,PL1-2405-3
VR896629,C104086,VA-HP-ST2,2024-07-10,Amazon,1,4249,ST2-2404-4
VR897756,C100065,VA-AC-CBL,2024-07-10,vireo.in,1,399,CBL-2404-4
VR901884,C107113,VA-EB-PL1,2024-07-10,Amazon,1,2374,PL1-2404-3
VR902095,C100295,VA-SP-ORB,2024-07-10,Amazon,1,5699,ORB-2404-1
VR904389,C102489,VA-HP-ST2,2024-07-10,Amazon,1,3999,ST2-2404-4
VR908102,C104287,VA-SP-ORB,2024-07-10,Amazon,1,5999,ORB-2404-4
VR880687,C101455,VA-EB-PL1,2024-07-11,Amazon,1,2374,PL1-2406-4
VR882007,C102963,VA-SW-NX1,2024-07-11,vireo.in,1,4749,NX1-2404-3
VR882165,C101638,VA-EB-PL1,2024-07-11,vireo.in,1,2499,PL1-2405-2
VR893393,C101388,VA-SP-ORB,2024-07-11,vireo.in,1,4799,ORB-2406-4
VR896830,C107224,VA-NB-ARC,2024-07-11,vireo.in,1,1299,ARC-2405-2
VR883770,C108107,VA-HP-ST2,2024-07-12,vireo.in,1,4999,ST2-2404-4
VR884202,C101902,VA-EB-PL1,2024-07-12,vireo.in,1,2499,PL1-2405-2
VR888052,C100504,VA-EB-PL1,2024-07-12,Amazon,1,2249,PL1-2405-3
VR891872,C102245,VA-EB-PL1,2024-07-12,Amazon,1,2499,PL1-2405-4
VR892217,C103641,VA-EB-PL1,2024-07-12,vireo.in,1,2499,PL1-2403-1
VR895693,C108641,VA-SW-NX1,2024-07-12,vireo.in,1,4999,NX1-2403-2
VR896090,C108785,VA-EB-PL1,2024-07-12,Flipkart,1,2499,PL1-2404-1
VR899589,C101547,VA-EB-PL1,2024-07-12,vireo.in,1,2499,PL1-2406-1
VR899630,C104941,VA-HP-ST2,2024-07-12,Amazon,1,4249,ST2-2403-4
VR900110,C105049,VA-AC-CBL,2024-07-12,Amazon,1,339,CBL-2403-3
VR900943,C104158,VA-EB-PL1,2024-07-12,Amazon,1,2249,PL1-2404-4
VR908169,C102092,VA-SP-ORB,2024-07-12,Flipkart,2,11398,ORB-2405-3
VR908276,C104030,VA-SW-NX1,2024-07-12,Flipkart,1,4999,NX1-2406-3
VR885566,C108097,VA-EB-PL1,2024-07-13,Amazon,1,2499,PL1-2404-4
VR891724,C107241,VA-EB-PL1,2024-07-13,vireo.in,1,2499,PL1-2404-3
VR892801,C101590,VA-NB-ARC,2024-07-13,Amazon,1,1299,ARC-2406-4
VR897790,C101227,VA-EB-PL1,2024-07-13,Amazon,1,2499,PL1-2404-4
VR900613,C106425,VA-AC-CH65,2024-07-13,Amazon,1,1499,CH65-2405-1
VR902570,C104252,VA-AC-CH65,2024-07-13,Amazon,1,1499,CH65-2405-1
VR903867,C102172,VA-NB-ARC,2024-07-13,Amazon,1,1299,ARC-2406-2
VR906720,C105218,VA-HP-ST2,2024-07-13,vireo.in,1,4749,ST2-2405-4
VR883011,C100052,VA-SW-NX1,2024-07-14,vireo.in,2,9998,NX1-2404-4
VR890842,C109431,VA-AC-CH65,2024-07-14,Flipkart,1,1499,CH65-2403-2
VR892515,C102549,VA-NB-ARC,2024-07-14,vireo.in,1,1169,ARC-2406-4
VR906822,C100942,VA-EB-PL1,2024-07-14,vireo.in,1,1999,PL1-2403-2
VR882523,C100816,VA-EB-PL1,2024-07-15,Amazon,1,2374,PL1-2405-3
VR890159,C104278,VA-HP-ST2,2024-07-15,vireo.in,1,4499,ST2-2403-3
VR891431,C108664,VA-EB-PL1,2024-07-15,vireo.in,1,2124,PL1-2404-1
VR900988,C105021,VA-EB-PL1,2024-07-15,Amazon,1,2499,PL1-2405-4
VR906409,C105717,VA-NB-ARC,2024-07-15,vireo.in,1,1039,ARC-2404-2
VR909634,C106108,VA-SP-ORB,2024-07-15,Amazon,1,4799,ORB-2404-2
VR883954,C108105,VA-EB-PL1,2024-07-16,Amazon,1,2374,PL1-2405-1
VR883965,C108627,VA-HP-ST2,2024-07-16,vireo.in,1,3999,ST2-2404-3
VR888167,C105210,VA-AC-CH65,2024-07-16,vireo.in,1,1499,CH65-2406-1
VR898041,C107122,VA-SP-ORB,2024-07-16,Amazon,1,5699,ORB-2404-2
VR902580,C104777,VA-HP-ST2,2024-07-16,vireo.in,1,4999,ST2-2405-3
VR894172,C106347,VA-HP-ST2,2024-07-17,vireo.in,1,4749,ST2-2405-3
VR895451,C103806,VA-AC-CBL,2024-07-17,vireo.in,1,379,CBL-2405-4
VR902238,C100019,VA-EB-PL1,2024-07-17,vireo.in,1,2374,PL1-2405-1
VR902535,C102505,VA-AC-CH65,2024-07-17,vireo.in,1,1499,CH65-2406-4
VR884614,C102151,VA-EB-PL1,2024-07-18,Amazon,1,2124,PL1-2406-2
VR888203,C109135,VA-SP-ORB,2024-07-18,vireo.in,1,5999,ORB-2405-3
VR891011,C108362,VA-SW-NX1,2024-07-18,vireo.in,1,4999,NX1-2404-2
VR891676,C105434,VA-SW-NX1,2024-07-18,Amazon,1,4499,NX1-2405-2
VR893679,C107121,VA-SW-NX1,2024-07-18,Amazon,1,4999,NX1-2403-3
VR893895,C101542,VA-EB-PL1,2024-07-18,Amazon,1,2124,PL1-2406-4
VR896399,C107781,VA-HP-ST2,2024-07-18,vireo.in,1,3999,ST2-2405-1
VR898027,C103496,VA-HP-ST2,2024-07-18,vireo.in,1,4749,ST2-2404-1
VR909028,C107412,VA-EB-PL1,2024-07-18,vireo.in,1,1999,PL1-2406-2
VR886675,C100526,VA-SW-NX1,2024-07-19,Amazon,2,8498,NX1-2404-1
VR899605,C106779,VA-EB-PL1,2024-07-19,vireo.in,1,2499,PL1-2405-1
VR900024,C105630,VA-NB-ARC,2024-07-19,Amazon,1,1039,ARC-2404-2
VR902336,C102755,VA-EB-PL1,2024-07-19,Amazon,1,2124,PL1-2406-2
VR908704,C103270,VA-EB-PL1,2024-07-19,Amazon,1,2374,PL1-2404-3
VR880462,C104986,VA-EB-PL1,2024-07-20,Amazon,1,1999,PL1-2404-3
VR884820,C106783,VA-EB-PL1,2024-07-20,vireo.in,1,2374,PL1-2405-1
VR886405,C101779,VA-AC-CBL,2024-07-20,vireo.in,1,399,CBL-2406-3
VR890368,C106469,VA-EB-PL1,2024-07-20,Amazon,1,2124,PL1-2406-3
VR892645,C109147,VA-SP-ORB,2024-07-20,vireo.in,1,4799,ORB-2404-4
VR893477,C101499,VA-EB-PL1,2024-07-20,Flipkart,1,2499,PL1-2406-4
VR893740,C104141,VA-HP-ST2,2024-07-20,vireo.in,1,4499,ST2-2406-1
VR896248,C105620,VA-SW-NX1,2024-07-20,Flipkart,2,8498,NX1-2405-3
VR897381,C105251,VA-EB-PL1,2024-07-20,vireo.in,1,2374,PL1-2404-1
VR900193,C104754,VA-SW-NX1,2024-07-20,Amazon,1,4249,NX1-2405-4
VR900691,C107296,VA-HP-ST2,2024-07-20,Flipkart,1,4749,ST2-2404-2
VR883435,C103367,VA-EB-PL1,2024-07-21,vireo.in,1,2249,PL1-2404-1
VR883441,C105993,VA-SP-ORB,2024-07-21,Amazon,1,5399,ORB-2404-3
VR886513,C105436,VA-EB-PL1,2024-07-21,vireo.in,1,2499,PL1-2404-1
VR888406,C109338,VA-NB-ARC,2024-07-21,Flipkart,1,1039,ARC-2405-1
VR890435,C100087,VA-SP-ORB,2024-07-21,Amazon,1,5399,ORB-2406-2
VR890764,C108324,VA-SP-ORB,2024-07-21,vireo.in,1,4799,ORB-2406-4
VR902355,C101129,VA-SW-NX1,2024-07-21,Amazon,1,4999,NX1-2404-3
VR902451,C108516,VA-SP-ORB,2024-07-21,vireo.in,1,5999,ORB-2405-4
VR904423,C103590,VA-SW-NX1,2024-07-21,vireo.in,1,3999,NX1-2404-2
VR909497,C108113,VA-NB-ARC,2024-07-21,Flipkart,1,1169,ARC-2405-2
VR909930,C104648,VA-EB-PL1,2024-07-21,vireo.in,1,2499,PL1-2405-2
VR880651,C104759,VA-SW-NX1,2024-07-22,vireo.in,1,4249,NX1-2405-1
VR880674,C102411,VA-HP-ST2,2024-07-22,Amazon,2,9998,ST2-2406-2
VR891845,C106009,VA-EB-PL1,2024-07-22,Flipkart,1,2249,PL1-2406-2
VR896280,C101004,VA-NB-ARC,2024-07-22,vireo.in,1,1039,ARC-2404-2
VR900500,C108331,VA-EB-PL1,2024-07-22,vireo.in,1,2374,PL1-2405-3
VR907321,C109181,VA-EB-PL1,2024-07-22,vireo.in,1,2499,PL1-2406-1
VR888688,C104344,VA-HP-ST2,2024-07-23,Amazon,1,4999,ST2-2406-4
VR890169,C107063,VA-SP-ORB,2024-07-23,Amazon,1,5099,ORB-2406-1
VR882626,C103186,VA-EB-PL1,2024-07-24,Amazon,1,2499,PL1-2407-2
VR886048,C107285,VA-EB-PL1,2024-07-24,vireo.in,1,2499,PL1-2407-3
VR890556,C107418,VA-SW-NX1,2024-07-24,Amazon,1,3999,NX1-2404-2
VR895575,C101518,VA-EB-PL1,2024-07-24,Amazon,2,4998,PL1-2407-1
VR900913,C108958,VA-SP-ORB,2024-07-24,Flipkart,1,5999,ORB-2407-3
VR901183,C105746,VA-AC-CBL,2024-07-24,Amazon,1,359,CBL-2404-2
VR908868,C107636,VA-EB-PL1,2024-07-24,vireo.in,1,2499,PL1-2405-2
VR883585,C107387,VA-EB-PL1,2024-07-25,vireo.in,1,1999,PL1-2405-4
VR884874,C104879,VA-EB-PL1,2024-07-25,vireo.in,1,2124,PL1-2406-2
VR890596,C103731,VA-EB-PL1,2024-07-25,vireo.in,2,4998,PL1-2406-3
VR896703,C100462,VA-AC-CH65,2024-07-25,vireo.in,2,2398,CH65-2406-2
VR884009,C102328,VA-EB-PL1,2024-07-26,Flipkart,1,1999,PL1-2404-3
VR892923,C101144,VA-EB-PL1,2024-07-26,vireo.in,1,2499,PL1-2406-4
VR895607,C101932,VA-NB-ARC,2024-07-26,vireo.in,1,1299,ARC-2406-4
VR897432,C100809,VA-EB-PL1,2024-07-26,vireo.in,1,2124,PL1-2406-1
VR901314,C100316,VA-SP-ORB,2024-07-26,Flipkart,1,5099,ORB-2405-3
VR903676,C108768,VA-SP-ORB,2024-07-26,vireo.in,1,5999,ORB-2405-4
VR904113,C102984,VA-EB-PL1,2024-07-26,vireo.in,2,4498,PL1-2404-2
VR906616,C102110,VA-EB-PL1,2024-07-26,Amazon,1,2124,PL1-2404-2
VR884314,C105121,VA-SP-ORB,2024-07-27,Amazon,1,5099,ORB-2405-2
VR890349,C103291,VA-HP-ST2,2024-07-27,vireo.in,1,4999,ST2-2405-3
VR891194,C108412,VA-SP-ORB,2024-07-27,vireo.in,1,5999,ORB-2406-1
VR894718,C101043,VA-SW-NX1,2024-07-27,Flipkart,1,4999,NX1-2406-2
VR900326,C101702,VA-SW-NX1,2024-07-27,vireo.in,1,4249,NX1-2404-2
VR885414,C101551,VA-AC-CH65,2024-07-28,vireo.in,1,1199,CH65-2405-3
VR886567,C101714,VA-NB-ARC,2024-07-28,Amazon,1,1299,ARC-2404-1
VR888736,C106803,VA-EB-PL1,2024-07-28,vireo.in,1,2499,PL1-2405-3
VR893703,C104889,VA-NB-ARC,2024-07-28,vireo.in,1,1104,ARC-2406-2
VR894837,C103487,VA-NB-ARC,2024-07-28,vireo.in,1,1234,ARC-2406-1
VR904062,C106898,VA-NB-ARC,2024-07-28,vireo.in,1,1169,ARC-2404-4
VR909402,C109074,VA-SW-NX1,2024-07-28,vireo.in,1,4999,NX1-2406-4
VR885700,C102850,VA-EB-PL1,2024-07-29,vireo.in,1,2499,PL1-2405-2
VR901368,C105800,VA-EB-PL1,2024-07-29,Amazon,1,2499,PL1-2407-4
VR906854,C103424,VA-NB-ARC,2024-07-29,vireo.in,1,1299,ARC-2406-2
VR909349,C102682,VA-AC-CH65,2024-07-29,vireo.in,1,1349,CH65-2404-4
VR890756,C108483,VA-NB-ARC,2024-07-30,vireo.in,1,1299,ARC-2404-1
VR891982,C105843,VA-EB-PL1,2024-07-30,vireo.in,1,1999,PL1-2404-2
VR892616,C107695,VA-SP-ORB,2024-07-30,Amazon,1,5099,ORB-2404-4
VR900567,C100963,VA-EB-PL1,2024-07-30,vireo.in,1,2499,PL1-2406-4
VR904025,C106848,VA-EB-PL1,2024-07-30,Amazon,1,2499,PL1-2404-4
VR884923,C105670,VA-EB-PL1,2024-07-31,Amazon,1,2249,PL1-2406-2
VR889423,C102634,VA-NB-ARC,2024-07-31,Amazon,1,1104,ARC-2404-3
VR894954,C109139,VA-EB-PL1,2024-07-31,Amazon,1,2499,PL1-2406-3
VR908245,C100353,VA-EB-PL1,2024-07-31,vireo.in,1,2499,PL1-2405-3
VR880560,C105660,VA-SP-ORB,2024-08-01,vireo.in,1,5999,ORB-2406-1
VR885089,C103140,VA-EB-PL1,2024-08-01,vireo.in,1,2374,PL1-2406-3
VR887741,C101840,VA-SW-NX1,2024-08-01,Amazon,2,8998,NX1-2406-4
VR888106,C101952,VA-EB-PL1,2024-08-01,vireo.in,1,2249,PL1-2406-1
VR894174,C103884,VA-EB-PL1,2024-08-01,Amazon,1,2499,PL1-2405-2
VR901520,C102288,VA-EB-PL1,2024-08-01,vireo.in,1,2374,PL1-2404-1
VR903988,C108372,VA-SP-ORB,2024-08-01,vireo.in,1,5399,ORB-2405-2
VR889187,C105679,VA-AC-CH65,2024-08-02,vireo.in,1,1274,CH65-2405-1
VR890190,C107384,VA-EB-PL1,2024-08-02,vireo.in,1,2249,PL1-2404-2
VR890787,C103848,VA-EB-PL1,2024-08-02,Amazon,1,2499,PL1-2407-3
VR894634,C107077,VA-NB-ARC,2024-08-02,Flipkart,2,2598,ARC-2405-2
VR895832,C102548,VA-AC-CH65,2024-08-02,vireo.in,1,1274,CH65-2407-1
VR896839,C102658,VA-SP-ORB,2024-08-02,vireo.in,1,5399,ORB-2406-1
VR897070,C104939,VA-SW-FIT,2024-08-02,vireo.in,1,1799,FIT-2407-2
VR908382,C104349,VA-AC-CH65,2024-08-02,vireo.in,1,1499,CH65-2404-1
VR908416,C105103,VA-EB-PL1,2024-08-02,vireo.in,1,2249,PL1-2407-1
VR889122,C103988,VA-EB-PL1,2024-08-03,Amazon,1,2499,PL1-2406-1
VR891643,C105757,VA-EB-PL1,2024-08-03,vireo.in,1,2499,PL1-2405-1
VR892739,C104802,VA-EB-PL1,2024-08-03,vireo.in,1,1999,PL1-2405-3
VR893020,C106670,VA-SP-ORB,2024-08-03,Flipkart,1,5699,ORB-2407-3
VR902293,C108545,VA-EB-PL1,2024-08-03,Amazon,1,2249,PL1-2406-2
VR906402,C104446,VA-EB-PL1,2024-08-03,Amazon,1,2374,PL1-2405-4
VR887404,C108625,VA-EB-PL1,2024-08-04,Amazon,1,2124,PL1-2405-4
VR905167,C107377,VA-SW-NX1,2024-08-04,Amazon,1,3999,NX1-2407-1
VR905282,C103317,VA-EB-PL1,2024-08-04,Amazon,1,2124,PL1-2404-2
VR908663,C105897,VA-EB-PL1,2024-08-04,Amazon,1,2249,PL1-2407-4
VR887852,C104574,VA-EB-PL1,2024-08-05,vireo.in,1,2499,PL1-2405-4
VR893056,C108443,VA-EB-PL1,2024-08-05,Flipkart,1,1999,PL1-2406-4
VR896540,C104777,VA-SP-ORB,2024-08-05,vireo.in,1,5999,ORB-2407-1
VR900543,C107884,VA-SW-NX1,2024-08-05,vireo.in,1,4499,NX1-2405-3
VR902912,C103033,VA-HP-ST2,2024-08-05,Flipkart,1,4999,ST2-2406-2
VR883573,C104879,VA-EB-PL1,2024-08-06,vireo.in,1,2249,PL1-2404-4
VR885320,C103507,VA-SW-NX1,2024-08-06,Flipkart,1,4999,NX1-2404-1
VR889093,C103390,VA-NB-ARC,2024-08-06,vireo.in,1,1104,ARC-2406-1
VR899268,C101445,VA-AC-CBL,2024-08-06,Flipkart,1,399,CBL-2406-2
VR899363,C106121,VA-EB-PL1,2024-08-06,Flipkart,1,1999,PL1-2405-1
VR901386,C103170,VA-EB-PL1,2024-08-06,Flipkart,1,2249,PL1-2406-3
VR904404,C102345,VA-NB-ARC,2024-08-06,vireo.in,1,1299,ARC-2406-4
VR908279,C108026,VA-EB-PL1,2024-08-06,vireo.in,1,2249,PL1-2404-4
VR880089,C109125,VA-EB-PL1,2024-08-07,vireo.in,1,1999,PL1-2406-2
VR880540,C106709,VA-AC-CBL,2024-08-07,Flipkart,1,399,CBL-2406-1
VR885867,C100881,VA-NB-ARC,2024-08-07,Flipkart,1,1169,ARC-2407-2
VR886262,C103722,VA-SP-ORB,2024-08-07,vireo.in,1,5099,ORB-2405-3
VR886480,C100488,VA-AC-CH65,2024-08-07,vireo.in,1,1274,CH65-2407-2
VR886962,C105129,VA-EB-PL1,2024-08-07,Amazon,1,2499,PL1-2406-3
VR894693,C108039,VA-EB-PL1,2024-08-07,Amazon,1,2499,PL1-2407-3
VR896400,C102763,VA-SW-FIT,2024-08-07,vireo.in,1,1999,FIT-2406-2
VR900109,C108640,VA-SW-NX1,2024-08-07,vireo.in,1,4749,NX1-2405-1
VR904762,C101336,VA-NB-ARC,2024-08-07,Amazon,1,1039,ARC-2406-2
VR906153,C108819,VA-SP-ORB,2024-08-07,vireo.in,1,5399,ORB-2407-1
VR906889,C107864,VA-EB-PL1,2024-08-07,vireo.in,1,2124,PL1-2405-1
VR907547,C107399,VA-EB-PL1,2024-08-07,vireo.in,1,2124,PL1-2407-4
VR880499,C106350,VA-SW-FIT,2024-08-08,vireo.in,1,1999,FIT-2405-3
VR880659,C106890,VA-SW-FIT,2024-08-08,vireo.in,1,1999,FIT-2405-3
VR887023,C103112,VA-NB-ARC,2024-08-08,Amazon,1,1039,ARC-2405-1
VR891928,C103439,VA-SW-FIT,2024-08-08,vireo.in,1,1999,FIT-2405-4
VR895335,C100739,VA-EB-PL1,2024-08-08,vireo.in,1,2499,PL1-2406-2
VR897530,C104890,VA-HP-ST2,2024-08-08,vireo.in,1,4999,ST2-2406-2
VR901566,C104631,VA-EB-PL1,2024-08-08,vireo.in,1,1999,PL1-2406-2
VR908822,C102715,VA-AC-CH65,2024-08-08,Amazon,1,1199,CH65-2405-1
VR881600,C101898,VA-EB-PL1,2024-08-09,vireo.in,1,2499,PL1-2405-1
VR882430,C104715,VA-SP-ORB,2024-08-09,vireo.in,1,5399,ORB-2407-3
VR883479,C101022,VA-EB-PL1,2024-08-09,vireo.in,1,1999,PL1-2406-4
VR890883,C106086,VA-AC-CBL,2024-08-09,Amazon,1,399,CBL-2405-4
VR892178,C104081,VA-HP-ST2,2024-08-09,Amazon,1,4999,ST2-2405-3
VR897231,C108322,VA-AC-CH65,2024-08-09,vireo.in,1,1199,CH65-2406-2
VR899789,C107759,VA-SP-ORB,2024-08-09,Amazon,1,5999,ORB-2406-4
VR899984,C103265,VA-SW-FIT,2024-08-09,Amazon,1,1699,FIT-2405-2
VR902123,C100182,VA-EB-PL1,2024-08-09,vireo.in,1,2499,PL1-2406-3
VR880377,C108575,VA-SP-ORB,2024-08-10,Amazon,1,5399,ORB-2404-1
VR881278,C107396,VA-EB-PL1,2024-08-10,Flipkart,1,2374,PL1-2406-2
VR882228,C105942,VA-SP-ORB,2024-08-10,Amazon,1,5099,ORB-2406-4
VR885356,C101063,VA-SW-FIT,2024-08-10,Amazon,1,1999,FIT-2406-3
VR887767,C101111,VA-EB-PL1,2024-08-10,vireo.in,1,2499,PL1-2404-4
VR887973,C106408,VA-EB-PL1,2024-08-10,vireo.in,1,2374,PL1-2406-2
VR888385,C106089,VA-HP-ST2,2024-08-10,vireo.in,1,3999,ST2-2406-3
VR891782,C105864,VA-EB-PL1,2024-08-10,vireo.in,1,2499,PL1-2407-1
VR892713,C108760,VA-HP-ST2,2024-08-10,vireo.in,1,4499,ST2-2406-3
VR899284,C104321,VA-SW-FIT,2024-08-10,vireo.in,1,1999,FIT-2405-2
VR905825,C100126,VA-SW-NX1,2024-08-10,vireo.in,1,4999,NX1-2407-2
VR907638,C108140,VA-NB-ARC,2024-08-10,vireo.in,1,1169,ARC-2406-1
VR884496,C100637,VA-EB-PL1,2024-08-11,vireo.in,1,2499,PL1-2406-2
VR884649,C107244,VA-SW-FIT,2024-08-11,vireo.in,1,1699,FIT-2407-1
VR891228,C104269,VA-EB-PL1,2024-08-11,Amazon,1,2499,PL1-2407-3
VR892153,C106469,VA-EB-PL1,2024-08-11,vireo.in,1,2124,PL1-2406-3
VR898101,C106095,VA-SW-FIT,2024-08-11,Amazon,1,1999,FIT-2404-3
VR900071,C107839,VA-SW-NX1,2024-08-11,Amazon,1,4249,NX1-2405-2
VR900482,C104629,VA-EB-PL1,2024-08-11,vireo.in,1,2374,PL1-2405-4
VR902143,C108113,VA-EB-PL1,2024-08-11,vireo.in,1,2374,PL1-2404-3
VR905198,C103347,VA-EB-PL1,2024-08-11,vireo.in,1,2499,PL1-2405-3
VR906953,C102545,VA-HP-ST2,2024-08-11,vireo.in,1,4749,ST2-2406-3
VR880720,C103145,VA-EB-PL1,2024-08-12,Amazon,2,4498,PL1-2406-1
VR882699,C105535,VA-SW-FIT,2024-08-12,vireo.in,1,1999,FIT-2406-2
VR885027,C100457,VA-SP-ORB,2024-08-12,vireo.in,1,5399,ORB-2405-3
VR885384,C100593,VA-HP-ST2,2024-08-12,vireo.in,1,4249,ST2-2406-4
VR886205,C103537,VA-NB-ARC,2024-08-12,vireo.in,1,1104,ARC-2406-2
VR886678,C106430,VA-EB-PL1,2024-08-12,Amazon,1,2374,PL1-2407-1
VR892017,C100358,VA-AC-CH65,2024-08-12,Amazon,1,1424,CH65-2406-4
VR896020,C106693,VA-AC-CH65,2024-08-12,Amazon,1,1274,CH65-2405-4
VR896854,C100429,VA-HP-ST2,2024-08-12,vireo.in,1,4499,ST2-2407-2
VR900584,C109071,VA-NB-ARC,2024-08-12,Amazon,1,1169,ARC-2406-2
VR902470,C109413,VA-EB-PL1,2024-08-12,vireo.in,1,2249,PL1-2407-3
VR905709,C100119,VA-EB-PL1,2024-08-12,Flipkart,1,2249,PL1-2407-4
VR906503,C108121,VA-EB-PL1,2024-08-12,vireo.in,1,2499,PL1-2407-3
VR909800,C102465,VA-SW-FIT,2024-08-12,vireo.in,1,1999,FIT-2407-3
VR880382,C102237,VA-HP-ST2,2024-08-13,Flipkart,1,4999,ST2-2406-2
VR888723,C109119,VA-SW-FIT,2024-08-13,vireo.in,1,1999,FIT-2406-2
VR892974,C102370,VA-SW-NX1,2024-08-13,vireo.in,1,4999,NX1-2406-2
VR894057,C101156,VA-EB-PL1,2024-08-13,vireo.in,1,2499,PL1-2405-2
VR896599,C104127,VA-SP-ORB,2024-08-13,Flipkart,1,5999,ORB-2407-1
VR900761,C101733,VA-EB-PL1,2024-08-13,Amazon,1,2374,PL1-2407-1
VR904020,C105768,VA-EB-PL1,2024-08-13,Flipkart,1,2124,PL1-2406-2
VR906168,C104740,VA-HP-ST2,2024-08-13,vireo.in,2,9998,ST2-2406-4
VR907835,C108479,VA-NB-ARC,2024-08-13,vireo.in,1,1104,ARC-2406-1
VR908984,C102943,VA-SW-NX1,2024-08-13,vireo.in,1,4999,NX1-2405-3
VR884343,C107457,VA-EB-PL1,2024-08-14,Amazon,1,2499,PL1-2407-4
VR894351,C102756,VA-AC-CH65,2024-08-14,Amazon,1,1199,CH65-2406-1
VR901885,C102958,VA-HP-ST2,2024-08-14,Flipkart,1,4999,ST2-2404-3
VR904786,C107118,VA-EB-PL1,2024-08-14,Amazon,1,1999,PL1-2406-3
VR886943,C106154,VA-SW-FIT,2024-08-15,vireo.in,1,1699,FIT-2406-1
VR897817,C104611,VA-SW-FIT,2024-08-15,Amazon,1,1599,FIT-2405-4
VR900001,C102716,VA-NB-ARC,2024-08-15,vireo.in,1,1299,ARC-2407-1
VR902103,C109142,VA-EB-PL1,2024-08-15,Amazon,1,2499,PL1-2407-2
VR908762,C102865,VA-SP-ORB,2024-08-15,vireo.in,1,5399,ORB-2405-3
VR880032,C100407,VA-EB-PL1,2024-08-16,Flipkart,1,2499,PL1-2407-2
VR885044,C103154,VA-SW-NX1,2024-08-16,Amazon,1,4749,NX1-2406-3
VR890008,C100859,VA-EB-PL1,2024-08-16,Amazon,1,2499,PL1-2405-1
VR891225,C107128,VA-HP-ST2,2024-08-16,Amazon,2,8998,ST2-2405-2
VR891613,C103628,VA-EB-PL1,2024-08-16,vireo.in,1,2374,PL1-2407-1
VR893375,C105425,VA-EB-PL1,2024-08-16,Amazon,1,2499,PL1-2407-4
VR894643,C107589,VA-SP-ORB,2024-08-16,vireo.in,1,5999,ORB-2407-1
VR901006,C109402,VA-EB-PL1,2024-08-16,vireo.in,1,2124,PL1-2405-1
VR904461,C108963,VA-EB-PL1,2024-08-16,Amazon,1,2374,PL1-2407-1
VR907191,C104474,VA-SW-FIT,2024-08-16,vireo.in,1,1599,FIT-2405-4
VR881000,C102406,VA-AC-CBL,2024-08-17,vireo.in,1,339,CBL-2405-2
VR888301,C106416,VA-SW-NX1,2024-08-17,Amazon,1,4499,NX1-2405-1
VR891244,C105766,VA-EB-PL1,2024-08-17,Amazon,1,1999,PL1-2405-4
VR895031,C104300,VA-EB-PL1,2024-08-17,Amazon,1,1999,PL1-2405-4
VR898043,C105223,VA-SP-ORB,2024-08-17,Flipkart,1,5399,ORB-2406-4
VR901275,C108710,VA-HP-ST2,2024-08-17,vireo.in,1,4749,ST2-2405-2
VR903456,C107560,VA-NB-ARC,2024-08-17,vireo.in,1,1234,ARC-2405-1
VR880054,C106113,VA-SW-FIT,2024-08-18,vireo.in,1,1699,FIT-2406-4
VR883841,C103918,VA-EB-PL1,2024-08-18,Amazon,1,2374,PL1-2405-4
VR883933,C102530,VA-SW-NX1,2024-08-18,vireo.in,1,4249,NX1-2406-2
VR884945,C103821,VA-EB-PL1,2024-08-18,Amazon,1,2499,PL1-2406-4
VR888841,C104638,VA-SW-NX1,2024-08-18,vireo.in,1,4999,NX1-2405-1
VR889464,C102405,VA-NB-ARC,2024-08-18,vireo.in,2,2208,ARC-2405-3
VR894503,C106022,VA-SW-FIT,2024-08-18,vireo.in,1,1999,FIT-2407-2
VR895262,C104285,VA-EB-PL1,2024-08-18,vireo.in,1,1999,PL1-2407-4
VR896977,C102464,VA-NB-ARC,2024-08-18,vireo.in,1,1299,ARC-2406-4
VR898303,C103515,VA-SP-ORB,2024-08-18,Amazon,2,11998,ORB-2406-1
VR881313,C105999,VA-EB-PL1,2024-08-19,Amazon,1,2124,PL1-2407-1
VR883822,C101199,VA-SW-FIT,2024-08-19,vireo.in,1,1899,FIT-2405-4
VR884402,C103316,VA-EB-PL1,2024-08-19,vireo.in,1,1999,PL1-2406-4
VR885777,C108018,VA-NB-ARC,2024-08-19,Amazon,1,1234,ARC-2407-4
VR886543,C107600,VA-SP-ORB,2024-08-19,vireo.in,1,5999,ORB-2405-3
VR887250,C101967,VA-EB-PL1,2024-08-19,vireo.in,1,2124,PL1-2407-1
VR888391,C100631,VA-NB-ARC,2024-08-19,vireo.in,1,1299,ARC-2407-3
VR908359,C100124,VA-NB-ARC,2024-08-19,vireo.in,1,1169,ARC-2406-3
VR880232,C107919,VA-NB-ARC,2024-08-20,Amazon,1,1104,ARC-2407-4
VR880318,C105838,VA-NB-ARC,2024-08-20,Amazon,1,1169,ARC-2406-2
VR887533,C102252,VA-EB-PL1,2024-08-20,vireo.in,1,2499,PL1-2406-3
VR894942,C107165,VA-EB-PL1,2024-08-20,vireo.in,1,2499,PL1-2407-2
VR894951,C105171,VA-EB-PL1,2024-08-20,vireo.in,2,4998,PL1-2405-3
VR901174,C107877,VA-EB-PL1,2024-08-20,vireo.in,2,4748,PL1-2406-1
VR907330,C108458,VA-SW-FIT,2024-08-20,vireo.in,2,3598,FIT-2407-4
VR882881,C104147,VA-HP-ST2,2024-08-21,Amazon,1,4999,ST2-2405-4
VR884468,C106168,VA-EB-PL1,2024-08-21,vireo.in,1,2499,PL1-2405-1
VR894880,C103474,VA-EB-PL1,2024-08-21,vireo.in,1,2499,PL1-2407-2
VR895810,C106869,VA-NB-ARC,2024-08-21,Amazon,1,1104,ARC-2405-2
VR896923,C100983,VA-EB-PL1,2024-08-21,vireo.in,2,4998,PL1-2406-2
VR897899,C103397,VA-EB-PL1,2024-08-21,vireo.in,1,2499,PL1-2406-2
VR902769,C100115,VA-SW-FIT,2024-08-21,Amazon,1,1999,FIT-2405-4
VR909001,C107116,VA-EB-PL1,2024-08-21,vireo.in,1,2124,PL1-2405-1
VR909604,C108131,VA-SW-FIT,2024-08-21,Flipkart,1,1999,FIT-2406-2
VR886603,C103695,VA-EB-PL1,2024-08-22,Amazon,1,2249,PL1-2405-1
VR888635,C100417,VA-NB-ARC,2024-08-22,Amazon,1,1104,ARC-2405-3
VR890158,C108138,VA-HP-ST2,2024-08-22,Flipkart,1,4499,ST2-2406-4
VR890364,C106517,VA-NB-ARC,2024-08-22,Amazon,1,1039,ARC-2407-4
VR893583,C100268,VA-EB-PL1,2024-08-22,vireo.in,1,1999,PL1-2407-4
VR894462,C109039,VA-EB-PL1,2024-08-22,Flipkart,1,2374,PL1-2407-2
VR900120,C109315,VA-SW-FIT,2024-08-22,Flipkart,1,1899,FIT-2407-2
VR902202,C108472,VA-HP-ST2,2024-08-22,Amazon,2,9498,ST2-2405-1
VR882453,C104761,VA-EB-PL1,2024-08-23,vireo.in,1,2124,PL1-2408-2
VR886875,C103019,VA-SW-FIT,2024-08-23,vireo.in,1,1599,FIT-2407-1
VR888183,C105862,VA-SW-NX1,2024-08-23,vireo.in,1,4249,NX1-2407-2
VR880751,C103852,VA-AC-CH65,2024-08-24,vireo.in,1,1199,CH65-2405-4
VR889810,C107848,VA-EB-PL1,2024-08-24,Amazon,2,3998,PL1-2407-2
VR901196,C107382,VA-SW-FIT,2024-08-24,vireo.in,1,1599,FIT-2406-3
VR902153,C103174,VA-SP-ORB,2024-08-24,vireo.in,1,5699,ORB-2406-1
VR902290,C107491,VA-EB-PL1,2024-08-24,vireo.in,1,1999,PL1-2406-2
VR902710,C103517,VA-HP-ST2,2024-08-24,Amazon,1,4999,ST2-2405-2
VR904049,C103553,VA-SP-ORB,2024-08-24,vireo.in,1,5099,ORB-2405-2
VR905123,C103363,VA-AC-CBL,2024-08-24,vireo.in,1,399,CBL-2406-4
VR908309,C101888,VA-EB-PL1,2024-08-24,vireo.in,1,2124,PL1-2405-4
VR893747,C103631,VA-EB-PL1,2024-08-25,vireo.in,1,2374,PL1-2406-1
VR895907,C102984,VA-SP-ORB,2024-08-25,vireo.in,1,5999,ORB-2406-2
VR902729,C105489,VA-SW-NX1,2024-08-25,Amazon,1,4249,NX1-2405-2
VR909564,C101541,VA-HP-ST2,2024-08-25,Amazon,1,4999,ST2-2406-4
VR886097,C101032,VA-SW-NX1,2024-08-26,vireo.in,1,4249,NX1-2406-4
VR888490,C104772,VA-AC-CBL,2024-08-26,Amazon,1,359,CBL-2407-2
VR890453,C100846,VA-EB-PL1,2024-08-26,vireo.in,1,2249,PL1-2407-4
VR893404,C103356,VA-EB-PL1,2024-08-26,Amazon,1,2499,PL1-2407-1
VR905662,C106789,VA-SW-FIT,2024-08-26,vireo.in,1,1699,FIT-2406-3
VR908418,C100465,VA-EB-PL1,2024-08-26,Amazon,1,2499,PL1-2406-1
VR909939,C105103,VA-HP-ST2,2024-08-26,vireo.in,1,4999,ST2-2406-4
VR881981,C108155,VA-NB-ARC,2024-08-27,vireo.in,1,1299,ARC-2407-2
VR885101,C107945,VA-SW-NX1,2024-08-27,Flipkart,1,4999,NX1-2406-4
VR885128,C105146,VA-NB-ARC,2024-08-27,Amazon,1,1234,ARC-2406-2
VR886159,C106986,VA-SP-ORB,2024-08-27,vireo.in,1,5999,ORB-2408-1
VR887563,C106843,VA-AC-CH65,2024-08-27,Flipkart,1,1499,CH65-2408-1
VR903743,C106457,VA-EB-PL1,2024-08-27,Amazon,1,2499,PL1-2407-1
VR906871,C103138,VA-SP-ORB,2024-08-27,Amazon,1,5399,ORB-2406-3
VR909623,C101963,VA-EB-PL1,2024-08-27,vireo.in,1,2374,PL1-2408-1
VR881011,C107450,VA-HP-ST2,2024-08-28,vireo.in,1,4999,ST2-2408-1
VR883534,C107119,VA-SP-ORB,2024-08-28,Amazon,1,4799,ORB-2406-2
VR886183,C107060,VA-EB-PL1,2024-08-28,Flipkart,1,2499,PL1-2406-3
VR886430,C105400,VA-AC-CH65,2024-08-28,Flipkart,1,1499,CH65-2407-2
VR904689,C107096,VA-SP-ORB,2024-08-28,Amazon,1,5099,ORB-2407-4
VR906814,C105968,VA-EB-PL1,2024-08-28,Flipkart,1,2499,PL1-2407-2
VR906930,C108455,VA-EB-PL1,2024-08-28,Flipkart,1,2249,PL1-2405-2
VR890129,C108887,VA-SW-FIT,2024-08-29,vireo.in,1,1999,FIT-2405-1
VR895822,C102954,VA-SW-FIT,2024-08-29,vireo.in,1,1999,FIT-2407-2
VR896987,C100182,VA-SW-FIT,2024-08-29,Amazon,1,1999,FIT-2406-4
VR898847,C108008,VA-SP-ORB,2024-08-29,Amazon,1,5999,ORB-2405-4
VR905846,C103567,VA-NB-ARC,2024-08-29,Amazon,1,1299,ARC-2406-1
VR884205,C100258,VA-SW-FIT,2024-08-30,vireo.in,1,1999,FIT-2408-3
VR893313,C109098,VA-EB-PL1,2024-08-30,Amazon,1,1999,PL1-2406-3
VR897036,C105589,VA-SW-NX1,2024-08-30,vireo.in,1,4499,NX1-2406-2
VR905336,C103303,VA-SP-ORB,2024-08-30,Amazon,1,5999,ORB-2405-2
VR884465,C107155,VA-AC-CH65,2024-08-31,Amazon,1,1349,CH65-2406-4
VR885857,C102824,VA-EB-PL1,2024-08-31,vireo.in,1,2499,PL1-2406-2
VR886761,C109214,VA-AC-CBL,2024-08-31,Flipkart,2,718,CBL-2405-2
VR891212,C100413,VA-SW-NX1,2024-08-31,vireo.in,1,4999,NX1-2407-3
VR897528,C101716,VA-EB-PL1,2024-08-31,Amazon,1,2499,PL1-2406-1
VR889236,C108194,VA-EB-PL1,2024-09-01,Flipkart,1,2374,PL1-2406-3
VR894125,C107094,VA-HP-ST2,2024-09-01,vireo.in,1,4999,ST2-2408-3
VR896347,C109484,VA-SW-FIT,2024-09-01,Amazon,1,1999,FIT-2407-1
VR899588,C108493,VA-EB-PL1,2024-09-01,Amazon,1,2249,PL1-2407-4
VR905391,C106902,VA-SW-FIT,2024-09-01,vireo.in,2,3998,FIT-2406-2
VR906309,C106988,VA-SW-FIT,2024-09-01,Flipkart,1,1999,FIT-2407-1
VR907945,C107500,VA-SW-FIT,2024-09-01,vireo.in,1,1899,FIT-2406-3
VR908130,C107351,VA-EB-PL1,2024-09-01,Amazon,1,2249,PL1-2405-1
VR885831,C102523,VA-EB-PL1,2024-09-02,vireo.in,1,2499,PL1-2407-2
VR896242,C103538,VA-EB-PL1,2024-09-02,vireo.in,1,2499,PL1-2407-1
VR903563,C108632,VA-AC-CH65,2024-09-02,vireo.in,1,1499,CH65-2406-1
VR905433,C104829,VA-NB-ARC,2024-09-02,Amazon,1,1039,ARC-2408-4
VR908668,C104815,VA-EB-PL1,2024-09-02,Flipkart,2,4498,PL1-2408-2
VR908941,C105804,VA-EB-PL1,2024-09-02,vireo.in,1,2249,PL1-2407-2
VR883465,C103865,VA-EB-PL1,2024-09-03,vireo.in,2,4998,PL1-2408-2
VR885317,C108946,VA-SP-ORB,2024-09-03,Amazon,1,5399,ORB-2407-1
VR886608,C103133,VA-AC-CH65,2024-09-03,Flipkart,1,1424,CH65-2408-3
VR887338,C104514,VA-EB-PL1,2024-09-03,Amazon,1,2374,PL1-2406-1
VR890284,C102809,VA-EB-PL1,2024-09-03,Amazon,1,2249,PL1-2407-4
VR895824,C102848,VA-SP-ORB,2024-09-03,vireo.in,1,5999,ORB-2407-4
VR900752,C109395,VA-SW-NX1,2024-09-03,vireo.in,1,4499,NX1-2405-2
VR901640,C104092,VA-EB-PL1,2024-09-03,vireo.in,1,2499,PL1-2407-2
VR905940,C103975,VA-NB-ARC,2024-09-03,vireo.in,1,1234,ARC-2406-2
VR882069,C106366,VA-EB-PL1,2024-09-04,Amazon,1,1999,PL1-2405-1
VR885292,C102871,VA-EB-PL1,2024-09-04,vireo.in,1,2499,PL1-2405-2
VR886580,C103658,VA-SW-NX1,2024-09-04,vireo.in,1,4749,NX1-2406-2
VR888072,C101735,VA-SW-FIT,2024-09-04,vireo.in,1,1999,FIT-2407-3
VR891671,C107470,VA-HP-ST2,2024-09-04,vireo.in,1,3999,ST2-2405-2
VR895287,C100798,VA-SP-ORB,2024-09-04,vireo.in,1,5999,ORB-2407-3
VR895479,C108776,VA-SP-ORB,2024-09-04,Amazon,1,5399,ORB-2408-3
VR902063,C109142,VA-HP-ST2,2024-09-04,Flipkart,1,4999,ST2-2405-1
VR908890,C102233,VA-NB-ARC,2024-09-04,vireo.in,1,1169,ARC-2406-3
VR880403,C107542,VA-SP-ORB,2024-09-05,vireo.in,1,5699,ORB-2407-3
VR880564,C104067,VA-HP-ST2,2024-09-05,vireo.in,1,3999,ST2-2406-3
VR884686,C100870,VA-HP-ST2,2024-09-05,Amazon,1,4249,ST2-2408-3
VR887887,C108555,VA-EB-PL1,2024-09-05,vireo.in,1,2249,PL1-2406-3
VR890681,C108857,VA-NB-ARC,2024-09-05,Amazon,1,1234,ARC-2408-1
VR894189,C109034,VA-SW-FIT,2024-09-05,Amazon,1,1999,FIT-2408-1
VR897266,C100556,VA-SW-FIT,2024-09-05,vireo.in,1,1899,FIT-2407-4
VR898421,C106795,VA-AC-CH65,2024-09-05,Amazon,1,1349,CH65-2407-4
VR907943,C105590,VA-EB-PL1,2024-09-05,Amazon,1,2249,PL1-2406-3
VR880453,C108068,VA-SW-FIT,2024-09-06,vireo.in,1,1599,FIT-2407-4
VR891538,C103210,VA-EB-PL1,2024-09-06,vireo.in,1,2374,PL1-2405-2
VR896518,C103864,VA-SW-FIT,2024-09-06,vireo.in,1,1599,FIT-2406-3
VR898269,C104441,VA-EB-PL1,2024-09-06,Amazon,1,2374,PL1-2406-1
VR902668,C103287,VA-EB-PL1,2024-09-06,Amazon,1,2499,PL1-2406-1
VR905005,C108191,VA-EB-PL1,2024-09-06,vireo.in,1,1999,PL1-2408-3
VR906297,C100182,VA-HP-ST2,2024-09-06,Flipkart,1,4999,ST2-2407-4
VR908831,C108922,VA-SW-FIT,2024-09-06,vireo.in,1,1899,FIT-2407-3
VR883704,C105692,VA-SP-ORB,2024-09-07,Flipkart,1,5999,ORB-2407-1
VR883729,C101928,VA-EB-PL1,2024-09-07,vireo.in,1,2249,PL1-2406-1
VR884739,C106665,VA-AC-CH65,2024-09-07,vireo.in,1,1199,CH65-2407-2
VR888703,C105990,VA-SP-ORB,2024-09-07,Flipkart,1,5099,ORB-2406-2
VR897859,C105726,VA-SW-FIT,2024-09-07,Flipkart,1,1799,FIT-2408-3
VR906249,C106058,VA-SW-FIT,2024-09-07,vireo.in,1,1999,FIT-2407-4
VR881775,C103303,VA-HP-ST2,2024-09-08,Flipkart,1,4749,ST2-2405-4
VR883698,C105585,VA-NB-ARC,2024-09-08,Amazon,1,1299,ARC-2406-3
VR886585,C104375,VA-NB-ARC,2024-09-08,Amazon,1,1039,ARC-2406-1
VR886679,C109243,VA-AC-CBL,2024-09-08,vireo.in,1,399,CBL-2408-2
VR891362,C104787,VA-EB-PL1,2024-09-08,vireo.in,2,4998,PL1-2408-1
VR894740,C102521,VA-SW-FIT,2024-09-08,vireo.in,1,1999,FIT-2408-3
VR896816,C105097,VA-EB-PL1,2024-09-08,Amazon,1,2499,PL1-2406-4
VR899319,C106662,VA-SP-ORB,2024-09-08,vireo.in,2,11398,ORB-2408-1
VR904435,C100560,VA-EB-PL1,2024-09-08,Amazon,2,3998,PL1-2407-2
VR907255,C107968,VA-EB-PL1,2024-09-08,vireo.in,1,2124,PL1-2406-3
VR908819,C106167,VA-EB-PL1,2024-09-08,Amazon,1,2499,PL1-2408-4
VR883687,C108324,VA-EB-PL1,2024-09-09,Flipkart,1,2499,PL1-2407-1
VR884705,C101371,VA-SW-NX1,2024-09-09,Flipkart,1,4249,NX1-2406-1
VR885841,C104188,VA-NB-ARC,2024-09-09,Amazon,1,1299,ARC-2406-1
VR897448,C105981,VA-SW-FIT,2024-09-09,vireo.in,1,1899,FIT-2406-4
VR905962,C107750,VA-SW-FIT,2024-09-09,Amazon,1,1999,FIT-2407-4
VR909361,C104091,VA-SW-FIT,2024-09-09,Amazon,1,1999,FIT-2406-4
VR881365,C101399,VA-SW-FIT,2024-09-10,vireo.in,1,1799,FIT-2407-2
VR882370,C103385,VA-EB-PL1,2024-09-10,vireo.in,1,2499,PL1-2408-3
VR883734,C105139,VA-NB-ARC,2024-09-10,vireo.in,1,1169,ARC-2406-3
VR889920,C106063,VA-EB-AIR,2024-09-10,vireo.in,1,1799,AIR-2408-3
VR891581,C107320,VA-EB-PL1,2024-09-10,vireo.in,1,2374,PL1-2407-4
VR893301,C108015,VA-SP-ORB,2024-09-10,vireo.in,1,5999,ORB-2408-1
VR895437,C108722,VA-SW-NX1,2024-09-10,Flipkart,1,4499,NX1-2406-1
VR898084,C104444,VA-EB-AIR,2024-09-10,vireo.in,1,1709,AIR-2407-4
VR904039,C108243,VA-SP-ORB,2024-09-10,Flipkart,1,5999,ORB-2407-4
VR904946,C105535,VA-SW-NX1,2024-09-10,vireo.in,1,4749,NX1-2407-2
VR907506,C100653,VA-NB-ARC,2024-09-10,Amazon,1,1104,ARC-2407-4
VR883057,C102000,VA-SW-NX1,2024-09-11,Amazon,1,4499,NX1-2408-3
VR883892,C108881,VA-EB-PL1,2024-09-11,vireo.in,2,3998,PL1-2406-2
VR888310,C105287,VA-SW-NX1,2024-09-11,vireo.in,1,4999,NX1-2408-2
VR888601,C107126,VA-EB-AIR,2024-09-11,vireo.in,1,1439,AIR-2407-1
VR889461,C103537,VA-EB-PL1,2024-09-11,vireo.in,1,2499,PL1-2408-2
VR892669,C106288,VA-EB-AIR,2024-09-11,Amazon,1,1799,AIR-2405-1
VR894709,C107291,VA-AC-CH65,2024-09-11,Flipkart,1,1499,CH65-2407-4
VR896895,C106510,VA-SW-FIT,2024-09-11,vireo.in,1,1999,FIT-2407-4
VR899113,C102026,VA-EB-PL1,2024-09-11,Flipkart,1,2499,PL1-2408-1
VR902164,C105965,VA-EB-PL1,2024-09-11,Amazon,1,2499,PL1-2406-3
VR902686,C108361,VA-EB-PL1,2024-09-11,Amazon,1,1999,PL1-2408-4
VR902922,C105820,VA-HP-ST2,2024-09-11,Amazon,1,3999,ST2-2408-2
VR908600,C105723,VA-SW-FIT,2024-09-11,vireo.in,1,1999,FIT-2406-2
VR881708,C100999,VA-EB-AIR,2024-09-12,Flipkart,1,1799,AIR-2407-4
VR887125,C102636,VA-EB-AIR,2024-09-12,vireo.in,1,1799,AIR-2407-4
VR887884,C103152,VA-HP-ST2,2024-09-12,vireo.in,2,9998,ST2-2407-2
VR887938,C100829,VA-SW-NX1,2024-09-12,vireo.in,1,4499,NX1-2407-4
VR888411,C100200,VA-SP-ORB,2024-09-12,vireo.in,1,5099,ORB-2406-2
VR889127,C100842,VA-SW-NX1,2024-09-12,Flipkart,1,4499,NX1-2405-4
VR895559,C103777,VA-EB-AIR,2024-09-12,vireo.in,1,1529,AIR-2408-1
VR897726,C106954,VA-EB-AIR,2024-09-12,Flipkart,1,1799,AIR-2407-3
VR903473,C101296,VA-SP-ORB,2024-09-12,Amazon,1,4799,ORB-2408-4
VR904822,C109096,VA-SP-ORB,2024-09-12,Flipkart,1,5999,ORB-2406-4
VR906240,C102355,VA-NB-ARC,2024-09-12,vireo.in,1,1234,ARC-2406-2
VR907441,C102228,VA-NB-ARC,2024-09-12,vireo.in,1,1299,ARC-2408-1
VR881807,C104845,VA-HP-ST2,2024-09-13,vireo.in,1,4749,ST2-2406-4
VR882379,C100364,VA-EB-AIR,2024-09-13,Amazon,2,3238,AIR-2406-3
VR883700,C105906,VA-EB-AIR,2024-09-13,Amazon,1,1799,AIR-2405-4
VR891326,C107959,VA-SP-ORB,2024-09-13,vireo.in,1,5999,ORB-2407-2
VR893284,C105762,VA-EB-PL1,2024-09-13,Amazon,1,2249,PL1-2407-3
VR893869,C101335,VA-EB-AIR,2024-09-13,vireo.in,1,1799,AIR-2408-3
VR896748,C107035,VA-SW-NX1,2024-09-13,Amazon,1,4999,NX1-2406-2
VR899529,C102067,VA-EB-AIR,2024-09-13,Amazon,1,1439,AIR-2406-2
VR902505,C101903,VA-EB-AIR,2024-09-13,vireo.in,1,1799,AIR-2408-3
VR903214,C105098,VA-EB-AIR,2024-09-13,Amazon,1,1799,AIR-2406-4
VR904136,C102051,VA-EB-PL1,2024-09-13,Amazon,1,1999,PL1-2407-2
VR906797,C101248,VA-EB-PL1,2024-09-13,Amazon,1,2124,PL1-2408-3
VR908924,C108166,VA-EB-PL1,2024-09-13,Amazon,1,1999,PL1-2406-2
VR882084,C108218,VA-SW-FIT,2024-09-14,Amazon,1,1999,FIT-2408-4
VR885941,C107738,VA-SP-ORB,2024-09-14,vireo.in,1,5699,ORB-2407-1
VR886815,C105529,VA-SW-FIT,2024-09-14,Flipkart,1,1799,FIT-2406-4
VR887132,C100261,VA-SP-ORB,2024-09-14,vireo.in,1,5999,ORB-2406-2
VR898249,C103567,VA-EB-AIR,2024-09-14,Amazon,1,1529,AIR-2408-4
VR898372,C105810,VA-SW-NX1,2024-09-14,Flipkart,1,4999,NX1-2407-1
VR898888,C105151,VA-SW-FIT,2024-09-14,vireo.in,1,1999,FIT-2407-1
VR899158,C105114,VA-HP-ST2,2024-09-14,vireo.in,1,4999,ST2-2406-1
VR900139,C107014,VA-EB-AIR,2024-09-14,Flipkart,1,1619,AIR-2408-1
VR902613,C105118,VA-EB-PL1,2024-09-14,vireo.in,1,2499,PL1-2406-4
VR905065,C107362,VA-SW-FIT,2024-09-14,vireo.in,2,3798,FIT-2407-3
VR905322,C107453,VA-EB-AIR,2024-09-14,vireo.in,1,1799,AIR-2408-1
VR884000,C104220,VA-EB-AIR,2024-09-15,vireo.in,1,1439,AIR-2405-4
VR884558,C100805,VA-EB-AIR,2024-09-15,vireo.in,1,1529,AIR-2407-3
VR886343,C100178,VA-SP-ORB,2024-09-15,Amazon,1,5099,ORB-2406-4
VR895347,C105829,VA-EB-PL1,2024-09-15,Amazon,1,2249,PL1-2406-3
VR900341,C107505,VA-EB-AIR,2024-09-15,Flipkart,1,1799,AIR-2405-1
VR901543,C104391,VA-SW-FIT,2024-09-15,Amazon,1,1799,FIT-2408-4
VR907327,C100152,VA-HP-ST2,2024-09-15,Amazon,1,4999,ST2-2407-2
VR908985,C102974,VA-NB-ARC,2024-09-15,vireo.in,1,1039,ARC-2408-4
VR880160,C103370,VA-SW-FIT,2024-09-16,vireo.in,1,1799,FIT-2407-4
VR885125,C105703,VA-NB-ARC,2024-09-16,Flipkart,1,1234,ARC-2407-3
VR885448,C106719,VA-SP-ORB,2024-09-16,vireo.in,1,5099,ORB-2408-1
VR891621,C106206,VA-EB-PL1,2024-09-16,vireo.in,1,2124,PL1-2408-3
VR899219,C105730,VA-EB-PL1,2024-09-16,Flipkart,1,2124,PL1-2408-1
VR906918,C100206,VA-EB-PL1,2024-09-16,Amazon,1,2124,PL1-2407-2
VR907358,C101641,VA-SW-NX1,2024-09-16,Amazon,1,4249,NX1-2407-2
VR909912,C107239,VA-EB-PL1,2024-09-16,vireo.in,2,4998,PL1-2407-2
VR887413,C103367,VA-EB-PL1,2024-09-17,vireo.in,1,2499,PL1-2408-4
VR887765,C103010,VA-EB-PL1,2024-09-17,vireo.in,1,2374,PL1-2408-1
VR888144,C103137,VA-SP-ORB,2024-09-17,Amazon,1,5699,ORB-2407-3
VR890207,C109071,VA-EB-PL1,2024-09-17,Amazon,1,2374,PL1-2407-4
VR899970,C107386,VA-SP-ORB,2024-09-17,vireo.in,1,5099,ORB-2407-4
VR901358,C106295,VA-EB-PL1,2024-09-17,Flipkart,1,2499,PL1-2407-4
VR903645,C105778,VA-SW-NX1,2024-09-17,Amazon,1,4999,NX1-2408-4
VR905979,C103787,VA-EB-AIR,2024-09-17,vireo.in,1,1439,AIR-2408-1
VR909545,C105129,VA-EB-PL1,2024-09-17,Amazon,1,2499,PL1-2406-2
VR882473,C107836,VA-NB-ARC,2024-09-18,vireo.in,1,1299,ARC-2407-1
VR883331,C101832,VA-SW-FIT,2024-09-18,vireo.in,1,1999,FIT-2407-4
VR884887,C108551,VA-EB-AIR,2024-09-18,vireo.in,1,1709,AIR-2406-3
VR896922,C106417,VA-EB-PL1,2024-09-18,Amazon,1,2499,PL1-2406-3
VR900958,C100041,VA-EB-AIR,2024-09-18,vireo.in,1,1529,AIR-2408-1
VR880716,C101639,VA-EB-PL1,2024-09-19,vireo.in,1,2499,PL1-2408-2
VR882367,C100262,VA-AC-CH65,2024-09-19,vireo.in,1,1274,CH65-2407-3
VR882759,C102013,VA-AC-CBL,2024-09-19,Amazon,2,718,CBL-2407-2
VR883659,C108044,VA-EB-PL1,2024-09-19,vireo.in,1,1999,PL1-2406-4
VR885341,C104137,VA-HP-ST2,2024-09-19,vireo.in,1,4999,ST2-2407-3
VR885372,C103164,VA-EB-AIR,2024-09-19,vireo.in,1,1709,AIR-2407-2
VR891426,C105698,VA-SW-FIT,2024-09-19,vireo.in,1,1699,FIT-2406-1
VR891838,C101807,VA-EB-PL1,2024-09-19,vireo.in,1,1999,PL1-2406-2
VR894407,C104463,VA-NB-ARC,2024-09-19,Flipkart,1,1299,ARC-2407-4
VR896183,C108180,VA-SW-NX1,2024-09-19,vireo.in,1,4749,NX1-2407-2
VR898127,C102763,VA-EB-AIR,2024-09-19,Flipkart,1,1799,AIR-2406-2
VR901093,C108597,VA-EB-PL1,2024-09-19,Amazon,1,2499,PL1-2408-2
VR903026,C105746,VA-EB-PL1,2024-09-19,Flipkart,1,2499,PL1-2406-4
VR908574,C101474,VA-EB-PL1,2024-09-19,vireo.in,1,2499,PL1-2408-2
VR881809,C108513,VA-SW-NX1,2024-09-20,Flipkart,1,4999,NX1-2407-4
VR883592,C102049,VA-HP-ST2,2024-09-20,Amazon,2,8498,ST2-2407-2
VR884259,C107075,VA-SW-FIT,2024-09-20,Flipkart,1,1999,FIT-2407-4
VR889210,C103335,VA-EB-AIR,2024-09-20,Flipkart,1,1799,AIR-2406-2
VR889985,C109254,VA-EB-AIR,2024-09-20,vireo.in,1,1799,AIR-2406-4
VR890909,C103531,VA-EB-PL1,2024-09-20,vireo.in,1,2499,PL1-2406-3
VR896298,C106224,VA-EB-PL1,2024-09-20,vireo.in,1,2124,PL1-2407-3
VR902210,C100174,VA-EB-PL1,2024-09-20,vireo.in,1,2499,PL1-2406-3
VR904365,C100229,VA-SW-FIT,2024-09-20,Amazon,1,1999,FIT-2406-2
VR909115,C106296,VA-AC-CBL,2024-09-20,Amazon,1,379,CBL-2407-3
VR882388,C105893,VA-SW-FIT,2024-09-21,Flipkart,1,1999,FIT-2406-4
VR886596,C106573,VA-SP-ORB,2024-09-21,vireo.in,1,5099,ORB-2407-2
VR896569,C102786,VA-EB-PL1,2024-09-21,vireo.in,1,2499,PL1-2407-2
VR897676,C101453,VA-NB-ARC,2024-09-21,vireo.in,1,1169,ARC-2407-1
VR898123,C105769,VA-EB-PL1,2024-09-21,vireo.in,1,2374,PL1-2408-2
VR899901,C101238,VA-AC-CH65,2024-09-21,Amazon,1,1199,CH65-2407-3
VR901070,C103941,VA-NB-ARC,2024-09-21,vireo.in,1,1104,ARC-2408-3
VR904749,C108209,VA-SW-NX1,2024-09-21,vireo.in,1,4999,NX1-2408-1
VR905394,C104019,VA-HP-ST2,2024-09-21,vireo.in,1,3999,ST2-2407-1
VR907517,C102665,VA-AC-CBL,2024-09-21,Amazon,1,379,CBL-2406-1
VR907778,C104641,VA-HP-ST2,2024-09-21,vireo.in,1,4999,ST2-2408-3
VR887445,C106089,VA-EB-PL1,2024-09-22,vireo.in,1,2499,PL1-2408-3
VR887926,C107439,VA-NB-ARC,2024-09-22,Amazon,1,1299,ARC-2406-4
VR890590,C100703,VA-SW-FIT,2024-09-22,Amazon,1,1899,FIT-2408-2
VR897321,C100577,VA-EB-PL1,2024-09-22,vireo.in,1,2499,PL1-2408-1
VR898373,C109387,VA-EB-PL1,2024-09-22,vireo.in,1,2499,PL1-2407-1
VR902043,C104246,VA-EB-AIR,2024-09-22,vireo.in,1,1709,AIR-2408-3
VR902781,C108516,VA-NB-ARC,2024-09-22,vireo.in,1,1104,ARC-2406-2
VR905772,C101180,VA-SW-NX1,2024-09-22,vireo.in,1,4749,NX1-2408-4
VR908367,C104578,VA-SW-FIT,2024-09-22,Flipkart,1,1999,FIT-2408-3
VR908452,C101969,VA-HP-ST2,2024-09-22,Amazon,1,4249,ST2-2407-1
VR881030,C105757,VA-EB-AIR,2024-09-23,Flipkart,1,1799,AIR-2407-3
VR886305,C109338,VA-EB-AIR,2024-09-23,vireo.in,1,1799,AIR-2407-2
VR888898,C107561,VA-AC-CH65,2024-09-23,vireo.in,1,1424,CH65-2406-3
VR889152,C108100,VA-SP-ORB,2024-09-23,vireo.in,1,5999,ORB-2406-1
VR889371,C109220,VA-EB-AIR,2024-09-23,Flipkart,1,1799,AIR-2408-2
VR894224,C103197,VA-EB-PL1,2024-09-23,vireo.in,2,4998,PL1-2406-2
VR894893,C102697,VA-SP-ORB,2024-09-23,Amazon,1,5399,ORB-2407-3
VR896560,C103863,VA-NB-ARC,2024-09-23,Amazon,1,1299,ARC-2408-2
VR897872,C105336,VA-EB-PL1,2024-09-23,Amazon,1,2374,PL1-2409-1
VR898771,C106250,VA-SP-ORB,2024-09-23,vireo.in,1,4799,ORB-2407-1
VR905834,C103494,VA-EB-PL1,2024-09-23,Amazon,1,2374,PL1-2408-2
VR889859,C106420,VA-AC-CBL,2024-09-24,vireo.in,1,399,CBL-2408-4
VR893980,C104015,VA-SP-ORB,2024-09-24,vireo.in,1,4799,ORB-2408-1
VR898100,C101784,VA-EB-PL1,2024-09-24,vireo.in,1,2499,PL1-2408-3
VR898681,C100781,VA-EB-PL1,2024-09-24,vireo.in,1,2374,PL1-2406-3
VR899486,C102689,VA-EB-PL1,2024-09-24,vireo.in,1,2124,PL1-2407-1
VR902137,C100926,VA-NB-ARC,2024-09-24,vireo.in,1,1299,ARC-2407-4
VR906431,C108676,VA-AC-CH65,2024-09-24,Flipkart,1,1274,CH65-2408-4
VR882719,C101945,VA-EB-AIR,2024-09-25,Amazon,1,1799,AIR-2407-3
VR886050,C101535,VA-EB-PL1,2024-09-25,Amazon,1,2374,PL1-2407-3
VR886210,C107784,VA-EB-AIR,2024-09-25,vireo.in,1,1709,AIR-2408-2
VR896443,C103392,VA-EB-PL1,2024-09-25,Flipkart,1,2499,PL1-2407-3
VR896464,C108049,VA-EB-PL1,2024-09-25,vireo.in,1,1999,PL1-2407-2
VR897180,C106458,VA-SP-ORB,2024-09-25,vireo.in,1,5999,ORB-2407-3
VR898443,C106626,VA-AC-CH65,2024-09-25,vireo.in,1,1349,CH65-2408-2
VR898894,C104831,VA-HP-ST2,2024-09-25,Amazon,1,4749,ST2-2408-3
VR899349,C107182,VA-EB-PL1,2024-09-25,vireo.in,2,4498,PL1-2408-1
VR900157,C100764,VA-SW-FIT,2024-09-25,vireo.in,1,1599,FIT-2408-3
VR900663,C107833,VA-NB-ARC,2024-09-25,Amazon,1,1039,ARC-2406-2
VR904251,C104851,VA-SP-ORB,2024-09-25,vireo.in,1,5699,ORB-2409-1
VR905667,C108765,VA-SP-ORB,2024-09-25,vireo.in,1,5999,ORB-2407-2
VR906375,C101328,VA-SP-ORB,2024-09-25,vireo.in,1,5999,ORB-2408-1
VR908056,C103789,VA-SW-FIT,2024-09-25,vireo.in,1,1999,FIT-2408-1
VR885585,C103530,VA-SP-ORB,2024-09-26,vireo.in,1,4799,ORB-2407-2
VR888324,C104061,VA-EB-PL1,2024-09-26,vireo.in,1,1999,PL1-2407-3
VR895293,C104275,VA-HP-ST2,2024-09-26,vireo.in,1,4249,ST2-2407-4
VR901894,C108887,VA-EB-AIR,2024-09-26,Amazon,1,1799,AIR-2406-4
VR906668,C102107,VA-EB-PL1,2024-09-26,Flipkart,1,2499,PL1-2406-2
VR908579,C105609,VA-EB-AIR,2024-09-26,Amazon,1,1799,AIR-2407-2
VR908766,C103928,VA-EB-PL1,2024-09-26,vireo.in,1,2499,PL1-2407-2
VR883033,C104708,VA-SW-FIT,2024-09-27,vireo.in,1,1799,FIT-2408-1
VR889005,C103494,VA-EB-PL1,2024-09-27,vireo.in,1,2124,PL1-2409-3
VR891189,C101477,VA-EB-PL1,2024-09-27,Amazon,1,2249,PL1-2408-4
VR899750,C100023,VA-NB-ARC,2024-09-27,Flipkart,2,2338,ARC-2406-1
VR906543,C104593,VA-NB-ARC,2024-09-27,vireo.in,1,1299,ARC-2407-1
VR908160,C108083,VA-HP-ST2,2024-09-27,vireo.in,1,4749,ST2-2406-4
VR908745,C106469,VA-EB-PL1,2024-09-27,vireo.in,1,2249,PL1-2406-3
VR880513,C105500,VA-EB-PL1,2024-09-28,vireo.in,1,2499,PL1-2406-4
VR886858,C107553,VA-EB-PL1,2024-09-28,Amazon,1,2249,PL1-2408-1
VR896259,C109296,VA-EB-PL1,2024-09-28,vireo.in,1,1999,PL1-2406-3
VR901242,C108719,VA-SW-FIT,2024-09-28,Amazon,1,1999,FIT-2406-4
VR902442,C107968,VA-SW-NX1,2024-09-28,vireo.in,1,4249,NX1-2408-3
VR903314,C102332,VA-EB-AIR,2024-09-28,Flipkart,1,1619,AIR-2407-4
VR904653,C102074,VA-NB-ARC,2024-09-28,Flipkart,1,1234,ARC-2407-1
VR904675,C107646,VA-EB-PL1,2024-09-28,Amazon,1,2499,PL1-2408-3
VR908812,C109243,VA-EB-AIR,2024-09-28,vireo.in,1,1439,AIR-2408-1
VR882495,C108552,VA-SW-FIT,2024-09-29,vireo.in,1,1599,FIT-2408-4
VR885000,C101118,VA-AC-CBL,2024-09-29,Amazon,1,399,CBL-2408-2
VR885232,C100288,VA-SP-ORB,2024-09-29,vireo.in,1,5399,ORB-2406-1
VR891649,C104363,VA-NB-ARC,2024-09-29,vireo.in,1,1299,ARC-2407-2
VR893428,C109488,VA-EB-PL1,2024-09-29,vireo.in,2,4498,PL1-2406-1
VR897052,C100164,VA-SW-FIT,2024-09-29,vireo.in,1,1599,FIT-2409-3
VR900479,C104760,VA-NB-ARC,2024-09-29,vireo.in,2,2338,ARC-2407-3
VR904498,C104484,VA-SW-NX1,2024-09-29,vireo.in,2,7998,NX1-2407-2
VR907299,C108284,VA-SP-ORB,2024-09-29,Amazon,1,5099,ORB-2406-1
VR907901,C107031,VA-SW-FIT,2024-09-29,Amazon,1,1999,FIT-2406-4
VR909105,C101244,VA-SP-ORB,2024-09-29,vireo.in,1,4799,ORB-2406-1
VR891773,C103249,VA-SW-FIT,2024-09-30,vireo.in,1,1599,FIT-2408-1
VR891857,C107712,VA-EB-AIR,2024-09-30,vireo.in,1,1529,AIR-2408-1
VR892994,C105745,VA-EB-AIR,2024-09-30,vireo.in,2,3598,AIR-2407-2
VR894977,C103562,VA-EB-AIR,2024-09-30,Amazon,1,1799,AIR-2409-3
VR895872,C107578,VA-EB-PL1,2024-09-30,Flipkart,1,2499,PL1-2406-3
VR896339,C100905,VA-SW-FIT,2024-09-30,Amazon,1,1699,FIT-2407-4
VR907560,C102023,VA-SW-FIT,2024-09-30,Amazon,2,3598,FIT-2409-3
VR881566,C106237,VA-EB-PL1,2024-10-01,vireo.in,1,1999,PL1-2407-4
VR882344,C106191,VA-EB-AIR,2024-10-01,vireo.in,1,1439,AIR-2408-4
VR884172,C100936,VA-EB-AIR,2024-10-01,vireo.in,1,1799,AIR-2406-3
VR885298,C104701,VA-EB-AIR,2024-10-01,vireo.in,1,1439,AIR-2408-1
VR888520,C101822,VA-HP-ST2,2024-10-01,vireo.in,1,4999,ST2-2408-1
VR889170,C109188,VA-EB-PL1,2024-10-01,vireo.in,1,2499,PL1-2407-3
VR889307,C107699,VA-NB-ARC,2024-10-01,Amazon,1,1299,ARC-2408-4
VR889811,C100740,VA-SW-FIT,2024-10-01,Amazon,1,1899,FIT-2407-1
VR890839,C106765,VA-EB-PL1,2024-10-01,vireo.in,1,2499,PL1-2407-3
VR891757,C105456,VA-EB-PL1,2024-10-01,Flipkart,1,2499,PL1-2408-1
VR892548,C101445,VA-SP-ORB,2024-10-01,vireo.in,1,5999,ORB-2408-4
VR895690,C108652,VA-EB-PL1,2024-10-01,vireo.in,1,2499,PL1-2407-1
VR898567,C103503,VA-NB-ARC,2024-10-01,vireo.in,2,2598,ARC-2406-2
VR901020,C109023,VA-AC-CH65,2024-10-01,Flipkart,1,1499,CH65-2407-4
VR901305,C100877,VA-SP-ORB,2024-10-01,Amazon,1,5999,ORB-2407-1
VR909632,C100376,VA-SP-ORB,2024-10-01,Amazon,1,5399,ORB-2408-1
VR909898,C103244,VA-HP-ST2,2024-10-01,vireo.in,2,8498,ST2-2408-4
VR880386,C107020,VA-EB-AIR,2024-10-02,vireo.in,1,1799,AIR-2406-3
VR889931,C100919,VA-EB-AIR,2024-10-02,vireo.in,1,1799,AIR-2409-3
VR892812,C100680,VA-SW-NX1,2024-10-02,Amazon,2,9998,NX1-2406-4
VR901950,C105847,VA-EB-AIR,2024-10-02,vireo.in,1,1529,AIR-2407-4
VR906246,C100321,VA-SP-ORB,2024-10-02,vireo.in,1,4799,ORB-2409-3
VR907648,C102474,VA-EB-AIR,2024-10-02,vireo.in,1,1619,AIR-2407-2
VR880184,C100902,VA-SP-ORB,2024-10-03,vireo.in,1,5999,ORB-2408-3
VR883180,C109445,VA-SP-ORB,2024-10-03,vireo.in,1,5699,ORB-2406-2
VR884661,C107848,VA-EB-AIR,2024-10-03,Flipkart,1,1709,AIR-2408-1
VR892559,C106701,VA-EB-AIR,2024-10-03,vireo.in,2,3598,AIR-2409-2
VR895877,C101345,VA-HP-ST2,2024-10-03,Amazon,1,4999,ST2-2408-1
VR897111,C106663,VA-EB-AIR,2024-10-03,vireo.in,1,1709,AIR-2409-4
VR902174,C104028,VA-AC-CH65,2024-10-03,vireo.in,1,1274,CH65-2409-4
VR902716,C108074,VA-HP-ST2,2024-10-03,Amazon,1,3999,ST2-2407-1
VR906378,C102767,VA-EB-AIR,2024-10-03,vireo.in,1,1439,AIR-2409-1
VR880987,C104356,VA-EB-PL1,2024-10-04,vireo.in,1,2249,PL1-2406-3
VR884943,C109391,VA-EB-PL1,2024-10-04,vireo.in,1,2499,PL1-2409-1
VR885029,C108205,VA-EB-AIR,2024-10-04,Flipkart,1,1799,AIR-2406-1
VR886145,C101333,VA-HP-ST2,2024-10-04,vireo.in,1,3999,ST2-2406-4
VR888312,C104823,VA-EB-AIR,2024-10-04,vireo.in,1,1799,AIR-2408-4
VR889428,C104511,VA-AC-CH65,2024-10-04,vireo.in,1,1199,CH65-2408-4
VR891573,C106436,VA-EB-PL1,2024-10-04,vireo.in,1,2124,PL1-2407-2
VR894152,C103711,VA-EB-AIR,2024-10-04,vireo.in,1,1799,AIR-2408-4
VR895118,C101288,VA-NB-ARC,2024-10-04,vireo.in,1,1169,ARC-2408-3
VR896938,C109276,VA-SW-NX1,2024-10-04,vireo.in,1,4749,NX1-2406-3
VR896953,C103922,VA-EB-AIR,2024-10-04,Flipkart,1,1619,AIR-2407-3
VR897158,C107900,VA-SW-FIT,2024-10-04,vireo.in,1,1999,FIT-2406-1
VR903575,C106782,VA-EB-AIR,2024-10-04,Amazon,1,1799,AIR-2407-2
VR909753,C105994,VA-SW-FIT,2024-10-04,Amazon,1,1999,FIT-2407-2
VR909805,C103641,VA-EB-PL1,2024-10-04,Amazon,1,2499,PL1-2407-2
VR884536,C107092,VA-SW-NX1,2024-10-05,Amazon,1,4499,NX1-2408-2
VR891632,C102550,VA-SW-NX1,2024-10-05,vireo.in,1,4499,NX1-2407-4
VR893865,C104478,VA-AC-CBL,2024-10-05,vireo.in,1,399,CBL-2407-4
VR894976,C106056,VA-EB-AIR,2024-10-05,Amazon,1,1799,AIR-2408-3
VR901914,C105553,VA-EB-PL1,2024-10-05,vireo.in,1,2124,PL1-2407-3
VR908738,C104147,VA-EB-AIR,2024-10-05,Amazon,1,1709,AIR-2407-3
VR880868,C103244,VA-EB-AIR,2024-10-06,Amazon,1,1439,AIR-2408-4
VR881106,C103000,VA-NB-ARC,2024-10-06,vireo.in,1,1234,ARC-2407-1
VR884983,C105835,VA-EB-AIR,2024-10-06,Amazon,1,1799,AIR-2407-1
VR886135,C108285,VA-EB-PL1,2024-10-06,Flipkart,1,1999,PL1-2408-1
VR891703,C105682,VA-EB-PL1,2024-10-06,Amazon,1,2499,PL1-2407-2
VR893864,C105815,VA-HP-ST2,2024-10-06,vireo.in,1,4249,ST2-2407-3
VR895235,C103315,VA-EB-PL1,2024-10-06,Amazon,1,2499,PL1-2407-3
VR897221,C108822,VA-AC-CH65,2024-10-06,vireo.in,1,1499,CH65-2406-3
VR897890,C108192,VA-SP-ORB,2024-10-06,vireo.in,1,5699,ORB-2406-1
VR898111,C105576,VA-EB-AIR,2024-10-06,vireo.in,1,1799,AIR-2407-1
VR903958,C109310,VA-EB-PL1,2024-10-06,vireo.in,1,2499,PL1-2408-3
VR908910,C108135,VA-EB-AIR,2024-10-06,Amazon,2,3238,AIR-2408-1
VR882011,C109447,VA-SP-ORB,2024-10-07,vireo.in,1,5999,ORB-2407-1
VR882706,C104522,VA-EB-AIR,2024-10-07,Amazon,1,1799,AIR-2407-1
VR884866,C101307,VA-SP-ORB,2024-10-07,vireo.in,1,5699,ORB-2408-1
VR885764,C104998,VA-EB-AIR,2024-10-07,vireo.in,1,1799,AIR-2407-1
VR887874,C100826,VA-SW-FIT,2024-10-07,Amazon,1,1899,FIT-2407-3
VR896928,C104230,VA-EB-AIR,2024-10-07,vireo.in,1,1709,AIR-2407-3
VR896967,C100957,VA-NB-ARC,2024-10-07,Amazon,1,1039,ARC-2407-2
VR899103,C102067,VA-SP-ORB,2024-10-07,vireo.in,1,5999,ORB-2408-4
VR899166,C104150,VA-AC-CH65,2024-10-07,Amazon,1,1424,CH65-2408-1
VR901547,C105262,VA-SW-FIT,2024-10-07,vireo.in,1,1999,FIT-2408-4
VR905227,C106565,VA-AC-CH65,2024-10-07,Amazon,1,1499,CH65-2408-1
VR909622,C103409,VA-AC-CH65,2024-10-07,Amazon,1,1424,CH65-2409-1
VR880177,C106462,VA-EB-AIR,2024-10-08,Amazon,1,1619,AIR-2408-2
VR884139,C100771,VA-SW-NX1,2024-10-08,Amazon,1,3999,NX1-2407-4
VR887207,C101680,VA-EB-PL1,2024-10-08,Flipkart,1,2499,PL1-2409-1
VR890530,C100155,VA-SW-NX1,2024-10-08,vireo.in,1,4249,NX1-2407-1
VR893966,C104216,VA-SW-FIT,2024-10-08,vireo.in,1,1999,FIT-2406-2
VR898997,C104397,VA-EB-PL1,2024-10-08,vireo.in,1,2374,PL1-2407-2
VR900087,C109477,VA-SW-NX1,2024-10-08,vireo.in,1,4749,NX1-2408-4
VR901990,C108446,VA-NB-ARC,2024-10-08,vireo.in,1,1039,ARC-2409-1
VR902010,C101470,VA-EB-AIR,2024-10-08,vireo.in,1,1529,AIR-2409-1
VR904293,C105902,VA-NB-ARC,2024-10-08,vireo.in,1,1299,ARC-2407-3
VR908752,C106321,VA-EB-PL1,2024-10-08,Amazon,1,1999,PL1-2408-1
VR881985,C105142,VA-SW-FIT,2024-10-09,Amazon,1,1999,FIT-2406-2
VR882761,C105569,VA-EB-PL1,2024-10-09,Amazon,1,1999,PL1-2409-2
VR883595,C103760,VA-EB-PL1,2024-10-09,vireo.in,1,2499,PL1-2408-2
VR885059,C103469,VA-SP-ORB,2024-10-09,Amazon,1,5399,ORB-2407-3
VR885360,C100983,VA-HP-ST2,2024-10-09,Flipkart,1,4999,ST2-2408-2
VR887922,C108366,VA-SW-FIT,2024-10-09,vireo.in,1,1799,FIT-2408-4
VR891296,C105520,VA-EB-AIR,2024-10-09,vireo.in,1,1709,AIR-2408-3
VR893599,C105525,VA-EB-PL1,2024-10-09,Amazon,1,2499,PL1-2409-3
VR893709,C106992,VA-HP-ST2,2024-10-09,Amazon,1,3999,ST2-2407-3
VR895054,C103977,VA-EB-AIR,2024-10-09,vireo.in,1,1799,AIR-2407-1
VR900167,C101179,VA-SP-ORB,2024-10-09,vireo.in,1,5399,ORB-2406-4
VR901250,C106208,VA-EB-AIR,2024-10-09,Flipkart,1,1619,AIR-2408-1
VR902057,C103919,VA-NB-ARC,2024-10-09,Amazon,1,1039,ARC-2407-2
VR904032,C101375,VA-EB-PL1,2024-10-09,Amazon,1,2499,PL1-2409-3
VR905180,C103797,VA-EB-PL1,2024-10-09,vireo.in,1,1999,PL1-2409-4
VR909438,C102237,VA-NB-ARC,2024-10-09,vireo.in,1,1104,ARC-2407-3
VR882297,C104731,VA-EB-PL1,2024-10-10,Amazon,1,2249,PL1-2407-1
VR886051,C100198,VA-EB-AIR,2024-10-10,Amazon,1,1799,AIR-2407-4
VR892918,C100242,VA-SW-FIT,2024-10-10,vireo.in,1,1699,FIT-2407-2
VR896268,C108827,VA-SP-ORB,2024-10-10,vireo.in,1,4799,ORB-2407-4
VR897393,C108842,VA-EB-AIR,2024-10-10,Amazon,1,1799,AIR-2409-3
VR901992,C106275,VA-HP-ST2,2024-10-10,vireo.in,1,4499,ST2-2407-2
VR905706,C105539,VA-EB-PL1,2024-10-10,vireo.in,1,2499,PL1-2409-1
VR906151,C105096,VA-SW-FIT,2024-10-10,Amazon,1,1999,FIT-2408-1
VR906373,C107039,VA-SW-FIT,2024-10-10,vireo.in,1,1899,FIT-2407-4
VR880815,C109138,VA-SP-ORB,2024-10-11,Amazon,1,5399,ORB-2407-1
VR881386,C103560,VA-EB-PL1,2024-10-11,Amazon,1,2249,PL1-2408-3
VR882147,C103884,VA-EB-PL1,2024-10-11,vireo.in,1,2249,PL1-2408-2
VR883733,C106098,VA-EB-AIR,2024-10-11,vireo.in,1,1619,AIR-2407-3
VR883765,C104521,VA-SW-FIT,2024-10-11,Amazon,1,1599,FIT-2408-1
VR885072,C109218,VA-SW-FIT,2024-10-11,vireo.in,1,1899,FIT-2407-2
VR885720,C102728,VA-HP-ST2,2024-10-11,vireo.in,1,4249,ST2-2409-1
VR885792,C103584,VA-SW-FIT,2024-10-11,Amazon,1,1899,FIT-2408-4
VR885804,C101194,VA-EB-PL1,2024-10-11,vireo.in,1,1999,PL1-2409-4
VR886561,C107946,VA-EB-PL1,2024-10-11,vireo.in,1,1999,PL1-2409-1
VR889563,C100933,VA-SP-ORB,2024-10-11,vireo.in,1,5399,ORB-2406-4
VR895847,C104284,VA-EB-AIR,2024-10-11,Amazon,1,1799,AIR-2408-1
VR898921,C109151,VA-EB-AIR,2024-10-11,Amazon,1,1709,AIR-2409-1
VR901701,C101591,VA-SW-NX1,2024-10-11,vireo.in,1,4499,NX1-2408-2
VR901712,C103921,VA-AC-CH65,2024-10-11,vireo.in,1,1274,CH65-2407-1
VR904851,C100547,VA-SW-FIT,2024-10-11,Amazon,1,1599,FIT-2406-1
VR905379,C101182,VA-EB-AIR,2024-10-11,vireo.in,2,2878,AIR-2407-2
VR905679,C103662,VA-SW-FIT,2024-10-11,vireo.in,1,1999,FIT-2408-1
VR880588,C107799,VA-EB-AIR,2024-10-12,vireo.in,1,1709,AIR-2407-4
VR883276,C109260,VA-EB-PL1,2024-10-12,vireo.in,1,1999,PL1-2408-4
VR884144,C106787,VA-NB-ARC,2024-10-12,vireo.in,1,1104,ARC-2406-4
VR884238,C100904,VA-HP-ST2,2024-10-12,Flipkart,1,3999,ST2-2409-3
VR892683,C104394,VA-SW-FIT,2024-10-12,vireo.in,1,1599,FIT-2408-1
VR893929,C105750,VA-SW-FIT,2024-10-12,Flipkart,1,1799,FIT-2407-4
VR894040,C103418,VA-HP-ST2,2024-10-12,vireo.in,1,3999,ST2-2407-1
VR895784,C104104,VA-EB-AIR,2024-10-12,vireo.in,1,1619,AIR-2409-2
VR897353,C105874,VA-SW-NX1,2024-10-12,Amazon,1,4999,NX1-2409-2
VR901200,C103689,VA-SW-NX1,2024-10-12,vireo.in,1,4749,NX1-2407-2
VR903468,C102890,VA-EB-AIR,2024-10-12,vireo.in,1,1619,AIR-2407-1
VR906557,C108506,VA-SW-FIT,2024-10-12,Flipkart,2,3398,FIT-2408-2
VR906662,C104960,VA-EB-PL1,2024-10-12,Amazon,1,2499,PL1-2407-2
VR882373,C109353,VA-EB-AIR,2024-10-13,vireo.in,1,1799,AIR-2409-3
VR882518,C100687,VA-NB-ARC,2024-10-13,vireo.in,2,2078,ARC-2408-2
VR884309,C109225,VA-NB-ARC,2024-10-13,vireo.in,1,1299,ARC-2407-3
VR884333,C108318,VA-SW-NX1,2024-10-13,vireo.in,1,4999,NX1-2407-2
VR884390,C106862,VA-SW-NX1,2024-10-13,Amazon,1,4499,NX1-2409-3
VR887697,C102778,VA-EB-PL1,2024-10-13,Amazon,1,1999,PL1-2408-2
VR889384,C108558,VA-SW-FIT,2024-10-13,Amazon,1,1799,FIT-2409-3
VR895528,C100545,VA-EB-PL1,2024-10-13,Flipkart,1,2249,PL1-2409-2
VR896546,C104585,VA-SW-FIT,2024-10-13,Amazon,1,1999,FIT-2408-2
VR896857,C105938,VA-EB-AIR,2024-10-13,Amazon,1,1529,AIR-2407-4
VR897421,C102410,VA-EB-AIR,2024-10-13,vireo.in,1,1619,AIR-2406-4
VR897667,C108027,VA-HP-ST2,2024-10-13,vireo.in,1,3999,ST2-2407-1
VR905087,C100154,VA-EB-AIR,2024-10-13,Amazon,1,1439,AIR-2409-2
VR909371,C104128,VA-SW-NX1,2024-10-13,Amazon,2,7998,NX1-2407-3
VR880653,C104411,VA-EB-AIR,2024-10-14,vireo.in,1,1799,AIR-2407-3
VR887321,C100022,VA-EB-PL1,2024-10-14,Flipkart,1,1999,PL1-2408-2
VR889224,C106292,VA-SW-FIT,2024-10-14,Amazon,1,1699,FIT-2407-4
VR890097,C100191,VA-EB-AIR,2024-10-14,vireo.in,1,1799,AIR-2409-1
VR891995,C103420,VA-SW-NX1,2024-10-14,Flipkart,1,4749,NX1-2409-3
VR892493,C102092,VA-NB-ARC,2024-10-14,vireo.in,1,1039,ARC-2409-2
VR893206,C107121,VA-EB-PL1,2024-10-14,Amazon,1,2499,PL1-2407-4
VR901249,C103812,VA-HP-ST2,2024-10-14,vireo.in,1,4999,ST2-2407-2
VR903050,C107861,VA-EB-PL1,2024-10-14,vireo.in,1,2499,PL1-2408-1
VR904087,C108518,VA-SP-ORB,2024-10-14,vireo.in,1,5999,ORB-2408-4
VR904953,C104630,VA-SW-NX1,2024-10-14,vireo.in,2,9998,NX1-2409-3
VR905358,C107611,VA-SW-FIT,2024-10-14,vireo.in,2,3598,FIT-2409-3
VR881646,C101530,VA-AC-CBL,2024-10-15,vireo.in,1,399,CBL-2408-4
VR886252,C104396,VA-EB-AIR,2024-10-15,Amazon,1,1799,AIR-2408-4
VR890557,C100807,VA-NB-ARC,2024-10-15,vireo.in,1,1039,ARC-2408-4
VR890707,C100262,VA-AC-CBL,2024-10-15,vireo.in,1,359,CBL-2408-1
VR894424,C104836,VA-SW-FIT,2024-10-15,vireo.in,1,1599,FIT-2407-4
VR895998,C109331,VA-EB-PL1,2024-10-15,vireo.in,1,2499,PL1-2407-3
VR897235,C106133,VA-SP-ORB,2024-10-15,vireo.in,1,5699,ORB-2407-1
VR897525,C103599,VA-EB-PL1,2024-10-15,vireo.in,1,2499,PL1-2408-2
VR897566,C107957,VA-EB-AIR,2024-10-15,vireo.in,1,1709,AIR-2408-1
VR904740,C103072,VA-EB-AIR,2024-10-15,vireo.in,1,1799,AIR-2408-1
VR908707,C103231,VA-EB-AIR,2024-10-15,Flipkart,1,1799,AIR-2409-1
VR880572,C102999,VA-EB-AIR,2024-10-16,Amazon,1,1529,AIR-2408-1
VR883119,C100412,VA-SW-FIT,2024-10-16,Amazon,1,1899,FIT-2408-3
VR885995,C104713,VA-SW-NX1,2024-10-16,vireo.in,1,4249,NX1-2409-1
VR886047,C107664,VA-NB-ARC,2024-10-16,vireo.in,1,1104,ARC-2407-4
VR892820,C101660,VA-EB-PL1,2024-10-16,vireo.in,1,2374,PL1-2409-4
VR893145,C104628,VA-EB-AIR,2024-10-16,Flipkart,1,1799,AIR-2408-1
VR895000,C104786,VA-EB-PL1,2024-10-16,Amazon,1,2374,PL1-2408-1
VR903042,C106875,VA-HP-ST2,2024-10-16,vireo.in,1,4499,ST2-2408-2
VR903557,C105238,VA-NB-ARC,2024-10-16,vireo.in,1,1299,ARC-2408-2
VR903796,C107505,VA-EB-AIR,2024-10-16,vireo.in,1,1799,AIR-2409-3
VR905093,C107938,VA-AC-CH65,2024-10-16,Amazon,1,1499,CH65-2409-3
VR905354,C105341,VA-HP-ST2,2024-10-16,Amazon,1,4499,ST2-2408-2
VR906738,C106723,VA-SW-NX1,2024-10-16,Amazon,1,4249,NX1-2408-3
VR907515,C107461,VA-EB-AIR,2024-10-16,vireo.in,1,1799,AIR-2409-1
VR882693,C100124,VA-EB-PL1,2024-10-17,Flipkart,1,2374,PL1-2408-1
VR883751,C108814,VA-EB-PL1,2024-10-17,vireo.in,1,2374,PL1-2408-3
VR884012,C107824,VA-EB-PL1,2024-10-17,Flipkart,1,2499,PL1-2407-3
VR887196,C108002,VA-HP-ST2,2024-10-17,vireo.in,1,4999,ST2-2407-3
VR891559,C101203,VA-SW-FIT,2024-10-17,Flipkart,1,1999,FIT-2407-2
VR894083,C108796,VA-NB-ARC,2024-10-17,Flipkart,1,1299,ARC-2408-2
VR895546,C101665,VA-EB-AIR,2024-10-17,vireo.in,2,3418,AIR-2409-4
VR897384,C106544,VA-SW-FIT,2024-10-17,Flipkart,1,1899,FIT-2409-4
VR898054,C103383,VA-EB-PL1,2024-10-17,vireo.in,1,2499,PL1-2408-3
VR901061,C101681,VA-HP-ST2,2024-10-17,Amazon,1,4999,ST2-2407-2
VR902862,C101960,VA-EB-PL1,2024-10-17,Flipkart,1,2249,PL1-2409-3
VR904875,C107720,VA-SP-ORB,2024-10-17,Amazon,1,5999,ORB-2408-3
VR905868,C100016,VA-SW-FIT,2024-10-17,vireo.in,1,1999,FIT-2409-2
VR907085,C106428,VA-EB-PL1,2024-10-17,vireo.in,1,1999,PL1-2407-3
VR908261,C101927,VA-EB-AIR,2024-10-17,vireo.in,1,1619,AIR-2408-1
VR881576,C109236,VA-EB-PL1,2024-10-18,vireo.in,1,2249,PL1-2407-4
VR881664,C104699,VA-EB-PL1,2024-10-18,vireo.in,1,2499,PL1-2409-3
VR881948,C101825,VA-AC-CH65,2024-10-18,Amazon,1,1499,CH65-2408-2
VR883354,C100659,VA-HP-ST2,2024-10-18,vireo.in,1,4499,ST2-2407-4
VR885707,C108932,VA-HP-ST2,2024-10-18,vireo.in,1,4749,ST2-2408-3
VR886743,C107082,VA-SW-FIT,2024-10-18,vireo.in,1,1799,FIT-2408-1
VR889483,C108080,VA-SW-NX1,2024-10-18,vireo.in,1,4249,NX1-2409-2
VR892844,C105404,VA-SW-NX1,2024-10-18,Amazon,1,4749,NX1-2407-1
VR893238,C101456,VA-EB-PL1,2024-10-18,Amazon,1,2124,PL1-2408-3
VR896587,C106539,VA-HP-ST2,2024-10-18,Amazon,1,4499,ST2-2409-3
VR897563,C107742,VA-SP-ORB,2024-10-18,vireo.in,1,5999,ORB-2407-2
VR900780,C103924,VA-EB-PL1,2024-10-18,vireo.in,1,2249,PL1-2407-3
VR901829,C108072,VA-EB-AIR,2024-10-18,Flipkart,1,1709,AIR-2409-2
VR901917,C104601,VA-NB-ARC,2024-10-18,vireo.in,1,1169,ARC-2409-1
VR903018,C107473,VA-HP-ST2,2024-10-18,vireo.in,1,4999,ST2-2409-2
VR905645,C107682,VA-EB-PL1,2024-10-18,vireo.in,1,2249,PL1-2407-4
VR908052,C101980,VA-SW-FIT,2024-10-18,vireo.in,1,1599,FIT-2407-2
VR909877,C101419,VA-EB-PL1,2024-10-18,vireo.in,1,2499,PL1-2409-2
VR909982,C106184,VA-EB-AIR,2024-10-18,Amazon,1,1709,AIR-2409-4
VR883701,C109183,VA-EB-PL1,2024-10-19,Flipkart,1,1999,PL1-2407-3
VR885668,C105539,VA-EB-PL1,2024-10-19,Amazon,1,2249,PL1-2408-1
VR890398,C104765,VA-SW-FIT,2024-10-19,Amazon,1,1799,FIT-2407-2
VR892135,C104379,VA-SW-NX1,2024-10-19,Amazon,1,4999,NX1-2407-2
VR895614,C103348,VA-SW-FIT,2024-10-19,Flipkart,1,1599,FIT-2407-3
VR897576,C104913,VA-SP-ORB,2024-10-19,vireo.in,1,5999,ORB-2407-4
VR899765,C100414,VA-NB-ARC,2024-10-19,vireo.in,1,1299,ARC-2407-4
VR900456,C103644,VA-EB-PL1,2024-10-19,vireo.in,1,2499,PL1-2407-4
VR901423,C108833,VA-EB-PL1,2024-10-19,Amazon,1,2499,PL1-2409-2
VR903871,C102922,VA-HP-ST2,2024-10-19,vireo.in,1,4499,ST2-2408-1
VR907706,C104038,VA-EB-AIR,2024-10-19,vireo.in,1,1529,AIR-2409-4
VR880330,C103425,VA-EB-PL1,2024-10-20,vireo.in,1,2124,PL1-2409-1
VR888248,C101415,VA-SP-ORB,2024-10-20,Amazon,1,4799,ORB-2408-3
VR888860,C105337,VA-EB-PL1,2024-10-20,Amazon,1,2499,PL1-2407-4
VR890143,C100075,VA-AC-CH65,2024-10-20,vireo.in,1,1424,CH65-2408-3
VR891603,C101416,VA-EB-AIR,2024-10-20,Flipkart,1,1799,AIR-2407-2
VR897355,C107364,VA-HP-ST2,2024-10-20,Amazon,1,4999,ST2-2407-3
VR897453,C103428,VA-NB-ARC,2024-10-20,vireo.in,1,1104,ARC-2409-4
VR897547,C105938,VA-NB-ARC,2024-10-20,Flipkart,1,1299,ARC-2409-4
VR898180,C105201,VA-SW-FIT,2024-10-20,vireo.in,1,1799,FIT-2408-2
VR898769,C108076,VA-SW-FIT,2024-10-20,vireo.in,1,1999,FIT-2408-3
VR898916,C108975,VA-SW-NX1,2024-10-20,Amazon,1,4999,NX1-2409-1
VR904485,C103971,VA-EB-AIR,2024-10-20,vireo.in,1,1799,AIR-2409-3
VR904825,C102248,VA-EB-AIR,2024-10-20,Amazon,1,1529,AIR-2407-1
VR905692,C100826,VA-AC-CH65,2024-10-20,vireo.in,1,1499,CH65-2409-4
VR908207,C103827,VA-SW-NX1,2024-10-20,vireo.in,1,4999,NX1-2407-3
VR884851,C109135,VA-HP-ST2,2024-10-21,Flipkart,1,4249,ST2-2407-2
VR884896,C107547,VA-SP-ORB,2024-10-21,Amazon,1,5699,ORB-2408-1
VR885741,C105560,VA-EB-PL1,2024-10-21,vireo.in,2,4248,PL1-2409-3
VR886177,C104166,VA-SP-ORB,2024-10-21,vireo.in,1,5399,ORB-2409-1
VR886967,C102158,VA-HP-ST2,2024-10-21,vireo.in,1,4499,ST2-2409-4
VR888893,C102078,VA-NB-ARC,2024-10-21,vireo.in,1,1299,ARC-2409-2
VR889272,C106867,VA-EB-PL1,2024-10-21,vireo.in,1,2499,PL1-2407-3
VR890900,C102908,VA-EB-AIR,2024-10-21,Amazon,1,1799,AIR-2407-2
VR898578,C100498,VA-EB-PL1,2024-10-21,Amazon,1,2249,PL1-2407-1
VR902489,C109444,VA-EB-PL1,2024-10-21,vireo.in,1,2374,PL1-2407-3
VR905148,C106465,VA-EB-AIR,2024-10-21,Flipkart,1,1709,AIR-2409-4
VR883549,C105115,VA-SW-FIT,2024-10-22,vireo.in,1,1999,FIT-2407-1
VR884119,C102408,VA-EB-AIR,2024-10-22,Amazon,1,1439,AIR-2409-3
VR887062,C100239,VA-EB-PL1,2024-10-22,vireo.in,1,2499,PL1-2409-2
VR887306,C106442,VA-EB-PL1,2024-10-22,vireo.in,1,2499,PL1-2408-1
VR888350,C107187,VA-SW-FIT,2024-10-22,Amazon,1,1999,FIT-2409-4
VR890219,C101178,VA-EB-AIR,2024-10-22,vireo.in,1,1709,AIR-2409-3
VR891143,C104781,VA-EB-PL1,2024-10-22,Amazon,1,2374,PL1-2407-4
VR891469,C105441,VA-EB-AIR,2024-10-22,Amazon,1,1439,AIR-2408-3
VR892100,C101573,VA-SP-ORB,2024-10-22,vireo.in,1,5999,ORB-2408-3
VR892141,C105119,VA-EB-AIR,2024-10-22,Flipkart,1,1529,AIR-2409-2
VR896902,C108932,VA-EB-PL1,2024-10-22,Amazon,1,2374,PL1-2408-4
VR900428,C108268,VA-AC-CH65,2024-10-22,vireo.in,1,1499,CH65-2408-2
VR905331,C105408,VA-NB-ARC,2024-10-22,vireo.in,1,1039,ARC-2407-2
VR905380,C103820,VA-SW-FIT,2024-10-22,vireo.in,1,1999,FIT-2407-4
VR905767,C108387,VA-SW-FIT,2024-10-22,Amazon,1,1599,FIT-2409-4
VR907992,C101622,VA-EB-PL1,2024-10-22,vireo.in,1,1999,PL1-2408-1
VR880225,C106480,VA-EB-PL1,2024-10-23,Amazon,1,2249,PL1-2409-4
VR881328,C108349,VA-AC-CH65,2024-10-23,vireo.in,1,1499,CH65-2408-3
VR884573,C100874,VA-EB-AIR,2024-10-23,vireo.in,1,1799,AIR-2407-4
VR889895,C108735,VA-EB-AIR,2024-10-23,Flipkart,1,1529,AIR-2409-2
VR892863,C105613,VA-NB-ARC,2024-10-23,vireo.in,1,1169,ARC-2408-3
VR893203,C108807,VA-EB-PL1,2024-10-23,Flipkart,1,2499,PL1-2408-1
VR899285,C100864,VA-EB-PL1,2024-10-23,vireo.in,1,2124,PL1-2409-2
VR901496,C102619,VA-SW-NX1,2024-10-23,vireo.in,2,9998,NX1-2407-4
VR902885,C105809,VA-EB-PL1,2024-10-23,vireo.in,1,2499,PL1-2408-1
VR903744,C108657,VA-SW-NX1,2024-10-23,Flipkart,1,4249,NX1-2409-4
VR905403,C100579,VA-NB-ARC,2024-10-23,vireo.in,1,1104,ARC-2408-1
VR908072,C101493,VA-NB-ARC,2024-10-23,vireo.in,1,1039,ARC-2409-3
VR908805,C106973,VA-EB-PL1,2024-10-23,Flipkart,1,1999,PL1-2409-1
VR881316,C107500,VA-HP-ST2,2024-10-24,Amazon,1,4999,ST2-2407-2
VR884832,C104469,VA-EB-AIR,2024-10-24,Flipkart,1,1619,AIR-2409-2
VR888418,C100080,VA-EB-PL1,2024-10-24,Amazon,1,2499,PL1-2408-2
VR888544,C102271,VA-NB-ARC,2024-10-24,vireo.in,1,1234,ARC-2409-4
VR889136,C107800,VA-NB-ARC,2024-10-24,vireo.in,1,1169,ARC-2409-1
VR892746,C106424,VA-SW-NX1,2024-10-24,vireo.in,2,9998,NX1-2407-4
VR892881,C106866,VA-HP-ST2,2024-10-24,vireo.in,1,3999,ST2-2408-3
VR897856,C108049,VA-EB-AIR,2024-10-24,vireo.in,1,1799,AIR-2408-4
VR903543,C102852,VA-EB-PL1,2024-10-24,vireo.in,1,2249,PL1-2409-4
VR905468,C102514,VA-EB-PL1,2024-10-24,Amazon,1,1999,PL1-2407-1
VR908150,C101810,VA-EB-PL1,2024-10-24,vireo.in,1,2374,PL1-2407-3
VR884133,C108432,VA-EB-PL1,2024-10-25,Amazon,1,1999,PL1-2409-1
VR891904,C104849,VA-SW-NX1,2024-10-25,Amazon,1,4999,NX1-2409-1
VR893255,C102875,VA-EB-PL1,2024-10-25,vireo.in,1,2499,PL1-2409-3
VR894477,C100257,VA-EB-PL1,2024-10-25,Amazon,1,1999,PL1-2407-3
VR904599,C106439,VA-EB-PL1,2024-10-25,vireo.in,1,1999,PL1-2408-4
VR905536,C107008,VA-EB-PL1,2024-10-25,Amazon,1,2499,PL1-2407-1
VR905713,C107878,VA-SW-FIT,2024-10-25,vireo.in,1,1999,FIT-2407-2
VR907179,C102845,VA-EB-PL1,2024-10-25,vireo.in,1,2124,PL1-2407-1
VR909236,C108157,VA-EB-PL1,2024-10-25,Amazon,2,4998,PL1-2409-4
VR883467,C104163,VA-EB-AIR,2024-10-26,vireo.in,1,1799,AIR-2408-3
VR891029,C102970,VA-EB-PL1,2024-10-26,Flipkart,1,2124,PL1-2409-4
VR892753,C103674,VA-EB-AIR,2024-10-26,Flipkart,1,1529,AIR-2408-3
VR894883,C108849,VA-EB-AIR,2024-10-26,vireo.in,1,1799,AIR-2407-2
VR897952,C107844,VA-SW-FIT,2024-10-26,vireo.in,1,1999,FIT-2408-1
VR899131,C109467,VA-EB-AIR,2024-10-26,vireo.in,1,1439,AIR-2407-2
VR900124,C105736,VA-EB-PL1,2024-10-26,vireo.in,1,1999,PL1-2409-1
VR908210,C104736,VA-SW-NX1,2024-10-26,Amazon,1,4749,NX1-2410-1
VR880155,C104629,VA-SW-FIT,2024-10-27,vireo.in,1,1999,FIT-2409-1
VR881761,C102967,VA-EB-PL1,2024-10-27,vireo.in,1,2499,PL1-2408-1
VR887976,C100429,VA-SW-FIT,2024-10-27,vireo.in,1,1699,FIT-2407-3
VR891780,C100240,VA-EB-PL1,2024-10-27,vireo.in,1,2499,PL1-2408-4
VR893306,C100902,VA-EB-AIR,2024-10-27,vireo.in,1,1619,AIR-2409-3
VR895891,C104177,VA-AC-CH65,2024-10-27,Amazon,1,1274,CH65-2409-3
VR899565,C107965,VA-EB-PL1,2024-10-27,vireo.in,1,2124,PL1-2407-2
VR901476,C101014,VA-SW-FIT,2024-10-27,vireo.in,1,1999,FIT-2409-2
VR903316,C108361,VA-HP-ST2,2024-10-27,vireo.in,1,4999,ST2-2409-4
VR903714,C104684,VA-EB-AIR,2024-10-27,Amazon,1,1619,AIR-2408-4
VR882885,C109133,VA-HP-ST2,2024-10-28,vireo.in,1,3999,ST2-2408-4
VR883091,C104428,VA-HP-ST2,2024-10-28,vireo.in,1,4749,ST2-2408-2
VR886131,C106679,VA-SP-ORB,2024-10-28,Amazon,1,4799,ORB-2407-1
VR888432,C108905,VA-SP-ORB,2024-10-28,vireo.in,1,5399,ORB-2408-1
VR892818,C102023,VA-AC-CH65,2024-10-28,Flipkart,1,1349,CH65-2409-1
VR892877,C105917,VA-SW-FIT,2024-10-28,Amazon,1,1999,FIT-2408-2
VR893781,C103507,VA-EB-PL1,2024-10-28,vireo.in,1,2124,PL1-2407-1
VR898280,C109381,VA-HP-ST2,2024-10-28,vireo.in,1,4999,ST2-2408-4
VR899276,C100846,VA-EB-AIR,2024-10-28,Amazon,1,1799,AIR-2409-4
VR899343,C102258,VA-SW-FIT,2024-10-28,Amazon,1,1599,FIT-2410-3
VR904502,C104516,VA-EB-AIR,2024-10-28,vireo.in,1,1799,AIR-2408-3
VR908319,C107561,VA-EB-AIR,2024-10-28,vireo.in,1,1709,AIR-2407-2
VR909111,C101150,VA-AC-CBL,2024-10-28,vireo.in,1,339,CBL-2409-3
VR885786,C106007,VA-SW-NX1,2024-10-29,vireo.in,1,4999,NX1-2408-1
VR887597,C104456,VA-SW-FIT,2024-10-29,Amazon,2,3998,FIT-2410-2
VR893344,C106242,VA-SP-ORB,2024-10-29,vireo.in,1,5699,ORB-2408-3
VR895124,C101417,VA-HP-ST2,2024-10-29,Amazon,1,3999,ST2-2408-4
VR895367,C103926,VA-HP-ST2,2024-10-29,Flipkart,1,4249,ST2-2407-3
VR895523,C106242,VA-SW-NX1,2024-10-29,Amazon,1,4999,NX1-2408-3
VR898311,C100858,VA-EB-PL1,2024-10-29,Amazon,1,2124,PL1-2409-3
VR899735,C106439,VA-SP-ORB,2024-10-29,Amazon,1,5999,ORB-2409-4
VR899869,C107389,VA-EB-PL1,2024-10-29,Amazon,1,2499,PL1-2407-1
VR900896,C108928,VA-EB-AIR,2024-10-29,vireo.in,1,1799,AIR-2409-1
VR903861,C104652,VA-EB-PL1,2024-10-29,Flipkart,1,1999,PL1-2407-3
VR905795,C108366,VA-SP-ORB,2024-10-29,Flipkart,2,10798,ORB-2408-3
VR907775,C102538,VA-HP-ST2,2024-10-29,Amazon,1,3999,ST2-2408-1
VR880834,C101267,VA-EB-AIR,2024-10-30,Amazon,1,1619,AIR-2407-4
VR882141,C100742,VA-HP-ST2,2024-10-30,vireo.in,1,4499,ST2-2408-1
VR884240,C109138,VA-EB-PL1,2024-10-30,vireo.in,1,2499,PL1-2409-3
VR884300,C101781,VA-EB-PL1,2024-10-30,vireo.in,1,2499,PL1-2408-4
VR886302,C105105,VA-SW-FIT,2024-10-30,vireo.in,1,1699,FIT-2409-3
VR887039,C105318,VA-EB-AIR,2024-10-30,Amazon,2,3598,AIR-2409-3
VR888527,C102246,VA-SW-NX1,2024-10-30,Amazon,1,4749,NX1-2410-2
VR892219,C105989,VA-EB-AIR,2024-10-30,Flipkart,1,1619,AIR-2408-3
VR893264,C103523,VA-EB-AIR,2024-10-30,Amazon,1,1439,AIR-2408-2
VR894051,C100813,VA-EB-PL1,2024-10-30,vireo.in,1,2499,PL1-2410-1
VR894640,C104922,VA-EB-AIR,2024-10-30,vireo.in,1,1799,AIR-2409-3
VR895697,C106614,VA-EB-PL1,2024-10-30,Amazon,1,2374,PL1-2409-2
VR896695,C102677,VA-SW-NX1,2024-10-30,Flipkart,1,4999,NX1-2410-1
VR899576,C100230,VA-EB-AIR,2024-10-30,vireo.in,1,1799,AIR-2409-2
VR902136,C101831,VA-EB-PL1,2024-10-30,vireo.in,1,2499,PL1-2409-1
VR902561,C101010,VA-SW-NX1,2024-10-30,vireo.in,2,9498,NX1-2409-1
VR905374,C100886,VA-SW-FIT,2024-10-30,vireo.in,1,1999,FIT-2407-3
VR906931,C106674,VA-EB-PL1,2024-10-30,vireo.in,1,2374,PL1-2410-3
VR907696,C107717,VA-EB-AIR,2024-10-30,vireo.in,1,1439,AIR-2409-4
VR909171,C105138,VA-EB-AIR,2024-10-30,vireo.in,1,1799,AIR-2409-3
VR909357,C105015,VA-HP-ST2,2024-10-30,Flipkart,1,4249,ST2-2407-1
VR882424,C102284,VA-EB-AIR,2024-10-31,vireo.in,1,1709,AIR-2408-1
VR882722,C107055,VA-EB-PL1,2024-10-31,Amazon,1,1999,PL1-2407-3
VR882840,C105223,VA-EB-PL1,2024-10-31,Amazon,1,2374,PL1-2408-3
VR887025,C101673,VA-EB-PL1,2024-10-31,vireo.in,2,4998,PL1-2409-3
VR887943,C108319,VA-EB-AIR,2024-10-31,Flipkart,1,1799,AIR-2410-3
VR888914,C102706,VA-EB-AIR,2024-10-31,vireo.in,1,1529,AIR-2410-4
VR891802,C100528,VA-AC-CBL,2024-10-31,vireo.in,1,399,CBL-2409-4
VR895683,C106595,VA-EB-PL1,2024-10-31,Amazon,1,2249,PL1-2407-3
VR895801,C108140,VA-SW-NX1,2024-10-31,vireo.in,1,4999,NX1-2407-1
VR897226,C100151,VA-HP-ST2,2024-10-31,Amazon,1,3999,ST2-2407-2
VR897663,C108122,VA-SW-FIT,2024-10-31,vireo.in,1,1699,FIT-2407-2
VR899888,C103472,VA-EB-PL1,2024-10-31,vireo.in,1,2249,PL1-2410-3
VR900862,C107255,VA-SW-FIT,2024-10-31,Amazon,1,1999,FIT-2410-2
VR901388,C105400,VA-EB-AIR,2024-10-31,Amazon,1,1439,AIR-2408-4
VR902784,C100912,VA-SW-FIT,2024-10-31,Amazon,1,1899,FIT-2410-2
VR905905,C101228,VA-SW-FIT,2024-10-31,vireo.in,1,1999,FIT-2407-2
VR908585,C106810,VA-AC-CH65,2024-10-31,Amazon,1,1199,CH65-2407-2
VR881930,C104652,VA-EB-AIR,2024-11-01,Flipkart,1,1529,AIR-2408-4
VR884093,C109345,VA-NB-ARC,2024-11-01,vireo.in,1,1039,ARC-2410-1
VR889738,C100958,VA-EB-AIR,2024-11-01,Flipkart,1,1799,AIR-2408-4
VR893536,C101853,VA-SW-NX1,2024-11-01,vireo.in,1,4749,NX1-2409-2
VR895584,C104006,VA-HP-ST2,2024-11-01,vireo.in,1,4499,ST2-2407-2
VR896119,C103141,VA-EB-PL1,2024-11-01,vireo.in,1,2124,PL1-2408-4
VR896634,C105893,VA-EB-PL1,2024-11-01,vireo.in,1,2374,PL1-2408-4
VR897463,C109156,VA-EB-AIR,2024-11-01,vireo.in,1,1529,AIR-2407-1
VR897837,C102712,VA-SW-NX1,2024-11-01,vireo.in,1,4749,NX1-2408-3
VR902421,C107266,VA-NB-ARC,2024-11-01,vireo.in,1,1104,ARC-2408-3
VR903199,C100750,VA-EB-AIR,2024-11-01,vireo.in,2,3598,AIR-2409-1
VR903359,C106980,VA-EB-AIR,2024-11-01,vireo.in,1,1619,AIR-2408-3
VR905051,C109283,VA-SW-NX1,2024-11-01,Amazon,1,4499,NX1-2410-4
VR906501,C104331,VA-EB-AIR,2024-11-01,vireo.in,1,1799,AIR-2410-4
VR906879,C108747,VA-HP-ST2,2024-11-01,Flipkart,1,4999,ST2-2408-1
VR907746,C101738,VA-EB-PL1,2024-11-01,vireo.in,1,2499,PL1-2407-3
VR885752,C101582,VA-AC-CBL,2024-11-02,Amazon,1,399,CBL-2409-3
VR885929,C101257,VA-EB-PL1,2024-11-02,vireo.in,1,2499,PL1-2410-1
VR888053,C107471,VA-EB-PL1,2024-11-02,Flipkart,1,2124,PL1-2408-4
VR895913,C106751,VA-EB-PL1,2024-11-02,Amazon,1,2124,PL1-2409-1
VR896225,C106366,VA-SW-NX1,2024-11-02,vireo.in,1,4749,NX1-2409-4
VR896410,C107961,VA-SW-FIT,2024-11-02,Amazon,1,1699,FIT-2407-4
VR897071,C108608,VA-SW-FIT,2024-11-02,vireo.in,1,1999,FIT-2407-2
VR897715,C100272,VA-SW-FIT,2024-11-02,vireo.in,1,1999,FIT-2408-2
VR902359,C108873,VA-SP-ORB,2024-11-02,Flipkart,1,5099,ORB-2407-2
VR904646,C102929,VA-EB-PL1,2024-11-02,vireo.in,1,2249,PL1-2408-3
VR905222,C103911,VA-EB-AIR,2024-11-02,vireo.in,1,1799,AIR-2409-3
VR906660,C104933,VA-NB-ARC,2024-11-02,Flipkart,1,1299,ARC-2407-2
VR882948,C100235,VA-NB-ARC,2024-11-03,Amazon,1,1104,ARC-2408-4
VR883141,C105543,VA-SP-ORB,2024-11-03,vireo.in,1,5399,ORB-2410-4
VR884572,C104634,VA-SP-ORB,2024-11-03,vireo.in,1,5099,ORB-2407-4
VR885888,C103172,VA-SW-FIT,2024-11-03,Amazon,1,1599,FIT-2409-2
VR886125,C102694,VA-NB-ARC,2024-11-03,vireo.in,1,1104,ARC-2408-3
VR886412,C104692,VA-EB-PL1,2024-11-03,Flipkart,1,2374,PL1-2408-2
VR890119,C100418,VA-HP-ST2,2024-11-03,vireo.in,1,4249,ST2-2409-1
VR894512,C104424,VA-EB-AIR,2024-11-03,vireo.in,1,1799,AIR-2410-4
VR895198,C105942,VA-HP-ST2,2024-11-03,vireo.in,1,4749,ST2-2407-2
VR896101,C106206,VA-SW-FIT,2024-11-03,Amazon,2,3998,FIT-2408-1
VR898430,C108139,VA-EB-PL1,2024-11-03,Amazon,1,2499,PL1-2408-2
VR899393,C109334,VA-EB-AIR,2024-11-03,Amazon,1,1439,AIR-2408-3
VR899990,C104070,VA-NB-ARC,2024-11-03,vireo.in,1,1104,ARC-2409-4
VR900003,C107316,VA-AC-CH65,2024-11-03,Amazon,1,1199,CH65-2408-3
VR900254,C102529,VA-EB-AIR,2024-11-03,vireo.in,1,1709,AIR-2408-2
VR901464,C104103,VA-SW-NX1,2024-11-03,Flipkart,1,4249,NX1-2407-3
VR902104,C102323,VA-EB-AIR,2024-11-03,vireo.in,1,1799,AIR-2407-4
VR905784,C109425,VA-EB-PL1,2024-11-03,vireo.in,2,4498,PL1-2410-1
VR907713,C101402,VA-EB-PL1,2024-11-03,Flipkart,1,2499,PL1-2407-2
VR909489,C101969,VA-EB-PL1,2024-11-03,Flipkart,1,2499,PL1-2408-3
VR881304,C106193,VA-NB-ARC,2024-11-04,vireo.in,1,1234,ARC-2410-2
VR882659,C100361,VA-HP-ST2,2024-11-04,vireo.in,1,4999,ST2-2407-2
VR885823,C100644,VA-EB-PL1,2024-11-04,vireo.in,1,2374,PL1-2409-1
VR889890,C104671,VA-HP-ST2,2024-11-04,Flipkart,1,4999,ST2-2409-1
VR896526,C105443,VA-AC-CH65,2024-11-04,vireo.in,1,1274,CH65-2408-3
VR898931,C101573,VA-SW-FIT,2024-11-04,Amazon,1,1999,FIT-2408-1
VR900141,C101079,VA-SW-NX1,2024-11-04,vireo.in,1,4999,NX1-2410-1
VR903436,C108930,VA-NB-ARC,2024-11-04,Flipkart,1,1169,ARC-2410-3
VR908200,C102741,VA-EB-AIR,2024-11-04,vireo.in,1,1439,AIR-2409-3
VR880707,C105885,VA-NB-ARC,2024-11-05,Amazon,1,1104,ARC-2408-3
VR882519,C103298,VA-EB-PL1,2024-11-05,Flipkart,1,2374,PL1-2409-1
VR882907,C105864,VA-SP-ORB,2024-11-05,vireo.in,1,5399,ORB-2409-1
VR883506,C107693,VA-AC-CH65,2024-11-05,vireo.in,1,1424,CH65-2409-3
VR891149,C105205,VA-EB-PL1,2024-11-05,Flipkart,1,2499,PL1-2408-2
VR894983,C108176,VA-EB-AIR,2024-11-05,vireo.in,1,1529,AIR-2409-2
VR897062,C105663,VA-SW-NX1,2024-11-05,vireo.in,1,4749,NX1-2410-4
VR897190,C107477,VA-EB-PL1,2024-11-05,vireo.in,1,2499,PL1-2410-3
VR897618,C104724,VA-EB-PL1,2024-11-05,vireo.in,1,1999,PL1-2408-1
VR901221,C105589,VA-SP-ORB,2024-11-05,Amazon,1,5699,ORB-2408-1
VR903024,C104496,VA-EB-AIR,2024-11-05,vireo.in,1,1709,AIR-2407-3
VR904240,C105779,VA-EB-PL1,2024-11-05,Amazon,1,1999,PL1-2409-2
VR905098,C107958,VA-NB-ARC,2024-11-05,Flipkart,1,1299,ARC-2408-2
VR907115,C102482,VA-SW-FIT,2024-11-05,vireo.in,1,1699,FIT-2410-3
VR908356,C109042,VA-EB-PL1,2024-11-05,vireo.in,1,2124,PL1-2407-3
VR880762,C108547,VA-EB-PL1,2024-11-06,vireo.in,1,2249,PL1-2407-2
VR881054,C109362,VA-HP-ST2,2024-11-06,vireo.in,1,4249,ST2-2408-2
VR883937,C108599,VA-HP-ST2,2024-11-06,Amazon,1,4999,ST2-2408-4
VR889900,C105248,VA-SP-ORB,2024-11-06,vireo.in,1,5999,ORB-2409-2
VR890403,C102585,VA-EB-PL1,2024-11-06,vireo.in,1,1999,PL1-2409-3
VR890919,C101110,VA-NB-ARC,2024-11-06,Amazon,1,1234,ARC-2408-2
VR892522,C102163,VA-EB-AIR,2024-11-06,vireo.in,1,1439,AIR-2409-2
VR893902,C103421,VA-SW-FIT,2024-11-06,vireo.in,1,1999,FIT-2409-4
VR894060,C103933,VA-EB-PL1,2024-11-06,Amazon,2,4998,PL1-2410-2
VR894350,C105693,VA-EB-PL1,2024-11-06,Flipkart,1,1999,PL1-2408-1
VR897949,C101298,VA-SW-FIT,2024-11-06,vireo.in,1,1999,FIT-2410-1
VR901486,C107767,VA-EB-AIR,2024-11-06,vireo.in,1,1799,AIR-2409-1
VR902549,C101555,VA-SW-FIT,2024-11-06,Amazon,1,1999,FIT-2408-1
VR907478,C108649,VA-SP-ORB,2024-11-06,Amazon,1,5999,ORB-2409-1
VR908129,C101196,VA-EB-PL1,2024-11-06,Amazon,1,2499,PL1-2410-3
VR882556,C107223,VA-EB-AIR,2024-11-07,vireo.in,2,3418,AIR-2410-3
VR883149,C106302,VA-SW-FIT,2024-11-07,Flipkart,2,3998,FIT-2410-3
VR883942,C108369,VA-AC-CBL,2024-11-07,vireo.in,1,379,CBL-2409-1
VR884407,C103563,VA-EB-AIR,2024-11-07,vireo.in,1,1529,AIR-2407-2
VR884725,C106215,VA-SP-ORB,2024-11-07,vireo.in,1,5999,ORB-2410-3
VR885076,C102072,VA-HP-ST2,2024-11-07,vireo.in,1,4749,ST2-2407-1
VR887839,C100684,VA-HP-ST2,2024-11-07,vireo.in,1,3999,ST2-2408-3
VR888452,C106266,VA-HP-ST2,2024-11-07,vireo.in,1,4999,ST2-2410-4
VR888960,C108012,VA-EB-PL1,2024-11-07,vireo.in,1,2499,PL1-2410-2
VR889036,C106824,VA-SW-NX1,2024-11-07,vireo.in,2,9498,NX1-2409-2
VR890897,C104033,VA-EB-PL1,2024-11-07,Flipkart,1,2124,PL1-2407-1
VR892897,C107236,VA-EB-AIR,2024-11-07,Amazon,1,1799,AIR-2407-4
VR892942,C107012,VA-NB-ARC,2024-11-07,vireo.in,1,1039,ARC-2410-4
VR894180,C107530,VA-AC-CH65,2024-11-07,vireo.in,1,1499,CH65-2408-1
VR894385,C105433,VA-HP-ST2,2024-11-07,vireo.in,1,4999,ST2-2410-3
VR898942,C103307,VA-NB-ARC,2024-11-07,vireo.in,2,2208,ARC-2410-1
VR904124,C100860,VA-EB-AIR,2024-11-07,vireo.in,2,3598,AIR-2410-3
VR881459,C101476,VA-EB-PL1,2024-11-08,vireo.in,1,2499,PL1-2408-2
VR881804,C103130,VA-SW-FIT,2024-11-08,Amazon,1,1999,FIT-2409-3
VR882931,C102094,VA-SW-NX1,2024-11-08,Amazon,1,4249,NX1-2408-4
VR884331,C108056,VA-NB-ARC,2024-11-08,vireo.in,1,1234,ARC-2409-1
VR884775,C101205,VA-EB-AIR,2024-11-08,vireo.in,1,1439,AIR-2409-1
VR888478,C102612,VA-SP-ORB,2024-11-08,Amazon,1,5999,ORB-2409-2
VR889410,C105826,VA-SW-NX1,2024-11-08,Amazon,1,4999,NX1-2409-2
VR893472,C103535,VA-SP-ORB,2024-11-08,Amazon,1,5999,ORB-2410-1
VR893745,C107519,VA-AC-CH65,2024-11-08,vireo.in,1,1349,CH65-2410-2
VR894652,C100510,VA-SW-NX1,2024-11-08,vireo.in,1,4249,NX1-2407-4
VR895227,C105402,VA-SW-NX1,2024-11-08,vireo.in,1,4749,NX1-2409-1
VR899858,C105582,VA-EB-PL1,2024-11-08,vireo.in,1,2124,PL1-2409-1
VR902352,C108966,VA-EB-PL1,2024-11-08,vireo.in,1,1999,PL1-2409-1
VR903689,C109479,VA-EB-AIR,2024-11-08,Amazon,1,1529,AIR-2407-3
VR904522,C101803,VA-EB-AIR,2024-11-08,vireo.in,1,1529,AIR-2409-3
VR906171,C104930,VA-EB-PL1,2024-11-08,Flipkart,1,2249,PL1-2409-4
VR880368,C107836,VA-EB-PL1,2024-11-09,vireo.in,1,2374,PL1-2409-2
VR882281,C106767,VA-EB-PL1,2024-11-09,vireo.in,1,2374,PL1-2409-2
VR882716,C102312,VA-EB-PL1,2024-11-09,vireo.in,2,4248,PL1-2408-1
VR884432,C108965,VA-SW-NX1,2024-11-09,vireo.in,2,8998,NX1-2409-1
VR885130,C108372,VA-NB-ARC,2024-11-09,Flipkart,1,1039,ARC-2407-1
VR885313,C106881,VA-NB-ARC,2024-11-09,vireo.in,1,1299,ARC-2408-1
VR892149,C108731,VA-SW-FIT,2024-11-09,Amazon,1,1999,FIT-2410-3
VR893453,C101177,VA-NB-ARC,2024-11-09,vireo.in,1,1039,ARC-2408-3
VR897623,C108383,VA-EB-PL1,2024-11-09,vireo.in,1,2499,PL1-2408-4
VR897788,C109357,VA-EB-PL1,2024-11-09,vireo.in,1,2249,PL1-2410-2
VR898449,C104845,VA-SW-NX1,2024-11-09,Amazon,1,4999,NX1-2409-4
VR904667,C105742,VA-EB-AIR,2024-11-09,Amazon,1,1799,AIR-2409-4
VR880396,C104970,VA-NB-ARC,2024-11-10,vireo.in,1,1299,ARC-2408-2
VR881111,C105311,VA-NB-ARC,2024-11-10,vireo.in,1,1234,ARC-2410-4
VR886138,C104965,VA-AC-CH65,2024-11-10,Flipkart,1,1349,CH65-2408-3
VR888874,C109498,VA-HP-ST2,2024-11-10,vireo.in,1,3999,ST2-2409-4
VR889944,C100980,VA-EB-AIR,2024-11-10,Amazon,1,1439,AIR-2408-1
VR892793,C109156,VA-EB-AIR,2024-11-10,Flipkart,1,1799,AIR-2408-4
VR893759,C104655,VA-EB-PL1,2024-11-10,Flipkart,1,2499,PL1-2410-4
VR896498,C100452,VA-EB-AIR,2024-11-10,Amazon,1,1799,AIR-2409-2
VR896655,C105792,VA-SW-FIT,2024-11-10,vireo.in,1,1999,FIT-2409-2
VR897673,C108331,VA-SW-FIT,2024-11-10,Flipkart,1,1899,FIT-2408-3
VR898537,C102739,VA-SW-NX1,2024-11-10,Flipkart,1,3999,NX1-2408-4
VR899462,C101513,VA-EB-PL1,2024-11-10,vireo.in,1,2124,PL1-2407-4
VR902130,C109168,VA-NB-ARC,2024-11-10,vireo.in,1,1299,ARC-2408-2
VR904254,C105386,VA-EB-PL1,2024-11-10,vireo.in,1,2374,PL1-2410-2
VR907107,C103241,VA-EB-PL1,2024-11-10,vireo.in,1,2499,PL1-2407-1
VR909445,C100287,VA-EB-PL1,2024-11-10,Amazon,1,2374,PL1-2408-2
VR882176,C100148,VA-AC-CH65,2024-11-11,vireo.in,1,1199,CH65-2410-1
VR884902,C109247,VA-NB-ARC,2024-11-11,Amazon,1,1299,ARC-2407-1
VR884990,C106166,VA-EB-PL1,2024-11-11,Amazon,2,4748,PL1-2408-2
VR885346,C104062,VA-EB-AIR,2024-11-11,Amazon,2,3598,AIR-2408-3
VR885723,C100734,VA-EB-AIR,2024-11-11,Amazon,1,1799,AIR-2410-1
VR888206,C100136,VA-EB-PL1,2024-11-11,vireo.in,1,1999,PL1-2408-2
VR890377,C103478,VA-EB-PL1,2024-11-11,vireo.in,1,2249,PL1-2409-1
VR892202,C102537,VA-EB-PL1,2024-11-11,vireo.in,1,2124,PL1-2409-1
VR892249,C100902,VA-SP-ORB,2024-11-11,Amazon,1,5699,ORB-2410-1
VR892368,C106507,VA-EB-AIR,2024-11-11,vireo.in,1,1619,AIR-2409-2
VR897009,C101562,VA-EB-AIR,2024-11-11,vireo.in,1,1799,AIR-2408-4
VR897061,C102495,VA-SW-FIT,2024-11-11,Flipkart,1,1999,FIT-2408-2
VR902241,C107034,VA-EB-AIR,2024-11-11,Amazon,1,1799,AIR-2408-2
VR902762,C108395,VA-NB-ARC,2024-11-11,Flipkart,1,1234,ARC-2410-3
VR885611,C104233,VA-EB-PL1,2024-11-12,vireo.in,1,2374,PL1-2410-4
VR888120,C100358,VA-HP-ST2,2024-11-12,vireo.in,1,4499,ST2-2408-2
VR891019,C104120,VA-HP-ST2,2024-11-12,vireo.in,1,4999,ST2-2409-2
VR894362,C104283,VA-EB-AIR,2024-11-12,Amazon,1,1799,AIR-2409-4
VR899141,C100056,VA-SW-FIT,2024-11-12,vireo.in,2,3198,FIT-2408-2
VR900685,C106461,VA-EB-PL1,2024-11-12,Amazon,1,1999,PL1-2407-3
VR901396,C102553,VA-AC-CH65,2024-11-12,vireo.in,1,1424,CH65-2407-1
VR901960,C106847,VA-HP-ST2,2024-11-12,vireo.in,1,4999,ST2-2407-3
VR903530,C107490,VA-SP-ORB,2024-11-12,Flipkart,2,11998,ORB-2410-1
VR905790,C106766,VA-SP-ORB,2024-11-12,vireo.in,1,5999,ORB-2409-4
VR883980,C103708,VA-EB-PL1,2024-11-13,Amazon,1,2499,PL1-2410-3
VR884261,C106265,VA-AC-CH65,2024-11-13,vireo.in,1,1199,CH65-2408-2
VR884672,C105754,VA-EB-PL1,2024-11-13,Flipkart,1,1999,PL1-2408-4
VR887267,C107616,VA-EB-AIR,2024-11-13,vireo.in,1,1709,AIR-2409-4
VR888373,C103709,VA-SW-FIT,2024-11-13,vireo.in,1,1999,FIT-2408-1
VR888923,C100216,VA-EB-AIR,2024-11-13,vireo.in,1,1439,AIR-2410-1
VR893271,C107253,VA-SW-NX1,2024-11-13,Amazon,1,3999,NX1-2410-2
VR896382,C106506,VA-EB-PL1,2024-11-13,vireo.in,1,2374,PL1-2408-4
VR898887,C106471,VA-EB-PL1,2024-11-13,Flipkart,1,2374,PL1-2409-1
VR900841,C105494,VA-SW-NX1,2024-11-13,Flipkart,1,4249,NX1-2409-1
VR901115,C106918,VA-EB-PL1,2024-11-13,Flipkart,1,2499,PL1-2409-4
VR901973,C105082,VA-SP-ORB,2024-11-13,vireo.in,1,5699,ORB-2409-1
VR904803,C105206,VA-NB-ARC,2024-11-13,Amazon,1,1104,ARC-2408-1
VR906564,C101668,VA-EB-PL1,2024-11-13,Amazon,1,2499,PL1-2408-2
VR906655,C101808,VA-HP-ST2,2024-11-13,Amazon,1,4999,ST2-2408-4
VR908529,C106825,VA-EB-AIR,2024-11-13,Flipkart,1,1529,AIR-2409-1
VR881449,C102682,VA-NB-ARC,2024-11-14,Flipkart,1,1169,ARC-2410-4
VR882008,C106662,VA-SW-FIT,2024-11-14,vireo.in,1,1699,FIT-2410-4
VR887141,C100067,VA-SW-FIT,2024-11-14,Amazon,1,1899,FIT-2409-2
VR888436,C100984,VA-EB-PL1,2024-11-14,Amazon,2,4998,PL1-2410-3
VR890741,C106349,VA-EB-AIR,2024-11-14,vireo.in,1,1619,AIR-2408-1
VR890903,C101071,VA-EB-AIR,2024-11-14,vireo.in,1,1799,AIR-2409-3
VR900196,C100993,VA-EB-PL1,2024-11-14,vireo.in,1,2249,PL1-2407-3
VR901561,C107400,VA-AC-CBL,2024-11-14,Flipkart,1,399,CBL-2408-3
VR904596,C100396,VA-AC-CH65,2024-11-14,Amazon,1,1499,CH65-2408-3
VR907069,C106754,VA-SP-ORB,2024-11-14,vireo.in,1,5099,ORB-2409-3
VR908203,C106323,VA-EB-AIR,2024-11-14,Amazon,1,1529,AIR-2407-2
VR880881,C106458,VA-EB-PL1,2024-11-15,Amazon,1,2374,PL1-2410-4
VR896561,C100582,VA-EB-PL1,2024-11-15,vireo.in,1,2499,PL1-2410-3
VR896865,C108918,VA-SW-FIT,2024-11-15,Amazon,1,1899,FIT-2408-1
VR898553,C107555,VA-SP-ORB,2024-11-15,vireo.in,1,5699,ORB-2408-2
VR901693,C105243,VA-EB-PL1,2024-11-15,vireo.in,1,2124,PL1-2409-1
VR902342,C103701,VA-EB-AIR,2024-11-15,vireo.in,1,1439,AIR-2408-4
VR905077,C109270,VA-EB-PL1,2024-11-15,vireo.in,1,2499,PL1-2410-2
VR905302,C106443,VA-SW-NX1,2024-11-15,Amazon,1,4499,NX1-2409-2
VR908257,C106206,VA-EB-PL1,2024-11-15,vireo.in,1,1999,PL1-2409-2
VR881612,C103411,VA-EB-PL1,2024-11-16,Amazon,1,2499,PL1-2408-1
VR884814,C104783,VA-SW-NX1,2024-11-16,vireo.in,1,3999,NX1-2408-2
VR886010,C103052,VA-SW-NX1,2024-11-16,Flipkart,1,4999,NX1-2408-4
VR886207,C107472,VA-SW-NX1,2024-11-16,vireo.in,1,4499,NX1-2409-4
VR888823,C107630,VA-SW-FIT,2024-11-16,vireo.in,1,1599,FIT-2409-2
VR890404,C100978,VA-NB-ARC,2024-11-16,vireo.in,1,1039,ARC-2409-1
VR894372,C105269,VA-EB-AIR,2024-11-16,Amazon,1,1799,AIR-2410-4
VR896640,C100698,VA-EB-PL1,2024-11-16,vireo.in,1,1999,PL1-2408-3
VR896777,C109128,VA-NB-ARC,2024-11-16,Amazon,1,1104,ARC-2409-4
VR898410,C102789,VA-EB-AIR,2024-11-16,vireo.in,1,1799,AIR-2409-4
VR901008,C102882,VA-EB-PL1,2024-11-16,Amazon,1,2374,PL1-2410-2
VR903058,C104703,VA-EB-PL1,2024-11-16,Amazon,1,2499,PL1-2408-3
VR904388,C103145,VA-NB-ARC,2024-11-16,vireo.in,1,1299,ARC-2410-3
VR905911,C101743,VA-EB-PL1,2024-11-16,vireo.in,2,4248,PL1-2408-1
VR906570,C105871,VA-EB-PL1,2024-11-16,vireo.in,1,1999,PL1-2408-4
VR909970,C104729,VA-EB-PL1,2024-11-16,Flipkart,1,2124,PL1-2410-2
VR881957,C102714,VA-SW-NX1,2024-11-17,vireo.in,1,4749,NX1-2409-4
VR885075,C107438,VA-SP-ORB,2024-11-17,vireo.in,1,4799,ORB-2409-1
VR885515,C109042,VA-SW-FIT,2024-11-17,Flipkart,1,1799,FIT-2408-3
VR886520,C104290,VA-EB-PL1,2024-11-17,vireo.in,1,2124,PL1-2409-1
VR886583,C108747,VA-HP-ST2,2024-11-17,Flipkart,1,4749,ST2-2410-2
VR886653,C101122,VA-EB-PL1,2024-11-17,vireo.in,1,2124,PL1-2410-1
VR894261,C102495,VA-SP-ORB,2024-11-17,vireo.in,1,5699,ORB-2410-2
VR895021,C106431,VA-HP-ST2,2024-11-17,vireo.in,1,4749,ST2-2410-3
VR896765,C102476,VA-EB-AIR,2024-11-17,vireo.in,1,1439,AIR-2408-1
VR898857,C100855,VA-EB-PL1,2024-11-17,vireo.in,1,2249,PL1-2410-2
VR904386,C106167,VA-EB-AIR,2024-11-17,vireo.in,1,1439,AIR-2408-1
VR905849,C102107,VA-SP-ORB,2024-11-17,Amazon,1,5099,ORB-2409-3
VR907022,C102890,VA-EB-AIR,2024-11-17,vireo.in,1,1709,AIR-2410-3
VR908518,C104555,VA-EB-AIR,2024-11-17,Amazon,1,1799,AIR-2409-3
VR909375,C101636,VA-EB-PL1,2024-11-17,Amazon,1,2499,PL1-2408-2
VR881146,C104536,VA-EB-PL1,2024-11-18,vireo.in,1,2249,PL1-2410-4
VR881844,C107157,VA-EB-PL1,2024-11-18,Flipkart,1,2374,PL1-2408-1
VR883006,C105690,VA-EB-PL1,2024-11-18,Amazon,1,2499,PL1-2409-4
VR887349,C101802,VA-EB-PL1,2024-11-18,Amazon,1,2249,PL1-2408-2
VR887990,C102362,VA-EB-AIR,2024-11-18,vireo.in,1,1709,AIR-2409-2
VR889008,C104522,VA-SP-ORB,2024-11-18,Amazon,1,5699,ORB-2408-3
VR891500,C101491,VA-SP-ORB,2024-11-18,vireo.in,1,5999,ORB-2410-1
VR894453,C106235,VA-SP-ORB,2024-11-18,vireo.in,1,5099,ORB-2410-4
VR894631,C107652,VA-SP-ORB,2024-11-18,Flipkart,1,5999,ORB-2408-3
VR895726,C104980,VA-EB-AIR,2024-11-18,vireo.in,1,1799,AIR-2410-2
VR895910,C104673,VA-SP-ORB,2024-11-18,vireo.in,1,5999,ORB-2408-4
VR896024,C106131,VA-EB-PL1,2024-11-18,vireo.in,1,2499,PL1-2408-1
VR899839,C109313,VA-SW-NX1,2024-11-18,Flipkart,2,9998,NX1-2409-1
VR900057,C106396,VA-HP-ST2,2024-11-18,Amazon,1,4999,ST2-2409-4
VR904966,C106266,VA-SW-FIT,2024-11-18,vireo.in,1,1999,FIT-2410-1
VR880150,C101232,VA-SP-ORB,2024-11-19,vireo.in,1,5999,ORB-2408-4
VR880427,C107383,VA-SW-FIT,2024-11-19,vireo.in,1,1599,FIT-2410-1
VR880964,C108218,VA-EB-PL1,2024-11-19,Flipkart,1,2499,PL1-2409-4
VR880983,C102715,VA-EB-AIR,2024-11-19,Amazon,1,1529,AIR-2408-2
VR882380,C109493,VA-EB-PL1,2024-11-19,vireo.in,1,2499,PL1-2409-4
VR882476,C101868,VA-HP-ST2,2024-11-19,vireo.in,1,4999,ST2-2409-2
VR883273,C101460,VA-AC-CH65,2024-11-19,vireo.in,1,1274,CH65-2409-2
VR885599,C102965,VA-EB-PL1,2024-11-19,vireo.in,1,1999,PL1-2410-3
VR886978,C106692,VA-EB-PL1,2024-11-19,vireo.in,1,2124,PL1-2409-4
VR887682,C105320,VA-EB-AIR,2024-11-19,Amazon,1,1529,AIR-2409-2
VR888286,C107337,VA-EB-PL1,2024-11-19,Amazon,2,4748,PL1-2409-1
VR888328,C103952,VA-SW-FIT,2024-11-19,Amazon,1,1999,FIT-2410-4
VR888750,C103682,VA-EB-AIR,2024-11-19,vireo.in,2,3598,AIR-2409-2
VR889696,C108727,VA-SW-NX1,2024-11-19,vireo.in,1,3999,NX1-2408-1
VR892054,C105219,VA-EB-PL1,2024-11-19,Amazon,1,2124,PL1-2409-3
VR892996,C101821,VA-EB-PL1,2024-11-19,vireo.in,1,2124,PL1-2410-2
VR894788,C104236,VA-EB-AIR,2024-11-19,Amazon,1,1529,AIR-2410-4
VR896757,C105356,VA-EB-AIR,2024-11-19,vireo.in,2,3598,AIR-2408-2
VR897870,C109493,VA-EB-PL1,2024-11-19,Amazon,1,2499,PL1-2408-4
VR899694,C108137,VA-SW-FIT,2024-11-19,vireo.in,1,1999,FIT-2410-2
VR900403,C108601,VA-SW-FIT,2024-11-19,vireo.in,2,3598,FIT-2410-2
VR909352,C104175,VA-EB-AIR,2024-11-19,vireo.in,2,3418,AIR-2408-2
VR883115,C107125,VA-EB-AIR,2024-11-20,vireo.in,1,1619,AIR-2408-1
VR884421,C102790,VA-HP-ST2,2024-11-20,vireo.in,1,4999,ST2-2410-3
VR888469,C107276,VA-EB-AIR,2024-11-20,vireo.in,1,1529,AIR-2409-4
VR892248,C105813,VA-HP-ST2,2024-11-20,vireo.in,1,4749,ST2-2410-3
VR893123,C107527,VA-EB-AIR,2024-11-20,Amazon,1,1709,AIR-2409-3
VR895072,C103676,VA-HP-ST3,2024-11-20,Amazon,2,11898,ST3-2408-1
VR895261,C108899,VA-EB-PL1,2024-11-20,Amazon,1,2499,PL1-2408-4
VR896322,C107346,VA-NB-ARC,2024-11-20,vireo.in,1,1299,ARC-2409-2
VR897816,C106868,VA-SW-NX1,2024-11-20,Amazon,1,4749,NX1-2408-1
VR899635,C105078,VA-AC-CBL,2024-11-20,Flipkart,1,339,CBL-2409-4
VR901857,C105303,VA-NB-ARC,2024-11-20,vireo.in,1,1104,ARC-2409-4
VR902408,C100645,VA-EB-AIR,2024-11-20,vireo.in,1,1709,AIR-2409-2
VR882640,C103923,VA-HP-ST3,2024-11-21,Flipkart,1,5949,ST3-2410-4
VR888547,C105731,VA-SW-NX1,2024-11-21,vireo.in,1,4999,NX1-2409-2
VR892409,C109071,VA-AC-CH65,2024-11-21,vireo.in,1,1274,CH65-2410-4
VR893942,C107300,VA-SW-FIT,2024-11-21,vireo.in,1,1699,FIT-2410-1
VR897059,C105338,VA-EB-PL1,2024-11-21,vireo.in,1,2499,PL1-2410-2
VR897636,C100654,VA-EB-PL1,2024-11-21,vireo.in,1,2374,PL1-2410-2
VR899287,C105234,VA-HP-ST3,2024-11-21,Flipkart,1,6649,ST3-2410-1
VR899543,C100241,VA-SW-NX1,2024-11-21,vireo.in,1,4749,NX1-2410-1
VR899883,C105466,VA-SW-FIT,2024-11-21,vireo.in,1,1899,FIT-2410-1
VR900467,C105511,VA-SP-ORB,2024-11-21,Amazon,1,5999,ORB-2410-3
VR902705,C106933,VA-EB-PL1,2024-11-21,Amazon,1,1999,PL1-2410-4
VR903513,C107642,VA-SP-ORB,2024-11-21,vireo.in,1,5999,ORB-2410-4
VR903897,C103552,VA-EB-AIR,2024-11-21,vireo.in,1,1799,AIR-2410-4
VR904064,C107528,VA-SP-ORB,2024-11-21,vireo.in,1,5999,ORB-2410-3
VR904305,C107458,VA-SW-FIT,2024-11-21,Amazon,1,1699,FIT-2408-2
VR909256,C103583,VA-HP-ST2,2024-11-21,vireo.in,1,4999,ST2-2408-4
VR909988,C105667,VA-EB-PL1,2024-11-21,Amazon,1,1999,PL1-2408-2
VR881205,C104812,VA-EB-PL1,2024-11-22,vireo.in,1,2499,PL1-2409-2
VR883019,C103480,VA-NB-ARC,2024-11-22,vireo.in,1,1299,ARC-2408-3
VR883459,C102604,VA-HP-ST3,2024-11-22,Flipkart,2,13998,ST3-2408-3
VR889104,C102046,VA-EB-AIR,2024-11-22,vireo.in,1,1799,AIR-2410-3
VR889293,C107674,VA-HP-ST3,2024-11-22,Amazon,1,6999,ST3-2409-1
VR889790,C106862,VA-SW-NX1,2024-11-22,vireo.in,1,4999,NX1-2408-2
VR897740,C100918,VA-EB-AIR,2024-11-22,vireo.in,1,1439,AIR-2409-3
VR898018,C106877,VA-EB-PL1,2024-11-22,Amazon,1,1999,PL1-2410-1
VR898461,C100426,VA-SW-NX1,2024-11-22,Flipkart,1,4999,NX1-2410-1
VR901117,C109406,VA-SW-NX1,2024-11-22,Amazon,1,4999,NX1-2408-2
VR902588,C106631,VA-AC-CH65,2024-11-22,Amazon,1,1499,CH65-2410-4
VR906272,C100827,VA-EB-PL1,2024-11-22,Amazon,1,1999,PL1-2408-2
VR907050,C100623,VA-EB-PL1,2024-11-22,vireo.in,1,2499,PL1-2409-3
VR909569,C103217,VA-SW-NX1,2024-11-22,vireo.in,1,4999,NX1-2409-3
VR909825,C102403,VA-EB-AIR,2024-11-22,vireo.in,2,3058,AIR-2408-4
VR881028,C105299,VA-SW-FIT,2024-11-23,vireo.in,1,1699,FIT-2408-4
VR882360,C104889,VA-EB-PL1,2024-11-23,Amazon,1,2499,PL1-2410-3
VR885255,C106341,VA-EB-PL1,2024-11-23,Flipkart,1,2499,PL1-2410-4
VR888537,C105941,VA-HP-ST3,2024-11-23,vireo.in,1,6999,ST3-2409-3
VR889883,C107780,VA-EB-AIR,2024-11-23,vireo.in,1,1799,AIR-2409-3
VR889903,C107449,VA-HP-ST3,2024-11-23,vireo.in,1,5949,ST3-2409-4
VR891345,C107294,VA-HP-ST2,2024-11-23,vireo.in,1,4499,ST2-2408-4
VR892189,C102465,VA-EB-PL1,2024-11-23,vireo.in,1,2499,PL1-2409-1
VR893951,C106780,VA-EB-PL1,2024-11-23,vireo.in,1,2499,PL1-2410-3
VR893972,C102784,VA-EB-PL1,2024-11-23,Amazon,1,1999,PL1-2408-1
VR894445,C103613,VA-SW-NX1,2024-11-23,Amazon,1,4999,NX1-2409-2
VR898068,C100813,VA-EB-AIR,2024-11-23,vireo.in,2,3598,AIR-2410-4
VR901706,C108000,VA-EB-PL1,2024-11-23,vireo.in,1,2499,PL1-2409-3
VR903179,C101948,VA-NB-ARC,2024-11-23,Flipkart,1,1299,ARC-2410-3
VR903996,C103875,VA-SP-ORB,2024-11-23,vireo.in,1,5099,ORB-2408-1
VR880016,C105152,VA-EB-PL1,2024-11-24,vireo.in,1,2249,PL1-2409-4
VR880784,C101067,VA-SW-FIT,2024-11-24,vireo.in,1,1999,FIT-2408-1
VR881349,C108570,VA-NB-ARC,2024-11-24,vireo.in,1,1169,ARC-2410-4
VR885231,C109346,VA-HP-ST3,2024-11-24,Amazon,2,11198,ST3-2411-2
VR885377,C103272,VA-HP-ST2,2024-11-24,vireo.in,1,3999,ST2-2408-1
VR887999,C102635,VA-HP-ST3,2024-11-24,vireo.in,1,6999,ST3-2409-1
VR888776,C109464,VA-EB-PL1,2024-11-24,vireo.in,1,2249,PL1-2409-1
VR890676,C106573,VA-EB-PL1,2024-11-24,vireo.in,1,2499,PL1-2408-2
VR890700,C109240,VA-EB-PL1,2024-11-24,Amazon,1,2499,PL1-2410-3
VR890885,C104354,VA-EB-AIR,2024-11-24,Flipkart,1,1799,AIR-2409-2
VR891842,C105478,VA-EB-AIR,2024-11-24,vireo.in,2,3418,AIR-2410-3
VR894238,C108472,VA-NB-ARC,2024-11-24,vireo.in,1,1299,ARC-2408-3
VR903112,C102945,VA-HP-ST3,2024-11-24,Flipkart,1,6999,ST3-2408-3
VR903131,C106043,VA-SW-FIT,2024-11-24,vireo.in,1,1599,FIT-2408-4
VR903641,C103616,VA-SW-NX1,2024-11-24,vireo.in,1,4999,NX1-2410-1
VR903968,C100282,VA-EB-PL1,2024-11-24,vireo.in,1,1999,PL1-2408-4
VR905192,C101956,VA-HP-ST3,2024-11-24,Amazon,1,6299,ST3-2410-2
VR905947,C108768,VA-HP-ST3,2024-11-24,Amazon,1,6649,ST3-2410-4
VR906433,C105643,VA-EB-AIR,2024-11-24,vireo.in,1,1799,AIR-2410-2
VR907470,C100085,VA-NB-ARC,2024-11-24,Amazon,1,1104,ARC-2411-1
VR907512,C104077,VA-HP-ST2,2024-11-24,vireo.in,1,4999,ST2-2410-2
VR909232,C100614,VA-EB-PL1,2024-11-24,vireo.in,1,2499,PL1-2409-4
VR909611,C105814,VA-SW-FIT,2024-11-24,vireo.in,2,3598,FIT-2410-1
VR884991,C100944,VA-EB-AIR,2024-11-25,Amazon,1,1619,AIR-2409-1
VR888174,C101877,VA-EB-AIR,2024-11-25,Amazon,1,1799,AIR-2408-1
VR890701,C105503,VA-EB-AIR,2024-11-25,vireo.in,1,1799,AIR-2410-2
VR894822,C108245,VA-SW-FIT,2024-11-25,vireo.in,1,1999,FIT-2411-3
VR898134,C105723,VA-EB-PL1,2024-11-25,Flipkart,1,2249,PL1-2409-2
VR901262,C108127,VA-AC-CH65,2024-11-25,vireo.in,1,1499,CH65-2409-1
VR902849,C100876,VA-HP-ST3,2024-11-25,vireo.in,1,5949,ST3-2409-2
VR903417,C105500,VA-AC-CH65,2024-11-25,vireo.in,1,1199,CH65-2411-1
VR906442,C100299,VA-HP-ST3,2024-11-25,vireo.in,1,6999,ST3-2410-1
VR906856,C105120,VA-EB-AIR,2024-11-25,vireo.in,1,1799,AIR-2411-4
VR907406,C100881,VA-NB-ARC,2024-11-25,Flipkart,1,1299,ARC-2410-1
VR886186,C100831,VA-EB-PL1,2024-11-26,Flipkart,1,2499,PL1-2411-1
VR886372,C105840,VA-NB-ARC,2024-11-26,Amazon,1,1299,ARC-2410-2
VR886861,C107736,VA-HP-ST3,2024-11-26,vireo.in,1,6999,ST3-2409-1
VR888163,C104001,VA-HP-ST3,2024-11-26,vireo.in,1,6999,ST3-2409-3
VR888449,C101165,VA-HP-ST3,2024-11-26,Flipkart,1,5599,ST3-2410-4
VR888576,C101992,VA-SP-ORB,2024-11-26,vireo.in,1,5399,ORB-2408-3
VR889175,C105737,VA-EB-AIR,2024-11-26,vireo.in,1,1529,AIR-2409-4
VR890061,C100567,VA-EB-AIR,2024-11-26,Amazon,1,1799,AIR-2408-1
VR890470,C104381,VA-HP-ST3,2024-11-26,vireo.in,1,6999,ST3-2409-1
VR890599,C109304,VA-AC-CBL,2024-11-26,vireo.in,1,319,CBL-2408-3
VR892253,C101635,VA-SW-NX1,2024-11-26,Amazon,1,4749,NX1-2411-4
VR892455,C109074,VA-HP-ST3,2024-11-26,vireo.in,1,6999,ST3-2409-4
VR892924,C102988,VA-HP-ST2,2024-11-26,Amazon,1,4749,ST2-2410-3
VR893369,C101455,VA-HP-ST3,2024-11-26,Flipkart,1,6999,ST3-2408-3
VR896918,C105321,VA-HP-ST3,2024-11-26,Amazon,1,5949,ST3-2410-1
VR904493,C107499,VA-SW-FIT,2024-11-26,vireo.in,2,3598,FIT-2410-4
VR904521,C103667,VA-SP-ORB,2024-11-26,vireo.in,1,5999,ORB-2408-2
VR904545,C105113,VA-SP-ORB,2024-11-26,vireo.in,1,5999,ORB-2410-1
VR905898,C100708,VA-SW-NX1,2024-11-26,vireo.in,1,4749,NX1-2410-4
VR882606,C109008,VA-SP-ORB,2024-11-27,vireo.in,2,11998,ORB-2410-1
VR882829,C102956,VA-EB-AIR,2024-11-27,vireo.in,1,1529,AIR-2409-1
VR885250,C107080,VA-HP-ST3,2024-11-27,vireo.in,1,5599,ST3-2410-3
VR885351,C101565,VA-NB-ARC,2024-11-27,Amazon,1,1299,ARC-2410-4
VR887962,C102132,VA-SW-NX1,2024-11-27,Amazon,1,4999,NX1-2408-3
VR888387,C102127,VA-SW-FIT,2024-11-27,vireo.in,1,1599,FIT-2408-2
VR889062,C107134,VA-HP-ST3,2024-11-27,Flipkart,1,5599,ST3-2410-1
VR891466,C102860,VA-SP-ORB,2024-11-27,vireo.in,1,5999,ORB-2409-1
VR893410,C104846,VA-EB-PL1,2024-11-27,vireo.in,1,1999,PL1-2410-1
VR894373,C106310,VA-EB-PL1,2024-11-27,vireo.in,2,4998,PL1-2410-4
VR898962,C106080,VA-EB-PL1,2024-11-27,Amazon,2,4998,PL1-2408-3
VR902663,C101256,VA-EB-PL1,2024-11-27,vireo.in,1,1999,PL1-2409-1
VR903782,C108353,VA-HP-ST2,2024-11-27,Flipkart,1,3999,ST2-2409-1
VR906976,C100264,VA-SW-NX1,2024-11-27,vireo.in,1,4999,NX1-2409-2
VR907199,C109436,VA-HP-ST3,2024-11-27,Flipkart,1,6299,ST3-2409-1
VR881625,C102190,VA-EB-AIR,2024-11-28,vireo.in,1,1709,AIR-2410-2
VR881926,C109274,VA-EB-PL1,2024-11-28,Amazon,1,2499,PL1-2408-1
VR883791,C103245,VA-EB-AIR,2024-11-28,Flipkart,1,1439,AIR-2410-2
VR887130,C109209,VA-EB-AIR,2024-11-28,Amazon,2,3058,AIR-2410-1
VR889287,C107943,VA-SP-ORB,2024-11-28,Amazon,1,5999,ORB-2409-3
VR889288,C105209,VA-SW-FIT,2024-11-28,vireo.in,1,1999,FIT-2410-2
VR892685,C101977,VA-HP-ST2,2024-11-28,vireo.in,1,4249,ST2-2409-1
VR893611,C104447,VA-SW-NX1,2024-11-28,Flipkart,1,4999,NX1-2409-4
VR895131,C105705,VA-SW-NX1,2024-11-28,Amazon,1,4749,NX1-2409-3
VR897025,C103317,VA-SP-ORB,2024-11-28,vireo.in,1,5399,ORB-2410-3
VR897275,C103696,VA-EB-AIR,2024-11-28,Flipkart,1,1709,AIR-2409-1
VR897855,C104482,VA-EB-AIR,2024-11-28,vireo.in,1,1709,AIR-2409-4
VR897927,C107836,VA-EB-AIR,2024-11-28,vireo.in,1,1799,AIR-2410-2
VR899896,C105320,VA-EB-AIR,2024-11-28,Flipkart,1,1619,AIR-2410-2
VR905056,C108619,VA-HP-ST2,2024-11-28,Flipkart,1,4749,ST2-2409-2
VR905376,C100638,VA-HP-ST2,2024-11-28,Amazon,1,4749,ST2-2410-3
VR882951,C103915,VA-EB-AIR,2024-11-29,Amazon,1,1439,AIR-2408-2
VR887737,C101101,VA-SP-ORB,2024-11-29,Amazon,1,5999,ORB-2408-2
VR888302,C108190,VA-EB-AIR,2024-11-29,Amazon,2,3058,AIR-2410-2
VR889521,C106242,VA-SW-FIT,2024-11-29,vireo.in,2,3998,FIT-2410-3
VR892299,C106269,VA-EB-AIR,2024-11-29,vireo.in,1,1439,AIR-2408-4
VR897181,C106771,VA-SP-ORB,2024-11-29,vireo.in,1,5999,ORB-2409-2
VR902420,C109445,VA-EB-PL1,2024-11-29,vireo.in,1,2249,PL1-2411-4
VR902832,C103842,VA-HP-ST3,2024-11-29,Amazon,1,6999,ST3-2408-1
VR903528,C104602,VA-EB-PL1,2024-11-29,Flipkart,1,1999,PL1-2410-2
VR906510,C105755,VA-SW-FIT,2024-11-29,vireo.in,1,1799,FIT-2410-2
VR906744,C100658,VA-SW-FIT,2024-11-29,Amazon,1,1899,FIT-2408-3
VR908747,C100832,VA-HP-ST3,2024-11-29,vireo.in,1,6649,ST3-2410-2
VR883080,C107712,VA-NB-ARC,2024-11-30,Amazon,1,1299,ARC-2410-2
VR883578,C102968,VA-SW-FIT,2024-11-30,Flipkart,1,1599,FIT-2410-2
VR890202,C107856,VA-HP-ST3,2024-11-30,vireo.in,1,6999,ST3-2409-1
VR891705,C100412,VA-SW-FIT,2024-11-30,Flipkart,1,1799,FIT-2409-1
VR892037,C108292,VA-EB-AIR,2024-11-30,vireo.in,2,3058,AIR-2410-1
VR892808,C106784,VA-AC-CBL,2024-11-30,vireo.in,2,798,CBL-2409-4
VR893312,C101135,VA-EB-PL1,2024-11-30,Amazon,1,2249,PL1-2409-1
VR893879,C103573,VA-HP-ST2,2024-11-30,Flipkart,1,4999,ST2-2409-4
VR895928,C105485,VA-HP-ST3,2024-11-30,vireo.in,1,5949,ST3-2410-4
VR897212,C102890,VA-SP-ORB,2024-11-30,Amazon,1,5999,ORB-2411-1
VR897333,C101218,VA-SP-ORB,2024-11-30,Flipkart,2,10198,ORB-2410-2
VR899223,C107116,VA-HP-ST2,2024-11-30,vireo.in,1,3999,ST2-2411-4
VR899816,C106022,VA-EB-PL1,2024-11-30,Flipkart,1,2249,PL1-2409-3
VR901361,C104529,VA-NB-ARC,2024-11-30,vireo.in,1,1299,ARC-2410-4
VR903084,C101452,VA-SW-FIT,2024-11-30,vireo.in,1,1899,FIT-2411-2
VR904186,C103006,VA-EB-PL1,2024-11-30,Amazon,1,2499,PL1-2411-1
VR908556,C108023,VA-EB-AIR,2024-11-30,vireo.in,1,1799,AIR-2409-4
VR880431,C103294,VA-EB-AIR,2024-12-01,Amazon,1,1619,AIR-2410-2
VR880581,C100035,VA-HP-ST2,2024-12-01,vireo.in,1,4749,ST2-2408-4
VR880840,C103651,VA-EB-AIR,2024-12-01,vireo.in,1,1619,AIR-2410-3
VR881251,C109294,VA-HP-ST3,2024-12-01,vireo.in,1,5599,ST3-2410-4
VR883993,C100677,VA-NB-ARC,2024-12-01,Flipkart,1,1299,ARC-2408-2
VR886059,C107405,VA-AC-CBL,2024-12-01,vireo.in,1,399,CBL-2410-3
VR887599,C106417,VA-SP-ORB,2024-12-01,Flipkart,1,5699,ORB-2410-4
VR889825,C108242,VA-EB-AIR,2024-12-01,Amazon,2,3058,AIR-2411-3
VR892726,C101784,VA-EB-PL1,2024-12-01,vireo.in,1,2124,PL1-2411-2
VR896436,C109340,VA-HP-ST3,2024-12-01,vireo.in,2,13998,ST3-2409-2
VR897142,C108003,VA-SW-NX1,2024-12-01,vireo.in,1,4249,NX1-2409-3
VR898628,C103554,VA-SP-ORB,2024-12-01,vireo.in,1,4799,ORB-2409-1
VR904708,C101319,VA-SP-ORB,2024-12-01,Amazon,1,5699,ORB-2409-1
VR885493,C105677,VA-SW-FIT,2024-12-02,Amazon,1,1999,FIT-2408-1
VR886499,C106276,VA-EB-PL1,2024-12-02,vireo.in,1,2124,PL1-2409-1
VR891041,C108638,VA-NB-ARC,2024-12-02,vireo.in,1,1039,ARC-2409-1
VR897864,C102619,VA-AC-CH65,2024-12-02,Amazon,2,2998,CH65-2408-2
VR897877,C103043,VA-EB-PL1,2024-12-02,vireo.in,1,2374,PL1-2411-3
VR900159,C104425,VA-EB-AIR,2024-12-02,vireo.in,1,1529,AIR-2411-3
VR900907,C103839,VA-EB-PL1,2024-12-02,vireo.in,1,2499,PL1-2410-2
VR901726,C103195,VA-NB-ARC,2024-12-02,vireo.in,1,1299,ARC-2410-4
VR903012,C100097,VA-EB-PL1,2024-12-02,vireo.in,1,2499,PL1-2409-2
VR903673,C102450,VA-EB-AIR,2024-12-02,vireo.in,1,1799,AIR-2410-2
VR906343,C107778,VA-HP-ST3,2024-12-02,Flipkart,1,5599,ST3-2410-1
VR909772,C106206,VA-SW-NX1,2024-12-02,vireo.in,1,4249,NX1-2411-2
VR888299,C105723,VA-EB-PL1,2024-12-03,Flipkart,1,2499,PL1-2409-3
VR888864,C104611,VA-SP-ORB,2024-12-03,Amazon,1,5999,ORB-2410-4
VR889071,C106185,VA-SW-FIT,2024-12-03,vireo.in,1,1799,FIT-2410-2
VR889452,C104094,VA-EB-PL1,2024-12-03,Flipkart,1,2374,PL1-2409-3
VR890956,C101631,VA-SW-FIT,2024-12-03,Amazon,1,1999,FIT-2410-2
VR897875,C107434,VA-SW-FIT,2024-12-03,vireo.in,1,1699,FIT-2411-4
VR898706,C103974,VA-EB-PL1,2024-12-03,Amazon,1,2499,PL1-2410-2
VR903374,C109339,VA-SP-ORB,2024-12-03,Amazon,1,5999,ORB-2411-2
VR906565,C100243,VA-HP-ST3,2024-12-03,vireo.in,1,6999,ST3-2411-3
VR881043,C108269,VA-EB-PL1,2024-12-04,vireo.in,1,1999,PL1-2409-3
VR881067,C107596,VA-EB-PL1,2024-12-04,Amazon,1,2499,PL1-2409-4
VR885475,C103128,VA-NB-ARC,2024-12-04,Amazon,1,1169,ARC-2409-4
VR886350,C106521,VA-EB-PL1,2024-12-04,vireo.in,1,2499,PL1-2410-2
VR887200,C106726,VA-EB-AIR,2024-12-04,vireo.in,1,1799,AIR-2411-3
VR888652,C108933,VA-SP-ORB,2024-12-04,Flipkart,1,5099,ORB-2409-4
VR891241,C100466,VA-EB-PL1,2024-12-04,vireo.in,1,2499,PL1-2410-1
VR893977,C101315,VA-HP-ST2,2024-12-04,Flipkart,1,3999,ST2-2410-3
VR898049,C102346,VA-EB-AIR,2024-12-04,Amazon,1,1439,AIR-2410-4
VR901602,C101754,VA-HP-ST2,2024-12-04,Amazon,1,4249,ST2-2409-3
VR902401,C104568,VA-AC-CH65,2024-12-04,vireo.in,1,1199,CH65-2409-4
VR903182,C106715,VA-EB-AIR,2024-12-04,Amazon,1,1799,AIR-2409-3
VR905494,C107684,VA-EB-AIR,2024-12-04,vireo.in,1,1619,AIR-2409-3
VR906181,C100334,VA-SW-FIT,2024-12-04,Amazon,1,1999,FIT-2409-2
VR881051,C108297,VA-EB-PL1,2024-12-05,vireo.in,1,1999,PL1-2411-1
VR881117,C101241,VA-AC-CH65,2024-12-05,Amazon,1,1424,CH65-2409-1
VR884370,C105231,VA-EB-PL1,2024-12-05,vireo.in,1,2499,PL1-2408-3
VR886042,C106446,VA-EB-AIR,2024-12-05,Amazon,1,1529,AIR-2408-4
VR887294,C108528,VA-EB-PL1,2024-12-05,vireo.in,1,2374,PL1-2411-4
VR888228,C106192,VA-EB-AIR,2024-12-05,Flipkart,1,1799,AIR-2409-1
VR888975,C103650,VA-HP-ST2,2024-12-05,vireo.in,1,4999,ST2-2410-1
VR894010,C103760,VA-SP-ORB,2024-12-05,Amazon,1,5999,ORB-2410-2
VR900811,C107006,VA-SW-FIT,2024-12-05,Amazon,1,1799,FIT-2409-1
VR901320,C102584,VA-EB-AIR,2024-12-05,vireo.in,1,1619,AIR-2409-3
VR906278,C105253,VA-SP-ORB,2024-12-05,Amazon,1,5399,ORB-2409-2
VR908801,C101469,VA-SP-ORB,2024-12-05,Flipkart,1,5099,ORB-2408-2
VR881744,C104298,VA-EB-AIR,2024-12-06,vireo.in,1,1529,AIR-2410-3
VR882274,C102156,VA-EB-PL1,2024-12-06,vireo.in,1,1999,PL1-2411-1
VR885605,C100677,VA-EB-PL1,2024-12-06,vireo.in,1,2249,PL1-2410-3
VR887624,C102140,VA-EB-AIR,2024-12-06,Amazon,1,1529,AIR-2409-2
VR899181,C105221,VA-EB-PL1,2024-12-06,vireo.in,1,2249,PL1-2408-3
VR899275,C107124,VA-SW-NX1,2024-12-06,Amazon,1,4999,NX1-2409-1
VR904303,C105091,VA-HP-ST2,2024-12-06,Flipkart,1,4999,ST2-2411-4
VR905878,C100198,VA-HP-ST3,2024-12-06,vireo.in,1,5949,ST3-2409-2
VR906129,C103616,VA-EB-AIR,2024-12-06,vireo.in,1,1439,AIR-2409-2
VR907877,C104114,VA-SP-ORB,2024-12-06,Amazon,1,5999,ORB-2410-2
VR891026,C109224,VA-HP-ST2,2024-12-07,Flipkart,1,4999,ST2-2409-2
VR896997,C107659,VA-AC-CBL,2024-12-07,vireo.in,1,399,CBL-2409-1
VR901685,C107610,VA-EB-AIR,2024-12-07,Amazon,1,1439,AIR-2408-1
VR901689,C100904,VA-EB-PL1,2024-12-07,Amazon,2,4748,PL1-2410-2
VR905278,C102895,VA-SW-FIT,2024-12-07,vireo.in,1,1999,FIT-2409-1
VR907283,C106141,VA-NB-ARC,2024-12-07,vireo.in,1,1299,ARC-2408-2
VR908503,C105906,VA-AC-CBL,2024-12-07,vireo.in,1,359,CBL-2410-3
VR880115,C100279,VA-HP-ST2,2024-12-08,Amazon,1,4249,ST2-2410-2
VR881145,C103471,VA-SW-NX1,2024-12-08,vireo.in,2,8498,NX1-2411-4
VR883046,C108769,VA-NB-ARC,2024-12-08,Amazon,1,1234,ARC-2410-2
VR884068,C104111,VA-EB-PL1,2024-12-08,Flipkart,1,2374,PL1-2410-1
VR884653,C107414,VA-HP-ST3,2024-12-08,Amazon,1,6299,ST3-2411-3
VR886173,C108994,VA-HP-ST3,2024-12-08,vireo.in,1,6999,ST3-2409-2
VR887452,C107149,VA-EB-PL1,2024-12-08,vireo.in,1,2499,PL1-2409-4
VR888297,C104017,VA-SW-NX1,2024-12-08,Flipkart,1,4999,NX1-2410-3
VR888720,C101401,VA-SW-NX1,2024-12-08,vireo.in,1,4499,NX1-2410-2
VR898349,C108212,VA-EB-AIR,2024-12-08,Amazon,1,1529,AIR-2409-4
VR901272,C101519,VA-NB-ARC,2024-12-08,vireo.in,1,1169,ARC-2410-1
VR901795,C103495,VA-AC-CBL,2024-12-08,vireo.in,1,399,CBL-2409-2
VR903163,C104234,VA-EB-PL1,2024-12-08,Amazon,1,1999,PL1-2411-4
VR903430,C105252,VA-EB-PL1,2024-12-08,vireo.in,1,2499,PL1-2408-1
VR907084,C102314,VA-HP-ST3,2024-12-08,vireo.in,2,11898,ST3-2409-2
VR881004,C100043,VA-NB-ARC,2024-12-09,vireo.in,1,1234,ARC-2409-3
VR881100,C103537,VA-EB-PL1,2024-12-09,Amazon,1,2499,PL1-2408-1
VR881669,C101142,VA-EB-AIR,2024-12-09,Flipkart,1,1799,AIR-2410-3
VR883537,C103267,VA-EB-PL1,2024-12-09,Amazon,1,2499,PL1-2410-1
VR888649,C108454,VA-SW-FIT,2024-12-09,Amazon,1,1999,FIT-2410-4
VR891270,C108594,VA-EB-PL1,2024-12-09,vireo.in,1,2499,PL1-2411-1
VR896036,C103585,VA-HP-ST3,2024-12-09,Flipkart,2,13998,ST3-2410-3
VR905133,C100030,VA-EB-AIR,2024-12-09,vireo.in,2,3238,AIR-2409-2
VR907034,C109052,VA-SP-ORB,2024-12-09,vireo.in,1,5999,ORB-2410-3
VR908217,C102898,VA-EB-PL1,2024-12-09,vireo.in,1,2249,PL1-2411-1
VR881763,C101471,VA-EB-AIR,2024-12-10,Amazon,1,1709,AIR-2410-4
VR883562,C100486,VA-EB-PL1,2024-12-10,Flipkart,1,2499,PL1-2411-4
VR887520,C101331,VA-EB-AIR,2024-12-10,Flipkart,1,1799,AIR-2409-1
VR888542,C106245,VA-EB-PL1,2024-12-10,vireo.in,1,2499,PL1-2409-1
VR891317,C105076,VA-EB-PL1,2024-12-10,vireo.in,1,2499,PL1-2410-2
VR894673,C106019,VA-EB-PL1,2024-12-10,Flipkart,1,2124,PL1-2410-2
VR896383,C100743,VA-HP-ST3,2024-12-10,vireo.in,1,6999,ST3-2409-3
VR900493,C105227,VA-SP-ORB,2024-12-10,vireo.in,1,5999,ORB-2408-3
VR901026,C101015,VA-HP-ST3,2024-12-10,vireo.in,1,5949,ST3-2410-1
VR901519,C103106,VA-HP-ST3,2024-12-10,vireo.in,1,6299,ST3-2410-4
VR902969,C101784,VA-EB-PL1,2024-12-10,vireo.in,1,2249,PL1-2408-3
VR903819,C107385,VA-EB-PL1,2024-12-10,vireo.in,1,2499,PL1-2410-1
VR905406,C101128,VA-NB-ARC,2024-12-10,vireo.in,1,1299,ARC-2410-1
VR907335,C106977,VA-SP-ORB,2024-12-10,Amazon,1,5999,ORB-2409-2
VR909735,C100677,VA-EB-PL1,2024-12-10,Amazon,1,2249,PL1-2411-2
VR881670,C101404,VA-SW-FIT,2024-12-11,vireo.in,1,1899,FIT-2409-4
VR889118,C103196,VA-EB-PL1,2024-12-11,vireo.in,1,2124,PL1-2409-4
VR893072,C101666,VA-EB-PL1,2024-12-11,Amazon,1,2499,PL1-2411-4
VR897244,C102214,VA-EB-AIR,2024-12-11,vireo.in,1,1439,AIR-2409-1
VR900900,C100151,VA-EB-AIR,2024-12-11,Amazon,1,1799,AIR-2410-4
VR903964,C101984,VA-EB-AIR,2024-12-11,vireo.in,1,1529,AIR-2410-4
VR908355,C101770,VA-HP-ST3,2024-12-11,vireo.in,2,13298,ST3-2409-3
VR908386,C108464,VA-EB-PL1,2024-12-11,Amazon,1,2499,PL1-2410-3
VR880973,C100759,VA-EB-AIR,2024-12-12,vireo.in,1,1799,AIR-2409-3
VR883931,C108046,VA-SP-ORB,2024-12-12,vireo.in,1,5999,ORB-2409-4
VR886199,C107685,VA-NB-ARC,2024-12-12,vireo.in,1,1299,ARC-2411-4
VR886725,C105554,VA-HP-ST3,2024-12-12,Amazon,1,6999,ST3-2410-4
VR887077,C101420,VA-AC-CBL,2024-12-12,vireo.in,1,399,CBL-2411-3
VR887558,C105686,VA-HP-ST3,2024-12-12,vireo.in,1,6999,ST3-2408-1
VR891252,C106166,VA-SP-ORB,2024-12-12,Amazon,1,5999,ORB-2410-1
VR897104,C106554,VA-EB-AIR,2024-12-12,Amazon,1,1799,AIR-2409-4
VR897234,C100515,VA-AC-CBL,2024-12-12,vireo.in,1,359,CBL-2409-4
VR897646,C104584,VA-AC-CH65,2024-12-12,vireo.in,1,1499,CH65-2410-2
VR898499,C102321,VA-EB-PL1,2024-12-12,vireo.in,1,1999,PL1-2409-1
VR905750,C107914,VA-SW-FIT,2024-12-12,Amazon,1,1999,FIT-2410-2
VR882563,C102942,VA-HP-ST3,2024-12-13,vireo.in,1,6299,ST3-2409-2
VR884284,C104497,VA-SW-NX1,2024-12-13,vireo.in,1,4249,NX1-2410-2
VR888234,C109051,VA-HP-ST2,2024-12-13,vireo.in,1,4999,ST2-2411-1
VR895710,C105284,VA-EB-AIR,2024-12-13,Amazon,1,1439,AIR-2411-4
VR886102,C105575,VA-SP-ORB,2024-12-14,vireo.in,1,5999,ORB-2411-4
VR886739,C106906,VA-AC-CH65,2024-12-14,vireo.in,1,1499,CH65-2410-2
VR887044,C100955,VA-EB-AIR,2024-12-14,vireo.in,1,1439,AIR-2409-1
VR889219,C108635,VA-EB-PL1,2024-12-14,Amazon,1,1999,PL1-2410-2
VR891491,C102935,VA-SW-FIT,2024-12-14,Amazon,2,3998,FIT-2410-3
VR892289,C100823,VA-EB-PL1,2024-12-14,vireo.in,1,2249,PL1-2409-2
VR895817,C106295,VA-HP-ST3,2024-12-14,Amazon,1,6999,ST3-2409-1
VR897241,C103627,VA-EB-AIR,2024-12-14,Flipkart,1,1619,AIR-2409-3
VR898586,C102167,VA-EB-PL1,2024-12-14,vireo.in,2,4998,PL1-2409-3
VR899491,C104009,VA-AC-CH65,2024-12-14,vireo.in,1,1499,CH65-2409-1
VR901799,C107488,VA-EB-AIR,2024-12-14,Amazon,2,3058,AIR-2411-1
VR907733,C104789,VA-SW-NX1,2024-12-14,vireo.in,1,4999,NX1-2409-3
VR880646,C107696,VA-HP-ST2,2024-12-15,vireo.in,1,4999,ST2-2410-1
VR888105,C103973,VA-EB-PL1,2024-12-15,Amazon,1,2374,PL1-2409-3
VR890495,C103354,VA-EB-AIR,2024-12-15,vireo.in,1,1529,AIR-2411-3
VR894996,C100318,VA-SW-FIT,2024-12-15,vireo.in,1,1799,FIT-2409-4
VR896505,C105816,VA-SW-NX1,2024-12-15,vireo.in,1,4999,NX1-2411-3
VR896578,C107215,VA-SW-FIT,2024-12-15,Flipkart,1,1899,FIT-2410-1
VR896933,C101583,VA-EB-PL1,2024-12-15,vireo.in,1,1999,PL1-2409-1
VR898209,C106063,VA-SW-FIT,2024-12-15,Amazon,1,1999,FIT-2411-2
VR902681,C102636,VA-EB-PL1,2024-12-15,vireo.in,1,2124,PL1-2410-1
VR882993,C104262,VA-SP-ORB,2024-12-16,vireo.in,1,5999,ORB-2411-3
VR894176,C103445,VA-EB-AIR,2024-12-16,Amazon,1,1439,AIR-2411-1
VR895011,C106309,VA-HP-ST3,2024-12-16,vireo.in,1,5949,ST3-2411-3
VR895025,C106440,VA-EB-PL1,2024-12-16,Amazon,1,2249,PL1-2409-2
VR896616,C108634,VA-AC-CH65,2024-12-16,Amazon,1,1274,CH65-2409-2
VR898979,C104956,VA-EB-AIR,2024-12-16,Amazon,2,3598,AIR-2410-4
VR901526,C104265,VA-EB-PL1,2024-12-16,Flipkart,1,1999,PL1-2410-1
VR904877,C108268,VA-SW-NX1,2024-12-16,vireo.in,1,3999,NX1-2409-1
VR905558,C105919,VA-HP-ST3,2024-12-16,Amazon,1,6299,ST3-2410-1
VR908816,C106993,VA-EB-PL1,2024-12-16,Amazon,1,1999,PL1-2409-3
VR887918,C104569,VA-HP-ST2,2024-12-17,Flipkart,2,8498,ST2-2409-4
VR895178,C100939,VA-EB-AIR,2024-12-17,Amazon,1,1799,AIR-2409-2
VR898288,C103306,VA-EB-PL1,2024-12-17,Flipkart,1,2499,PL1-2409-4
VR899872,C108581,VA-SP-ORB,2024-12-17,vireo.in,1,5999,ORB-2410-1
VR900838,C102700,VA-EB-AIR,2024-12-17,vireo.in,1,1619,AIR-2411-1
VR902222,C105745,VA-EB-AIR,2024-12-17,Amazon,2,3418,AIR-2409-2
VR903686,C103031,VA-EB-PL1,2024-12-17,vireo.in,1,2124,PL1-2409-4
VR907252,C108321,VA-SW-NX1,2024-12-17,Amazon,1,4999,NX1-2411-3
VR880292,C102687,VA-EB-PL1,2024-12-18,Amazon,1,2499,PL1-2410-1
VR882213,C103833,VA-EB-PL1,2024-12-18,Amazon,1,2499,PL1-2411-3
VR888673,C105804,VA-EB-AIR,2024-12-18,vireo.in,1,1439,AIR-2409-4
VR888712,C105342,VA-NB-ARC,2024-12-18,vireo.in,1,1039,ARC-2411-3
VR888855,C100455,VA-EB-PL1,2024-12-18,vireo.in,1,2499,PL1-2411-2
VR897262,C108374,VA-SP-ORB,2024-12-18,Flipkart,1,5699,ORB-2409-1
VR898234,C101039,VA-EB-AIR,2024-12-18,vireo.in,1,1799,AIR-2409-3
VR899797,C102021,VA-AC-CH65,2024-12-18,vireo.in,1,1499,CH65-2409-3
VR902236,C107269,VA-HP-ST3,2024-12-18,Amazon,1,6999,ST3-2409-2
VR905485,C100665,VA-HP-ST2,2024-12-18,Amazon,1,4999,ST2-2410-2
VR888880,C102522,VA-EB-AIR,2024-12-19,Flipkart,1,1799,AIR-2410-2
VR894568,C109267,VA-AC-CBL,2024-12-19,vireo.in,1,399,CBL-2411-1
VR899560,C105082,VA-EB-AIR,2024-12-19,vireo.in,1,1799,AIR-2409-4
VR903103,C106794,VA-EB-AIR,2024-12-19,Amazon,1,1799,AIR-2410-2
VR903325,C103351,VA-AC-CBL,2024-12-19,vireo.in,1,339,CBL-2409-2
VR905177,C101051,VA-HP-ST2,2024-12-19,Flipkart,1,4999,ST2-2409-1
VR905366,C101538,VA-EB-PL1,2024-12-19,vireo.in,1,2374,PL1-2409-3
VR905493,C101492,VA-EB-PL1,2024-12-19,vireo.in,1,2249,PL1-2411-1
VR908176,C105847,VA-EB-PL1,2024-12-19,Flipkart,1,2374,PL1-2409-4
VR909462,C101678,VA-SW-FIT,2024-12-19,vireo.in,1,1699,FIT-2409-1
VR881199,C103617,VA-HP-ST2,2024-12-20,vireo.in,1,4999,ST2-2411-3
VR882005,C103159,VA-NB-ARC,2024-12-20,Flipkart,1,1104,ARC-2411-2
VR887580,C100318,VA-NB-ARC,2024-12-20,vireo.in,1,1104,ARC-2411-3
VR887693,C103706,VA-HP-ST2,2024-12-20,Amazon,2,9998,ST2-2410-3
VR890871,C106429,VA-AC-CBL,2024-12-20,Flipkart,1,399,CBL-2410-3
VR891874,C105659,VA-EB-PL1,2024-12-20,Amazon,1,1999,PL1-2411-3
VR894290,C102816,VA-HP-ST2,2024-12-20,Flipkart,1,4999,ST2-2411-3
VR894461,C101254,VA-SP-ORB,2024-12-20,vireo.in,1,5999,ORB-2411-1
VR895522,C104773,VA-EB-AIR,2024-12-20,vireo.in,1,1709,AIR-2410-3
VR897338,C102644,VA-SW-FIT,2024-12-20,vireo.in,1,1999,FIT-2410-3
VR898010,C104915,VA-EB-PL1,2024-12-20,vireo.in,1,2249,PL1-2409-4
VR898187,C106407,VA-EB-AIR,2024-12-20,vireo.in,1,1619,AIR-2411-4
VR898520,C104738,VA-AC-CBL,2024-12-20,Flipkart,1,399,CBL-2411-3
VR902217,C109090,VA-EB-AIR,2024-12-20,vireo.in,1,1799,AIR-2411-2
VR903097,C103963,VA-AC-CBL,2024-12-20,vireo.in,1,399,CBL-2410-1
VR904884,C107491,VA-HP-ST3,2024-12-20,vireo.in,1,5599,ST3-2411-1
VR904909,C105990,VA-HP-ST3,2024-12-20,Flipkart,1,6999,ST3-2409-4
VR905822,C101783,VA-AC-CBL,2024-12-20,vireo.in,1,359,CBL-2411-4
VR890621,C108713,VA-EB-PL1,2024-12-21,Amazon,1,2374,PL1-2410-4
VR894219,C100455,VA-SW-FIT,2024-12-21,vireo.in,1,1599,FIT-2409-2
VR895004,C106596,VA-SW-FIT,2024-12-21,vireo.in,1,1999,FIT-2410-4
VR896425,C101073,VA-SW-NX1,2024-12-21,Amazon,1,4999,NX1-2411-1
VR898908,C101253,VA-SW-NX1,2024-12-21,vireo.in,1,4999,NX1-2409-2
VR899215,C106112,VA-HP-ST3,2024-12-21,vireo.in,1,6999,ST3-2410-3
VR902882,C101267,VA-EB-AIR,2024-12-21,vireo.in,1,1619,AIR-2411-3
VR904439,C101542,VA-AC-CH65,2024-12-21,Amazon,1,1349,CH65-2410-1
VR904622,C103080,VA-SW-NX1,2024-12-21,Amazon,1,3999,NX1-2409-3
VR904754,C108547,VA-SW-FIT,2024-12-21,vireo.in,1,1799,FIT-2409-2
VR880904,C107822,VA-NB-ARC,2024-12-22,Amazon,1,1104,ARC-2410-2
VR882981,C100308,VA-NB-ARC,2024-12-22,vireo.in,1,1234,ARC-2409-1
VR883672,C104112,VA-HP-ST3,2024-12-22,vireo.in,1,6299,ST3-2411-2
VR887645,C103729,VA-SW-FIT,2024-12-22,vireo.in,2,3998,FIT-2410-2
VR888032,C102533,VA-EB-PL1,2024-12-22,Amazon,1,2374,PL1-2411-4
VR889100,C100199,VA-EB-PL1,2024-12-22,Amazon,1,2499,PL1-2409-3
VR893645,C105528,VA-EB-PL1,2024-12-22,vireo.in,1,2124,PL1-2410-1
VR894090,C103342,VA-AC-CH65,2024-12-22,Amazon,1,1499,CH65-2409-4
VR894220,C107537,VA-SP-ORB,2024-12-22,vireo.in,1,5999,ORB-2409-1
VR896646,C104954,VA-EB-PL1,2024-12-22,vireo.in,1,2499,PL1-2409-3
VR897080,C102362,VA-EB-PL1,2024-12-22,vireo.in,1,2499,PL1-2409-2
VR897112,C108642,VA-EB-AIR,2024-12-22,vireo.in,1,1799,AIR-2411-3
VR898351,C103184,VA-HP-ST3,2024-12-22,vireo.in,1,6649,ST3-2411-1
VR907353,C105526,VA-EB-AIR,2024-12-22,vireo.in,1,1799,AIR-2411-2
VR883317,C108115,VA-SW-FIT,2024-12-23,Amazon,1,1899,FIT-2410-3
VR888132,C104643,VA-SP-ORB,2024-12-23,vireo.in,1,5999,ORB-2411-1
VR889518,C107418,VA-EB-PL1,2024-12-23,vireo.in,1,2374,PL1-2411-1
VR889813,C101652,VA-NB-ARC,2024-12-23,Amazon,1,1104,ARC-2411-4
VR894210,C109465,VA-SW-NX1,2024-12-23,Amazon,1,4749,NX1-2410-1
VR897853,C106098,VA-HP-ST3,2024-12-23,vireo.in,1,6649,ST3-2410-4
VR899317,C104973,VA-HP-ST3,2024-12-23,vireo.in,1,6999,ST3-2409-2
VR905212,C102465,VA-SW-FIT,2024-12-23,Amazon,1,1999,FIT-2409-4
VR908646,C100322,VA-HP-ST3,2024-12-23,vireo.in,1,6999,ST3-2410-4
VR883846,C105598,VA-NB-ARC,2024-12-24,vireo.in,1,1234,ARC-2409-2
VR883918,C104732,VA-HP-ST3,2024-12-24,vireo.in,1,5949,ST3-2411-1
VR885306,C108702,VA-NB-ARC,2024-12-24,Flipkart,1,1104,ARC-2410-3
VR886178,C102841,VA-HP-ST3,2024-12-24,Amazon,1,5949,ST3-2411-2
VR887979,C104848,VA-HP-ST2,2024-12-24,Amazon,1,3999,ST2-2409-4
VR888421,C103002,VA-SP-ORB,2024-12-24,Flipkart,1,5999,ORB-2409-4
VR889302,C102781,VA-SW-NX1,2024-12-24,Amazon,1,4999,NX1-2410-2
VR890214,C107596,VA-NB-ARC,2024-12-24,Amazon,1,1169,ARC-2409-3
VR895603,C108875,VA-EB-AIR,2024-12-24,vireo.in,1,1799,AIR-2411-3
VR895849,C103599,VA-AC-CBL,2024-12-24,vireo.in,1,319,CBL-2411-3
VR901941,C104090,VA-AC-CH65,2024-12-24,Flipkart,1,1274,CH65-2409-1
VR903037,C108646,VA-EB-AIR,2024-12-24,Amazon,1,1799,AIR-2410-1
VR906700,C100468,VA-HP-ST3,2024-12-24,vireo.in,1,6999,ST3-2410-4
VR908477,C105444,VA-HP-ST3,2024-12-24,vireo.in,1,6299,ST3-2409-2
VR909649,C101083,VA-SP-ORB,2024-12-24,vireo.in,1,5399,ORB-2410-1
VR909920,C103541,VA-SW-FIT,2024-12-24,Amazon,1,1599,FIT-2411-1
VR887691,C100623,VA-HP-ST3,2024-12-25,Flipkart,1,6649,ST3-2411-3
VR890483,C103255,VA-EB-PL1,2024-12-25,vireo.in,1,2124,PL1-2411-4
VR892915,C106355,VA-EB-PL1,2024-12-25,vireo.in,1,2499,PL1-2410-1
VR895276,C108061,VA-EB-PL1,2024-12-25,vireo.in,1,2374,PL1-2412-1
VR897126,C108476,VA-HP-ST3,2024-12-25,vireo.in,1,6999,ST3-2412-3
VR899520,C101938,VA-SW-NX1,2024-12-25,vireo.in,1,4999,NX1-2411-2
VR902782,C102092,VA-HP-ST3,2024-12-25,Flipkart,1,5599,ST3-2411-4
VR903510,C106570,VA-HP-ST2,2024-12-25,Amazon,1,4999,ST2-2411-3
VR881021,C107925,VA-EB-PL1,2024-12-26,vireo.in,1,2124,PL1-2411-4
VR884841,C109416,VA-SP-ORB,2024-12-26,vireo.in,1,5699,ORB-2409-2
VR885194,C106329,VA-NB-ARC,2024-12-26,Amazon,2,2598,ARC-2410-2
VR885529,C103414,VA-HP-ST3,2024-12-26,vireo.in,1,6999,ST3-2412-3
VR889534,C102775,VA-SW-FIT,2024-12-26,Amazon,2,3398,FIT-2411-4
VR892530,C109162,VA-EB-AIR,2024-12-26,Amazon,1,1799,AIR-2411-1
VR894965,C106365,VA-NB-ARC,2024-12-26,vireo.in,1,1234,ARC-2410-1
VR895125,C102721,VA-EB-AIR,2024-12-26,vireo.in,1,1799,AIR-2409-4
VR896153,C102337,VA-SW-FIT,2024-12-26,vireo.in,1,1799,FIT-2409-4
VR898700,C104499,VA-SP-ORB,2024-12-26,Amazon,1,4799,ORB-2411-1
VR901112,C104870,VA-NB-ARC,2024-12-26,vireo.in,1,1299,ARC-2409-3
VR905561,C101191,VA-NB-ARC,2024-12-26,Amazon,1,1299,ARC-2411-1
VR905869,C104455,VA-SW-FIT,2024-12-26,vireo.in,1,1799,FIT-2411-2
VR906523,C106216,VA-EB-AIR,2024-12-26,vireo.in,1,1799,AIR-2409-4
VR909510,C102871,VA-HP-ST2,2024-12-26,Amazon,1,4999,ST2-2411-1
VR880600,C105018,VA-HP-ST3,2024-12-27,Amazon,1,6299,ST3-2411-2
VR881385,C103944,VA-EB-AIR,2024-12-27,Flipkart,1,1799,AIR-2411-4
VR884360,C102759,VA-SW-FIT,2024-12-27,Amazon,1,1599,FIT-2409-1
VR889976,C100082,VA-EB-PL1,2024-12-27,Amazon,1,2499,PL1-2411-1
VR890106,C102579,VA-EB-AIR,2024-12-27,vireo.in,1,1799,AIR-2410-4
VR890384,C106872,VA-HP-ST3,2024-12-27,Flipkart,1,6999,ST3-2410-3
VR893046,C102357,VA-EB-PL1,2024-12-27,vireo.in,1,1999,PL1-2411-2
VR898667,C100913,VA-HP-ST3,2024-12-27,vireo.in,1,6649,ST3-2410-1
VR902404,C109462,VA-HP-ST3,2024-12-27,Flipkart,1,5949,ST3-2410-1
VR906325,C108991,VA-EB-AIR,2024-12-27,vireo.in,1,1709,AIR-2410-3
VR907895,C100543,VA-SW-FIT,2024-12-27,vireo.in,1,1999,FIT-2411-4
VR908818,C100916,VA-SW-FIT,2024-12-27,vireo.in,1,1999,FIT-2409-4
VR887391,C103482,VA-EB-AIR,2024-12-28,Amazon,2,3058,AIR-2412-1
VR892193,C105413,VA-EB-AIR,2024-12-28,vireo.in,1,1799,AIR-2412-2
VR892256,C102761,VA-EB-PL1,2024-12-28,vireo.in,1,1999,PL1-2410-3
VR896352,C100956,VA-EB-PL1,2024-12-28,vireo.in,1,2124,PL1-2411-2
VR897762,C109220,VA-EB-AIR,2024-12-28,vireo.in,1,1799,AIR-2411-2
VR899955,C101768,VA-NB-ARC,2024-12-28,vireo.in,1,1169,ARC-2411-2
VR901744,C106975,VA-NB-ARC,2024-12-28,vireo.in,1,1299,ARC-2411-1
VR905300,C109262,VA-SW-NX1,2024-12-28,vireo.in,1,4249,NX1-2410-4
VR907767,C101887,VA-NB-ARC,2024-12-28,vireo.in,1,1039,ARC-2410-1
VR880361,C108375,VA-EB-PL1,2024-12-29,vireo.in,2,4998,PL1-2410-2
VR881089,C100519,VA-SW-NX1,2024-12-29,Amazon,1,4749,NX1-2410-1
VR881856,C108050,VA-EB-AIR,2024-12-29,vireo.in,1,1529,AIR-2411-2
VR886112,C104825,VA-HP-ST2,2024-12-29,Amazon,1,4999,ST2-2409-3
VR898368,C107446,VA-EB-PL1,2024-12-29,vireo.in,1,2374,PL1-2410-3
VR898539,C105168,VA-HP-ST3,2024-12-29,vireo.in,1,6649,ST3-2409-1
VR899311,C102378,VA-HP-ST2,2024-12-29,vireo.in,2,9498,ST2-2409-1
VR900755,C107333,VA-HP-ST3,2024-12-29,vireo.in,1,5949,ST3-2412-3
VR903947,C105105,VA-SW-NX1,2024-12-29,vireo.in,1,3999,NX1-2412-3
VR907601,C103866,VA-EB-PL1,2024-12-29,vireo.in,1,2249,PL1-2410-1
VR909491,C100685,VA-SW-FIT,2024-12-29,vireo.in,1,1999,FIT-2411-2
VR880694,C107244,VA-SW-FIT,2024-12-30,vireo.in,1,1999,FIT-2411-4
VR881495,C103912,VA-EB-PL1,2024-12-30,vireo.in,1,2499,PL1-2412-3
VR882448,C105945,VA-SP-ORB,2024-12-30,vireo.in,1,5999,ORB-2411-3
VR883325,C101493,VA-EB-AIR,2024-12-30,vireo.in,1,1799,AIR-2409-4
VR884996,C107283,VA-EB-AIR,2024-12-30,Amazon,1,1709,AIR-2409-2
VR888718,C101851,VA-EB-AIR,2024-12-30,Amazon,1,1799,AIR-2410-3
VR890406,C103033,VA-SW-FIT,2024-12-30,Flipkart,1,1899,FIT-2410-2
VR891900,C100108,VA-SW-NX1,2024-12-30,vireo.in,1,4999,NX1-2411-4
VR892183,C107984,VA-HP-ST2,2024-12-30,vireo.in,1,4249,ST2-2410-1
VR893318,C103196,VA-HP-ST3,2024-12-30,vireo.in,1,6999,ST3-2411-4
VR893857,C109033,VA-EB-PL1,2024-12-30,Amazon,1,2374,PL1-2411-1
VR895008,C106365,VA-SW-NX1,2024-12-30,Amazon,1,4999,NX1-2412-4
VR896565,C106035,VA-SW-FIT,2024-12-30,Amazon,1,1599,FIT-2411-4
VR899976,C102366,VA-HP-ST2,2024-12-30,vireo.in,2,7998,ST2-2410-3
VR902537,C108917,VA-HP-ST3,2024-12-30,vireo.in,1,5599,ST3-2411-4
VR904903,C108368,VA-EB-PL1,2024-12-30,vireo.in,1,2499,PL1-2410-3
VR906268,C108024,VA-EB-PL1,2024-12-30,vireo.in,1,2124,PL1-2410-4
VR908118,C101350,VA-HP-ST2,2024-12-30,vireo.in,1,4249,ST2-2409-1
VR908629,C105508,VA-NB-ARC,2024-12-30,Amazon,1,1234,ARC-2411-2
VR909875,C105614,VA-HP-ST3,2024-12-30,Amazon,2,13998,ST3-2411-1
VR883342,C105582,VA-AC-CBL,2024-12-31,vireo.in,1,379,CBL-2409-4
VR887144,C102843,VA-EB-AIR,2024-12-31,vireo.in,1,1799,AIR-2409-2
VR888550,C103744,VA-EB-AIR,2024-12-31,vireo.in,1,1799,AIR-2410-4
VR889317,C106952,VA-EB-PL1,2024-12-31,Flipkart,1,2499,PL1-2409-4
VR890938,C106678,VA-EB-PL1,2024-12-31,vireo.in,1,2499,PL1-2411-4
VR893928,C105961,VA-HP-ST2,2024-12-31,Amazon,1,4499,ST2-2410-1
VR894198,C100303,VA-NB-ARC,2024-12-31,Amazon,1,1299,ARC-2411-2
VR894565,C104769,VA-HP-ST3,2024-12-31,vireo.in,1,6299,ST3-2412-4
VR897584,C109091,VA-HP-ST2,2024-12-31,vireo.in,1,4249,ST2-2411-2
VR899174,C102166,VA-HP-ST3,2024-12-31,vireo.in,1,6999,ST3-2411-2
VR899376,C107056,VA-SW-FIT,2024-12-31,vireo.in,1,1699,FIT-2411-4
VR899938,C104795,VA-SW-NX1,2024-12-31,Flipkart,1,4749,NX1-2410-3
VR899961,C107487,VA-EB-AIR,2024-12-31,Flipkart,1,1439,AIR-2411-3
VR904442,C103582,VA-AC-CH65,2024-12-31,Amazon,1,1349,CH65-2410-3
VR906640,C101115,VA-SW-FIT,2024-12-31,Amazon,1,1899,FIT-2411-1
VR906701,C106091,VA-HP-ST2,2024-12-31,vireo.in,2,9998,ST2-2410-1
VR907314,C106146,VA-SW-NX1,2024-12-31,vireo.in,1,4499,NX1-2411-1
VR909167,C108964,VA-HP-ST3,2024-12-31,vireo.in,1,6999,ST3-2411-3
VR886190,C104627,VA-EB-PL1,2025-01-01,Amazon,1,2249,PL1-2412-2
VR888897,C104239,VA-HP-ST3,2025-01-01,vireo.in,1,5599,ST3-2410-1
VR889134,C102869,VA-EB-PL1,2025-01-01,Amazon,1,2499,PL1-2412-2
VR891958,C100492,VA-HP-ST2,2025-01-01,Amazon,1,4999,ST2-2411-4
VR898115,C100789,VA-HP-ST2,2025-01-01,Flipkart,1,4749,ST2-2409-4
VR898868,C107436,VA-EB-AIR,2025-01-01,Flipkart,1,1799,AIR-2412-1
VR899721,C107446,VA-EB-AIR,2025-01-01,Flipkart,1,1799,AIR-2410-2
VR901209,C107533,VA-SW-FIT,2025-01-01,vireo.in,1,1999,FIT-2409-1
VR904858,C101949,VA-SW-NX1,2025-01-01,Amazon,2,8998,NX1-2410-4
VR907743,C101923,VA-EB-AIR,2025-01-01,vireo.in,1,1619,AIR-2411-2
VR881549,C107371,VA-SW-FIT,2025-01-02,vireo.in,1,1799,FIT-2410-2
VR881693,C105939,VA-SW-FIT,2025-01-02,vireo.in,1,1799,FIT-2410-3
VR882189,C100416,VA-EB-AIR,2025-01-02,vireo.in,1,1439,AIR-2411-2
VR884038,C107566,VA-EB-AIR,2025-01-02,vireo.in,1,1709,AIR-2410-4
VR885205,C104958,VA-EB-AIR,2025-01-02,Amazon,1,1709,AIR-2409-3
VR885304,C106216,VA-EB-AIR,2025-01-02,vireo.in,1,1619,AIR-2411-2
VR894028,C102892,VA-SW-FIT,2025-01-02,Flipkart,1,1999,FIT-2412-2
VR898527,C101635,VA-HP-ST3,2025-01-02,vireo.in,1,6999,ST3-2412-1
VR901892,C102130,VA-NB-ARC,2025-01-02,vireo.in,1,1039,ARC-2410-3
VR903292,C100487,VA-HP-ST2,2025-01-02,Amazon,1,4999,ST2-2409-4
VR904257,C104018,VA-SW-FIT,2025-01-02,Amazon,1,1599,FIT-2411-2
VR908124,C104799,VA-EB-PL1,2025-01-02,vireo.in,1,2124,PL1-2411-4
VR881223,C107373,VA-EB-PL1,2025-01-03,vireo.in,2,4248,PL1-2410-4
VR883217,C102725,VA-EB-AIR,2025-01-03,Amazon,1,1799,AIR-2409-3
VR885140,C108831,VA-EB-PL1,2025-01-03,vireo.in,1,2499,PL1-2410-4
VR885471,C105471,VA-NB-ARC,2025-01-03,Amazon,1,1104,ARC-2410-2
VR887436,C101193,VA-EB-AIR,2025-01-03,vireo.in,1,1799,AIR-2409-3
VR888282,C108648,VA-EB-AIR,2025-01-03,vireo.in,2,3058,AIR-2411-3
VR889391,C100161,VA-EB-PL1,2025-01-03,Flipkart,1,2124,PL1-2409-3
VR889457,C107149,VA-NB-ARC,2025-01-03,vireo.in,2,2468,ARC-2411-4
VR896284,C109206,VA-SW-FIT,2025-01-03,Flipkart,1,1799,FIT-2410-3
VR899176,C102703,VA-AC-CBL,2025-01-03,Flipkart,1,379,CBL-2411-4
VR899510,C101910,VA-SW-FIT,2025-01-03,vireo.in,1,1799,FIT-2410-2
VR902363,C101467,VA-SP-ORB,2025-01-03,Amazon,1,5399,ORB-2409-3
VR880521,C101853,VA-HP-ST2,2025-01-04,Amazon,1,4999,ST2-2411-2
VR880913,C107653,VA-HP-ST3,2025-01-04,vireo.in,1,6999,ST3-2411-4
VR883445,C102495,VA-EB-PL1,2025-01-04,vireo.in,1,2249,PL1-2411-3
VR885069,C102094,VA-HP-ST2,2025-01-04,Amazon,1,4999,ST2-2410-4
VR885474,C106635,VA-HP-ST3,2025-01-04,vireo.in,1,5949,ST3-2409-2
VR886088,C104566,VA-AC-CH65,2025-01-04,Amazon,1,1424,CH65-2410-1
VR886215,C105041,VA-EB-AIR,2025-01-04,Amazon,1,1619,AIR-2412-4
VR890145,C103648,VA-EB-PL1,2025-01-04,Amazon,1,2124,PL1-2409-2
VR892898,C107130,VA-HP-ST3,2025-01-04,Amazon,1,6649,ST3-2412-3
VR895170,C108017,VA-EB-AIR,2025-01-04,vireo.in,1,1619,AIR-2412-4
VR896169,C104001,VA-HP-ST2,2025-01-04,vireo.in,1,4999,ST2-2411-3
VR899987,C108652,VA-HP-ST3,2025-01-04,Amazon,2,11898,ST3-2410-1
VR904175,C101208,VA-EB-AIR,2025-01-04,Amazon,1,1619,AIR-2409-4
VR905080,C103360,VA-HP-ST2,2025-01-04,vireo.in,1,4999,ST2-2411-4
VR908179,C102639,VA-EB-AIR,2025-01-04,Amazon,1,1799,AIR-2410-1
VR908864,C102992,VA-SP-ORB,2025-01-04,vireo.in,1,5999,ORB-2410-2
VR909636,C107635,VA-EB-AIR,2025-01-04,Amazon,1,1619,AIR-2411-3
VR909902,C103577,VA-SW-NX1,2025-01-04,vireo.in,1,4749,NX1-2412-3
VR882418,C107750,VA-HP-ST3,2025-01-05,Flipkart,1,6649,ST3-2412-2
VR898834,C107743,VA-EB-PL1,2025-01-05,vireo.in,1,1999,PL1-2410-2
VR899382,C103876,VA-EB-PL1,2025-01-05,vireo.in,1,2374,PL1-2412-2
VR900773,C102004,VA-SW-FIT,2025-01-05,vireo.in,1,1899,FIT-2410-1
VR901237,C103305,VA-EB-PL1,2025-01-05,Flipkart,1,2374,PL1-2411-1
VR903797,C102093,VA-EB-AIR,2025-01-05,vireo.in,1,1799,AIR-2411-4
VR906638,C105878,VA-HP-ST3,2025-01-05,vireo.in,1,5599,ST3-2412-2
VR908841,C107049,VA-EB-PL1,2025-01-05,vireo.in,1,2124,PL1-2410-2
VR883169,C101112,VA-SP-ORB,2025-01-06,vireo.in,1,5399,ORB-2410-3
VR885270,C105538,VA-EB-AIR,2025-01-06,vireo.in,1,1799,AIR-2410-3
VR888293,C101812,VA-HP-ST2,2025-01-06,vireo.in,1,4999,ST2-2410-4
VR891404,C107516,VA-AC-CBL,2025-01-06,vireo.in,1,399,CBL-2410-2
VR893684,C107792,VA-SW-FIT,2025-01-06,vireo.in,1,1999,FIT-2410-4
VR893760,C107518,VA-EB-PL1,2025-01-06,Amazon,1,2249,PL1-2411-1
VR903712,C109013,VA-SW-FIT,2025-01-06,vireo.in,1,1999,FIT-2412-3
VR906849,C104593,VA-EB-PL1,2025-01-06,vireo.in,2,4998,PL1-2411-2
VR907667,C106659,VA-HP-ST2,2025-01-06,vireo.in,1,4999,ST2-2410-1
VR881143,C108089,VA-SW-FIT,2025-01-07,Flipkart,1,1999,FIT-2411-4
VR883524,C101374,VA-SW-FIT,2025-01-07,vireo.in,1,1599,FIT-2410-4
VR884635,C107017,VA-SW-FIT,2025-01-07,Amazon,1,1799,FIT-2409-3
VR892435,C105754,VA-HP-ST2,2025-01-07,vireo.in,1,4249,ST2-2410-4
VR894548,C104508,VA-SW-NX1,2025-01-07,vireo.in,1,4749,NX1-2411-4
VR894869,C105241,VA-SW-FIT,2025-01-07,vireo.in,1,1999,FIT-2409-2
VR896975,C106618,VA-AC-CH65,2025-01-07,vireo.in,1,1424,CH65-2409-3
VR897494,C104416,VA-HP-ST3,2025-01-07,vireo.in,1,6999,ST3-2410-3
VR897850,C103364,VA-EB-PL1,2025-01-07,Amazon,1,2124,PL1-2409-2
VR900170,C105935,VA-SW-FIT,2025-01-07,vireo.in,1,1999,FIT-2411-1
VR901949,C108568,VA-NB-ARC,2025-01-07,Flipkart,2,2598,ARC-2411-2
VR903758,C106657,VA-SW-FIT,2025-01-07,vireo.in,2,3598,FIT-2410-4
VR907024,C105170,VA-EB-AIR,2025-01-07,vireo.in,1,1439,AIR-2411-3
VR907735,C104392,VA-EB-PL1,2025-01-07,vireo.in,1,2499,PL1-2409-1
VR908190,C107204,VA-SP-ORB,2025-01-07,Amazon,1,5999,ORB-2411-4
VR887635,C101610,VA-HP-ST3,2025-01-08,Flipkart,1,6999,ST3-2410-2
VR889955,C108078,VA-SP-ORB,2025-01-08,Amazon,1,4799,ORB-2412-4
VR890230,C108574,VA-HP-ST2,2025-01-08,Amazon,1,4999,ST2-2411-2
VR893494,C103940,VA-HP-ST3,2025-01-08,vireo.in,1,6649,ST3-2409-2
VR899337,C107890,VA-EB-AIR,2025-01-08,Flipkart,1,1439,AIR-2411-3
VR904123,C106648,VA-SP-ORB,2025-01-08,Flipkart,1,4799,ORB-2411-2
VR905906,C100868,VA-NB-ARC,2025-01-08,vireo.in,2,2078,ARC-2412-3
VR908845,C102295,VA-EB-PL1,2025-01-08,vireo.in,1,2499,PL1-2412-4
VR909144,C108348,VA-EB-AIR,2025-01-08,vireo.in,1,1799,AIR-2411-2
VR882961,C104793,VA-SW-FIT,2025-01-09,vireo.in,1,1999,FIT-2412-4
VR883314,C105363,VA-EB-PL1,2025-01-09,Flipkart,1,2374,PL1-2410-2
VR884904,C106803,VA-EB-AIR,2025-01-09,vireo.in,1,1799,AIR-2410-1
VR886297,C102099,VA-SW-FIT,2025-01-09,vireo.in,1,1799,FIT-2409-1
VR886439,C103112,VA-HP-ST3,2025-01-09,Amazon,1,6649,ST3-2412-3
VR904169,C109004,VA-EB-AIR,2025-01-09,Flipkart,1,1799,AIR-2412-3
VR907164,C102463,VA-EB-AIR,2025-01-09,Amazon,1,1529,AIR-2411-4
VR885783,C101962,VA-NB-ARC,2025-01-10,Amazon,1,1039,ARC-2411-2
VR889497,C108368,VA-HP-ST3,2025-01-10,vireo.in,2,13298,ST3-2409-2
VR890568,C108805,VA-SP-ORB,2025-01-10,vireo.in,1,5999,ORB-2411-1
VR901827,C100138,VA-EB-PL1,2025-01-10,Flipkart,1,2124,PL1-2410-2
VR902909,C105335,VA-SW-NX1,2025-01-10,Flipkart,1,4249,NX1-2411-1
VR907577,C106688,VA-HP-ST2,2025-01-10,Amazon,1,4999,ST2-2411-3
VR887844,C105131,VA-SW-FIT,2025-01-11,Amazon,2,3598,FIT-2410-3
VR892510,C101158,VA-EB-AIR,2025-01-11,vireo.in,1,1799,AIR-2410-2
VR893821,C100826,VA-EB-PL1,2025-01-11,Amazon,1,2374,PL1-2412-1
VR895974,C106173,VA-EB-AIR,2025-01-11,vireo.in,2,3598,AIR-2411-1
VR899254,C102367,VA-SW-FIT,2025-01-11,vireo.in,1,1799,FIT-2411-4
VR901739,C101792,VA-EB-AIR,2025-01-11,vireo.in,1,1529,AIR-2412-2
VR887224,C100763,VA-HP-ST3,2025-01-12,vireo.in,1,5599,ST3-2409-2
VR887497,C108446,VA-AC-CH65,2025-01-12,Amazon,1,1499,CH65-2411-3
VR888366,C109238,VA-EB-PL1,2025-01-12,Flipkart,1,2374,PL1-2411-4
VR889775,C104340,VA-HP-ST2,2025-01-12,vireo.in,2,8998,ST2-2411-3
VR892000,C106085,VA-HP-ST3,2025-01-12,vireo.in,1,5949,ST3-2411-1
VR892313,C100086,VA-SW-NX1,2025-01-12,Amazon,1,4249,NX1-2411-3
VR892517,C106694,VA-SP-ORB,2025-01-12,vireo.in,1,5999,ORB-2412-1
VR894243,C108739,VA-EB-PL1,2025-01-12,vireo.in,1,2249,PL1-2410-4
VR895372,C106525,VA-EB-AIR,2025-01-12,Flipkart,1,1529,AIR-2412-4
VR898081,C108404,VA-AC-CH65,2025-01-12,Amazon,1,1349,CH65-2411-3
VR899483,C102438,VA-EB-AIR,2025-01-12,Amazon,1,1529,AIR-2412-2
VR905417,C100757,VA-EB-AIR,2025-01-12,vireo.in,1,1799,AIR-2411-2
VR905635,C103202,VA-SW-NX1,2025-01-12,vireo.in,1,4249,NX1-2411-2
VR905811,C104330,VA-EB-AIR,2025-01-12,vireo.in,1,1439,AIR-2412-2
VR906710,C101216,VA-HP-ST3,2025-01-12,Amazon,1,6999,ST3-2411-3
VR907820,C104204,VA-EB-AIR,2025-01-12,vireo.in,1,1799,AIR-2410-3
VR882255,C106033,VA-HP-ST2,2025-01-13,Flipkart,1,4249,ST2-2410-3
VR891609,C103784,VA-HP-ST3,2025-01-13,Flipkart,1,6649,ST3-2411-2
VR891987,C100972,VA-EB-PL1,2025-01-13,Flipkart,1,2499,PL1-2412-3
VR897379,C105498,VA-AC-CBL,2025-01-13,Flipkart,1,339,CBL-2410-1
VR902630,C108468,VA-EB-PL1,2025-01-13,Amazon,2,4748,PL1-2411-2
VR903262,C105777,VA-EB-AIR,2025-01-13,Amazon,1,1799,AIR-2410-3
VR905070,C102532,VA-EB-PL1,2025-01-13,vireo.in,1,2499,PL1-2411-2
VR907723,C100728,VA-AC-CBL,2025-01-13,vireo.in,1,319,CBL-2410-1
VR907947,C104277,VA-SP-ORB,2025-01-13,vireo.in,1,4799,ORB-2411-4
VR886843,C103122,VA-EB-AIR,2025-01-14,vireo.in,1,1619,AIR-2412-4
VR893910,C105626,VA-SW-FIT,2025-01-14,Amazon,1,1599,FIT-2411-3
VR897869,C106510,VA-SW-NX1,2025-01-14,vireo.in,1,3999,NX1-2411-3
VR898232,C109226,VA-HP-ST3,2025-01-14,vireo.in,1,5599,ST3-2412-4
VR900641,C103952,VA-EB-AIR,2025-01-14,Amazon,1,1799,AIR-2409-4
VR902666,C103195,VA-EB-PL1,2025-01-14,Flipkart,1,2499,PL1-2411-1
VR904670,C109057,VA-EB-PL1,2025-01-14,vireo.in,1,2249,PL1-2412-2
VR905971,C100485,VA-SP-ORB,2025-01-14,Amazon,1,5999,ORB-2411-1
VR906817,C103291,VA-SW-NX1,2025-01-14,vireo.in,2,9998,NX1-2409-4
VR907974,C108076,VA-SP-ORB,2025-01-14,Amazon,1,5399,ORB-2410-2
VR908069,C103417,VA-EB-PL1,2025-01-14,Flipkart,1,2124,PL1-2411-3
VR881350,C103041,VA-AC-CH65,2025-01-15,vireo.in,1,1424,CH65-2410-2
VR881590,C105671,VA-HP-ST3,2025-01-15,Flipkart,1,6649,ST3-2411-4
VR881944,C106893,VA-SW-NX1,2025-01-15,vireo.in,1,4999,NX1-2410-2
VR886479,C108208,VA-NB-ARC,2025-01-15,vireo.in,1,1299,ARC-2410-2
VR905008,C107141,VA-AC-CH65,2025-01-15,vireo.in,1,1424,CH65-2412-1
VR907705,C100254,VA-SW-FIT,2025-01-15,vireo.in,1,1699,FIT-2410-1
VR880181,C108062,VA-EB-PL1,2025-01-16,Amazon,1,2499,PL1-2410-2
VR882278,C101506,VA-HP-ST3,2025-01-16,Flipkart,1,5949,ST3-2412-3
VR883885,C102848,VA-SP-ORB,2025-01-16,Flipkart,1,5099,ORB-2411-2
VR885685,C106975,VA-HP-ST3,2025-01-16,Flipkart,1,6649,ST3-2410-1
VR890630,C100464,VA-SW-FIT,2025-01-16,Amazon,1,1799,FIT-2411-2
VR896656,C108391,VA-SW-FIT,2025-01-16,Amazon,1,1999,FIT-2412-1
VR897942,C105038,VA-SW-FIT,2025-01-16,vireo.in,1,1999,FIT-2410-2
VR905381,C106923,VA-EB-PL1,2025-01-16,vireo.in,1,2124,PL1-2411-1
VR905842,C107004,VA-NB-ARC,2025-01-16,Amazon,1,1169,ARC-2410-2
VR909175,C100889,VA-HP-ST2,2025-01-16,vireo.in,1,4249,ST2-2412-1
VR880770,C104449,VA-EB-AIR,2025-01-17,Flipkart,1,1619,AIR-2412-3
VR889565,C107524,VA-EB-AIR,2025-01-17,Amazon,1,1709,AIR-2410-3
VR900822,C101667,VA-EB-PL1,2025-01-17,Flipkart,1,2249,PL1-2411-2
VR901493,C108620,VA-NB-ARC,2025-01-17,Amazon,1,1039,ARC-2410-1
VR902950,C106000,VA-EB-AIR,2025-01-17,vireo.in,1,1529,AIR-2412-2
VR905473,C108193,VA-EB-PL1,2025-01-17,vireo.in,1,1999,PL1-2410-4
VR908040,C100779,VA-EB-AIR,2025-01-17,Flipkart,1,1439,AIR-2412-4
VR885863,C103193,VA-NB-ARC,2025-01-18,vireo.in,1,1299,ARC-2410-3
VR886065,C103108,VA-SW-FIT,2025-01-18,vireo.in,1,1999,FIT-2410-3
VR899062,C106374,VA-EB-AIR,2025-01-18,vireo.in,1,1439,AIR-2410-4
VR901059,C106518,VA-EB-PL1,2025-01-18,Amazon,1,2499,PL1-2409-1
VR907824,C104040,VA-SW-FIT,2025-01-18,vireo.in,1,1899,FIT-2410-2
VR908436,C103863,VA-EB-AIR,2025-01-18,Amazon,1,1529,AIR-2411-3
VR909964,C107762,VA-EB-AIR,2025-01-18,Amazon,1,1799,AIR-2410-4
VR883546,C109008,VA-EB-PL1,2025-01-19,Flipkart,1,2124,PL1-2411-3
VR884828,C103833,VA-EB-PL1,2025-01-19,vireo.in,1,2124,PL1-2410-1
VR885252,C105458,VA-SW-FIT,2025-01-19,vireo.in,1,1899,FIT-2411-2
VR890611,C108107,VA-HP-ST2,2025-01-19,vireo.in,1,3999,ST2-2412-1
VR905090,C106216,VA-NB-ARC,2025-01-19,vireo.in,1,1104,ARC-2410-3
VR905508,C106149,VA-EB-PL1,2025-01-19,vireo.in,1,2124,PL1-2410-3
VR905704,C102706,VA-EB-AIR,2025-01-19,vireo.in,1,1439,AIR-2411-4
VR908341,C102700,VA-SP-ORB,2025-01-19,Amazon,1,5999,ORB-2412-2
VR888732,C105660,VA-EB-PL1,2025-01-20,vireo.in,1,1999,PL1-2412-2
VR892936,C104901,VA-SP-ORB,2025-01-20,Amazon,1,4799,ORB-2411-4
VR900296,C104597,VA-SW-NX2,2025-01-20,Amazon,1,6499,NX2-2411-4
VR903622,C103973,VA-EB-PL1,2025-01-20,vireo.in,1,2374,PL1-2411-2
VR908284,C107953,VA-EB-PL1,2025-01-20,vireo.in,1,2499,PL1-2412-4
VR881429,C104097,VA-NB-ARC,2025-01-21,vireo.in,1,1234,ARC-2411-2
VR882357,C102557,VA-SW-NX2,2025-01-21,Amazon,1,6174,NX2-2411-4
VR882444,C107326,VA-EB-PL1,2025-01-21,vireo.in,1,2499,PL1-2411-2
VR883063,C101368,VA-EB-PL1,2025-01-21,Amazon,1,2499,PL1-2412-1
VR883111,C103723,VA-SP-ORB,2025-01-21,Flipkart,1,5999,ORB-2411-4
VR884192,C102027,VA-EB-PL1,2025-01-21,Amazon,1,2124,PL1-2412-3
VR888656,C107606,VA-AC-CBL,2025-01-21,vireo.in,1,319,CBL-2411-3
VR889404,C107923,VA-EB-PL1,2025-01-21,Flipkart,1,1999,PL1-2411-2
VR889625,C108192,VA-SW-NX2,2025-01-21,Amazon,1,6499,NX2-2412-3
VR889732,C107916,VA-SW-NX1,2025-01-21,vireo.in,1,4999,NX1-2412-4
VR890444,C103749,VA-SW-NX2,2025-01-21,Amazon,1,6499,NX2-2410-3
VR891736,C106948,VA-EB-AIR,2025-01-21,vireo.in,1,1709,AIR-2410-2
VR896530,C107573,VA-HP-ST2,2025-01-21,Amazon,1,4999,ST2-2411-3
VR896542,C100937,VA-SW-NX1,2025-01-21,Amazon,1,4999,NX1-2411-3
VR896624,C108492,VA-SP-ORB,2025-01-21,vireo.in,2,11998,ORB-2410-2
VR898759,C106409,VA-HP-ST3,2025-01-21,vireo.in,1,6299,ST3-2411-1
VR900162,C100230,VA-HP-ST2,2025-01-21,vireo.in,1,4249,ST2-2410-2
VR903164,C103991,VA-AC-CH65,2025-01-21,vireo.in,1,1349,CH65-2411-3
VR903825,C105490,VA-SP-ORB,2025-01-21,Flipkart,1,5399,ORB-2411-2
VR904547,C101611,VA-EB-AIR,2025-01-21,Flipkart,1,1439,AIR-2410-4
VR905330,C108692,VA-EB-AIR,2025-01-21,vireo.in,1,1799,AIR-2411-2
VR905967,C102501,VA-SW-NX2,2025-01-21,Flipkart,1,5849,NX2-2411-4
VR908330,C101109,VA-SW-NX1,2025-01-21,Amazon,1,4999,NX1-2412-1
VR880029,C100293,VA-SW-FIT,2025-01-22,vireo.in,1,1999,FIT-2412-2
VR880055,C105006,VA-SW-FIT,2025-01-22,Amazon,1,1999,FIT-2410-2
VR882296,C100624,VA-SW-FIT,2025-01-22,vireo.in,1,1799,FIT-2411-3
VR885110,C102304,VA-EB-PL1,2025-01-22,vireo.in,1,2499,PL1-2410-1
VR885759,C106131,VA-NB-ARC,2025-01-22,vireo.in,1,1299,ARC-2410-4
VR887569,C101409,VA-HP-ST2,2025-01-22,Amazon,1,4999,ST2-2410-3
VR888769,C103216,VA-EB-PL1,2025-01-22,Amazon,2,4498,PL1-2410-4
VR891512,C102447,VA-EB-PL1,2025-01-22,vireo.in,1,2374,PL1-2410-2
VR895084,C106857,VA-EB-PL1,2025-01-22,vireo.in,1,2374,PL1-2410-4
VR896127,C104477,VA-HP-ST3,2025-01-22,Amazon,1,6299,ST3-2410-3
VR896770,C103656,VA-EB-PL1,2025-01-22,Amazon,2,4248,PL1-2412-2
VR898531,C108148,VA-EB-AIR,2025-01-22,vireo.in,1,1619,AIR-2412-3
VR898990,C107117,VA-NB-ARC,2025-01-22,Amazon,1,1104,ARC-2410-3
VR900411,C107422,VA-SW-NX2,2025-01-22,Amazon,1,5524,NX2-2411-1
VR905368,C102261,VA-HP-ST3,2025-01-22,vireo.in,1,6649,ST3-2412-4
VR907288,C105796,VA-HP-ST3,2025-01-22,Amazon,1,5599,ST3-2411-1
VR907851,C103499,VA-SW-NX2,2025-01-22,vireo.in,1,5199,NX2-2411-1
VR908581,C105444,VA-EB-PL1,2025-01-22,vireo.in,1,2499,PL1-2411-1
VR885016,C101820,VA-HP-ST3,2025-01-23,vireo.in,1,5949,ST3-2411-1
VR885102,C100600,VA-EB-PL1,2025-01-23,vireo.in,1,2499,PL1-2410-1
VR886604,C100343,VA-HP-ST2,2025-01-23,Amazon,1,3999,ST2-2410-4
VR891659,C102065,VA-SW-NX2,2025-01-23,Amazon,1,5524,NX2-2412-2
VR893521,C104494,VA-SW-FIT,2025-01-23,Amazon,1,1999,FIT-2410-3
VR896455,C107512,VA-SP-ORB,2025-01-23,Amazon,1,5999,ORB-2412-4
VR896595,C102281,VA-EB-AIR,2025-01-23,Amazon,1,1619,AIR-2412-3
VR898416,C107609,VA-NB-ARC,2025-01-23,Flipkart,1,1299,ARC-2411-2
VR900206,C102931,VA-HP-ST3,2025-01-23,vireo.in,1,5949,ST3-2410-2
VR903531,C101492,VA-SP-ORB,2025-01-23,Amazon,1,5999,ORB-2410-2
VR905174,C109401,VA-HP-ST3,2025-01-23,vireo.in,1,6299,ST3-2412-1
VR905837,C101366,VA-EB-PL1,2025-01-23,vireo.in,1,1999,PL1-2411-2
VR906458,C101762,VA-HP-ST3,2025-01-23,Amazon,1,6999,ST3-2411-3
VR907983,C105546,VA-NB-ARC,2025-01-23,Amazon,1,1234,ARC-2410-2
VR908625,C106306,VA-SW-FIT,2025-01-23,Amazon,1,1699,FIT-2412-3
VR880837,C108002,VA-SW-NX2,2025-01-24,vireo.in,1,6174,NX2-2410-1
VR881042,C108097,VA-SW-NX2,2025-01-24,Amazon,1,6174,NX2-2410-3
VR882183,C102964,VA-HP-ST3,2025-01-24,Amazon,1,6299,ST3-2501-3
VR882305,C108491,VA-NB-ARC,2025-01-24,vireo.in,1,1039,ARC-2411-3
VR883576,C105246,VA-EB-AIR,2025-01-24,vireo.in,1,1709,AIR-2412-4
VR883768,C100592,VA-EB-PL1,2025-01-24,vireo.in,1,2249,PL1-2411-3
VR884289,C103653,VA-EB-AIR,2025-01-24,Amazon,1,1619,AIR-2412-3
VR885651,C106175,VA-HP-ST3,2025-01-24,Amazon,1,6649,ST3-2410-4
VR886307,C105431,VA-SW-FIT,2025-01-24,vireo.in,1,1999,FIT-2410-3
VR886534,C104377,VA-EB-AIR,2025-01-24,vireo.in,1,1799,AIR-2412-1
VR887051,C106250,VA-SW-NX2,2025-01-24,Amazon,1,6174,NX2-2501-3
VR889032,C101900,VA-SW-FIT,2025-01-24,vireo.in,1,1699,FIT-2410-2
VR890738,C106587,VA-HP-ST3,2025-01-24,vireo.in,1,6649,ST3-2501-4
VR891373,C102812,VA-SW-NX2,2025-01-24,vireo.in,1,5199,NX2-2410-1
VR896297,C108840,VA-EB-AIR,2025-01-24,vireo.in,1,1709,AIR-2501-2
VR897498,C103906,VA-HP-ST3,2025-01-24,vireo.in,1,6649,ST3-2411-4
VR898259,C102231,VA-EB-PL1,2025-01-24,Flipkart,1,2249,PL1-2411-4
VR901128,C101145,VA-SW-NX2,2025-01-24,Amazon,1,6174,NX2-2410-2
VR903679,C107351,VA-SW-FIT,2025-01-24,Amazon,1,1999,FIT-2412-1
VR906134,C107925,VA-EB-PL1,2025-01-24,vireo.in,1,2499,PL1-2411-2
VR906340,C108230,VA-NB-ARC,2025-01-24,Amazon,1,1234,ARC-2501-4
VR907433,C107300,VA-SW-NX1,2025-01-24,vireo.in,1,4999,NX1-2410-1
VR908607,C101706,VA-EB-PL1,2025-01-24,vireo.in,1,2499,PL1-2411-4
VR909282,C106675,VA-EB-PL1,2025-01-24,vireo.in,1,2249,PL1-2410-1
VR909528,C103873,VA-EB-PL1,2025-01-24,vireo.in,1,1999,PL1-2410-4
VR881899,C102702,VA-EB-AIR,2025-01-25,Amazon,2,3238,AIR-2411-2
VR882301,C106848,VA-EB-AIR,2025-01-25,vireo.in,1,1799,AIR-2410-1
VR883302,C107413,VA-SW-NX2,2025-01-25,Flipkart,2,10398,NX2-2411-4
VR884611,C105519,VA-SW-NX2,2025-01-25,vireo.in,1,6499,NX2-2412-1
VR887397,C109208,VA-EB-PL1,2025-01-25,Flipkart,1,2499,PL1-2410-3
VR888251,C105629,VA-EB-AIR,2025-01-25,vireo.in,1,1619,AIR-2411-3
VR889504,C104760,VA-SW-NX1,2025-01-25,vireo.in,1,4749,NX1-2412-4
VR890387,C106666,VA-SW-NX1,2025-01-25,Amazon,1,4249,NX1-2412-3
VR894728,C100859,VA-NB-ARC,2025-01-25,vireo.in,1,1299,ARC-2410-2
VR896074,C107462,VA-SW-NX2,2025-01-25,vireo.in,1,6174,NX2-2411-4
VR897894,C101723,VA-EB-AIR,2025-01-25,vireo.in,1,1709,AIR-2410-4
VR897905,C106149,VA-SW-NX2,2025-01-25,Flipkart,1,6499,NX2-2410-2
VR898451,C104756,VA-SW-FIT,2025-01-25,Amazon,1,1999,FIT-2412-3
VR898526,C107096,VA-EB-AIR,2025-01-25,Amazon,1,1799,AIR-2411-2
VR905733,C100175,VA-EB-AIR,2025-01-25,Amazon,1,1799,AIR-2410-4
VR906319,C106563,VA-EB-PL1,2025-01-25,vireo.in,1,2374,PL1-2412-4
VR880642,C102240,VA-SP-ORB,2025-01-26,vireo.in,1,5999,ORB-2411-2
VR880830,C107455,VA-SW-FIT,2025-01-26,vireo.in,1,1799,FIT-2411-1
VR882467,C102713,VA-EB-PL1,2025-01-26,Amazon,1,2499,PL1-2410-3
VR883844,C104791,VA-EB-PL1,2025-01-26,Amazon,1,2499,PL1-2501-2
VR883871,C100817,VA-EB-AIR,2025-01-26,vireo.in,1,1709,AIR-2412-3
VR894073,C102107,VA-HP-ST3,2025-01-26,vireo.in,2,13298,ST3-2412-2
VR901779,C101296,VA-SW-NX1,2025-01-26,Amazon,1,4999,NX1-2412-4
VR902776,C103923,VA-SW-NX2,2025-01-26,Flipkart,1,6499,NX2-2412-1
VR902874,C105763,VA-HP-ST3,2025-01-26,Amazon,1,6299,ST3-2412-3
VR903269,C105960,VA-SW-NX1,2025-01-26,Amazon,1,4999,NX1-2412-3
VR882724,C101750,VA-SW-FIT,2025-01-27,vireo.in,1,1899,FIT-2411-2
VR887464,C100802,VA-EB-PL1,2025-01-27,vireo.in,1,1999,PL1-2411-3
VR889635,C103445,VA-SP-ORB,2025-01-27,Amazon,1,5999,ORB-2411-1
VR889694,C108534,VA-SW-FIT,2025-01-27,vireo.in,1,1799,FIT-2412-4
VR890044,C105711,VA-SW-NX1,2025-01-27,vireo.in,1,4499,NX1-2410-1
VR895140,C103798,VA-HP-ST3,2025-01-27,vireo.in,1,5949,ST3-2411-1
VR897208,C107875,VA-EB-AIR,2025-01-27,vireo.in,1,1799,AIR-2410-3
VR901046,C106506,VA-EB-PL1,2025-01-27,vireo.in,1,1999,PL1-2410-1
VR902477,C104554,VA-HP-ST3,2025-01-27,vireo.in,1,6999,ST3-2410-1
VR904410,C107366,VA-EB-AIR,2025-01-27,Amazon,1,1619,AIR-2412-3
VR905100,C101011,VA-HP-ST3,2025-01-27,vireo.in,1,6999,ST3-2410-2
VR882857,C101228,VA-AC-CH65,2025-01-28,vireo.in,1,1499,CH65-2412-4
VR884509,C109045,VA-SW-NX2,2025-01-28,vireo.in,1,5849,NX2-2412-2
VR884543,C100787,VA-EB-PL1,2025-01-28,vireo.in,1,2249,PL1-2412-4
VR885168,C107635,VA-SW-FIT,2025-01-28,vireo.in,1,1999,FIT-2501-4
VR885193,C109206,VA-HP-ST3,2025-01-28,vireo.in,1,6999,ST3-2501-2
VR885895,C107649,VA-HP-ST3,2025-01-28,vireo.in,1,6999,ST3-2411-2
VR886555,C108211,VA-EB-AIR,2025-01-28,vireo.in,1,1709,AIR-2412-4
VR888340,C107485,VA-AC-CH65,2025-01-28,Flipkart,1,1499,CH65-2410-1
VR889053,C101359,VA-SW-NX2,2025-01-28,vireo.in,1,5524,NX2-2412-2
VR889805,C104922,VA-SW-NX2,2025-01-28,vireo.in,1,6499,NX2-2501-3
VR893424,C102926,VA-HP-ST3,2025-01-28,vireo.in,1,6299,ST3-2412-2
VR897095,C108643,VA-EB-AIR,2025-01-28,vireo.in,1,1799,AIR-2412-1
VR897553,C100132,VA-HP-ST2,2025-01-28,Flipkart,1,4749,ST2-2412-2
VR898336,C106120,VA-EB-AIR,2025-01-28,vireo.in,1,1799,AIR-2411-1
VR900673,C100161,VA-SW-NX2,2025-01-28,vireo.in,1,6499,NX2-2412-4
VR904067,C102585,VA-HP-ST3,2025-01-28,vireo.in,1,6999,ST3-2412-3
VR904788,C102130,VA-HP-ST3,2025-01-28,vireo.in,1,6299,ST3-2412-1
VR909733,C101613,VA-SW-NX2,2025-01-28,Amazon,1,6174,NX2-2411-3
VR880623,C107418,VA-HP-ST3,2025-01-29,vireo.in,1,6649,ST3-2501-4
VR881863,C101345,VA-EB-AIR,2025-01-29,Amazon,1,1799,AIR-2411-3
VR885805,C105905,VA-SW-FIT,2025-01-29,vireo.in,1,1999,FIT-2410-2
VR886396,C101708,VA-SP-ORB,2025-01-29,Amazon,1,5999,ORB-2410-4
VR887633,C104096,VA-EB-AIR,2025-01-29,Amazon,1,1619,AIR-2411-1
VR891114,C107083,VA-SP-ORB,2025-01-29,Amazon,2,9598,ORB-2410-3
VR893423,C106935,VA-EB-AIR,2025-01-29,vireo.in,1,1799,AIR-2411-4
VR893704,C100137,VA-EB-PL1,2025-01-29,Flipkart,1,1999,PL1-2412-4
VR894473,C106561,VA-SW-NX2,2025-01-29,Amazon,2,12348,NX2-2411-2
VR897004,C103067,VA-SW-FIT,2025-01-29,vireo.in,1,1699,FIT-2412-3
VR898252,C105408,VA-SW-NX2,2025-01-29,vireo.in,1,5199,NX2-2411-1
VR898344,C106651,VA-SP-ORB,2025-01-29,Flipkart,1,5999,ORB-2412-3
VR900814,C103582,VA-SW-NX2,2025-01-29,Amazon,1,6499,NX2-2410-4
VR903612,C100582,VA-SW-NX1,2025-01-29,Amazon,1,3999,NX1-2411-1
VR880668,C100204,VA-HP-ST3,2025-01-30,Amazon,1,6999,ST3-2501-1
VR881791,C106854,VA-HP-ST3,2025-01-30,vireo.in,1,6299,ST3-2410-4
VR889878,C107602,VA-EB-PL1,2025-01-30,Amazon,1,2374,PL1-2412-3
VR897677,C102167,VA-HP-ST3,2025-01-30,Amazon,2,13298,ST3-2501-3
VR899899,C102115,VA-EB-PL1,2025-01-30,vireo.in,1,2499,PL1-2412-3
VR900036,C107189,VA-EB-AIR,2025-01-30,vireo.in,1,1619,AIR-2410-3
VR900727,C108150,VA-HP-ST3,2025-01-30,Amazon,1,5599,ST3-2410-4
VR904620,C101291,VA-HP-ST3,2025-01-30,Flipkart,1,5599,ST3-2411-3
VR907342,C103622,VA-SW-NX2,2025-01-30,Amazon,2,11048,NX2-2411-1
VR909045,C105729,VA-HP-ST2,2025-01-30,Amazon,1,4249,ST2-2411-2
VR883559,C106816,VA-EB-AIR,2025-01-31,Amazon,1,1799,AIR-2501-3
VR884165,C100710,VA-SP-ORB,2025-01-31,Amazon,1,5999,ORB-2412-4
VR886031,C107232,VA-HP-ST3,2025-01-31,vireo.in,2,13998,ST3-2410-4
VR887091,C101364,VA-SW-NX2,2025-01-31,vireo.in,1,5524,NX2-2411-4
VR887187,C107440,VA-EB-AIR,2025-01-31,Flipkart,1,1799,AIR-2412-2
VR888470,C102470,VA-SW-NX2,2025-01-31,Amazon,1,5849,NX2-2411-2
VR893049,C101847,VA-EB-AIR,2025-01-31,Amazon,1,1439,AIR-2410-3
VR898077,C107490,VA-HP-ST3,2025-01-31,vireo.in,1,6999,ST3-2411-1
VR900928,C105438,VA-AC-CBL,2025-01-31,vireo.in,1,359,CBL-2411-2
VR906967,C103207,VA-EB-PL1,2025-01-31,vireo.in,1,2249,PL1-2501-4
VR909854,C103942,VA-EB-PL1,2025-01-31,Flipkart,2,4498,PL1-2411-3
VR881195,C102006,VA-EB-PL1,2025-02-01,Amazon,1,2124,PL1-2411-3
VR881810,C105156,VA-HP-ST3,2025-02-01,vireo.in,1,6999,ST3-2412-3
VR886095,C102129,VA-EB-PL1,2025-02-01,vireo.in,1,2499,PL1-2412-3
VR889041,C108886,VA-SP-ORB,2025-02-01,Amazon,1,5999,ORB-2412-4
VR890247,C102085,VA-SW-FIT,2025-02-01,Amazon,1,1799,FIT-2410-1
VR891250,C100631,VA-EB-AIR,2025-02-01,vireo.in,1,1709,AIR-2411-1
VR894207,C105876,VA-NB-ARC,2025-02-01,vireo.in,1,1169,ARC-2411-3
VR896341,C101163,VA-EB-AIR,2025-02-01,vireo.in,1,1799,AIR-2412-2
VR897678,C108477,VA-NB-ARC,2025-02-01,Flipkart,1,1299,ARC-2411-4
VR897973,C102440,VA-SW-NX2,2025-02-01,vireo.in,1,5199,NX2-2501-2
VR898076,C107607,VA-SW-NX2,2025-02-01,Amazon,1,5524,NX2-2410-3
VR898727,C103286,VA-SW-NX1,2025-02-01,vireo.in,1,4499,NX1-2412-1
VR899240,C100825,VA-EB-PL1,2025-02-01,vireo.in,1,2499,PL1-2412-2
VR900083,C102563,VA-EB-AIR,2025-02-01,vireo.in,1,1439,AIR-2412-3
VR901652,C107754,VA-EB-PL1,2025-02-01,vireo.in,1,2374,PL1-2411-1
VR904792,C104624,VA-SW-FIT,2025-02-01,Amazon,1,1899,FIT-2412-1
VR904972,C104494,VA-SW-NX1,2025-02-01,vireo.in,1,4999,NX1-2501-3
VR905111,C109363,VA-AC-CBL,2025-02-01,Flipkart,1,339,CBL-2410-1
VR909207,C104481,VA-EB-AIR,2025-02-01,Amazon,1,1529,AIR-2501-3
VR909255,C103262,VA-AC-CH65,2025-02-01,Amazon,1,1499,CH65-2411-1
VR881611,C101945,VA-SW-FIT,2025-02-02,vireo.in,1,1899,FIT-2501-1
VR881631,C105932,VA-EB-AIR,2025-02-02,Flipkart,1,1799,AIR-2412-4
VR881937,C103861,VA-HP-ST2,2025-02-02,Amazon,1,4999,ST2-2410-4
VR882821,C103816,VA-SW-NX1,2025-02-02,Amazon,1,4999,NX1-2410-1
VR882996,C107252,VA-SW-NX2,2025-02-02,Amazon,1,6499,NX2-2412-3
VR883451,C102194,VA-SW-NX1,2025-02-02,vireo.in,1,4999,NX1-2412-2
VR886467,C109435,VA-SW-NX1,2025-02-02,Amazon,1,4999,NX1-2412-4
VR890162,C102822,VA-NB-ARC,2025-02-02,vireo.in,1,1299,ARC-2501-4
VR891295,C103705,VA-SP-ORB,2025-02-02,Amazon,1,4799,ORB-2412-1
VR892579,C104666,VA-SW-FIT,2025-02-02,vireo.in,1,1599,FIT-2411-3
VR893712,C101892,VA-EB-PL1,2025-02-02,vireo.in,1,1999,PL1-2412-4
VR903195,C105481,VA-HP-ST3,2025-02-02,Flipkart,1,6999,ST3-2501-2
VR904607,C100890,VA-EB-AIR,2025-02-02,Flipkart,1,1529,AIR-2412-1
VR905165,C102420,VA-EB-AIR,2025-02-02,vireo.in,1,1619,AIR-2501-1
VR909071,C101145,VA-EB-PL1,2025-02-02,vireo.in,2,4748,PL1-2410-1
VR882018,C109090,VA-HP-ST2,2025-02-03,vireo.in,1,4999,ST2-2412-2
VR883016,C105933,VA-SW-NX2,2025-02-03,vireo.in,1,6174,NX2-2412-3
VR884415,C103279,VA-EB-AIR,2025-02-03,vireo.in,1,1439,AIR-2411-1
VR884872,C105426,VA-HP-ST3,2025-02-03,Flipkart,2,12598,ST3-2410-3
VR887410,C108620,VA-SW-FIT,2025-02-03,vireo.in,1,1799,FIT-2410-1
VR888616,C102561,VA-HP-ST3,2025-02-03,vireo.in,1,5599,ST3-2501-2
VR889874,C102223,VA-SP-ORB,2025-02-03,vireo.in,1,5999,ORB-2501-3
VR895058,C102086,VA-HP-ST2,2025-02-03,vireo.in,1,4499,ST2-2501-3
VR898725,C104562,VA-AC-CH65,2025-02-03,vireo.in,1,1499,CH65-2411-2
VR902459,C107877,VA-SW-NX2,2025-02-03,Amazon,1,6499,NX2-2411-1
VR902661,C107233,VA-SW-NX2,2025-02-03,vireo.in,1,6174,NX2-2411-3
VR880064,C106080,VA-EB-PL1,2025-02-04,Flipkart,1,2499,PL1-2410-4
VR883744,C104059,VA-SW-NX1,2025-02-04,Amazon,1,4249,NX1-2411-4
VR892228,C108165,VA-EB-PL1,2025-02-04,vireo.in,1,2499,PL1-2412-3
VR892678,C105519,VA-EB-PL1,2025-02-04,vireo.in,1,1999,PL1-2412-2
VR895040,C108992,VA-EB-PL1,2025-02-04,vireo.in,1,2499,PL1-2501-4
VR895365,C103285,VA-EB-PL1,2025-02-04,vireo.in,1,2249,PL1-2501-2
VR895545,C101210,VA-EB-PL1,2025-02-04,vireo.in,1,2499,PL1-2501-4
VR897571,C105045,VA-SW-NX2,2025-02-04,Flipkart,1,6499,NX2-2412-4
VR898663,C101410,VA-HP-ST2,2025-02-04,vireo.in,1,3999,ST2-2501-4
VR898717,C101734,VA-SW-NX2,2025-02-04,vireo.in,1,6499,NX2-2410-1
VR898958,C101992,VA-EB-AIR,2025-02-04,vireo.in,1,1799,AIR-2501-2
VR900325,C100716,VA-EB-PL1,2025-02-04,Amazon,1,2124,PL1-2412-1
VR903320,C109094,VA-EB-PL1,2025-02-04,vireo.in,1,2499,PL1-2411-2
VR903640,C103997,VA-EB-AIR,2025-02-04,Flipkart,1,1439,AIR-2411-2
VR904614,C104996,VA-HP-ST3,2025-02-04,vireo.in,1,6999,ST3-2501-2
VR908083,C107956,VA-SP-ORB,2025-02-04,vireo.in,1,5999,ORB-2412-2
VR880601,C108706,VA-EB-AIR,2025-02-05,Amazon,1,1619,AIR-2501-2
VR880933,C107506,VA-SW-FIT,2025-02-05,vireo.in,1,1799,FIT-2411-3
VR881150,C108881,VA-HP-ST3,2025-02-05,vireo.in,1,6649,ST3-2411-2
VR885155,C109334,VA-HP-ST2,2025-02-05,Flipkart,1,4749,ST2-2411-2
VR894044,C103062,VA-SW-NX2,2025-02-05,vireo.in,1,5849,NX2-2411-2
VR894094,C100829,VA-SW-FIT,2025-02-05,Amazon,1,1899,FIT-2411-4
VR901749,C107311,VA-HP-ST3,2025-02-05,vireo.in,2,13998,ST3-2412-4
VR907081,C106612,VA-EB-PL1,2025-02-05,Amazon,1,2499,PL1-2411-2
VR907243,C102404,VA-SW-NX2,2025-02-05,Flipkart,1,5524,NX2-2412-2
VR909138,C104967,VA-EB-AIR,2025-02-05,Amazon,1,1619,AIR-2411-3
VR909284,C101383,VA-EB-AIR,2025-02-05,vireo.in,1,1799,AIR-2410-2
VR909486,C107151,VA-SW-NX2,2025-02-05,vireo.in,1,6499,NX2-2411-3
VR881824,C104505,VA-EB-AIR,2025-02-06,Amazon,1,1439,AIR-2412-1
VR882745,C106646,VA-EB-PL1,2025-02-06,vireo.in,1,2499,PL1-2412-4
VR884147,C103903,VA-EB-AIR,2025-02-06,Amazon,1,1799,AIR-2412-3
VR884311,C102690,VA-EB-AIR,2025-02-06,vireo.in,1,1799,AIR-2410-3
VR887065,C109249,VA-HP-ST2,2025-02-06,vireo.in,1,3999,ST2-2412-4
VR888942,C104090,VA-SW-NX2,2025-02-06,vireo.in,1,6499,NX2-2410-3
VR889223,C101815,VA-SW-NX2,2025-02-06,Flipkart,1,6174,NX2-2412-4
VR891242,C105149,VA-SW-NX2,2025-02-06,vireo.in,1,5524,NX2-2410-2
VR893430,C101187,VA-SW-NX2,2025-02-06,vireo.in,1,6499,NX2-2411-1
VR894308,C101466,VA-EB-AIR,2025-02-06,vireo.in,1,1709,AIR-2411-4
VR894960,C102421,VA-AC-CBL,2025-02-06,Amazon,1,399,CBL-2412-1
VR896396,C106782,VA-SW-NX2,2025-02-06,vireo.in,1,6174,NX2-2412-1
VR896663,C102032,VA-EB-AIR,2025-02-06,vireo.in,1,1799,AIR-2501-2
VR904047,C106977,VA-SW-NX2,2025-02-06,vireo.in,1,6174,NX2-2410-1
VR904725,C107201,VA-SW-FIT,2025-02-06,vireo.in,1,1699,FIT-2410-3
VR908188,C104543,VA-EB-AIR,2025-02-06,vireo.in,2,3238,AIR-2412-2
VR909436,C104618,VA-SW-FIT,2025-02-06,Flipkart,1,1999,FIT-2501-3
VR881853,C106681,VA-EB-AIR,2025-02-07,Flipkart,1,1619,AIR-2501-1
VR884876,C106598,VA-AC-CH65,2025-02-07,vireo.in,1,1424,CH65-2501-1
VR891156,C107582,VA-SW-NX1,2025-02-07,vireo.in,1,4499,NX1-2411-2
VR894077,C109153,VA-SW-NX1,2025-02-07,Amazon,1,3999,NX1-2411-3
VR897294,C108058,VA-SW-NX2,2025-02-07,vireo.in,1,6174,NX2-2501-4
VR899194,C108385,VA-EB-PL1,2025-02-07,vireo.in,1,1999,PL1-2411-4
VR900060,C100555,VA-SW-FIT,2025-02-07,vireo.in,1,1999,FIT-2410-3
VR901119,C108759,VA-EB-PL1,2025-02-07,vireo.in,1,2499,PL1-2501-3
VR901308,C108627,VA-HP-ST3,2025-02-07,Amazon,1,5949,ST3-2411-2
VR904121,C107022,VA-EB-AIR,2025-02-07,vireo.in,1,1529,AIR-2412-4
VR905415,C108764,VA-SW-FIT,2025-02-07,vireo.in,1,1899,FIT-2411-1
VR906985,C104465,VA-EB-PL1,2025-02-07,Amazon,1,2374,PL1-2501-2
VR907003,C100344,VA-EB-PL1,2025-02-07,vireo.in,1,2249,PL1-2411-1
VR908154,C102424,VA-SW-NX2,2025-02-07,vireo.in,1,6499,NX2-2412-4
VR909336,C100928,VA-HP-ST3,2025-02-07,vireo.in,1,6999,ST3-2411-4
VR884532,C108031,VA-SW-NX2,2025-02-08,Amazon,1,5849,NX2-2412-3
VR888620,C100505,VA-EB-PL1,2025-02-08,Flipkart,1,2499,PL1-2501-3
VR891494,C107477,VA-EB-AIR,2025-02-08,Amazon,1,1799,AIR-2501-3
VR897582,C104660,VA-AC-CBL,2025-02-08,Amazon,1,399,CBL-2410-4
VR897631,C102310,VA-SW-FIT,2025-02-08,Flipkart,1,1899,FIT-2412-1
VR900063,C103169,VA-NB-ARC,2025-02-08,vireo.in,1,1299,ARC-2411-2
VR901741,C109453,VA-HP-ST3,2025-02-08,Amazon,1,6999,ST3-2410-4
VR903708,C103756,VA-SW-NX2,2025-02-08,Amazon,1,6499,NX2-2411-2
VR904830,C105350,VA-EB-PL1,2025-02-08,vireo.in,1,1999,PL1-2411-4
VR906494,C106323,VA-SW-NX2,2025-02-08,vireo.in,1,5524,NX2-2412-2
VR907814,C107496,VA-NB-ARC,2025-02-08,Amazon,1,1234,ARC-2411-3
VR880207,C106240,VA-SP-ORB,2025-02-09,vireo.in,1,5699,ORB-2412-2
VR881383,C101447,VA-AC-CH65,2025-02-09,Amazon,1,1424,CH65-2411-3
VR884708,C107773,VA-HP-ST2,2025-02-09,vireo.in,1,4249,ST2-2411-2
VR885848,C100310,VA-SP-ORB,2025-02-09,vireo.in,1,5399,ORB-2411-3
VR887625,C106713,VA-EB-PL1,2025-02-09,vireo.in,1,2124,PL1-2412-3
VR888453,C108155,VA-SW-NX2,2025-02-09,vireo.in,1,6499,NX2-2501-2
VR890766,C103942,VA-SP-ORB,2025-02-09,vireo.in,1,5999,ORB-2411-4
VR891100,C102777,VA-EB-PL1,2025-02-09,Amazon,1,2374,PL1-2412-1
VR891109,C100942,VA-AC-CH65,2025-02-09,vireo.in,1,1499,CH65-2412-2
VR898272,C101645,VA-AC-CH65,2025-02-09,vireo.in,1,1199,CH65-2412-1
VR898470,C106876,VA-EB-AIR,2025-02-09,Amazon,1,1799,AIR-2411-2
VR898696,C107880,VA-SW-FIT,2025-02-09,vireo.in,1,1999,FIT-2412-3
VR903907,C102226,VA-EB-AIR,2025-02-09,vireo.in,1,1619,AIR-2501-1
VR904255,C100447,VA-EB-AIR,2025-02-09,vireo.in,1,1439,AIR-2412-4
VR905678,C100131,VA-EB-PL1,2025-02-09,vireo.in,1,2499,PL1-2411-4
VR906026,C106443,VA-EB-PL1,2025-02-09,Amazon,1,2374,PL1-2411-3
VR909506,C108408,VA-SW-NX2,2025-02-09,Amazon,1,6499,NX2-2411-1
VR880679,C102685,VA-EB-PL1,2025-02-10,vireo.in,1,2499,PL1-2501-2
VR880842,C104915,VA-HP-ST2,2025-02-10,vireo.in,1,3999,ST2-2410-3
VR881654,C100504,VA-SW-NX2,2025-02-10,vireo.in,1,6499,NX2-2412-1
VR882265,C108182,VA-EB-AIR,2025-02-10,vireo.in,1,1619,AIR-2411-2
VR882366,C108404,VA-SW-FIT,2025-02-10,vireo.in,1,1799,FIT-2501-2
VR885001,C103926,VA-SP-ORB,2025-02-10,vireo.in,1,5699,ORB-2412-4
VR892641,C102436,VA-HP-ST3,2025-02-10,vireo.in,1,6999,ST3-2411-1
VR894625,C104008,VA-SW-FIT,2025-02-10,Amazon,1,1799,FIT-2412-1
VR895776,C100618,VA-EB-PL1,2025-02-10,Flipkart,1,2374,PL1-2412-1
VR895860,C102464,VA-NB-ARC,2025-02-10,vireo.in,2,2598,ARC-2501-3
VR896051,C107871,VA-NB-ARC,2025-02-10,Amazon,1,1104,ARC-2412-2
VR897978,C100098,VA-HP-ST3,2025-02-10,Flipkart,1,6999,ST3-2412-2
VR899366,C106127,VA-SW-NX1,2025-02-10,vireo.in,1,3999,NX1-2412-4
VR903811,C104658,VA-SW-NX1,2025-02-10,Amazon,1,4999,NX1-2411-1
VR882609,C105639,VA-NB-ARC,2025-02-11,Amazon,1,1104,ARC-2411-3
VR886793,C107014,VA-SP-ORB,2025-02-11,vireo.in,1,5399,ORB-2411-2
VR887474,C106292,VA-EB-AIR,2025-02-11,Flipkart,1,1799,AIR-2411-1
VR888686,C107442,VA-AC-CBL,2025-02-11,Flipkart,1,359,CBL-2501-2
VR889949,C107875,VA-SW-NX1,2025-02-11,Amazon,1,4499,NX1-2410-2
VR898251,C106144,VA-EB-AIR,2025-02-11,vireo.in,1,1799,AIR-2411-1
VR904145,C103248,VA-SW-FIT,2025-02-11,vireo.in,1,1999,FIT-2411-1
VR906515,C107814,VA-EB-AIR,2025-02-11,vireo.in,1,1799,AIR-2412-1
VR906767,C101624,VA-HP-ST2,2025-02-11,vireo.in,1,4249,ST2-2501-3
VR908181,C107527,VA-EB-PL1,2025-02-11,Flipkart,1,2499,PL1-2412-2
VR909537,C100307,VA-EB-PL1,2025-02-11,Amazon,2,4248,PL1-2412-1
VR880685,C105822,VA-SW-NX2,2025-02-12,vireo.in,1,6174,NX2-2501-2
VR881012,C105037,VA-SW-NX2,2025-02-12,vireo.in,2,11698,NX2-2411-1
VR883209,C106562,VA-SW-NX2,2025-02-12,vireo.in,1,5199,NX2-2412-3
VR883274,C102780,VA-HP-ST2,2025-02-12,vireo.in,1,3999,ST2-2411-1
VR883594,C102102,VA-SP-ORB,2025-02-12,vireo.in,1,5999,ORB-2411-3
VR883596,C102511,VA-EB-PL1,2025-02-12,vireo.in,1,2374,PL1-2411-3
VR886730,C109158,VA-SW-NX2,2025-02-12,vireo.in,1,6174,NX2-2410-4
VR891028,C108969,VA-SW-NX2,2025-02-12,Amazon,1,6499,NX2-2412-3
VR891979,C101865,VA-HP-ST2,2025-02-12,vireo.in,1,4249,ST2-2411-2
VR895200,C101797,VA-HP-ST3,2025-02-12,Amazon,1,6649,ST3-2501-4
VR897759,C106176,VA-EB-PL1,2025-02-12,Amazon,1,2499,PL1-2501-2
VR899968,C101963,VA-SW-FIT,2025-02-12,Flipkart,1,1999,FIT-2410-1
VR900530,C108609,VA-EB-AIR,2025-02-12,vireo.in,1,1799,AIR-2412-3
VR900660,C102709,VA-EB-PL1,2025-02-12,Amazon,1,2499,PL1-2412-3
VR901822,C107244,VA-SW-FIT,2025-02-12,Amazon,1,1999,FIT-2412-1
VR906310,C107405,VA-NB-ARC,2025-02-12,vireo.in,1,1039,ARC-2410-3
VR884560,C106589,VA-EB-PL1,2025-02-13,Flipkart,1,2374,PL1-2412-3
VR886853,C100134,VA-EB-PL1,2025-02-13,vireo.in,1,2499,PL1-2501-3
VR890380,C104397,VA-SW-NX2,2025-02-13,Amazon,1,6499,NX2-2501-2
VR891455,C104416,VA-SW-NX2,2025-02-13,vireo.in,1,6499,NX2-2410-3
VR892868,C107001,VA-SW-NX2,2025-02-13,vireo.in,2,12998,NX2-2411-3
VR897177,C103834,VA-HP-ST3,2025-02-13,vireo.in,1,6299,ST3-2412-1
VR898765,C107070,VA-SW-NX2,2025-02-13,vireo.in,1,6499,NX2-2501-2
VR898972,C103180,VA-SW-NX2,2025-02-13,Amazon,1,6499,NX2-2412-3
VR900991,C105859,VA-SW-NX2,2025-02-13,Amazon,1,6499,NX2-2411-2
VR902725,C107023,VA-HP-ST3,2025-02-13,Amazon,1,6999,ST3-2411-2
VR906344,C107228,VA-EB-PL1,2025-02-13,vireo.in,1,1999,PL1-2412-4
VR907218,C104609,VA-EB-AIR,2025-02-13,Amazon,1,1799,AIR-2501-1
VR880684,C103022,VA-SW-NX2,2025-02-14,vireo.in,1,6174,NX2-2412-3
VR882526,C103063,VA-AC-CH65,2025-02-14,Flipkart,1,1274,CH65-2412-3
VR885646,C103636,VA-EB-PL1,2025-02-14,Amazon,1,2124,PL1-2411-3
VR886346,C103938,VA-EB-AIR,2025-02-14,Amazon,2,2878,AIR-2411-2
VR889633,C100344,VA-EB-AIR,2025-02-14,vireo.in,2,3598,AIR-2412-3
VR896131,C108852,VA-SW-FIT,2025-02-14,vireo.in,1,1799,FIT-2411-1
VR901461,C104934,VA-EB-PL1,2025-02-14,Amazon,1,2499,PL1-2501-1
VR902000,C105955,VA-EB-AIR,2025-02-14,Flipkart,1,1709,AIR-2501-1
VR903117,C100269,VA-SP-MINI,2025-02-14,vireo.in,1,2499,MINI-2411-4
VR903948,C101401,VA-SW-NX2,2025-02-14,vireo.in,1,5849,NX2-2501-1
VR904915,C108944,VA-EB-PL1,2025-02-14,Flipkart,1,1999,PL1-2410-3
VR905801,C103323,VA-SW-NX2,2025-02-14,vireo.in,1,5849,NX2-2411-1
VR905873,C103505,VA-EB-PL1,2025-02-14,vireo.in,1,2499,PL1-2501-3
VR906729,C101490,VA-EB-PL1,2025-02-14,Amazon,1,2249,PL1-2412-3
VR907144,C106037,VA-HP-ST3,2025-02-14,vireo.in,1,6999,ST3-2411-1
VR907217,C108117,VA-HP-ST3,2025-02-14,vireo.in,1,5599,ST3-2411-4
VR908596,C104327,VA-SP-MINI,2025-02-14,Flipkart,1,2499,MINI-2411-1
VR908786,C101781,VA-SP-ORB,2025-02-14,vireo.in,1,5399,ORB-2411-3
VR909142,C109094,VA-SP-MINI,2025-02-14,vireo.in,1,2499,MINI-2411-4
VR880645,C108384,VA-SW-NX2,2025-02-15,Flipkart,1,6499,NX2-2411-1
VR883764,C107395,VA-EB-PL1,2025-02-15,vireo.in,1,2374,PL1-2411-1
VR885683,C100668,VA-SW-NX2,2025-02-15,vireo.in,1,6174,NX2-2501-3
VR887258,C101552,VA-EB-AIR,2025-02-15,Flipkart,1,1709,AIR-2412-3
VR887728,C101110,VA-SP-ORB,2025-02-15,vireo.in,1,5099,ORB-2501-2
VR888778,C107767,VA-SW-NX2,2025-02-15,vireo.in,1,5849,NX2-2501-1
VR896725,C108906,VA-HP-ST3,2025-02-15,Flipkart,1,6649,ST3-2412-3
VR897721,C105531,VA-SW-NX2,2025-02-15,vireo.in,1,5849,NX2-2501-3
VR897752,C105438,VA-SP-ORB,2025-02-15,vireo.in,1,4799,ORB-2501-3
VR898753,C100331,VA-SW-NX2,2025-02-15,vireo.in,1,5524,NX2-2411-1
VR899051,C108056,VA-SW-NX2,2025-02-15,vireo.in,1,5524,NX2-2412-1
VR900834,C102025,VA-SP-ORB,2025-02-15,Amazon,1,5999,ORB-2412-3
VR901491,C106534,VA-EB-PL1,2025-02-15,vireo.in,1,2249,PL1-2501-1
VR901800,C103409,VA-SP-ORB,2025-02-15,vireo.in,1,4799,ORB-2412-3
VR907806,C107597,VA-SW-NX2,2025-02-15,Flipkart,1,5524,NX2-2501-3
VR909387,C107393,VA-EB-AIR,2025-02-15,vireo.in,1,1799,AIR-2501-4
VR909820,C108174,VA-SP-MINI,2025-02-15,Amazon,1,2499,MINI-2501-4
VR883621,C100148,VA-HP-ST3,2025-02-16,vireo.in,1,6999,ST3-2501-2
VR886766,C101377,VA-SW-NX2,2025-02-16,vireo.in,1,5199,NX2-2411-4
VR888708,C102142,VA-EB-AIR,2025-02-16,Amazon,1,1799,AIR-2411-3
VR889298,C100731,VA-SP-ORB,2025-02-16,vireo.in,1,5099,ORB-2501-4
VR892216,C100295,VA-EB-PL1,2025-02-16,vireo.in,1,1999,PL1-2501-3
VR893113,C100719,VA-EB-PL1,2025-02-16,Amazon,1,2499,PL1-2501-3
VR897368,C100067,VA-EB-AIR,2025-02-16,Amazon,1,1709,AIR-2412-4
VR897503,C103490,VA-EB-AIR,2025-02-16,Flipkart,1,1799,AIR-2412-2
VR899277,C101723,VA-EB-AIR,2025-02-16,Flipkart,1,1799,AIR-2412-1
VR899519,C106375,VA-HP-ST3,2025-02-16,vireo.in,1,5599,ST3-2411-3
VR901220,C105344,VA-SW-FIT,2025-02-16,vireo.in,1,1799,FIT-2501-3
VR902313,C102416,VA-SW-FIT,2025-02-16,vireo.in,1,1699,FIT-2411-1
VR905044,C104118,VA-EB-AIR,2025-02-16,Amazon,1,1439,AIR-2412-1
VR905469,C104410,VA-SP-MINI,2025-02-16,vireo.in,1,1999,MINI-2412-1
VR905615,C106949,VA-EB-PL1,2025-02-16,vireo.in,1,2499,PL1-2412-1
VR906859,C103190,VA-SW-NX1,2025-02-16,vireo.in,1,4999,NX1-2501-3
VR908908,C100485,VA-EB-PL1,2025-02-16,vireo.in,1,2374,PL1-2411-3
VR885873,C100692,VA-SP-ORB,2025-02-17,vireo.in,1,5999,ORB-2411-2
VR892562,C101737,VA-SP-MINI,2025-02-17,Flipkart,1,2249,MINI-2411-2
VR893236,C106191,VA-EB-AIR,2025-02-17,vireo.in,1,1799,AIR-2411-4
VR894054,C102960,VA-SP-ORB,2025-02-17,Flipkart,1,5999,ORB-2411-4
VR894563,C105314,VA-EB-AIR,2025-02-17,Amazon,1,1619,AIR-2501-2
VR896676,C106366,VA-HP-ST2,2025-02-17,vireo.in,1,3999,ST2-2501-2
VR896761,C105000,VA-EB-PL1,2025-02-17,Amazon,2,4248,PL1-2412-1
VR898899,C102443,VA-EB-PL1,2025-02-17,Amazon,1,2499,PL1-2501-4
VR900312,C102507,VA-HP-ST2,2025-02-17,vireo.in,1,4749,ST2-2501-4
VR902066,C106022,VA-SP-ORB,2025-02-17,Amazon,1,5999,ORB-2501-3
VR903765,C104056,VA-SP-MINI,2025-02-17,vireo.in,1,2499,MINI-2411-3
VR880193,C105714,VA-EB-PL1,2025-02-18,Flipkart,2,3998,PL1-2412-1
VR880206,C102255,VA-SW-NX1,2025-02-18,vireo.in,1,4999,NX1-2501-2
VR880304,C105983,VA-SW-NX2,2025-02-18,Amazon,1,5199,NX2-2412-3
VR880618,C102912,VA-HP-ST2,2025-02-18,Amazon,1,3999,ST2-2412-2
VR881167,C104045,VA-SP-ORB,2025-02-18,Amazon,1,5099,ORB-2411-3
VR883233,C106933,VA-HP-ST2,2025-02-18,Flipkart,1,3999,ST2-2411-4
VR885211,C107700,VA-HP-ST2,2025-02-18,Amazon,1,4499,ST2-2501-2
VR902805,C104044,VA-SW-FIT,2025-02-18,vireo.in,1,1999,FIT-2412-2
VR903124,C101122,VA-NB-ARC,2025-02-18,Flipkart,1,1299,ARC-2411-3
VR903893,C103798,VA-SP-MINI,2025-02-18,Amazon,1,2499,MINI-2501-2
VR904729,C100350,VA-AC-CBL,2025-02-18,Flipkart,1,379,CBL-2501-1
VR906595,C108416,VA-HP-ST2,2025-02-18,vireo.in,1,4999,ST2-2412-4
VR880997,C105176,VA-EB-PL1,2025-02-19,vireo.in,1,2124,PL1-2501-3
VR882482,C108092,VA-SW-NX2,2025-02-19,vireo.in,1,5849,NX2-2501-4
VR884454,C109239,VA-HP-ST3,2025-02-19,vireo.in,1,6649,ST3-2411-2
VR885649,C109413,VA-HP-ST2,2025-02-19,Amazon,1,4499,ST2-2501-3
VR888358,C106860,VA-HP-ST3,2025-02-19,vireo.in,1,6299,ST3-2412-2
VR889833,C104927,VA-HP-ST3,2025-02-19,vireo.in,2,12598,ST3-2411-1
VR891686,C105549,VA-EB-AIR,2025-02-19,Amazon,2,2878,AIR-2411-2
VR892206,C109387,VA-EB-PL1,2025-02-19,Amazon,1,1999,PL1-2412-1
VR892576,C103778,VA-HP-ST3,2025-02-19,vireo.in,1,6649,ST3-2501-2
VR894495,C108847,VA-EB-AIR,2025-02-19,vireo.in,1,1619,AIR-2501-2
VR895338,C103953,VA-NB-ARC,2025-02-19,vireo.in,1,1299,ARC-2412-4
VR898144,C109458,VA-EB-AIR,2025-02-19,Amazon,1,1619,AIR-2412-1
VR898382,C104936,VA-EB-PL1,2025-02-19,Amazon,1,1999,PL1-2501-1
VR899429,C106084,VA-EB-AIR,2025-02-19,Amazon,1,1439,AIR-2501-2
VR899715,C106521,VA-EB-AIR,2025-02-19,vireo.in,1,1799,AIR-2411-2
VR904834,C108497,VA-SW-NX1,2025-02-19,Amazon,1,4499,NX1-2412-4
VR907309,C107181,VA-EB-AIR,2025-02-19,Flipkart,1,1619,AIR-2501-2
VR907360,C105155,VA-SW-NX2,2025-02-19,vireo.in,1,5524,NX2-2412-4
VR909121,C102971,VA-EB-PL1,2025-02-19,Amazon,1,2374,PL1-2411-4
VR880358,C104603,VA-EB-PL1,2025-02-20,vireo.in,1,1999,PL1-2411-2
VR880631,C102813,VA-EB-PL1,2025-02-20,vireo.in,2,4998,PL1-2412-4
VR884522,C105942,VA-HP-ST2,2025-02-20,Amazon,1,3999,ST2-2412-1
VR884617,C102217,VA-SW-NX2,2025-02-20,Flipkart,1,5849,NX2-2412-1
VR885004,C105075,VA-SW-FIT,2025-02-20,vireo.in,1,1599,FIT-2412-3
VR886218,C105905,VA-EB-AIR,2025-02-20,Amazon,1,1439,AIR-2412-1
VR888607,C103594,VA-SP-ORB,2025-02-20,Flipkart,1,5699,ORB-2501-3
VR893102,C106707,VA-NB-ARC,2025-02-20,vireo.in,2,2598,ARC-2411-2
VR895061,C109482,VA-EB-PL1,2025-02-20,Amazon,1,2499,PL1-2412-4
VR898930,C102933,VA-EB-PL1,2025-02-20,vireo.in,1,2499,PL1-2412-3
VR903366,C107153,VA-SP-MINI,2025-02-20,vireo.in,1,2124,MINI-2411-2
VR904161,C106216,VA-SW-NX2,2025-02-20,Amazon,1,5199,NX2-2501-4
VR880035,C102829,VA-EB-PL1,2025-02-21,Flipkart,1,2499,PL1-2412-3
VR884605,C105007,VA-HP-ST3,2025-02-21,vireo.in,1,5599,ST3-2501-2
VR885925,C103558,VA-EB-AIR,2025-02-21,vireo.in,1,1709,AIR-2501-3
VR886331,C100207,VA-EB-PL1,2025-02-21,Amazon,1,2374,PL1-2501-4
VR887318,C104546,VA-SP-ORB,2025-02-21,Amazon,1,5099,ORB-2412-3
VR888804,C103902,VA-HP-ST3,2025-02-21,vireo.in,1,5599,ST3-2501-1
VR889527,C103308,VA-EB-AIR,2025-02-21,vireo.in,1,1799,AIR-2501-2
VR890127,C106719,VA-SW-FIT,2025-02-21,vireo.in,1,1699,FIT-2411-3
VR894108,C101165,VA-HP-ST3,2025-02-21,vireo.in,1,5949,ST3-2412-1
VR894536,C103697,VA-HP-ST3,2025-02-21,Flipkart,2,11898,ST3-2502-4
VR905392,C106115,VA-HP-ST2,2025-02-21,Flipkart,1,4749,ST2-2412-4
VR905858,C104977,VA-SW-NX2,2025-02-21,vireo.in,1,6499,NX2-2411-1
VR906118,C103036,VA-SW-NX2,2025-02-21,vireo.in,1,6174,NX2-2412-3
VR906938,C107744,VA-SW-FIT,2025-02-21,vireo.in,1,1999,FIT-2411-4
VR908594,C102433,VA-EB-AIR,2025-02-21,Amazon,1,1799,AIR-2502-2
VR883516,C100549,VA-SW-NX2,2025-02-22,vireo.in,1,5199,NX2-2412-3
VR884046,C104063,VA-EB-PL1,2025-02-22,vireo.in,1,2374,PL1-2411-4
VR885879,C100000,VA-SW-NX2,2025-02-22,Flipkart,1,5524,NX2-2501-4
VR887778,C105527,VA-SW-NX2,2025-02-22,Flipkart,1,5199,NX2-2502-4
VR889705,C103993,VA-HP-ST2,2025-02-22,vireo.in,1,4999,ST2-2412-3
VR890827,C106847,VA-SW-FIT,2025-02-22,vireo.in,1,1899,FIT-2501-4
VR891630,C105669,VA-SW-NX2,2025-02-22,vireo.in,1,6499,NX2-2501-1
VR893598,C101133,VA-EB-AIR,2025-02-22,vireo.in,1,1529,AIR-2412-4
VR894612,C104937,VA-EB-PL1,2025-02-22,vireo.in,1,2124,PL1-2501-2
VR896509,C102871,VA-HP-ST3,2025-02-22,vireo.in,1,6999,ST3-2411-2
VR896942,C108960,VA-EB-PL1,2025-02-22,vireo.in,1,2499,PL1-2501-4
VR897891,C101823,VA-EB-AIR,2025-02-22,vireo.in,1,1439,AIR-2411-2
VR898194,C105076,VA-EB-AIR,2025-02-22,Amazon,1,1799,AIR-2412-3
VR900299,C104037,VA-HP-ST3,2025-02-22,vireo.in,2,12598,ST3-2411-2
VR905731,C109200,VA-SW-FIT,2025-02-22,vireo.in,1,1599,FIT-2501-1
VR906509,C108528,VA-SW-NX1,2025-02-22,Amazon,1,4749,NX1-2411-4
VR906608,C103227,VA-SP-ORB,2025-02-22,Flipkart,1,4799,ORB-2411-2
VR907235,C106284,VA-SW-FIT,2025-02-22,vireo.in,1,1999,FIT-2412-3
VR881575,C109398,VA-EB-AIR,2025-02-23,vireo.in,1,1619,AIR-2411-2
VR883040,C107885,VA-HP-ST2,2025-02-23,Amazon,1,4749,ST2-2412-3
VR883415,C100622,VA-SW-NX2,2025-02-23,Amazon,1,6499,NX2-2411-2
VR884568,C100528,VA-HP-ST3,2025-02-23,Amazon,2,13998,ST3-2501-3
VR886496,C101302,VA-SW-NX2,2025-02-23,Flipkart,1,6174,NX2-2501-3
VR887634,C107093,VA-HP-ST3,2025-02-23,vireo.in,1,6299,ST3-2411-3
VR887878,C104328,VA-EB-PL1,2025-02-23,Amazon,1,2499,PL1-2501-1
VR891289,C101186,VA-HP-ST2,2025-02-23,Amazon,1,4499,ST2-2412-2
VR892633,C106326,VA-SW-NX2,2025-02-23,vireo.in,1,5524,NX2-2412-1
VR893379,C105412,VA-NB-ARC,2025-02-23,vireo.in,1,1104,ARC-2411-4
VR893474,C100179,VA-EB-AIR,2025-02-23,Flipkart,1,1799,AIR-2501-4
VR893861,C104107,VA-EB-PL1,2025-02-23,vireo.in,1,2249,PL1-2501-1
VR898774,C108932,VA-EB-AIR,2025-02-23,Flipkart,1,1619,AIR-2412-4
VR903412,C105831,VA-SW-NX2,2025-02-23,vireo.in,1,6499,NX2-2411-1
VR904189,C104306,VA-EB-AIR,2025-02-23,Flipkart,1,1799,AIR-2412-4
VR904751,C100370,VA-NB-ARC,2025-02-23,Amazon,1,1299,ARC-2501-1
VR905525,C107494,VA-EB-PL1,2025-02-23,Amazon,1,2499,PL1-2411-1
VR909211,C104929,VA-SP-ORB,2025-02-23,Flipkart,1,5999,ORB-2411-3
VR880419,C107439,VA-SW-NX2,2025-02-24,vireo.in,1,6499,NX2-2501-2
VR885214,C100081,VA-EB-PL1,2025-02-24,Amazon,1,2499,PL1-2501-1
VR888063,C109107,VA-NB-ARC,2025-02-24,vireo.in,1,1039,ARC-2411-2
VR890087,C109456,VA-SW-NX2,2025-02-24,Flipkart,2,12348,NX2-2501-1
VR891930,C108431,VA-HP-ST2,2025-02-24,Amazon,1,4499,ST2-2501-2
VR895269,C108086,VA-SP-ORB,2025-02-24,Amazon,1,5999,ORB-2412-3
VR896220,C102094,VA-SP-ORB,2025-02-24,vireo.in,1,5999,ORB-2501-4
VR896502,C108990,VA-SW-FIT,2025-02-24,vireo.in,1,1699,FIT-2501-2
VR897327,C102001,VA-HP-ST2,2025-02-24,vireo.in,1,4249,ST2-2411-3
VR897330,C103827,VA-SW-NX2,2025-02-24,Amazon,1,6499,NX2-2412-1
VR899226,C104329,VA-SW-NX1,2025-02-24,Amazon,1,4999,NX1-2411-3
VR899427,C100273,VA-SW-NX2,2025-02-24,vireo.in,1,6499,NX2-2502-4
VR901100,C104143,VA-SW-NX2,2025-02-24,Amazon,1,5524,NX2-2501-1
VR903275,C107732,VA-SW-NX2,2025-02-24,Amazon,1,6499,NX2-2412-2
VR903655,C108906,VA-SW-NX1,2025-02-24,vireo.in,1,4999,NX1-2412-1
VR904030,C108858,VA-EB-AIR,2025-02-24,vireo.in,1,1619,AIR-2412-4
VR906455,C103290,VA-HP-ST3,2025-02-24,vireo.in,1,6299,ST3-2501-1
VR906504,C103438,VA-SP-ORB,2025-02-24,vireo.in,1,5399,ORB-2411-1
VR906530,C100353,VA-SW-NX2,2025-02-24,vireo.in,1,6499,NX2-2411-3
VR906804,C102599,VA-HP-ST3,2025-02-24,vireo.in,1,5599,ST3-2501-3
VR907838,C104840,VA-EB-AIR,2025-02-24,vireo.in,1,1709,AIR-2501-4
VR908850,C104904,VA-SP-MINI,2025-02-24,Amazon,1,2249,MINI-2501-4
VR880790,C108070,VA-SP-MINI,2025-02-25,vireo.in,1,2374,MINI-2501-4
VR882184,C101839,VA-EB-PL1,2025-02-25,vireo.in,1,2249,PL1-2501-3
VR886364,C104023,VA-NB-ARC,2025-02-25,Amazon,1,1299,ARC-2411-4
VR886735,C101464,VA-SW-NX2,2025-02-25,vireo.in,1,6499,NX2-2411-1
VR886903,C104246,VA-SP-ORB,2025-02-25,Amazon,1,5399,ORB-2411-2
VR888073,C101861,VA-SW-FIT,2025-02-25,vireo.in,1,1999,FIT-2411-4
VR888911,C102155,VA-AC-CH65,2025-02-25,vireo.in,1,1349,CH65-2411-4
VR891299,C106252,VA-HP-ST3,2025-02-25,vireo.in,1,6999,ST3-2501-1
VR893053,C104586,VA-EB-PL1,2025-02-25,vireo.in,1,2249,PL1-2501-4
VR893897,C104592,VA-EB-AIR,2025-02-25,Amazon,1,1799,AIR-2501-4
VR895633,C104155,VA-EB-AIR,2025-02-25,Flipkart,1,1799,AIR-2501-1
VR900271,C105746,VA-EB-PL1,2025-02-25,vireo.in,1,2374,PL1-2411-2
VR903004,C102486,VA-EB-AIR,2025-02-25,Flipkart,1,1619,AIR-2412-3
VR907203,C108671,VA-SW-NX2,2025-02-25,vireo.in,1,5524,NX2-2501-2
VR881182,C105197,VA-EB-AIR,2025-02-26,vireo.in,1,1619,AIR-2501-2
VR883198,C100588,VA-AC-CH65,2025-02-26,vireo.in,1,1499,CH65-2411-4
VR886044,C103460,VA-SW-NX2,2025-02-26,vireo.in,1,6499,NX2-2411-2
VR887312,C100052,VA-SW-NX1,2025-02-26,vireo.in,1,4499,NX1-2411-4
VR889027,C109081,VA-SW-FIT,2025-02-26,vireo.in,1,1999,FIT-2412-3
VR892156,C103420,VA-SW-NX1,2025-02-26,vireo.in,1,4749,NX1-2501-3
VR893078,C109434,VA-SW-FIT,2025-02-26,Amazon,1,1799,FIT-2501-3
VR893525,C101356,VA-SP-MINI,2025-02-26,Flipkart,2,4748,MINI-2412-2
VR894376,C101441,VA-SW-FIT,2025-02-26,vireo.in,1,1699,FIT-2412-3
VR897489,C106358,VA-HP-ST2,2025-02-26,Amazon,1,4999,ST2-2411-3
VR898297,C102899,VA-SP-MINI,2025-02-26,Amazon,1,2249,MINI-2501-1
VR899964,C103408,VA-SP-MINI,2025-02-26,vireo.in,2,4498,MINI-2411-2
VR900513,C105385,VA-EB-PL1,2025-02-26,vireo.in,1,1999,PL1-2501-2
VR902809,C103911,VA-NB-ARC,2025-02-26,vireo.in,1,1299,ARC-2501-4
VR903415,C108778,VA-EB-AIR,2025-02-26,Flipkart,1,1799,AIR-2411-1
VR904380,C108882,VA-EB-AIR,2025-02-26,Amazon,1,1799,AIR-2411-3
VR906732,C101509,VA-AC-CH65,2025-02-26,vireo.in,1,1274,CH65-2501-2
VR907121,C108654,VA-SW-NX2,2025-02-26,Flipkart,1,5199,NX2-2502-3
VR909415,C100948,VA-SW-NX2,2025-02-26,vireo.in,1,6499,NX2-2412-2
VR880726,C102627,VA-EB-PL1,2025-02-27,Flipkart,1,2124,PL1-2411-1
VR882162,C105345,VA-SP-MINI,2025-02-27,Amazon,1,2499,MINI-2501-2
VR883946,C104579,VA-SW-FIT,2025-02-27,vireo.in,1,1599,FIT-2501-1
VR884060,C100409,VA-EB-AIR,2025-02-27,Amazon,1,1619,AIR-2501-4
VR884627,C106744,VA-SW-NX1,2025-02-27,Amazon,1,4249,NX1-2411-1
VR891277,C108196,VA-SW-NX2,2025-02-27,vireo.in,2,12998,NX2-2501-1
VR896585,C101788,VA-SW-FIT,2025-02-27,vireo.in,1,1599,FIT-2501-3
VR896929,C103300,VA-HP-ST2,2025-02-27,Amazon,1,3999,ST2-2501-4
VR902775,C105872,VA-NB-ARC,2025-02-27,vireo.in,1,1169,ARC-2412-1
VR905299,C109215,VA-EB-PL1,2025-02-27,vireo.in,1,2249,PL1-2501-3
VR907526,C104069,VA-SW-NX2,2025-02-27,Flipkart,2,10398,NX2-2412-2
VR907864,C103749,VA-SW-NX2,2025-02-27,Amazon,1,5849,NX2-2412-1
VR908515,C106588,VA-EB-PL1,2025-02-27,Flipkart,2,4998,PL1-2501-4
VR881082,C103393,VA-SP-MINI,2025-02-28,vireo.in,2,4498,MINI-2502-4
VR883767,C104167,VA-SW-NX2,2025-02-28,vireo.in,1,5199,NX2-2501-3
VR883948,C100084,VA-EB-AIR,2025-02-28,Flipkart,1,1799,AIR-2501-1
VR884318,C109229,VA-EB-AIR,2025-02-28,vireo.in,2,3418,AIR-2502-3
VR884839,C100456,VA-NB-ARC,2025-02-28,vireo.in,1,1169,ARC-2412-3
VR885531,C104471,VA-EB-AIR,2025-02-28,Flipkart,1,1799,AIR-2501-2
VR888259,C103972,VA-EB-AIR,2025-02-28,Amazon,1,1709,AIR-2501-1
VR890324,C101179,VA-SW-NX2,2025-02-28,vireo.in,1,5849,NX2-2411-3
VR891073,C107712,VA-SW-NX2,2025-02-28,vireo.in,1,5199,NX2-2412-2
VR892044,C102414,VA-SP-ORB,2025-02-28,vireo.in,1,5699,ORB-2501-4
VR892807,C109468,VA-EB-AIR,2025-02-28,Flipkart,1,1619,AIR-2411-4
VR894504,C102958,VA-SP-MINI,2025-02-28,vireo.in,1,1999,MINI-2411-3
VR896321,C100275,VA-SW-NX2,2025-02-28,Flipkart,2,12998,NX2-2502-3
VR896531,C106423,VA-EB-PL1,2025-02-28,vireo.in,1,1999,PL1-2501-2
VR898496,C104744,VA-HP-ST3,2025-02-28,Flipkart,1,6999,ST3-2411-1
VR898817,C102789,VA-SW-NX2,2025-02-28,Amazon,1,5524,NX2-2501-2
VR901599,C107934,VA-SW-NX2,2025-02-28,vireo.in,2,10398,NX2-2412-1
VR902113,C105380,VA-SP-MINI,2025-02-28,Flipkart,1,2124,MINI-2501-4
VR905654,C106231,VA-SW-NX2,2025-02-28,vireo.in,2,10398,NX2-2501-1
VR905903,C103088,VA-EB-AIR,2025-02-28,Flipkart,1,1529,AIR-2411-2
VR907952,C100871,VA-SW-FIT,2025-02-28,vireo.in,1,1599,FIT-2412-3
VR909575,C106106,VA-HP-ST3,2025-02-28,vireo.in,1,6999,ST3-2501-2
VR887967,C105103,VA-SP-MINI,2025-03-01,vireo.in,1,2499,MINI-2501-2
VR890923,C102144,VA-EB-PL1,2025-03-01,Amazon,1,2499,PL1-2501-3
VR891249,C106398,VA-SP-MINI,2025-03-01,vireo.in,1,2499,MINI-2502-2
VR891262,C100889,VA-EB-PL1,2025-03-01,Amazon,1,2124,PL1-2412-4
VR893097,C106008,VA-SW-NX2,2025-03-01,vireo.in,1,5849,NX2-2412-1
VR894235,C106097,VA-EB-AIR,2025-03-01,vireo.in,1,1619,AIR-2501-4
VR897288,C103273,VA-HP-ST3,2025-03-01,Flipkart,1,6999,ST3-2412-1
VR902502,C105745,VA-EB-AIR,2025-03-01,Amazon,1,1799,AIR-2501-1
VR902857,C107202,VA-SW-NX1,2025-03-01,Amazon,1,4999,NX1-2411-4
VR903422,C109392,VA-NB-ARC,2025-03-01,vireo.in,1,1169,ARC-2412-2
VR906213,C106026,VA-HP-ST3,2025-03-01,Flipkart,1,6999,ST3-2501-3
VR907207,C101138,VA-SP-ORB,2025-03-01,Flipkart,1,5999,ORB-2411-3
VR907758,C107046,VA-EB-AIR,2025-03-01,Amazon,1,1799,AIR-2501-3
VR908413,C100913,VA-SW-NX2,2025-03-01,Amazon,1,6499,NX2-2412-1
VR909366,C102426,VA-EB-PL1,2025-03-01,Flipkart,1,2499,PL1-2412-2
VR880133,C105634,VA-SP-MINI,2025-03-02,vireo.in,1,1999,MINI-2412-4
VR880410,C102989,VA-EB-AIR,2025-03-02,Amazon,1,1439,AIR-2501-3
VR881221,C107928,VA-SW-NX1,2025-03-02,vireo.in,1,4249,NX1-2502-4
VR881801,C100150,VA-EB-PL1,2025-03-02,vireo.in,1,1999,PL1-2412-3
VR883348,C102047,VA-HP-ST3,2025-03-02,vireo.in,1,6999,ST3-2411-1
VR883638,C103611,VA-SW-NX2,2025-03-02,vireo.in,1,5199,NX2-2501-3
VR888410,C108520,VA-EB-AIR,2025-03-02,Flipkart,1,1799,AIR-2412-2
VR894019,C101871,VA-SP-MINI,2025-03-02,vireo.in,1,2249,MINI-2501-4
VR894265,C100880,VA-EB-PL1,2025-03-02,vireo.in,1,2499,PL1-2501-2
VR894843,C105101,VA-SP-MINI,2025-03-02,vireo.in,1,2374,MINI-2501-2
VR895956,C108135,VA-SP-ORB,2025-03-02,vireo.in,1,5999,ORB-2412-1
VR896735,C108793,VA-SW-FIT,2025-03-02,Amazon,1,1799,FIT-2411-2
VR900616,C101046,VA-SW-NX2,2025-03-02,Flipkart,1,5849,NX2-2501-1
VR902565,C101792,VA-EB-AIR,2025-03-02,Amazon,1,1619,AIR-2502-4
VR903556,C105766,VA-HP-ST3,2025-03-02,vireo.in,1,6999,ST3-2412-2
VR904024,C104171,VA-SP-MINI,2025-03-02,vireo.in,1,2499,MINI-2501-3
VR904065,C103488,VA-SW-FIT,2025-03-02,vireo.in,1,1999,FIT-2412-2
VR907930,C106509,VA-EB-AIR,2025-03-02,Amazon,1,1799,AIR-2411-4
VR908852,C103560,VA-SW-NX2,2025-03-02,Amazon,1,6499,NX2-2501-3
VR909152,C103783,VA-EB-PL1,2025-03-02,vireo.in,1,2249,PL1-2411-1
VR881243,C102493,VA-SP-ORB,2025-03-03,Amazon,1,5999,ORB-2501-1
VR884394,C106243,VA-SW-NX2,2025-03-03,Flipkart,1,6499,NX2-2412-4
VR885131,C102104,VA-SP-MINI,2025-03-03,Amazon,1,2124,MINI-2501-1
VR886258,C104653,VA-HP-ST3,2025-03-03,vireo.in,1,5949,ST3-2412-4
VR886366,C108431,VA-SW-NX2,2025-03-03,vireo.in,1,6499,NX2-2411-1
VR888810,C103680,VA-SP-ORB,2025-03-03,vireo.in,1,5999,ORB-2412-2
VR889552,C106549,VA-EB-PL1,2025-03-03,Flipkart,1,2499,PL1-2412-2
VR892816,C102957,VA-HP-ST2,2025-03-03,vireo.in,2,7998,ST2-2411-4
VR896974,C100148,VA-SP-ORB,2025-03-03,Flipkart,1,5099,ORB-2501-1
VR902224,C107638,VA-AC-CH65,2025-03-03,Flipkart,1,1499,CH65-2501-1
VR903333,C103933,VA-EB-PL1,2025-03-03,vireo.in,1,2124,PL1-2412-1
VR906837,C107140,VA-SW-NX2,2025-03-03,Amazon,1,5524,NX2-2501-4
VR907177,C104478,VA-SW-NX2,2025-03-03,Amazon,1,5199,NX2-2412-2
VR909076,C107718,VA-EB-PL1,2025-03-03,vireo.in,1,2124,PL1-2411-4
VR909163,C100232,VA-HP-ST3,2025-03-03,Flipkart,1,5949,ST3-2502-4
VR883420,C102853,VA-HP-ST3,2025-03-04,vireo.in,2,13998,ST3-2411-4
VR883426,C108097,VA-HP-ST3,2025-03-04,Amazon,1,5599,ST3-2412-2
VR885652,C100977,VA-EB-PL1,2025-03-04,Amazon,1,2499,PL1-2411-2
VR886413,C100689,VA-SP-MINI,2025-03-04,vireo.in,1,2499,MINI-2502-3
VR886883,C102360,VA-HP-ST3,2025-03-04,vireo.in,1,5599,ST3-2412-2
VR888168,C107029,VA-SP-MINI,2025-03-04,Amazon,1,2124,MINI-2501-4
VR888354,C100578,VA-EB-PL1,2025-03-04,vireo.in,1,2499,PL1-2501-1
VR892404,C108200,VA-SW-NX2,2025-03-04,vireo.in,1,5849,NX2-2412-4
VR892447,C103805,VA-NB-ARC,2025-03-04,vireo.in,1,1039,ARC-2412-2
VR897860,C102876,VA-EB-PL1,2025-03-04,vireo.in,1,2249,PL1-2412-4
VR898118,C103253,VA-AC-CH65,2025-03-04,Amazon,1,1274,CH65-2412-1
VR905617,C105088,VA-SW-NX1,2025-03-04,Amazon,1,4999,NX1-2501-3
VR909688,C102313,VA-SP-MINI,2025-03-04,Amazon,1,2499,MINI-2412-3
VR880161,C101495,VA-SP-MINI,2025-03-05,vireo.in,1,2499,MINI-2412-1
VR880412,C102486,VA-SP-MINI,2025-03-05,vireo.in,1,2124,MINI-2502-1
VR882024,C104505,VA-EB-PL1,2025-03-05,Flipkart,1,2249,PL1-2412-2
VR883856,C106332,VA-EB-PL1,2025-03-05,vireo.in,1,2499,PL1-2501-1
VR883972,C101729,VA-SP-MINI,2025-03-05,Flipkart,1,2499,MINI-2412-3
VR885854,C104237,VA-SW-NX2,2025-03-05,Amazon,1,6499,NX2-2501-2
VR885977,C101123,VA-EB-AIR,2025-03-05,Amazon,1,1619,AIR-2501-2
VR886233,C102813,VA-HP-ST3,2025-03-05,Amazon,1,6649,ST3-2412-1
VR886477,C101038,VA-SP-ORB,2025-03-05,Flipkart,1,5099,ORB-2412-3
VR893167,C108293,VA-SW-NX2,2025-03-05,Amazon,1,5199,NX2-2412-3
VR893290,C103272,VA-NB-ARC,2025-03-05,vireo.in,1,1299,ARC-2412-3
VR894267,C101767,VA-EB-AIR,2025-03-05,vireo.in,1,1799,AIR-2501-1
VR896862,C107709,VA-SW-NX2,2025-03-05,vireo.in,1,6174,NX2-2502-4
VR897699,C100331,VA-EB-AIR,2025-03-05,vireo.in,1,1709,AIR-2412-2
VR898356,C109434,VA-EB-PL1,2025-03-05,vireo.in,1,2499,PL1-2412-4
VR900328,C102478,VA-SW-FIT,2025-03-05,vireo.in,1,1999,FIT-2412-2
VR900545,C101838,VA-EB-PL1,2025-03-05,vireo.in,1,2499,PL1-2412-3
VR900559,C107373,VA-SW-NX2,2025-03-05,Amazon,1,5849,NX2-2412-3
VR901051,C104082,VA-NB-ARC,2025-03-05,vireo.in,1,1299,ARC-2501-4
VR903717,C105018,VA-SP-MINI,2025-03-05,Amazon,1,2249,MINI-2412-2
VR903919,C100535,VA-EB-AIR,2025-03-05,vireo.in,1,1799,AIR-2501-2
VR904381,C100210,VA-SP-MINI,2025-03-05,vireo.in,1,2374,MINI-2502-4
VR908213,C101637,VA-HP-ST3,2025-03-05,vireo.in,1,6999,ST3-2411-2
VR909049,C101120,VA-SW-FIT,2025-03-05,vireo.in,1,1799,FIT-2412-4
VR909468,C106286,VA-NB-ARC,2025-03-05,Amazon,1,1299,ARC-2412-2
VR880256,C102195,VA-SP-MINI,2025-03-06,Amazon,1,2499,MINI-2501-2
VR880320,C104960,VA-SP-MINI,2025-03-06,Amazon,1,2374,MINI-2412-1
VR881507,C101112,VA-HP-ST3,2025-03-06,Flipkart,1,6999,ST3-2412-1
VR882082,C100383,VA-SP-MINI,2025-03-06,Amazon,1,2499,MINI-2501-1
VR883674,C103421,VA-HP-ST3,2025-03-06,Amazon,1,5599,ST3-2501-2
VR887845,C105753,VA-EB-AIR,2025-03-06,Amazon,1,1529,AIR-2412-3
VR890292,C104834,VA-SP-MINI,2025-03-06,Flipkart,1,2124,MINI-2412-3
VR890534,C105697,VA-HP-ST2,2025-03-06,vireo.in,1,3999,ST2-2411-1
VR892346,C108875,VA-EB-PL1,2025-03-06,vireo.in,1,2124,PL1-2411-4
VR892673,C108998,VA-SP-MINI,2025-03-06,vireo.in,1,2499,MINI-2411-2
VR896584,C106407,VA-EB-PL1,2025-03-06,vireo.in,1,2499,PL1-2501-1
VR897641,C107643,VA-SP-MINI,2025-03-06,Amazon,1,2374,MINI-2502-4
VR901331,C102078,VA-SW-NX2,2025-03-06,Flipkart,1,5849,NX2-2412-3
VR901956,C103240,VA-EB-AIR,2025-03-06,vireo.in,1,1799,AIR-2412-3
VR902458,C104051,VA-SW-FIT,2025-03-06,vireo.in,1,1799,FIT-2501-2
VR904955,C102743,VA-HP-ST2,2025-03-06,vireo.in,1,4249,ST2-2501-4
VR909214,C105456,VA-EB-AIR,2025-03-06,vireo.in,1,1799,AIR-2411-4
VR884037,C105933,VA-SW-NX2,2025-03-07,vireo.in,1,6174,NX2-2501-3
VR886013,C107347,VA-HP-ST2,2025-03-07,vireo.in,1,4999,ST2-2411-4
VR888848,C106136,VA-HP-ST2,2025-03-07,vireo.in,1,4749,ST2-2412-1
VR889273,C107645,VA-HP-ST3,2025-03-07,vireo.in,1,5949,ST3-2412-4
VR892157,C106972,VA-AC-CH65,2025-03-07,vireo.in,1,1424,CH65-2412-3
VR896195,C103605,VA-SW-NX2,2025-03-07,Amazon,1,5199,NX2-2412-4
VR897373,C107483,VA-SW-NX2,2025-03-07,Amazon,1,5849,NX2-2412-2
VR899731,C109047,VA-EB-PL1,2025-03-07,Amazon,1,2499,PL1-2502-1
VR903082,C101000,VA-HP-ST3,2025-03-07,vireo.in,1,6649,ST3-2412-3
VR906306,C100455,VA-EB-PL1,2025-03-07,vireo.in,1,1999,PL1-2412-2
VR909106,C100665,VA-NB-ARC,2025-03-07,vireo.in,1,1234,ARC-2412-1
VR884080,C101028,VA-EB-AIR,2025-03-08,Flipkart,1,1709,AIR-2501-2
VR885444,C106703,VA-EB-PL1,2025-03-08,vireo.in,1,2124,PL1-2501-3
VR887342,C101574,VA-SP-MINI,2025-03-08,vireo.in,1,1999,MINI-2501-1
VR889265,C107546,VA-SP-ORB,2025-03-08,vireo.in,1,5999,ORB-2501-1
VR891274,C101355,VA-EB-PL1,2025-03-08,vireo.in,1,1999,PL1-2501-3
VR893069,C102192,VA-HP-ST3,2025-03-08,Amazon,1,6999,ST3-2501-2
VR895155,C103944,VA-SP-MINI,2025-03-08,vireo.in,1,2499,MINI-2501-2
VR898983,C101674,VA-SW-NX2,2025-03-08,Flipkart,1,6499,NX2-2412-1
VR903386,C103539,VA-EB-PL1,2025-03-08,Amazon,1,2374,PL1-2501-3
VR905351,C100017,VA-NB-ARC,2025-03-08,Flipkart,1,1299,ARC-2501-2
VR906138,C103462,VA-HP-ST3,2025-03-08,vireo.in,2,13998,ST3-2501-2
VR906934,C100156,VA-HP-ST3,2025-03-08,Amazon,1,5599,ST3-2502-2
VR907171,C107822,VA-SP-MINI,2025-03-08,Amazon,1,2249,MINI-2411-1
VR880067,C105007,VA-EB-AIR,2025-03-09,Amazon,2,2878,AIR-2412-3
VR882746,C102825,VA-SW-NX1,2025-03-09,vireo.in,1,4249,NX1-2412-1
VR887456,C101168,VA-EB-AIR,2025-03-09,Amazon,1,1799,AIR-2411-4
VR890124,C102991,VA-SP-MINI,2025-03-09,vireo.in,1,2499,MINI-2412-1
VR891192,C107791,VA-SW-NX1,2025-03-09,Flipkart,1,4499,NX1-2501-4
VR892980,C108386,VA-NB-ARC,2025-03-09,Amazon,1,1039,ARC-2501-2
VR893108,C100329,VA-EB-AIR,2025-03-09,vireo.in,1,1529,AIR-2501-1
VR896447,C100324,VA-EB-PL1,2025-03-09,vireo.in,1,2124,PL1-2412-2
VR896544,C107766,VA-EB-AIR,2025-03-09,Amazon,1,1799,AIR-2502-2
VR898655,C107097,VA-SW-NX2,2025-03-09,Amazon,1,6499,NX2-2411-1
VR898736,C107329,VA-SP-MINI,2025-03-09,vireo.in,1,2499,MINI-2411-4
VR899637,C108861,VA-HP-ST3,2025-03-09,Amazon,1,6299,ST3-2412-1
VR901972,C102976,VA-HP-ST2,2025-03-09,vireo.in,1,4999,ST2-2412-2
VR904499,C102018,VA-HP-ST3,2025-03-09,Amazon,1,6649,ST3-2501-1
VR905249,C106690,VA-SW-NX2,2025-03-09,vireo.in,1,6499,NX2-2501-2
VR906071,C100498,VA-HP-ST3,2025-03-09,vireo.in,1,6999,ST3-2501-3
VR880546,C101727,VA-SP-MINI,2025-03-10,vireo.in,1,2499,MINI-2411-2
VR881796,C101355,VA-NB-ARC,2025-03-10,vireo.in,1,1299,ARC-2412-1
VR882504,C101927,VA-SW-NX1,2025-03-10,Flipkart,1,4499,NX1-2411-4
VR884581,C100777,VA-HP-ST3,2025-03-10,vireo.in,1,6999,ST3-2412-4
VR887159,C102541,VA-SP-MINI,2025-03-10,Amazon,2,4998,MINI-2502-3
VR892188,C109063,VA-SP-MINI,2025-03-10,Flipkart,1,2499,MINI-2412-1
VR892655,C104608,VA-AC-CH65,2025-03-10,vireo.in,2,2998,CH65-2501-2
VR896213,C107723,VA-HP-ST3,2025-03-10,Amazon,1,6299,ST3-2501-3
VR899140,C108166,VA-AC-CH65,2025-03-10,vireo.in,1,1274,CH65-2501-2
VR900808,C107800,VA-EB-PL1,2025-03-10,vireo.in,1,2374,PL1-2501-4
VR901180,C106736,VA-SW-FIT,2025-03-10,vireo.in,1,1699,FIT-2501-2
VR901920,C105945,VA-NB-ARC,2025-03-10,Amazon,1,1299,ARC-2501-1
VR903654,C105334,VA-SW-NX2,2025-03-10,Amazon,2,10398,NX2-2412-1
VR906001,C101491,VA-SP-ORB,2025-03-10,vireo.in,1,5999,ORB-2412-1
VR907201,C104923,VA-SW-NX2,2025-03-10,vireo.in,1,6174,NX2-2412-1
VR907292,C101513,VA-EB-PL1,2025-03-10,vireo.in,1,2499,PL1-2502-1
VR881270,C104677,VA-EB-AIR,2025-03-11,vireo.in,1,1709,AIR-2502-4
VR881690,C101814,VA-SP-MINI,2025-03-11,vireo.in,1,1999,MINI-2501-1
VR882916,C107433,VA-SW-NX1,2025-03-11,Amazon,2,9998,NX1-2411-4
VR884727,C102562,VA-HP-ST3,2025-03-11,Flipkart,1,6299,ST3-2501-2
VR888066,C102292,VA-EB-AIR,2025-03-11,Amazon,1,1799,AIR-2411-4
VR897828,C102709,VA-SW-NX1,2025-03-11,Amazon,1,4999,NX1-2412-3
VR898073,C103226,VA-EB-AIR,2025-03-11,vireo.in,1,1799,AIR-2412-2
VR898203,C107841,VA-SP-MINI,2025-03-11,vireo.in,1,2249,MINI-2411-4
VR898508,C104049,VA-AC-CBL,2025-03-11,Amazon,1,379,CBL-2501-1
VR899359,C101788,VA-HP-ST2,2025-03-11,vireo.in,1,4999,ST2-2501-2
VR900504,C107195,VA-EB-PL1,2025-03-11,vireo.in,1,2249,PL1-2411-1
VR900647,C108405,VA-SW-NX2,2025-03-11,Flipkart,1,6499,NX2-2412-3
VR906885,C104567,VA-EB-AIR,2025-03-11,vireo.in,1,1439,AIR-2412-3
VR907756,C107130,VA-EB-AIR,2025-03-11,Flipkart,1,1709,AIR-2501-4
VR908739,C105459,VA-EB-AIR,2025-03-11,Amazon,1,1619,AIR-2501-1
VR908749,C106869,VA-NB-ARC,2025-03-11,vireo.in,2,2078,ARC-2501-2
VR909308,C106295,VA-NB-ARC,2025-03-11,vireo.in,1,1169,ARC-2502-1
VR909602,C100308,VA-EB-PL1,2025-03-11,vireo.in,1,2374,PL1-2501-2
VR880473,C104826,VA-SW-NX2,2025-03-12,Amazon,1,5199,NX2-2502-3
VR883391,C107603,VA-SW-NX2,2025-03-12,Flipkart,1,6174,NX2-2501-4
VR885608,C104949,VA-EB-AIR,2025-03-12,vireo.in,1,1799,AIR-2412-3
VR885751,C104211,VA-SW-NX1,2025-03-12,vireo.in,1,4499,NX1-2501-1
VR886645,C103358,VA-SP-MINI,2025-03-12,vireo.in,1,2499,MINI-2411-3
VR886740,C101229,VA-HP-ST3,2025-03-12,Amazon,1,5599,ST3-2411-2
VR888852,C105353,VA-EB-AIR,2025-03-12,vireo.in,1,1529,AIR-2411-3
VR892835,C107388,VA-SW-NX2,2025-03-12,vireo.in,1,6499,NX2-2412-1
VR895113,C107099,VA-SP-MINI,2025-03-12,Flipkart,1,2374,MINI-2412-3
VR896893,C108563,VA-EB-PL1,2025-03-12,vireo.in,1,2499,PL1-2501-2
VR898668,C104189,VA-SP-MINI,2025-03-12,Amazon,1,2499,MINI-2501-4
VR898905,C108966,VA-SP-MINI,2025-03-12,vireo.in,1,2124,MINI-2501-3
VR899720,C101379,VA-EB-PL1,2025-03-12,vireo.in,1,2499,PL1-2412-3
VR902056,C102885,VA-SW-NX1,2025-03-12,Amazon,1,4999,NX1-2412-1
VR903358,C104859,VA-EB-AIR,2025-03-12,Amazon,1,1799,AIR-2502-1
VR903901,C104774,VA-EB-PL1,2025-03-12,Amazon,2,4498,PL1-2501-3
VR904897,C104440,VA-HP-ST2,2025-03-12,Flipkart,1,4749,ST2-2502-3
VR882195,C101476,VA-EB-AIR,2025-03-13,Amazon,1,1799,AIR-2412-3
VR885358,C108876,VA-HP-ST3,2025-03-13,Flipkart,1,6299,ST3-2502-3
VR886786,C103014,VA-HP-ST2,2025-03-13,vireo.in,2,9498,ST2-2502-4
VR887095,C103188,VA-EB-AIR,2025-03-13,Amazon,1,1439,AIR-2412-2
VR890415,C106828,VA-EB-AIR,2025-03-13,Amazon,1,1799,AIR-2412-3
VR893389,C104389,VA-EB-PL1,2025-03-13,Amazon,1,1999,PL1-2412-3
VR894823,C103462,VA-SW-NX1,2025-03-13,vireo.in,1,4999,NX1-2412-2
VR901028,C108548,VA-EB-PL1,2025-03-13,vireo.in,1,1999,PL1-2502-1
VR906680,C102521,VA-EB-PL1,2025-03-13,vireo.in,1,2499,PL1-2502-2
VR909097,C104555,VA-HP-ST3,2025-03-13,Amazon,1,6649,ST3-2501-1
VR909833,C105287,VA-EB-PL1,2025-03-13,vireo.in,1,2124,PL1-2412-1
VR880693,C105706,VA-SP-MINI,2025-03-14,Flipkart,1,2249,MINI-2502-4
VR882783,C108350,VA-SP-MINI,2025-03-14,Flipkart,2,4998,MINI-2501-4
VR882939,C103625,VA-AC-CBL,2025-03-14,vireo.in,1,359,CBL-2501-1
VR884048,C102191,VA-EB-AIR,2025-03-14,vireo.in,1,1799,AIR-2412-1
VR888193,C102924,VA-HP-ST3,2025-03-14,Flipkart,1,5949,ST3-2501-1
VR889964,C103060,VA-EB-AIR,2025-03-14,Amazon,1,1799,AIR-2412-4
VR890429,C107684,VA-SW-FIT,2025-03-14,vireo.in,1,1599,FIT-2501-2
VR895183,C101775,VA-SW-NX2,2025-03-14,vireo.in,1,5199,NX2-2501-4
VR900446,C108748,VA-SP-ORB,2025-03-14,Amazon,1,5999,ORB-2412-1
VR901629,C109298,VA-SP-ORB,2025-03-14,Amazon,1,4799,ORB-2412-4
VR902533,C105119,VA-SW-NX1,2025-03-14,Flipkart,1,4999,NX1-2502-1
VR903909,C104503,VA-HP-ST3,2025-03-14,Flipkart,1,6999,ST3-2502-2
VR904098,C104086,VA-EB-AIR,2025-03-14,vireo.in,1,1709,AIR-2501-4
VR908879,C103580,VA-EB-AIR,2025-03-14,vireo.in,1,1439,AIR-2412-2
VR909949,C104407,VA-SW-NX2,2025-03-14,vireo.in,1,6499,NX2-2412-2
VR880147,C102118,VA-EB-PL1,2025-03-15,vireo.in,1,2249,PL1-2411-4
VR880333,C107401,VA-SW-NX1,2025-03-15,vireo.in,1,3999,NX1-2411-4
VR882051,C107596,VA-HP-ST3,2025-03-15,Amazon,1,6999,ST3-2501-3
VR882750,C106322,VA-EB-PL1,2025-03-15,Flipkart,1,2374,PL1-2501-4
VR883313,C100692,VA-SW-FIT,2025-03-15,vireo.in,1,1799,FIT-2412-4
VR883353,C107548,VA-EB-PL1,2025-03-15,Flipkart,2,3998,PL1-2412-1
VR883482,C109128,VA-SW-FIT,2025-03-15,vireo.in,2,3798,FIT-2502-2
VR887028,C102935,VA-EB-AIR,2025-03-15,vireo.in,1,1529,AIR-2502-3
VR890589,C108633,VA-SW-NX2,2025-03-15,Amazon,1,6499,NX2-2502-2
VR891086,C104484,VA-EB-AIR,2025-03-15,vireo.in,1,1799,AIR-2501-3
VR892365,C109213,VA-SW-NX2,2025-03-15,vireo.in,1,5524,NX2-2501-3
VR894544,C105992,VA-SW-NX1,2025-03-15,vireo.in,1,4999,NX1-2502-1
VR895187,C101428,VA-EB-PL1,2025-03-15,vireo.in,1,1999,PL1-2501-2
VR896047,C102644,VA-EB-AIR,2025-03-15,Flipkart,1,1619,AIR-2412-4
VR898572,C107924,VA-HP-ST3,2025-03-15,vireo.in,1,6999,ST3-2412-2
VR898956,C101756,VA-EB-PL1,2025-03-15,vireo.in,1,2499,PL1-2501-3
VR907267,C104976,VA-SW-NX1,2025-03-15,vireo.in,1,4249,NX1-2501-1
VR908440,C103061,VA-SP-ORB,2025-03-15,vireo.in,2,11998,ORB-2501-1
VR908755,C101408,VA-SW-NX2,2025-03-15,vireo.in,1,5849,NX2-2501-3
VR880732,C106689,VA-HP-ST2,2025-03-16,vireo.in,1,4499,ST2-2411-2
VR882212,C107163,VA-SW-NX2,2025-03-16,Amazon,1,5199,NX2-2502-2
VR888575,C107250,VA-SW-NX2,2025-03-16,Amazon,1,5849,NX2-2502-3
VR889370,C103190,VA-SW-NX2,2025-03-16,vireo.in,1,6174,NX2-2502-3
VR893043,C103981,VA-EB-AIR,2025-03-16,vireo.in,1,1799,AIR-2502-3
VR894919,C104855,VA-AC-CH65,2025-03-16,Flipkart,1,1499,CH65-2501-3
VR899442,C106882,VA-EB-AIR,2025-03-16,vireo.in,1,1799,AIR-2412-4
VR899699,C108545,VA-SP-ORB,2025-03-16,Flipkart,1,5399,ORB-2412-4
VR900365,C106729,VA-SW-NX2,2025-03-16,vireo.in,1,6499,NX2-2502-2
VR900440,C108592,VA-EB-PL1,2025-03-16,Amazon,1,2374,PL1-2411-2
VR902264,C104058,VA-EB-PL1,2025-03-16,vireo.in,1,2499,PL1-2412-3
VR906174,C105223,VA-NB-ARC,2025-03-16,vireo.in,1,1299,ARC-2501-3
VR908004,C108219,VA-SW-NX2,2025-03-16,vireo.in,1,6499,NX2-2502-1
VR883432,C109245,VA-SP-MINI,2025-03-17,Flipkart,1,2124,MINI-2501-2
VR883462,C100115,VA-EB-PL1,2025-03-17,vireo.in,1,2499,PL1-2501-3
VR884425,C105193,VA-SW-FIT,2025-03-17,vireo.in,1,1599,FIT-2501-3
VR885657,C103640,VA-SW-NX2,2025-03-17,vireo.in,1,5849,NX2-2412-4
VR885885,C103005,VA-HP-ST3,2025-03-17,vireo.in,1,6649,ST3-2501-2
VR886298,C105875,VA-SW-NX2,2025-03-17,vireo.in,1,6174,NX2-2502-4
VR888330,C105826,VA-EB-PL1,2025-03-17,vireo.in,1,2124,PL1-2501-2
VR888818,C103278,VA-SW-NX2,2025-03-17,vireo.in,1,5199,NX2-2502-2
VR889323,C106216,VA-SW-FIT,2025-03-17,vireo.in,1,1599,FIT-2412-3
VR890605,C101754,VA-NB-ARC,2025-03-17,Amazon,1,1299,ARC-2412-3
VR891220,C106542,VA-SW-NX2,2025-03-17,vireo.in,1,6499,NX2-2501-4
VR893467,C104988,VA-EB-AIR,2025-03-17,vireo.in,1,1799,AIR-2501-3
VR894959,C109321,VA-EB-PL1,2025-03-17,Amazon,1,2499,PL1-2411-1
VR895981,C108338,VA-EB-PL1,2025-03-17,vireo.in,1,2124,PL1-2501-4
VR897033,C101289,VA-EB-AIR,2025-03-17,vireo.in,1,1529,AIR-2501-3
VR902753,C102981,VA-SW-FIT,2025-03-17,vireo.in,1,1699,FIT-2501-1
VR903832,C101070,VA-SW-NX2,2025-03-17,vireo.in,1,6499,NX2-2502-4
VR905110,C109149,VA-EB-AIR,2025-03-17,vireo.in,1,1529,AIR-2412-1
VR905777,C102984,VA-SW-FIT,2025-03-17,vireo.in,1,1599,FIT-2412-2
VR884326,C105335,VA-SW-NX2,2025-03-18,Flipkart,1,5524,NX2-2411-4
VR886953,C109043,VA-SW-FIT,2025-03-18,vireo.in,1,1699,FIT-2412-3
VR888853,C101585,VA-SW-NX2,2025-03-18,vireo.in,1,6499,NX2-2411-2
VR889664,C109156,VA-HP-ST3,2025-03-18,vireo.in,1,6299,ST3-2501-4
VR891633,C101831,VA-SW-NX2,2025-03-18,Amazon,1,6499,NX2-2501-4
VR893531,C105303,VA-EB-PL1,2025-03-18,vireo.in,1,1999,PL1-2502-3
VR896034,C108351,VA-SW-NX2,2025-03-18,Amazon,1,6499,NX2-2501-2
VR896650,C106048,VA-EB-AIR,2025-03-18,Amazon,1,1619,AIR-2502-1
VR899836,C108751,VA-SP-MINI,2025-03-18,Amazon,1,2249,MINI-2501-3
VR901735,C101590,VA-SW-FIT,2025-03-18,vireo.in,1,1799,FIT-2412-4
VR902512,C100539,VA-SP-MINI,2025-03-18,Amazon,1,2499,MINI-2502-4
VR902527,C109374,VA-NB-ARC,2025-03-18,Flipkart,1,1104,ARC-2501-1
VR906792,C106869,VA-NB-ARC,2025-03-18,vireo.in,1,1104,ARC-2501-3
VR880264,C108203,VA-SW-NX1,2025-03-19,Amazon,1,4999,NX1-2502-3
VR881203,C104121,VA-SP-MINI,2025-03-19,vireo.in,1,2124,MINI-2411-1
VR881502,C100735,VA-HP-ST2,2025-03-19,Amazon,1,4249,ST2-2411-4
VR886611,C101536,VA-EB-AIR,2025-03-19,Amazon,1,1799,AIR-2412-3
VR889522,C105688,VA-EB-PL1,2025-03-19,vireo.in,1,2499,PL1-2412-2
VR890123,C107743,VA-AC-CH65,2025-03-19,vireo.in,1,1499,CH65-2412-2
VR892627,C107767,VA-EB-PL1,2025-03-19,vireo.in,1,2499,PL1-2502-1
VR892823,C104374,VA-HP-ST3,2025-03-19,vireo.in,2,13998,ST3-2412-3
VR893398,C108975,VA-SW-FIT,2025-03-19,vireo.in,1,1999,FIT-2412-3
VR898339,C108776,VA-EB-AIR,2025-03-19,vireo.in,1,1619,AIR-2501-2
VR898392,C104891,VA-SW-FIT,2025-03-19,vireo.in,1,1599,FIT-2502-1
VR899587,C105423,VA-EB-AIR,2025-03-19,vireo.in,1,1709,AIR-2501-2
VR900008,C106470,VA-AC-CBL,2025-03-19,vireo.in,1,379,CBL-2412-1
VR901932,C106903,VA-HP-ST3,2025-03-19,vireo.in,1,5599,ST3-2501-1
VR905737,C101977,VA-SW-NX2,2025-03-19,Amazon,1,5524,NX2-2502-3
VR907344,C107084,VA-SW-FIT,2025-03-19,Flipkart,1,1799,FIT-2412-3
VR909525,C104831,VA-SP-MINI,2025-03-19,Amazon,1,1999,MINI-2501-2
VR909919,C106676,VA-SP-MINI,2025-03-19,Amazon,1,2499,MINI-2502-3
VR880322,C108361,VA-SW-FIT,2025-03-20,vireo.in,1,1999,FIT-2501-4
VR881015,C101231,VA-HP-ST2,2025-03-20,vireo.in,1,4999,ST2-2412-3
VR881597,C100143,VA-SP-MINI,2025-03-20,vireo.in,1,2499,MINI-2412-1
VR884130,C101728,VA-SW-NX2,2025-03-20,Flipkart,2,12998,NX2-2502-1
VR889867,C104650,VA-EB-AIR,2025-03-20,vireo.in,1,1439,AIR-2501-2
VR890114,C102585,VA-SW-FIT,2025-03-20,Flipkart,1,1699,FIT-2502-2
VR891501,C106079,VA-EB-AIR,2025-03-20,Amazon,1,1709,AIR-2502-2
VR891562,C107938,VA-EB-AIR,2025-03-20,vireo.in,1,1529,AIR-2501-2
VR893893,C108010,VA-HP-ST2,2025-03-20,vireo.in,2,9998,ST2-2501-4
VR895943,C104103,VA-EB-AIR,2025-03-20,Amazon,1,1799,AIR-2502-3
VR900921,C104282,VA-SW-FIT,2025-03-20,vireo.in,1,1899,FIT-2412-2
VR901432,C107863,VA-EB-AIR,2025-03-20,Flipkart,1,1709,AIR-2502-2
VR902449,C104567,VA-EB-AIR,2025-03-20,Amazon,1,1799,AIR-2412-1
VR903764,C102159,VA-EB-PL1,2025-03-20,Amazon,1,2124,PL1-2501-2
VR905040,C105181,VA-SW-FIT,2025-03-20,Flipkart,1,1999,FIT-2412-2
VR905649,C101457,VA-SW-NX2,2025-03-20,Amazon,1,5199,NX2-2501-3
VR906430,C105842,VA-EB-PL1,2025-03-20,Flipkart,1,1999,PL1-2502-3
VR907829,C104096,VA-SP-MINI,2025-03-20,Amazon,1,2249,MINI-2502-2
VR885019,C102500,VA-SP-ORB,2025-03-21,vireo.in,1,5699,ORB-2501-2
VR886752,C104951,VA-NB-ARC,2025-03-21,Flipkart,1,1234,ARC-2501-2
VR888595,C105644,VA-NB-ARC,2025-03-21,vireo.in,1,1299,ARC-2412-2
VR890520,C107385,VA-SW-FIT,2025-03-21,vireo.in,1,1999,FIT-2412-4
VR895921,C102626,VA-SP-ORB,2025-03-21,Flipkart,1,5999,ORB-2412-4
VR896016,C100328,VA-EB-PL1,2025-03-21,Amazon,2,4248,PL1-2412-2
VR898697,C102776,VA-HP-ST2,2025-03-21,Amazon,1,4999,ST2-2412-1
VR899205,C105138,VA-SP-MINI,2025-03-21,Amazon,1,2499,MINI-2412-4
VR899610,C106503,VA-EB-AIR,2025-03-21,Amazon,1,1709,AIR-2501-2
VR901109,C105645,VA-EB-PL1,2025-03-21,Flipkart,1,2374,PL1-2502-4
VR904769,C104786,VA-SW-FIT,2025-03-21,Amazon,1,1699,FIT-2412-1
VR905348,C105122,VA-SP-ORB,2025-03-21,Amazon,1,5099,ORB-2502-4
VR907567,C105796,VA-SW-NX2,2025-03-21,vireo.in,1,5524,NX2-2501-4
VR907976,C103359,VA-NB-ARC,2025-03-21,Flipkart,1,1104,ARC-2502-4
VR908795,C104478,VA-SP-ORB,2025-03-21,Amazon,1,5699,ORB-2501-3
VR909090,C104156,VA-SP-ORB,2025-03-21,vireo.in,1,5699,ORB-2412-1
VR880505,C104222,VA-EB-AIR,2025-03-22,vireo.in,1,1439,AIR-2502-2
VR882133,C108724,VA-EB-AIR,2025-03-22,vireo.in,1,1709,AIR-2502-1
VR882285,C105089,VA-EB-AIR,2025-03-22,vireo.in,1,1439,AIR-2502-1
VR882512,C102886,VA-SP-ORB,2025-03-22,Amazon,1,5999,ORB-2412-1
VR883029,C100179,VA-HP-ST3,2025-03-22,vireo.in,1,6649,ST3-2501-3
VR883265,C103272,VA-EB-AIR,2025-03-22,vireo.in,2,3418,AIR-2503-4
VR884434,C105361,VA-HP-ST3,2025-03-22,vireo.in,1,6999,ST3-2502-2
VR885043,C102830,VA-EB-PL1,2025-03-22,Amazon,2,4748,PL1-2501-3
VR885871,C108203,VA-SP-MINI,2025-03-22,vireo.in,1,1999,MINI-2412-1
VR887164,C108282,VA-NB-ARC,2025-03-22,vireo.in,1,1299,ARC-2501-4
VR887328,C107556,VA-SW-NX2,2025-03-22,vireo.in,1,5524,NX2-2412-2
VR891139,C105788,VA-EB-PL1,2025-03-22,Amazon,1,2499,PL1-2501-2
VR891359,C106292,VA-NB-ARC,2025-03-22,Amazon,1,1104,ARC-2502-1
VR895056,C105199,VA-HP-ST3,2025-03-22,vireo.in,1,6299,ST3-2501-2
VR896590,C101592,VA-SW-NX1,2025-03-22,vireo.in,1,4499,NX1-2502-4
VR897296,C105986,VA-AC-CBL,2025-03-22,vireo.in,1,399,CBL-2502-2
VR897579,C100098,VA-SW-NX2,2025-03-22,Flipkart,1,6499,NX2-2502-4
VR898024,C101758,VA-AC-CBL,2025-03-22,vireo.in,1,399,CBL-2412-1
VR899033,C104167,VA-EB-PL1,2025-03-22,vireo.in,1,2499,PL1-2501-3
VR899171,C107660,VA-SW-NX2,2025-03-22,Flipkart,1,5524,NX2-2412-2
VR901516,C107594,VA-HP-ST3,2025-03-22,vireo.in,1,5949,ST3-2412-4
VR902820,C100666,VA-NB-ARC,2025-03-22,Amazon,1,1104,ARC-2502-1
VR907006,C106237,VA-SW-NX2,2025-03-22,vireo.in,2,11698,NX2-2501-3
VR907590,C102291,VA-EB-PL1,2025-03-22,Amazon,1,2499,PL1-2412-4
VR908728,C107755,VA-SW-NX2,2025-03-22,vireo.in,1,6499,NX2-2501-1
VR880261,C106932,VA-EB-PL1,2025-03-23,Flipkart,1,1999,PL1-2501-1
VR884062,C107722,VA-SW-NX2,2025-03-23,Flipkart,1,5524,NX2-2412-2
VR885907,C107978,VA-SP-MINI,2025-03-23,Amazon,1,2249,MINI-2501-1
VR891197,C106399,VA-SW-NX2,2025-03-23,Amazon,1,6174,NX2-2501-4
VR893660,C102816,VA-AC-CH65,2025-03-23,vireo.in,1,1199,CH65-2412-1
VR895104,C102186,VA-AC-CH65,2025-03-23,vireo.in,1,1274,CH65-2412-2
VR896134,C109067,VA-NB-ARC,2025-03-23,vireo.in,1,1039,ARC-2501-3
VR896473,C106723,VA-EB-PL1,2025-03-23,Flipkart,1,2374,PL1-2501-4
VR897300,C100295,VA-EB-AIR,2025-03-23,vireo.in,1,1799,AIR-2502-4
VR899016,C108277,VA-HP-ST3,2025-03-23,vireo.in,1,6299,ST3-2412-1
VR901659,C102260,VA-SW-FIT,2025-03-23,vireo.in,1,1999,FIT-2502-3
VR901984,C101294,VA-SW-NX2,2025-03-23,vireo.in,1,5849,NX2-2501-2
VR902329,C100406,VA-NB-ARC,2025-03-23,vireo.in,1,1234,ARC-2412-4
VR904077,C101702,VA-HP-ST3,2025-03-23,Flipkart,1,6649,ST3-2412-1
VR904366,C100087,VA-EB-AIR,2025-03-23,vireo.in,1,1439,AIR-2412-2
VR905476,C101065,VA-SW-NX2,2025-03-23,Flipkart,1,6174,NX2-2501-2
VR906131,C105523,VA-SP-ORB,2025-03-23,vireo.in,2,11998,ORB-2501-4
VR907685,C107297,VA-HP-ST3,2025-03-23,vireo.in,1,5949,ST3-2503-3
VR885314,C104496,VA-SW-FIT,2025-03-24,Flipkart,1,1599,FIT-2501-1
VR885912,C100820,VA-SP-MINI,2025-03-24,Flipkart,1,1999,MINI-2412-2
VR886244,C109473,VA-EB-AIR,2025-03-24,Flipkart,1,1799,AIR-2502-4
VR887018,C108032,VA-SW-NX2,2025-03-24,vireo.in,1,6499,NX2-2412-2
VR888095,C104808,VA-HP-ST3,2025-03-24,vireo.in,1,6999,ST3-2412-4
VR889754,C102201,VA-SP-MINI,2025-03-24,Amazon,1,1999,MINI-2412-4
VR892995,C109475,VA-HP-ST3,2025-03-24,Amazon,1,5949,ST3-2502-2
VR895485,C101541,VA-HP-ST3,2025-03-24,vireo.in,1,6999,ST3-2501-4
VR896336,C106949,VA-SW-NX1,2025-03-24,vireo.in,1,4999,NX1-2501-4
VR901260,C102570,VA-SP-MINI,2025-03-24,Amazon,1,2249,MINI-2501-2
VR901684,C101457,VA-SP-MINI,2025-03-24,vireo.in,1,2374,MINI-2501-4
VR902898,C108037,VA-SW-NX2,2025-03-24,vireo.in,1,6499,NX2-2502-1
VR905857,C109079,VA-SP-ORB,2025-03-24,Amazon,1,5099,ORB-2501-1
VR880128,C107001,VA-SW-NX2,2025-03-25,Amazon,1,6499,NX2-2501-2
VR880741,C103573,VA-EB-AIR,2025-03-25,vireo.in,1,1529,AIR-2502-4
VR883108,C101390,VA-EB-PL1,2025-03-25,vireo.in,1,2374,PL1-2412-1
VR883153,C105081,VA-SP-MINI,2025-03-25,Amazon,1,2124,MINI-2501-4
VR884781,C108189,VA-SW-NX2,2025-03-25,Amazon,1,5199,NX2-2502-2
VR886169,C104390,VA-EB-PL1,2025-03-25,vireo.in,1,2249,PL1-2501-2
VR890737,C103267,VA-AC-CH65,2025-03-25,vireo.in,1,1199,CH65-2501-2
VR898360,C104162,VA-SW-NX2,2025-03-25,vireo.in,1,6499,NX2-2412-2
VR898503,C100221,VA-SW-NX1,2025-03-25,vireo.in,2,8498,NX1-2502-4
VR899335,C103034,VA-SW-NX2,2025-03-25,vireo.in,1,5849,NX2-2502-4
VR900180,C104510,VA-EB-AIR,2025-03-25,vireo.in,1,1799,AIR-2412-1
VR901409,C106070,VA-HP-ST3,2025-03-25,vireo.in,1,6999,ST3-2502-4
VR902823,C105940,VA-HP-ST3,2025-03-25,Amazon,1,6999,ST3-2501-1
VR907878,C104822,VA-SW-FIT,2025-03-25,vireo.in,1,1999,FIT-2502-2
VR909080,C102540,VA-EB-AIR,2025-03-25,vireo.in,1,1799,AIR-2502-4
VR909629,C107615,VA-SW-NX1,2025-03-25,vireo.in,1,4999,NX1-2412-1
VR909770,C106097,VA-SW-NX2,2025-03-25,vireo.in,2,12998,NX2-2502-2
VR880634,C108834,VA-SW-FIT,2025-03-26,Flipkart,2,3998,FIT-2412-2
VR881035,C104248,VA-HP-ST2,2025-03-26,vireo.in,1,4999,ST2-2412-4
VR881161,C103691,VA-EB-PL1,2025-03-26,Amazon,1,2499,PL1-2412-1
VR882531,C102965,VA-AC-CBL,2025-03-26,vireo.in,1,319,CBL-2412-1
VR883513,C108661,VA-NB-ARC,2025-03-26,Amazon,2,2598,ARC-2501-1
VR885395,C101506,VA-EB-PL1,2025-03-26,vireo.in,1,2499,PL1-2502-3
VR886453,C103970,VA-HP-ST3,2025-03-26,vireo.in,1,6999,ST3-2503-2
VR886999,C106582,VA-SW-NX2,2025-03-26,vireo.in,1,6499,NX2-2502-1
VR887082,C106843,VA-EB-PL1,2025-03-26,vireo.in,1,1999,PL1-2501-1
VR891800,C103222,VA-AC-CH65,2025-03-26,vireo.in,1,1499,CH65-2502-4
VR892207,C108776,VA-EB-PL1,2025-03-26,Flipkart,1,2499,PL1-2502-1
VR892758,C108999,VA-EB-PL1,2025-03-26,vireo.in,1,2499,PL1-2502-2
VR892907,C105449,VA-SP-MINI,2025-03-26,vireo.in,1,2499,MINI-2501-4
VR895819,C106872,VA-EB-AIR,2025-03-26,Flipkart,1,1799,AIR-2501-2
VR899463,C108030,VA-EB-AIR,2025-03-26,vireo.in,1,1799,AIR-2412-1
VR902271,C104840,VA-HP-ST2,2025-03-26,vireo.in,1,4749,ST2-2412-1
VR902413,C104397,VA-EB-AIR,2025-03-26,vireo.in,1,1439,AIR-2502-2
VR908508,C103411,VA-EB-PL1,2025-03-26,Amazon,1,2249,PL1-2412-3
VR908966,C100453,VA-SW-NX2,2025-03-26,Amazon,1,5199,NX2-2412-3
VR884962,C106661,VA-EB-PL1,2025-03-27,vireo.in,2,4248,PL1-2501-4
VR885142,C103888,VA-EB-AIR,2025-03-27,Flipkart,1,1529,AIR-2502-4
VR888529,C102316,VA-SP-MINI,2025-03-27,vireo.in,1,2124,MINI-2412-1
VR890085,C100105,VA-HP-ST3,2025-03-27,vireo.in,1,6299,ST3-2501-4
VR890136,C109134,VA-SP-ORB,2025-03-27,Flipkart,1,5099,ORB-2503-4
VR891541,C105335,VA-HP-ST3,2025-03-27,Amazon,2,12598,ST3-2502-3
VR892112,C105022,VA-HP-ST3,2025-03-27,Amazon,1,5599,ST3-2501-3
VR893546,C109424,VA-EB-AIR,2025-03-27,Flipkart,1,1799,AIR-2412-2
VR895834,C102344,VA-SW-FIT,2025-03-27,Flipkart,1,1699,FIT-2502-3
VR896925,C105011,VA-HP-ST3,2025-03-27,Amazon,1,5599,ST3-2502-3
VR897946,C104700,VA-HP-ST3,2025-03-27,Amazon,1,6999,ST3-2501-1
VR899835,C104683,VA-EB-PL1,2025-03-27,Amazon,1,2499,PL1-2501-1
VR902622,C103459,VA-SW-NX2,2025-03-27,vireo.in,2,12998,NX2-2501-3
VR902999,C104326,VA-SW-NX2,2025-03-27,Flipkart,1,5199,NX2-2501-4
VR881497,C106479,VA-EB-PL1,2025-03-28,vireo.in,1,1999,PL1-2412-1
VR882729,C107225,VA-SW-NX2,2025-03-28,Amazon,1,6174,NX2-2501-3
VR883969,C100810,VA-EB-PL1,2025-03-28,vireo.in,2,3998,PL1-2501-1
VR885429,C105321,VA-SW-NX2,2025-03-28,Amazon,1,5849,NX2-2502-1
VR885692,C104382,VA-HP-ST2,2025-03-28,vireo.in,1,4999,ST2-2502-4
VR886410,C100875,VA-NB-ARC,2025-03-28,Amazon,1,1104,ARC-2502-3
VR887660,C107755,VA-HP-ST3,2025-03-28,Flipkart,1,5949,ST3-2501-4
VR890602,C103054,VA-HP-ST3,2025-03-28,Amazon,1,6299,ST3-2501-1
VR891246,C106480,VA-SW-NX2,2025-03-28,Flipkart,1,5199,NX2-2501-4
VR891689,C103547,VA-SW-NX2,2025-03-28,vireo.in,1,5524,NX2-2412-4
VR896552,C106409,VA-SW-NX2,2025-03-28,vireo.in,1,6174,NX2-2501-2
VR900918,C106050,VA-AC-CBL,2025-03-28,Amazon,1,399,CBL-2503-1
VR900954,C103200,VA-EB-AIR,2025-03-28,vireo.in,1,1799,AIR-2412-3
VR903090,C106761,VA-SP-MINI,2025-03-28,vireo.in,1,2499,MINI-2502-1
VR903500,C106470,VA-SP-ORB,2025-03-28,vireo.in,1,5699,ORB-2412-4
VR904033,C108897,VA-SP-ORB,2025-03-28,Flipkart,1,4799,ORB-2501-3
VR904912,C107827,VA-EB-PL1,2025-03-28,vireo.in,1,2499,PL1-2501-1
VR905124,C105873,VA-SP-MINI,2025-03-28,Flipkart,1,2249,MINI-2502-3
VR906061,C104085,VA-SW-FIT,2025-03-28,vireo.in,1,1899,FIT-2501-4
VR907672,C102484,VA-EB-PL1,2025-03-28,vireo.in,1,2499,PL1-2412-3
VR881477,C101217,VA-SP-MINI,2025-03-29,vireo.in,1,1999,MINI-2412-1
VR882026,C106919,VA-SP-MINI,2025-03-29,Amazon,2,4998,MINI-2502-3
VR884065,C106444,VA-SW-NX2,2025-03-29,vireo.in,1,6499,NX2-2502-4
VR884766,C106019,VA-SW-NX2,2025-03-29,Flipkart,1,5524,NX2-2502-2
VR885691,C107633,VA-HP-ST2,2025-03-29,Flipkart,1,4999,ST2-2502-1
VR886156,C101419,VA-SP-MINI,2025-03-29,vireo.in,1,2499,MINI-2501-1
VR888539,C100864,VA-HP-ST3,2025-03-29,vireo.in,1,6649,ST3-2503-3
VR890141,C105110,VA-SW-FIT,2025-03-29,Amazon,2,3998,FIT-2502-2
VR892041,C102409,VA-EB-AIR,2025-03-29,Amazon,1,1799,AIR-2412-4
VR893563,C107435,VA-EB-PL1,2025-03-29,vireo.in,1,2374,PL1-2501-4
VR895615,C106499,VA-SP-MINI,2025-03-29,Amazon,1,2499,MINI-2501-2
VR899384,C109463,VA-EB-AIR,2025-03-29,vireo.in,2,3598,AIR-2502-3
VR901727,C100467,VA-SW-NX2,2025-03-29,Amazon,1,6499,NX2-2412-4
VR902399,C108119,VA-EB-AIR,2025-03-29,vireo.in,1,1799,AIR-2412-2
VR902440,C101984,VA-EB-PL1,2025-03-29,vireo.in,1,1999,PL1-2502-2
VR904951,C100395,VA-SP-MINI,2025-03-29,vireo.in,1,2499,MINI-2501-3
VR880012,C105714,VA-HP-ST2,2025-03-30,Amazon,1,4749,ST2-2503-4
VR884456,C102730,VA-HP-ST2,2025-03-30,vireo.in,1,3999,ST2-2501-2
VR885634,C104236,VA-EB-PL1,2025-03-30,vireo.in,1,2374,PL1-2502-1
VR887303,C106094,VA-EB-AIR,2025-03-30,vireo.in,1,1799,AIR-2503-3
VR890424,C102108,VA-EB-AIR,2025-03-30,vireo.in,1,1529,AIR-2501-1
VR890968,C109336,VA-HP-ST3,2025-03-30,Amazon,1,6299,ST3-2502-2
VR895111,C108608,VA-SP-MINI,2025-03-30,vireo.in,1,2374,MINI-2502-4
VR896905,C105814,VA-SP-MINI,2025-03-30,Flipkart,2,4498,MINI-2501-2
VR897767,C108019,VA-SP-MINI,2025-03-30,vireo.in,1,2499,MINI-2502-4
VR898357,C107760,VA-SP-MINI,2025-03-30,vireo.in,1,2499,MINI-2412-4
VR900033,C103411,VA-SP-MINI,2025-03-30,Flipkart,1,2499,MINI-2501-2
VR904275,C101734,VA-HP-ST3,2025-03-30,Amazon,1,6999,ST3-2412-4
VR908710,C107470,VA-EB-PL1,2025-03-30,vireo.in,2,3998,PL1-2501-1
VR880938,C106143,VA-HP-ST3,2025-03-31,vireo.in,1,6999,ST3-2412-4
VR881417,C102362,VA-EB-AIR,2025-03-31,Amazon,1,1439,AIR-2503-3
VR882919,C102916,VA-SP-MINI,2025-03-31,Amazon,1,2124,MINI-2412-1
VR883235,C104440,VA-AC-CBL,2025-03-31,Amazon,1,359,CBL-2502-1
VR886489,C104018,VA-NB-ARC,2025-03-31,vireo.in,1,1169,ARC-2503-1
VR892394,C105225,VA-EB-AIR,2025-03-31,Amazon,1,1439,AIR-2501-3
VR894904,C107786,VA-EB-AIR,2025-03-31,vireo.in,1,1709,AIR-2502-2
VR895086,C102428,VA-SP-ORB,2025-03-31,Amazon,1,5399,ORB-2502-1
VR897920,C107073,VA-NB-ARC,2025-03-31,vireo.in,1,1169,ARC-2501-2
VR899953,C100922,VA-SW-NX2,2025-03-31,vireo.in,1,5524,NX2-2501-2
VR902301,C106208,VA-EB-PL1,2025-03-31,Flipkart,1,2124,PL1-2501-3
VR902534,C104429,VA-EB-PL1,2025-03-31,vireo.in,1,2499,PL1-2503-4
VR905219,C108457,VA-EB-AIR,2025-03-31,vireo.in,2,2878,AIR-2501-4
VR907349,C103289,VA-SW-NX1,2025-03-31,vireo.in,1,4499,NX1-2501-1
VR908227,C103797,VA-SW-NX2,2025-03-31,vireo.in,1,5849,NX2-2503-4
VR909423,C102603,VA-SW-NX1,2025-03-31,Amazon,1,4999,NX1-2501-2
VR909945,C104815,VA-EB-AIR,2025-03-31,Amazon,2,2878,AIR-2503-2
VR880503,C104901,VA-NB-ARC,2025-04-01,Amazon,1,1104,ARC-2503-2
VR883889,C105142,VA-EB-AIR,2025-04-01,vireo.in,1,1709,AIR-2502-3
VR884565,C100343,VA-HP-ST2,2025-04-01,vireo.in,1,3999,ST2-2502-1
VR884677,C106386,VA-EB-AIR,2025-04-01,vireo.in,1,1439,AIR-2502-4
VR884817,C105308,VA-EB-PL1,2025-04-01,Amazon,1,2249,PL1-2501-4
VR886588,C102775,VA-HP-ST3,2025-04-01,vireo.in,1,6999,ST3-2501-3
VR888266,C109104,VA-EB-AIR,2025-04-01,vireo.in,2,3598,AIR-2501-4
VR888339,C104809,VA-AC-CH65,2025-04-01,Amazon,1,1499,CH65-2502-2
VR888441,C102541,VA-SP-MINI,2025-04-01,Amazon,1,2499,MINI-2502-1
VR888741,C109467,VA-EB-AIR,2025-04-01,Amazon,1,1529,AIR-2412-3
VR889105,C104065,VA-EB-PL1,2025-04-01,vireo.in,1,2124,PL1-2412-1
VR889989,C101821,VA-SW-FIT,2025-04-01,Amazon,1,1799,FIT-2412-4
VR892169,C108637,VA-AC-CH65,2025-04-01,vireo.in,1,1499,CH65-2501-1
VR894583,C109160,VA-EB-PL1,2025-04-01,vireo.in,1,2499,PL1-2503-3
VR895323,C102420,VA-EB-PL1,2025-04-01,vireo.in,1,2374,PL1-2501-4
VR897620,C106390,VA-EB-AIR,2025-04-01,vireo.in,1,1619,AIR-2412-1
VR900638,C100623,VA-SW-NX2,2025-04-01,vireo.in,1,5199,NX2-2502-1
VR903580,C104982,VA-SW-NX2,2025-04-01,vireo.in,1,5849,NX2-2502-2
VR904198,C105548,VA-SW-NX2,2025-04-01,Amazon,1,6174,NX2-2501-2
VR904456,C109018,VA-EB-PL1,2025-04-01,Amazon,1,2249,PL1-2501-2
VR905741,C108749,VA-SP-MINI,2025-04-01,Flipkart,1,2249,MINI-2502-2
VR907435,C107085,VA-SW-NX1,2025-04-01,vireo.in,1,4999,NX1-2502-1
VR880456,C107687,VA-HP-ST2,2025-04-02,vireo.in,1,4999,ST2-2501-3
VR886917,C103081,VA-SW-NX1,2025-04-02,Amazon,1,3999,NX1-2503-2
VR888247,C100832,VA-HP-ST3,2025-04-02,Amazon,1,6999,ST3-2503-2
VR889393,C101547,VA-NB-ARC,2025-04-02,Flipkart,1,1104,ARC-2503-1
VR892140,C101716,VA-SW-NX2,2025-04-02,Flipkart,1,5849,NX2-2412-2
VR892389,C106277,VA-EB-PL1,2025-04-02,vireo.in,1,2374,PL1-2503-4
VR893124,C102607,VA-SW-NX2,2025-04-02,vireo.in,1,5199,NX2-2501-1
VR895618,C106735,VA-NB-ARC,2025-04-02,vireo.in,1,1299,ARC-2502-1
VR897439,C104372,VA-EB-PL1,2025-04-02,vireo.in,1,2124,PL1-2501-3
VR898425,C100414,VA-SP-MINI,2025-04-02,vireo.in,1,2124,MINI-2502-2
VR899208,C107733,VA-NB-ARC,2025-04-02,Amazon,1,1299,ARC-2501-4
VR899794,C102824,VA-HP-ST3,2025-04-02,Amazon,1,6299,ST3-2501-1
VR900065,C105220,VA-SW-NX2,2025-04-02,Flipkart,2,10398,NX2-2502-2
VR900289,C101503,VA-EB-AIR,2025-04-02,vireo.in,1,1799,AIR-2501-4
VR901444,C106288,VA-SW-NX2,2025-04-02,Flipkart,1,5199,NX2-2503-4
VR904629,C108961,VA-SP-ORB,2025-04-02,vireo.in,1,4799,ORB-2501-1
VR905356,C104548,VA-HP-ST3,2025-04-02,Amazon,1,5949,ST3-2503-4
VR908439,C107645,VA-SW-NX2,2025-04-02,vireo.in,1,6174,NX2-2501-2
VR909005,C105134,VA-SW-FIT,2025-04-02,Amazon,1,1899,FIT-2501-4
VR882193,C100263,VA-EB-PL1,2025-04-03,vireo.in,1,1999,PL1-2412-3
VR886001,C100229,VA-EB-AIR,2025-04-03,vireo.in,2,3598,AIR-2501-1
VR888667,C104340,VA-SP-MINI,2025-04-03,Flipkart,1,2499,MINI-2502-4
VR889454,C108721,VA-SW-NX2,2025-04-03,vireo.in,1,5199,NX2-2501-2
VR891012,C103557,VA-HP-ST3,2025-04-03,Amazon,1,5599,ST3-2501-2
VR894573,C104306,VA-EB-AIR,2025-04-03,Flipkart,1,1619,AIR-2502-2
VR895977,C108200,VA-EB-PL1,2025-04-03,vireo.in,1,1999,PL1-2503-1
VR897162,C101893,VA-HP-ST3,2025-04-03,vireo.in,1,5949,ST3-2412-1
VR897444,C103907,VA-SP-MINI,2025-04-03,vireo.in,1,2374,MINI-2501-4
VR898739,C104551,VA-SW-FIT,2025-04-03,vireo.in,1,1999,FIT-2412-4
VR902739,C107226,VA-SW-NX2,2025-04-03,vireo.in,1,6499,NX2-2503-4
VR903273,C109127,VA-SP-ORB,2025-04-03,vireo.in,1,5399,ORB-2503-4
VR906802,C104332,VA-SW-NX2,2025-04-03,Amazon,1,5524,NX2-2503-3
VR907925,C102899,VA-SW-FIT,2025-04-03,vireo.in,1,1999,FIT-2502-3
VR909683,C100478,VA-SP-MINI,2025-04-03,vireo.in,1,2124,MINI-2412-4
VR882713,C107437,VA-SW-FIT,2025-04-04,Flipkart,1,1599,FIT-2412-2
VR882766,C102917,VA-EB-AIR,2025-04-04,Amazon,1,1799,AIR-2502-4
VR882838,C101361,VA-EB-AIR,2025-04-04,vireo.in,1,1709,AIR-2502-3
VR885997,C103431,VA-SW-NX1,2025-04-04,vireo.in,1,4999,NX1-2501-4
VR887476,C100762,VA-EB-AIR,2025-04-04,Amazon,1,1619,AIR-2501-1
VR888906,C103995,VA-EB-PL1,2025-04-04,Amazon,1,2124,PL1-2501-3
VR889572,C105285,VA-EB-AIR,2025-04-04,Amazon,1,1799,AIR-2502-3
VR894086,C107053,VA-HP-ST2,2025-04-04,Amazon,1,4999,ST2-2412-2
VR896154,C104429,VA-SW-NX2,2025-04-04,vireo.in,1,5849,NX2-2502-1
VR896302,C106572,VA-HP-ST3,2025-04-04,vireo.in,1,5599,ST3-2503-4
VR896668,C105578,VA-SP-MINI,2025-04-04,vireo.in,2,4998,MINI-2412-4
VR897385,C100970,VA-SW-NX2,2025-04-04,Amazon,1,5524,NX2-2503-2
VR900736,C105734,VA-EB-PL1,2025-04-04,Flipkart,1,2499,PL1-2501-3
VR900747,C102304,VA-EB-PL1,2025-04-04,vireo.in,1,1999,PL1-2412-2
VR903043,C107759,VA-EB-AIR,2025-04-04,Amazon,1,1619,AIR-2501-3
VR903399,C107348,VA-SP-ORB,2025-04-04,vireo.in,1,5699,ORB-2501-2
VR904713,C106313,VA-SP-MINI,2025-04-04,vireo.in,1,2499,MINI-2502-2
VR905866,C103517,VA-SW-FIT,2025-04-04,Amazon,1,1999,FIT-2502-2
VR906216,C100397,VA-SW-NX2,2025-04-04,vireo.in,1,6499,NX2-2503-2
VR906818,C104359,VA-HP-ST3,2025-04-04,Amazon,1,6299,ST3-2502-3
VR906910,C108622,VA-SP-ORB,2025-04-04,vireo.in,1,5699,ORB-2501-2
VR906977,C100322,VA-SP-ORB,2025-04-04,vireo.in,1,4799,ORB-2502-1
VR908044,C107534,VA-SW-NX2,2025-04-04,Flipkart,1,6499,NX2-2502-2
VR908397,C108090,VA-AC-CH65,2025-04-04,Amazon,1,1349,CH65-2502-3
VR881214,C108701,VA-SW-NX2,2025-04-05,Flipkart,1,6499,NX2-2501-1
VR884233,C106871,VA-EB-AIR,2025-04-05,vireo.in,2,3598,AIR-2502-4
VR890577,C106225,VA-SP-MINI,2025-04-05,vireo.in,1,2124,MINI-2412-3
VR894072,C108311,VA-EB-AIR,2025-04-05,vireo.in,1,1799,AIR-2501-2
VR896860,C105376,VA-SW-NX2,2025-04-05,vireo.in,1,5199,NX2-2501-2
VR898205,C100832,VA-SW-FIT,2025-04-05,vireo.in,1,1699,FIT-2502-1
VR903692,C103584,VA-AC-CBL,2025-04-05,vireo.in,1,379,CBL-2501-4
VR904004,C108812,VA-NB-ARC,2025-04-05,vireo.in,1,1039,ARC-2412-4
VR904579,C101181,VA-EB-PL1,2025-04-05,vireo.in,1,2374,PL1-2502-1
VR909392,C105511,VA-SP-MINI,2025-04-05,vireo.in,1,2499,MINI-2502-1
VR909711,C104865,VA-EB-AIR,2025-04-05,vireo.in,1,1799,AIR-2412-1
VR909830,C108453,VA-SW-FIT,2025-04-05,vireo.in,2,3598,FIT-2412-1
VR882489,C101028,VA-NB-ARC,2025-04-06,vireo.in,1,1169,ARC-2412-2
VR888785,C100294,VA-SW-NX2,2025-04-06,Amazon,2,12348,NX2-2502-4
VR892748,C106841,VA-SW-FIT,2025-04-06,Flipkart,1,1599,FIT-2502-4
VR892866,C107707,VA-SW-NX1,2025-04-06,Amazon,1,4499,NX1-2502-1
VR894705,C104491,VA-EB-PL1,2025-04-06,Flipkart,1,2499,PL1-2501-4
VR895308,C106322,VA-SW-NX2,2025-04-06,vireo.in,1,6499,NX2-2503-1
VR895366,C102244,VA-NB-ARC,2025-04-06,Flipkart,1,1299,ARC-2502-2
VR898053,C103530,VA-SW-NX2,2025-04-06,Amazon,2,12998,NX2-2502-4
VR902252,C104886,VA-EB-PL1,2025-04-06,Amazon,1,2249,PL1-2501-4
VR903875,C100526,VA-SP-MINI,2025-04-06,vireo.in,1,2124,MINI-2502-4
VR907424,C105909,VA-EB-PL1,2025-04-06,Flipkart,1,2499,PL1-2412-2
VR908318,C102687,VA-SP-MINI,2025-04-06,vireo.in,1,2374,MINI-2501-4
VR909803,C107320,VA-EB-AIR,2025-04-06,vireo.in,1,1799,AIR-2501-2
VR887114,C104435,VA-HP-ST3,2025-04-07,vireo.in,1,6999,ST3-2503-1
VR889541,C105360,VA-HP-ST3,2025-04-07,vireo.in,2,11898,ST3-2412-2
VR890242,C101502,VA-HP-ST3,2025-04-07,vireo.in,1,6999,ST3-2412-1
VR897486,C102633,VA-HP-ST3,2025-04-07,Flipkart,1,6999,ST3-2503-3
VR902599,C107354,VA-HP-ST3,2025-04-07,Amazon,1,6999,ST3-2502-2
VR903560,C107380,VA-EB-AIR,2025-04-07,vireo.in,1,1619,AIR-2503-3
VR903657,C103945,VA-EB-PL1,2025-04-07,vireo.in,1,1999,PL1-2502-2
VR904071,C108264,VA-SW-FIT,2025-04-07,Flipkart,1,1699,FIT-2502-3
VR908463,C104150,VA-EB-AIR,2025-04-07,vireo.in,1,1439,AIR-2501-4
VR881038,C100079,VA-EB-AIR,2025-04-08,Amazon,2,3418,AIR-2502-4
VR882492,C102844,VA-SW-FIT,2025-04-08,vireo.in,1,1999,FIT-2412-3
VR882534,C103926,VA-SP-ORB,2025-04-08,vireo.in,1,5999,ORB-2412-2
VR882813,C105409,VA-HP-ST3,2025-04-08,vireo.in,1,5949,ST3-2412-2
VR885518,C107782,VA-EB-PL1,2025-04-08,Amazon,1,2374,PL1-2501-1
VR886069,C105447,VA-SW-NX2,2025-04-08,Amazon,1,5849,NX2-2501-2
VR893252,C102755,VA-SW-NX1,2025-04-08,vireo.in,1,4749,NX1-2502-4
VR895649,C106946,VA-HP-ST3,2025-04-08,vireo.in,1,6299,ST3-2502-2
VR900203,C106789,VA-EB-AIR,2025-04-08,vireo.in,2,3058,AIR-2501-2
VR900388,C108523,VA-EB-PL1,2025-04-08,vireo.in,1,2374,PL1-2502-4
VR903628,C108077,VA-EB-PL1,2025-04-08,Flipkart,1,1999,PL1-2501-4
VR904625,C104093,VA-SW-NX2,2025-04-08,vireo.in,1,5524,NX2-2501-4
VR908677,C106959,VA-HP-ST2,2025-04-08,Amazon,1,3999,ST2-2501-1
VR883722,C104554,VA-SW-FIT,2025-04-09,vireo.in,1,1899,FIT-2502-3
VR884197,C105209,VA-HP-ST3,2025-04-09,vireo.in,1,6999,ST3-2501-2
VR888924,C101791,VA-EB-AIR,2025-04-09,Flipkart,1,1619,AIR-2501-1
VR890992,C102093,VA-SP-MINI,2025-04-09,Amazon,1,2124,MINI-2501-2
VR891863,C104193,VA-HP-ST3,2025-04-09,vireo.in,1,5599,ST3-2503-4
VR894993,C106210,VA-EB-AIR,2025-04-09,vireo.in,1,1619,AIR-2501-1
VR895339,C106184,VA-SW-NX2,2025-04-09,Flipkart,1,6174,NX2-2502-3
VR899251,C105699,VA-SP-MINI,2025-04-09,Amazon,1,1999,MINI-2503-1
VR900098,C105669,VA-EB-PL1,2025-04-09,Amazon,1,2249,PL1-2501-1
VR900574,C104749,VA-EB-PL1,2025-04-09,vireo.in,1,2499,PL1-2502-1
VR900579,C100203,VA-SW-NX1,2025-04-09,vireo.in,1,3999,NX1-2503-2
VR901513,C107405,VA-SW-FIT,2025-04-09,vireo.in,1,1999,FIT-2501-2
VR901823,C103047,VA-SW-NX1,2025-04-09,vireo.in,1,4999,NX1-2501-1
VR902215,C107901,VA-SW-NX1,2025-04-09,Amazon,1,3999,NX1-2501-1
VR903916,C103974,VA-NB-ARC,2025-04-09,Amazon,1,1299,ARC-2502-2
VR907320,C106276,VA-EB-PL1,2025-04-09,vireo.in,1,2499,PL1-2501-4
VR908121,C100985,VA-HP-ST2,2025-04-09,vireo.in,2,9998,ST2-2502-1
VR908334,C100718,VA-HP-ST2,2025-04-09,Amazon,1,4499,ST2-2501-3
VR908447,C103131,VA-SP-ORB,2025-04-09,vireo.in,1,5699,ORB-2502-3
VR909921,C106373,VA-SW-FIT,2025-04-09,Amazon,1,1699,FIT-2503-4
VR882967,C108876,VA-HP-ST3,2025-04-10,Amazon,1,6999,ST3-2502-3
VR888270,C102388,VA-SP-MINI,2025-04-10,vireo.in,1,2374,MINI-2502-4
VR894689,C103882,VA-SW-NX2,2025-04-10,vireo.in,1,6499,NX2-2412-3
VR895892,C102642,VA-SP-MINI,2025-04-10,vireo.in,1,2249,MINI-2501-1
VR897344,C101628,VA-EB-PL1,2025-04-10,vireo.in,1,2249,PL1-2502-2
VR897524,C102771,VA-SW-NX1,2025-04-10,vireo.in,1,4999,NX1-2503-2
VR897805,C106201,VA-HP-ST3,2025-04-10,Flipkart,1,6999,ST3-2501-2
VR906567,C102772,VA-SW-NX1,2025-04-10,vireo.in,1,4999,NX1-2501-4
VR906972,C108444,VA-SP-MINI,2025-04-10,vireo.in,1,2499,MINI-2502-4
VR881394,C101771,VA-EB-PL1,2025-04-11,vireo.in,1,2499,PL1-2501-1
VR882567,C101518,VA-SW-NX1,2025-04-11,vireo.in,1,4499,NX1-2503-1
VR882773,C106210,VA-EB-PL1,2025-04-11,Flipkart,1,2499,PL1-2501-4
VR883429,C101422,VA-SP-MINI,2025-04-11,vireo.in,1,2499,MINI-2502-2
VR884634,C107568,VA-SW-NX1,2025-04-11,Flipkart,1,4749,NX1-2503-4
VR886333,C104097,VA-EB-PL1,2025-04-11,vireo.in,1,2499,PL1-2502-2
VR888058,C107988,VA-EB-AIR,2025-04-11,Amazon,1,1439,AIR-2501-2
VR888333,C101303,VA-EB-PL1,2025-04-11,Amazon,1,2499,PL1-2501-3
VR888981,C103367,VA-EB-AIR,2025-04-11,Amazon,2,2878,AIR-2503-1
VR891673,C109172,VA-SP-MINI,2025-04-11,Amazon,1,2374,MINI-2501-3
VR894241,C107691,VA-EB-PL1,2025-04-11,vireo.in,1,2124,PL1-2503-3
VR894950,C100455,VA-SP-MINI,2025-04-11,vireo.in,1,2374,MINI-2503-3
VR899003,C102114,VA-SW-NX2,2025-04-11,Amazon,1,5524,NX2-2502-2
VR904490,C102334,VA-HP-ST3,2025-04-11,vireo.in,1,6999,ST3-2501-3
VR904724,C100883,VA-SP-MINI,2025-04-11,vireo.in,1,2499,MINI-2501-4
VR907010,C106775,VA-HP-ST3,2025-04-11,vireo.in,1,6999,ST3-2502-4
VR907227,C105611,VA-EB-AIR,2025-04-11,Amazon,1,1799,AIR-2502-1
VR909900,C100628,VA-AC-CH65,2025-04-11,Flipkart,1,1199,CH65-2502-1
VR881803,C106965,VA-NB-ARC,2025-04-12,Amazon,1,1039,ARC-2502-4
VR883343,C102262,VA-SW-NX1,2025-04-12,Amazon,2,9998,NX1-2501-1
VR883406,C101585,VA-SP-ORB,2025-04-12,Amazon,1,5999,ORB-2503-3
VR886726,C105659,VA-AC-CBL,2025-04-12,Amazon,1,379,CBL-2501-1
VR886850,C102968,VA-SW-NX2,2025-04-12,Amazon,1,5199,NX2-2501-1
VR888434,C107136,VA-AC-CBL,2025-04-12,vireo.in,1,359,CBL-2502-2
VR888479,C102030,VA-SW-FIT,2025-04-12,Amazon,1,1699,FIT-2501-1
VR896002,C100279,VA-SP-MINI,2025-04-12,Amazon,1,1999,MINI-2503-3
VR897650,C104837,VA-SP-ORB,2025-04-12,Flipkart,2,9598,ORB-2412-1
VR898793,C109410,VA-EB-PL1,2025-04-12,vireo.in,1,2499,PL1-2502-2
VR898850,C106102,VA-NB-ARC,2025-04-12,Flipkart,1,1299,ARC-2503-2
VR899292,C106627,VA-EB-PL1,2025-04-12,vireo.in,1,2124,PL1-2501-2
VR900850,C106885,VA-EB-PL1,2025-04-12,Amazon,1,2499,PL1-2501-3
VR903167,C106204,VA-SW-FIT,2025-04-12,Amazon,1,1699,FIT-2502-1
VR904158,C105609,VA-SW-NX2,2025-04-12,Amazon,1,5199,NX2-2502-2
VR905042,C108345,VA-NB-ARC,2025-04-12,vireo.in,1,1039,ARC-2503-3
VR907612,C109007,VA-EB-PL1,2025-04-12,Flipkart,1,2499,PL1-2502-1
VR886864,C105424,VA-SW-NX1,2025-04-13,vireo.in,1,4249,NX1-2501-4
VR888640,C102744,VA-NB-ARC,2025-04-13,Amazon,1,1234,ARC-2503-1
VR890696,C101169,VA-EB-AIR,2025-04-13,vireo.in,1,1439,AIR-2503-3
VR891498,C104716,VA-NB-ARC,2025-04-13,vireo.in,1,1299,ARC-2502-1
VR892444,C108624,VA-HP-ST3,2025-04-13,vireo.in,1,6999,ST3-2501-3
VR893058,C106883,VA-SW-NX2,2025-04-13,Amazon,1,5849,NX2-2502-4
VR893640,C103449,VA-EB-AIR,2025-04-13,Flipkart,1,1709,AIR-2502-1
VR895201,C101523,VA-SW-FIT,2025-04-13,vireo.in,1,1599,FIT-2503-2
VR896605,C106717,VA-SW-FIT,2025-04-13,vireo.in,1,1599,FIT-2503-1
VR903584,C104795,VA-SP-MINI,2025-04-13,Amazon,1,2124,MINI-2502-2
VR908659,C102504,VA-EB-PL1,2025-04-13,Amazon,1,2499,PL1-2503-3
VR880774,C106693,VA-SP-MINI,2025-04-14,Flipkart,1,1999,MINI-2502-1
VR883256,C103404,VA-SP-MINI,2025-04-14,Flipkart,1,2249,MINI-2503-4
VR885901,C103080,VA-AC-CH65,2025-04-14,vireo.in,1,1499,CH65-2501-2
VR887188,C103273,VA-HP-ST3,2025-04-14,vireo.in,1,6649,ST3-2503-3
VR888579,C107313,VA-EB-PL1,2025-04-14,vireo.in,1,2499,PL1-2502-4
VR889444,C100481,VA-HP-ST3,2025-04-14,Amazon,1,5949,ST3-2501-1
VR890699,C105358,VA-SP-MINI,2025-04-14,vireo.in,1,2249,MINI-2501-1
VR893195,C104112,VA-SW-NX2,2025-04-14,Amazon,1,5849,NX2-2501-2
VR897376,C102982,VA-SW-NX2,2025-04-14,Flipkart,1,5199,NX2-2503-2
VR901911,C107724,VA-NB-ARC,2025-04-14,Flipkart,2,2598,ARC-2501-2
VR902196,C102995,VA-EB-PL1,2025-04-14,vireo.in,1,2499,PL1-2412-3
VR902731,C107238,VA-SP-MINI,2025-04-14,Amazon,1,2499,MINI-2501-1
VR903151,C103214,VA-SP-MINI,2025-04-14,vireo.in,1,2374,MINI-2502-2
VR903406,C102220,VA-NB-ARC,2025-04-14,vireo.in,1,1039,ARC-2503-4
VR903718,C101725,VA-EB-AIR,2025-04-14,Amazon,1,1799,AIR-2502-4
VR905147,C105755,VA-HP-ST2,2025-04-14,vireo.in,1,4249,ST2-2501-1
VR880759,C103685,VA-EB-AIR,2025-04-15,vireo.in,1,1619,AIR-2503-1
VR881447,C103397,VA-SW-NX1,2025-04-15,vireo.in,2,9998,NX1-2501-4
VR885915,C100009,VA-NB-ARC,2025-04-15,Amazon,1,1104,ARC-2502-4
VR886416,C102672,VA-SW-NX2,2025-04-15,Amazon,1,6174,NX2-2501-4
VR887875,C106000,VA-EB-AIR,2025-04-15,vireo.in,1,1799,AIR-2502-4
VR888567,C105787,VA-EB-AIR,2025-04-15,Flipkart,2,3058,AIR-2503-4
VR888666,C103122,VA-EB-AIR,2025-04-15,vireo.in,1,1439,AIR-2503-2
VR891890,C107183,VA-SP-MINI,2025-04-15,vireo.in,1,2499,MINI-2412-2
VR893602,C109286,VA-EB-AIR,2025-04-15,vireo.in,2,3238,AIR-2501-1
VR894681,C104219,VA-SP-MINI,2025-04-15,Amazon,1,2499,MINI-2503-4
VR895169,C104279,VA-NB-ARC,2025-04-15,Amazon,1,1039,ARC-2501-3
VR896730,C104798,VA-EB-PL1,2025-04-15,vireo.in,1,2499,PL1-2501-1
VR907462,C107010,VA-EB-AIR,2025-04-15,vireo.in,1,1709,AIR-2502-2
VR908094,C102735,VA-EB-PL1,2025-04-15,vireo.in,2,4248,PL1-2503-1
VR882306,C106250,VA-EB-PL1,2025-04-16,vireo.in,1,2499,PL1-2503-1
VR885544,C102498,VA-NB-ARC,2025-04-16,vireo.in,1,1299,ARC-2501-3
VR889467,C109470,VA-AC-CH65,2025-04-16,vireo.in,1,1424,CH65-2501-3
VR890535,C101909,VA-SW-NX2,2025-04-16,vireo.in,2,12998,NX2-2502-4
VR899711,C105958,VA-EB-AIR,2025-04-16,vireo.in,1,1619,AIR-2501-4
VR899834,C108021,VA-SW-NX2,2025-04-16,vireo.in,1,5524,NX2-2503-4
VR900300,C109046,VA-SW-NX2,2025-04-16,vireo.in,1,5849,NX2-2502-1
VR902441,C106903,VA-EB-AIR,2025-04-16,Flipkart,1,1619,AIR-2503-2
VR903841,C105280,VA-EB-PL1,2025-04-16,vireo.in,1,2499,PL1-2503-3
VR905990,C104658,VA-EB-PL1,2025-04-16,Flipkart,1,2499,PL1-2503-1
VR907520,C107900,VA-EB-PL1,2025-04-16,vireo.in,1,2124,PL1-2412-3
VR909072,C107894,VA-HP-ST3,2025-04-16,Amazon,2,13298,ST3-2503-2
VR909593,C103340,VA-EB-AIR,2025-04-16,vireo.in,1,1439,AIR-2502-2
VR881766,C104250,VA-SW-NX2,2025-04-17,Amazon,1,5199,NX2-2503-4
VR885240,C102826,VA-EB-AIR,2025-04-17,vireo.in,2,3598,AIR-2503-1
VR889178,C104038,VA-SW-NX2,2025-04-17,vireo.in,1,6174,NX2-2502-2
VR891634,C104296,VA-HP-ST2,2025-04-17,Amazon,1,3999,ST2-2503-2
VR893135,C107131,VA-EB-PL1,2025-04-17,Amazon,1,2124,PL1-2501-4
VR893983,C107559,VA-SW-FIT,2025-04-17,Amazon,1,1999,FIT-2502-1
VR894068,C101384,VA-EB-PL1,2025-04-17,vireo.in,1,1999,PL1-2501-1
VR897786,C102428,VA-SW-FIT,2025-04-17,Amazon,1,1599,FIT-2503-1
VR898213,C100913,VA-SW-NX1,2025-04-17,Amazon,2,8498,NX1-2501-3
VR898536,C105942,VA-EB-AIR,2025-04-17,vireo.in,1,1799,AIR-2503-2
VR899358,C106341,VA-AC-CH65,2025-04-17,Amazon,1,1349,CH65-2501-3
VR899729,C104985,VA-SW-NX1,2025-04-17,Flipkart,1,4999,NX1-2501-3
VR899830,C102064,VA-SP-MINI,2025-04-17,Amazon,1,2499,MINI-2503-1
VR901508,C104474,VA-EB-AIR,2025-04-17,vireo.in,1,1799,AIR-2503-2
VR904842,C105727,VA-EB-AIR,2025-04-17,vireo.in,1,1799,AIR-2412-1
VR906262,C104722,VA-EB-AIR,2025-04-17,Flipkart,1,1439,AIR-2503-3
VR907854,C106913,VA-EB-PL1,2025-04-17,Amazon,1,2124,PL1-2503-3
VR908264,C105124,VA-HP-ST3,2025-04-17,Flipkart,1,5599,ST3-2501-1
VR909910,C102669,VA-SW-NX2,2025-04-17,vireo.in,1,6499,NX2-2502-1
VR880409,C108752,VA-EB-AIR,2025-04-18,vireo.in,1,1799,AIR-2501-3
VR880865,C105656,VA-SP-MINI,2025-04-18,Amazon,1,2499,MINI-2502-4
VR882354,C106274,VA-HP-ST2,2025-04-18,vireo.in,1,4999,ST2-2503-3
VR883125,C103520,VA-SW-NX2,2025-04-18,vireo.in,2,10398,NX2-2501-4
VR884185,C102735,VA-SW-NX2,2025-04-18,vireo.in,1,5524,NX2-2412-3
VR888140,C101471,VA-AC-CBL,2025-04-18,vireo.in,1,399,CBL-2503-3
VR888414,C100734,VA-SW-NX1,2025-04-18,Amazon,1,4749,NX1-2501-2
VR892114,C107456,VA-NB-ARC,2025-04-18,Amazon,1,1039,ARC-2503-4
VR897560,C100312,VA-NB-ARC,2025-04-18,vireo.in,1,1299,ARC-2501-4
VR898107,C105008,VA-SW-NX1,2025-04-18,vireo.in,1,4499,NX1-2501-3
VR898398,C104533,VA-SP-ORB,2025-04-18,vireo.in,1,5699,ORB-2503-3
VR901415,C107985,VA-SW-NX2,2025-04-18,Amazon,1,6174,NX2-2502-4
VR902277,C106051,VA-NB-ARC,2025-04-18,Amazon,1,1104,ARC-2501-2
VR903134,C102932,VA-SP-MINI,2025-04-18,Flipkart,1,2249,MINI-2502-3
VR904446,C108388,VA-AC-CH65,2025-04-18,vireo.in,1,1199,CH65-2502-1
VR905874,C100454,VA-NB-ARC,2025-04-18,vireo.in,1,1299,ARC-2502-3
VR906609,C103687,VA-EB-AIR,2025-04-18,Amazon,1,1529,AIR-2502-1
VR881007,C107966,VA-NB-ARC,2025-04-19,Amazon,1,1104,ARC-2503-4
VR882525,C103013,VA-NB-ARC,2025-04-19,Amazon,1,1169,ARC-2503-2
VR882650,C103482,VA-SW-NX2,2025-04-19,Flipkart,1,6499,NX2-2503-1
VR885228,C109477,VA-EB-PL1,2025-04-19,vireo.in,1,2499,PL1-2503-2
VR891117,C107116,VA-EB-AIR,2025-04-19,vireo.in,1,1799,AIR-2503-3
VR891811,C102983,VA-EB-PL1,2025-04-19,Amazon,1,1999,PL1-2501-3
VR892696,C107439,VA-SP-ORB,2025-04-19,vireo.in,1,5999,ORB-2501-2
VR896231,C106041,VA-EB-AIR,2025-04-19,vireo.in,1,1799,AIR-2501-3
VR898112,C101171,VA-HP-ST3,2025-04-19,Flipkart,1,5599,ST3-2503-3
VR899422,C109419,VA-SW-NX1,2025-04-19,vireo.in,1,4999,NX1-2501-3
VR900177,C103865,VA-EB-AIR,2025-04-19,vireo.in,1,1529,AIR-2503-3
VR900537,C108505,VA-EB-AIR,2025-04-19,Amazon,1,1439,AIR-2501-3
VR902646,C105462,VA-NB-ARC,2025-04-19,vireo.in,1,1299,ARC-2501-1
VR905333,C108930,VA-EB-AIR,2025-04-19,vireo.in,1,1799,AIR-2503-3
VR907491,C105189,VA-SP-ORB,2025-04-19,Amazon,1,4799,ORB-2502-4
VR880162,C103978,VA-SW-NX1,2025-04-20,Amazon,1,4249,NX1-2502-4
VR885927,C104858,VA-SW-NX2,2025-04-20,vireo.in,1,5524,NX2-2502-1
VR889201,C108954,VA-SP-MINI,2025-04-20,Flipkart,1,2499,MINI-2502-2
VR889766,C106016,VA-EB-PL1,2025-04-20,Flipkart,1,1999,PL1-2502-2
VR889830,C101672,VA-EB-AIR,2025-04-20,Amazon,1,1709,AIR-2501-3
VR893850,C105451,VA-EB-PL1,2025-04-20,vireo.in,1,2374,PL1-2502-3
VR901146,C106105,VA-SW-NX2,2025-04-20,vireo.in,1,6174,NX2-2503-3
VR901243,C101465,VA-SP-MINI,2025-04-20,Flipkart,1,2249,MINI-2501-2
VR902945,C108504,VA-EB-PL1,2025-04-20,Flipkart,1,2374,PL1-2501-2
VR904874,C109021,VA-AC-CBL,2025-04-20,Flipkart,1,379,CBL-2502-2
VR909973,C109198,VA-SP-MINI,2025-04-20,vireo.in,1,1999,MINI-2503-1
VR880484,C101572,VA-SW-FIT,2025-04-21,vireo.in,1,1999,FIT-2503-3
VR881512,C107376,VA-SW-NX2,2025-04-21,vireo.in,1,6499,NX2-2501-2
VR885726,C107984,VA-EB-AIR,2025-04-21,Flipkart,2,3598,AIR-2502-2
VR891123,C105142,VA-SW-FIT,2025-04-21,Amazon,1,1899,FIT-2503-3
VR893161,C103675,VA-SW-NX2,2025-04-21,Amazon,1,6174,NX2-2503-1
VR893234,C106997,VA-EB-AIR,2025-04-21,vireo.in,1,1439,AIR-2501-2
VR895390,C101501,VA-SW-NX2,2025-04-21,Flipkart,1,5524,NX2-2503-4
VR895969,C101012,VA-EB-PL1,2025-04-21,vireo.in,1,2499,PL1-2503-1
VR896216,C107898,VA-HP-ST3,2025-04-21,vireo.in,1,6999,ST3-2501-3
VR900283,C108737,VA-HP-ST3,2025-04-21,Amazon,1,6999,ST3-2501-4
VR900408,C108232,VA-SP-MINI,2025-04-21,Flipkart,1,2499,MINI-2501-3
VR900801,C106388,VA-SP-MINI,2025-04-21,vireo.in,1,2499,MINI-2502-3
VR900828,C109347,VA-SW-FIT,2025-04-21,Flipkart,1,1699,FIT-2502-2
VR901542,C104789,VA-SW-FIT,2025-04-21,Amazon,1,1699,FIT-2502-2
VR902851,C108996,VA-HP-ST2,2025-04-21,vireo.in,1,4999,ST2-2501-3
VR903244,C104308,VA-EB-AIR,2025-04-21,vireo.in,1,1619,AIR-2501-4
VR907821,C100173,VA-SW-NX2,2025-04-21,Amazon,1,5849,NX2-2503-2
VR907868,C109491,VA-SW-NX2,2025-04-21,vireo.in,1,6499,NX2-2502-3
VR908391,C102495,VA-SP-ORB,2025-04-21,Amazon,1,5999,ORB-2503-2
VR882463,C106064,VA-HP-ST3,2025-04-22,vireo.in,1,6649,ST3-2501-4
VR884035,C108293,VA-EB-AIR,2025-04-22,Amazon,1,1799,AIR-2502-1
VR887554,C106749,VA-SW-NX2,2025-04-22,Amazon,1,6499,NX2-2502-3
VR889110,C100807,VA-HP-ST2,2025-04-22,Amazon,1,4249,ST2-2503-1
VR890624,C105432,VA-HP-ST3,2025-04-22,Flipkart,1,6999,ST3-2502-4
VR892885,C104113,VA-SP-ORB,2025-04-22,vireo.in,1,5399,ORB-2504-4
VR896476,C104351,VA-EB-AIR,2025-04-22,Amazon,1,1529,AIR-2501-2
VR903357,C107849,VA-SW-NX2,2025-04-22,vireo.in,1,5849,NX2-2503-2
VR903943,C101721,VA-EB-PL1,2025-04-22,vireo.in,1,2374,PL1-2501-4
VR904821,C105774,VA-EB-AIR,2025-04-22,Amazon,1,1439,AIR-2502-2
VR905168,C106727,VA-SP-ORB,2025-04-22,Flipkart,1,4799,ORB-2501-4
VR905721,C106406,VA-EB-AIR,2025-04-22,vireo.in,1,1799,AIR-2502-2
VR906339,C102857,VA-NB-ARC,2025-04-22,Flipkart,2,2078,ARC-2503-4
VR906468,C102711,VA-HP-ST3,2025-04-22,Flipkart,1,6999,ST3-2503-3
VR909718,C105689,VA-SW-FIT,2025-04-22,Amazon,2,3798,FIT-2502-3
VR880901,C106784,VA-SP-MINI,2025-04-23,Flipkart,1,2374,MINI-2501-1
VR882515,C106694,VA-HP-ST3,2025-04-23,vireo.in,1,6999,ST3-2503-2
VR883957,C101895,VA-SP-ORB,2025-04-23,vireo.in,1,5999,ORB-2501-2
VR888294,C106043,VA-SW-NX2,2025-04-23,vireo.in,1,6499,NX2-2504-1
VR889012,C108232,VA-EB-PL1,2025-04-23,Amazon,1,2499,PL1-2502-2
VR891709,C109192,VA-HP-ST3,2025-04-23,Amazon,1,6649,ST3-2501-4
VR892011,C109457,VA-SP-MINI,2025-04-23,vireo.in,1,2374,MINI-2501-1
VR894910,C101638,VA-EB-AIR,2025-04-23,vireo.in,1,1799,AIR-2501-2
VR895674,C105108,VA-EB-AIR,2025-04-23,vireo.in,1,1709,AIR-2501-4
VR901066,C109165,VA-EB-PL1,2025-04-23,vireo.in,1,2249,PL1-2502-3
VR903807,C102254,VA-SW-NX2,2025-04-23,Amazon,1,6174,NX2-2501-4
VR904034,C101313,VA-SP-MINI,2025-04-23,vireo.in,1,1999,MINI-2504-1
VR906019,C104583,VA-EB-PL1,2025-04-23,vireo.in,1,2374,PL1-2503-3
VR908126,C107999,VA-HP-ST3,2025-04-23,vireo.in,1,5599,ST3-2502-3
VR909513,C107011,VA-SW-NX2,2025-04-23,vireo.in,1,5849,NX2-2503-2
VR882797,C105592,VA-SW-FIT,2025-04-24,vireo.in,1,1999,FIT-2501-4
VR886220,C107591,VA-HP-ST3,2025-04-24,vireo.in,1,6999,ST3-2503-2
VR886616,C108227,VA-HP-ST3,2025-04-24,vireo.in,1,5599,ST3-2503-2
VR887372,C109217,VA-SP-MINI,2025-04-24,Amazon,1,2124,MINI-2501-2
VR888798,C102535,VA-SP-MINI,2025-04-24,vireo.in,1,2249,MINI-2503-2
VR890083,C100748,VA-SW-NX2,2025-04-24,Amazon,1,6174,NX2-2504-4
VR892057,C100940,VA-SP-MINI,2025-04-24,vireo.in,1,2499,MINI-2503-3
VR894022,C108800,VA-SW-NX1,2025-04-24,vireo.in,1,4999,NX1-2502-2
VR894204,C102915,VA-SP-ORB,2025-04-24,Amazon,1,5399,ORB-2504-4
VR894682,C108578,VA-HP-ST2,2025-04-24,vireo.in,1,4249,ST2-2504-3
VR897799,C101355,VA-SW-NX1,2025-04-24,Amazon,1,4499,NX1-2501-2
VR899122,C107647,VA-SW-NX2,2025-04-24,Amazon,1,6499,NX2-2501-1
VR904011,C104845,VA-EB-PL1,2025-04-24,vireo.in,1,2124,PL1-2503-4
VR906095,C102954,VA-EB-AIR,2025-04-24,vireo.in,1,1709,AIR-2503-4
VR906461,C104383,VA-HP-ST3,2025-04-24,Amazon,1,6299,ST3-2503-4
VR906971,C101759,VA-SW-NX2,2025-04-24,vireo.in,1,5524,NX2-2502-1
VR882506,C109176,VA-HP-ST3,2025-04-25,vireo.in,1,6999,ST3-2503-1
VR885369,C103937,VA-HP-ST3,2025-04-25,vireo.in,1,6299,ST3-2503-4
VR887176,C109464,VA-SP-MINI,2025-04-25,Amazon,1,2499,MINI-2504-4
VR890516,C106539,VA-HP-ST3,2025-04-25,vireo.in,1,6299,ST3-2502-4
VR891810,C103883,VA-SW-NX2,2025-04-25,Amazon,1,6174,NX2-2501-2
VR891855,C101673,VA-SP-MINI,2025-04-25,vireo.in,1,2374,MINI-2501-3
VR892258,C102729,VA-SW-NX2,2025-04-25,vireo.in,1,5849,NX2-2504-3
VR895150,C101550,VA-EB-AIR,2025-04-25,vireo.in,1,1439,AIR-2502-4
VR895739,C104680,VA-EB-AIR,2025-04-25,Amazon,1,1799,AIR-2502-1
VR898666,C105344,VA-HP-ST3,2025-04-25,vireo.in,1,5949,ST3-2501-1
VR902693,C105205,VA-HP-ST3,2025-04-25,Amazon,1,6999,ST3-2502-3
VR904184,C100081,VA-HP-ST2,2025-04-25,Amazon,1,4749,ST2-2503-2
VR904921,C108204,VA-SW-NX1,2025-04-25,Flipkart,1,4999,NX1-2502-1
VR905938,C106497,VA-SP-ORB,2025-04-25,Amazon,1,5999,ORB-2502-3
VR880425,C104510,VA-SP-ORB,2025-04-26,vireo.in,1,5699,ORB-2502-4
VR880866,C103486,VA-AC-CH65,2025-04-26,Amazon,1,1499,CH65-2503-3
VR880951,C104658,VA-SW-NX2,2025-04-26,vireo.in,1,6499,NX2-2501-3
VR884293,C106520,VA-AC-CH65,2025-04-26,vireo.in,1,1199,CH65-2503-2
VR884987,C104233,VA-HP-ST2,2025-04-26,Amazon,2,9998,ST2-2503-2
VR886221,C104493,VA-SW-NX2,2025-04-26,vireo.in,1,5199,NX2-2501-3
VR887985,C106535,VA-HP-ST3,2025-04-26,vireo.in,1,6999,ST3-2501-4
VR888335,C103851,VA-SW-FIT,2025-04-26,Flipkart,1,1999,FIT-2502-4
VR889425,C100912,VA-EB-PL1,2025-04-26,vireo.in,1,2249,PL1-2503-3
VR889917,C108655,VA-SW-NX2,2025-04-26,vireo.in,1,6499,NX2-2501-1
VR890851,C102567,VA-SW-NX2,2025-04-26,vireo.in,2,11048,NX2-2501-3
VR891718,C102449,VA-NB-ARC,2025-04-26,vireo.in,1,1169,ARC-2501-2
VR892839,C102326,VA-SW-FIT,2025-04-26,vireo.in,1,1999,FIT-2503-4
VR897048,C105398,VA-HP-ST3,2025-04-26,Amazon,1,6649,ST3-2503-1
VR900386,C106175,VA-EB-AIR,2025-04-26,Amazon,1,1529,AIR-2503-4
VR903365,C104193,VA-NB-ARC,2025-04-26,vireo.in,1,1299,ARC-2502-4
VR903852,C104253,VA-EB-PL1,2025-04-26,Flipkart,1,2124,PL1-2503-4
VR904672,C103472,VA-EB-PL1,2025-04-26,vireo.in,1,2499,PL1-2502-3
VR908778,C105178,VA-HP-ST3,2025-04-26,vireo.in,1,6649,ST3-2503-1
VR909504,C104200,VA-NB-ARC,2025-04-26,Amazon,1,1299,ARC-2501-3
VR880113,C108432,VA-EB-PL1,2025-04-27,Amazon,1,2499,PL1-2503-4
VR880178,C104257,VA-SW-NX1,2025-04-27,Amazon,1,4749,NX1-2501-3
VR881877,C100166,VA-SP-ORB,2025-04-27,Amazon,1,5999,ORB-2502-4
VR883690,C101397,VA-SW-NX1,2025-04-27,vireo.in,1,4999,NX1-2501-2
VR884973,C107052,VA-SP-MINI,2025-04-27,vireo.in,1,2499,MINI-2501-4
VR885629,C106892,VA-SP-ORB,2025-04-27,vireo.in,2,11998,ORB-2501-2
VR886639,C106503,VA-EB-AIR,2025-04-27,Amazon,1,1799,AIR-2503-2
VR892599,C107489,VA-AC-CBL,2025-04-27,vireo.in,1,319,CBL-2503-4
VR894701,C105810,VA-SW-NX1,2025-04-27,vireo.in,1,4749,NX1-2501-2
VR899346,C101972,VA-SW-NX2,2025-04-27,Amazon,1,5849,NX2-2501-4
VR900265,C107732,VA-SP-MINI,2025-04-27,vireo.in,1,2249,MINI-2503-3
VR903527,C107612,VA-SP-ORB,2025-04-27,Flipkart,1,5099,ORB-2501-4
VR903579,C108866,VA-HP-ST3,2025-04-27,vireo.in,1,6999,ST3-2501-4
VR903602,C105095,VA-SW-NX2,2025-04-27,vireo.in,1,6499,NX2-2502-1
VR904425,C107836,VA-EB-AIR,2025-04-27,vireo.in,1,1799,AIR-2501-1
VR909442,C105817,VA-SW-FIT,2025-04-27,Flipkart,1,1799,FIT-2503-4
VR881947,C104642,VA-EB-AIR,2025-04-28,vireo.in,1,1799,AIR-2502-1
VR883821,C104262,VA-EB-AIR,2025-04-28,Flipkart,1,1439,AIR-2501-1
VR884178,C104004,VA-SW-NX1,2025-04-28,vireo.in,1,3999,NX1-2501-3
VR884189,C103084,VA-SW-NX2,2025-04-28,vireo.in,1,5849,NX2-2501-1
VR886260,C104100,VA-SP-MINI,2025-04-28,vireo.in,1,2374,MINI-2502-3
VR886703,C106100,VA-SP-ORB,2025-04-28,Flipkart,1,5399,ORB-2504-3
VR889021,C109351,VA-SW-NX1,2025-04-28,vireo.in,1,4249,NX1-2501-3
VR892684,C101045,VA-EB-AIR,2025-04-28,Amazon,1,1529,AIR-2502-1
VR894033,C108737,VA-EB-PL1,2025-04-28,vireo.in,1,1999,PL1-2502-4
VR894887,C109193,VA-EB-PL1,2025-04-28,vireo.in,1,2499,PL1-2503-3
VR895215,C109189,VA-SW-FIT,2025-04-28,vireo.in,1,1999,FIT-2503-3
VR895461,C108744,VA-SP-MINI,2025-04-28,vireo.in,1,2499,MINI-2501-3
VR896126,C106857,VA-SW-NX2,2025-04-28,Flipkart,1,6499,NX2-2501-3
VR898222,C107942,VA-SW-NX2,2025-04-28,Flipkart,1,5199,NX2-2503-4
VR899641,C102662,VA-HP-ST3,2025-04-28,Amazon,1,6299,ST3-2501-4
VR900051,C108798,VA-SP-ORB,2025-04-28,vireo.in,1,5999,ORB-2503-2
VR902936,C107410,VA-SW-NX1,2025-04-28,vireo.in,1,4999,NX1-2501-1
VR905521,C105329,VA-HP-ST3,2025-04-28,Amazon,1,5949,ST3-2502-1
VR905948,C108479,VA-SP-ORB,2025-04-28,Flipkart,1,5399,ORB-2503-1
VR906657,C102281,VA-NB-ARC,2025-04-28,Amazon,1,1234,ARC-2501-4
VR909757,C100329,VA-SW-FIT,2025-04-28,vireo.in,1,1699,FIT-2503-2
VR880672,C103528,VA-SP-MINI,2025-04-29,vireo.in,1,2249,MINI-2504-4
VR883874,C109320,VA-EB-AIR,2025-04-29,vireo.in,1,1799,AIR-2503-2
VR885484,C109019,VA-HP-ST3,2025-04-29,Amazon,1,6999,ST3-2503-2
VR885745,C102704,VA-SP-ORB,2025-04-29,Amazon,1,5999,ORB-2503-3
VR886763,C103651,VA-AC-CBL,2025-04-29,vireo.in,1,399,CBL-2503-4
VR890770,C101381,VA-SP-ORB,2025-04-29,vireo.in,1,5699,ORB-2502-4
VR891219,C100358,VA-SP-MINI,2025-04-29,Amazon,1,2374,MINI-2504-2
VR891245,C102868,VA-EB-AIR,2025-04-29,Amazon,1,1529,AIR-2501-4
VR891340,C104762,VA-SW-NX2,2025-04-29,Amazon,1,5199,NX2-2503-3
VR891544,C107676,VA-SW-FIT,2025-04-29,Amazon,1,1899,FIT-2501-4
VR897887,C104201,VA-SW-NX2,2025-04-29,Amazon,1,6499,NX2-2501-3
VR903225,C106025,VA-HP-ST3,2025-04-29,Amazon,1,6649,ST3-2503-4
VR903630,C107623,VA-EB-AIR,2025-04-29,vireo.in,1,1619,AIR-2502-3
VR903874,C103853,VA-SP-MINI,2025-04-29,vireo.in,1,2249,MINI-2503-1
VR906012,C107158,VA-EB-PL1,2025-04-29,Flipkart,1,2124,PL1-2502-1
VR909269,C107545,VA-EB-PL1,2025-04-29,vireo.in,1,2374,PL1-2501-2
VR881624,C107587,VA-EB-PL1,2025-04-30,vireo.in,1,2124,PL1-2503-3
VR882039,C102398,VA-SW-FIT,2025-04-30,Flipkart,1,1699,FIT-2502-1
VR882565,C101158,VA-HP-ST3,2025-04-30,Amazon,1,5599,ST3-2502-1
VR883771,C106809,VA-HP-ST3,2025-04-30,Amazon,1,6999,ST3-2503-2
VR894177,C106746,VA-EB-AIR,2025-04-30,Amazon,1,1799,AIR-2502-3
VR896708,C104609,VA-SP-MINI,2025-04-30,vireo.in,1,1999,MINI-2502-2
VR897735,C100055,VA-SW-NX1,2025-04-30,vireo.in,1,4749,NX1-2503-1
VR898163,C100673,VA-EB-AIR,2025-04-30,vireo.in,2,3598,AIR-2503-4
VR900880,C100548,VA-SW-NX2,2025-04-30,vireo.in,1,6499,NX2-2503-2
VR900887,C102960,VA-SW-NX1,2025-04-30,vireo.in,1,4249,NX1-2503-4
VR900952,C102846,VA-EB-AIR,2025-04-30,vireo.in,1,1799,AIR-2503-1
VR902396,C104426,VA-SW-NX2,2025-04-30,Amazon,1,5849,NX2-2501-2
VR903191,C105440,VA-EB-PL1,2025-04-30,vireo.in,1,2249,PL1-2502-1
VR880556,C102808,VA-HP-ST3,2025-05-01,Amazon,2,13998,ST3-2504-3
VR881289,C102990,VA-SP-MINI,2025-05-01,vireo.in,1,1999,MINI-2502-3
VR881873,C108782,VA-EB-PL1,2025-05-01,vireo.in,1,2374,PL1-2504-4
VR887799,C102722,VA-SW-NX1,2025-05-01,Flipkart,1,4749,NX1-2501-1
VR892061,C106896,VA-SW-NX2,2025-05-01,Amazon,1,5199,NX2-2502-4
VR892725,C105753,VA-HP-ST3,2025-05-01,vireo.in,1,6999,ST3-2503-2
VR893707,C102396,VA-HP-ST3,2025-05-01,Amazon,1,5599,ST3-2501-3
VR895489,C102949,VA-SW-FIT,2025-05-01,Amazon,1,1599,FIT-2501-4
VR898602,C100264,VA-SW-FIT,2025-05-01,Amazon,1,1999,FIT-2503-1
VR899626,C100765,VA-NB-ARC,2025-05-01,Flipkart,1,1039,ARC-2503-3
VR900719,C101980,VA-HP-ST3,2025-05-01,vireo.in,1,6999,ST3-2502-3
VR900963,C101546,VA-SW-NX2,2025-05-01,Amazon,1,6499,NX2-2501-2
VR901089,C105961,VA-EB-PL1,2025-05-01,vireo.in,1,2499,PL1-2501-1
VR901837,C100880,VA-EB-PL1,2025-05-01,Amazon,1,2499,PL1-2504-1
VR902456,C102108,VA-EB-PL1,2025-05-01,Flipkart,1,2499,PL1-2503-1
VR905439,C105640,VA-EB-PL1,2025-05-01,Flipkart,1,2499,PL1-2503-3
VR906025,C103893,VA-SP-ORB,2025-05-01,Flipkart,1,5999,ORB-2504-1
VR906397,C106546,VA-NB-ARC,2025-05-01,Amazon,1,1234,ARC-2502-2
VR908688,C106679,VA-HP-ST3,2025-05-01,Flipkart,1,6999,ST3-2504-3
VR883185,C109215,VA-SW-FIT,2025-05-02,Flipkart,1,1599,FIT-2501-2
VR885247,C106179,VA-EB-PL1,2025-05-02,Amazon,1,2499,PL1-2502-2
VR886214,C102855,VA-SP-MINI,2025-05-02,Flipkart,1,2499,MINI-2504-1
VR888613,C107208,VA-HP-ST2,2025-05-02,vireo.in,1,4999,ST2-2501-1
VR890878,C107533,VA-SP-MINI,2025-05-02,vireo.in,1,2374,MINI-2504-2
VR891024,C104949,VA-EB-PL1,2025-05-02,Flipkart,2,4748,PL1-2503-4
VR893782,C106428,VA-SW-NX2,2025-05-02,vireo.in,1,6174,NX2-2502-2
VR895271,C105178,VA-SP-ORB,2025-05-02,Flipkart,1,5399,ORB-2502-2
VR895393,C106978,VA-SW-NX1,2025-05-02,Flipkart,1,4249,NX1-2503-4
VR899331,C101963,VA-SW-FIT,2025-05-02,Flipkart,1,1599,FIT-2502-3
VR899526,C100727,VA-EB-AIR,2025-05-02,Amazon,2,3058,AIR-2501-1
VR902674,C104977,VA-EB-AIR,2025-05-02,Flipkart,1,1619,AIR-2502-1
VR905467,C102187,VA-SW-FIT,2025-05-02,Flipkart,1,1999,FIT-2502-1
VR905495,C106204,VA-HP-ST2,2025-05-02,Amazon,1,4999,ST2-2501-4
VR906087,C105471,VA-HP-ST3,2025-05-02,Flipkart,1,6999,ST3-2502-2
VR908327,C106372,VA-SW-FIT,2025-05-02,Amazon,1,1999,FIT-2502-2
VR881344,C106927,VA-EB-PL1,2025-05-03,Flipkart,1,1999,PL1-2504-1
VR881739,C100479,VA-SP-MINI,2025-05-03,Amazon,1,2249,MINI-2503-4
VR884075,C104732,VA-HP-ST3,2025-05-03,vireo.in,1,6299,ST3-2504-1
VR885625,C100294,VA-SW-NX2,2025-05-03,vireo.in,1,5199,NX2-2503-1
VR885725,C104767,VA-AC-CBL,2025-05-03,vireo.in,2,798,CBL-2503-2
VR886879,C106133,VA-EB-AIR,2025-05-03,vireo.in,1,1799,AIR-2504-3
VR887901,C102855,VA-SP-MINI,2025-05-03,Amazon,1,2249,MINI-2503-4
VR889698,C101836,VA-EB-AIR,2025-05-03,Amazon,1,1529,AIR-2503-3
VR892585,C102319,VA-SP-ORB,2025-05-03,vireo.in,1,5399,ORB-2502-4
VR893743,C103141,VA-SP-ORB,2025-05-03,Amazon,1,4799,ORB-2503-1
VR894119,C106370,VA-SP-MINI,2025-05-03,vireo.in,1,2249,MINI-2501-1
VR895185,C102623,VA-SP-MINI,2025-05-03,vireo.in,1,2499,MINI-2504-2
VR897214,C104565,VA-SW-NX2,2025-05-03,Amazon,1,5849,NX2-2501-1
VR899053,C104405,VA-HP-ST3,2025-05-03,Amazon,1,6649,ST3-2504-3
VR901016,C104924,VA-SP-MINI,2025-05-03,Amazon,1,1999,MINI-2502-3
VR901762,C101427,VA-SW-NX2,2025-05-03,Flipkart,1,6499,NX2-2503-4
VR905384,C104583,VA-SW-NX2,2025-05-03,Flipkart,1,5199,NX2-2501-3
VR906404,C101021,VA-SP-MINI,2025-05-03,vireo.in,1,2374,MINI-2501-4
VR907417,C109186,VA-EB-AIR,2025-05-03,vireo.in,1,1709,AIR-2504-2
VR908475,C100481,VA-EB-PL1,2025-05-03,vireo.in,1,2499,PL1-2502-2
VR883868,C106317,VA-HP-ST3,2025-05-04,vireo.in,1,5599,ST3-2502-2
VR885329,C104290,VA-SP-MINI,2025-05-04,Amazon,1,2499,MINI-2501-3
VR888126,C103718,VA-SW-FIT,2025-05-04,vireo.in,1,1899,FIT-2501-1
VR888223,C104035,VA-EB-PL1,2025-05-04,Amazon,1,2249,PL1-2502-1
VR891895,C102067,VA-EB-AIR,2025-05-04,Flipkart,1,1529,AIR-2504-3
VR893952,C103596,VA-EB-PL1,2025-05-04,vireo.in,1,2499,PL1-2501-2
VR894957,C101876,VA-NB-ARC,2025-05-04,vireo.in,1,1234,ARC-2503-2
VR896053,C109482,VA-EB-PL1,2025-05-04,vireo.in,1,2124,PL1-2504-1
VR896968,C102224,VA-SW-NX2,2025-05-04,vireo.in,1,5524,NX2-2503-2
VR898207,C107193,VA-EB-PL1,2025-05-04,vireo.in,1,2374,PL1-2502-3
VR898292,C107057,VA-SP-MINI,2025-05-04,vireo.in,1,2124,MINI-2503-4
VR899413,C108185,VA-SP-ORB,2025-05-04,vireo.in,1,5999,ORB-2501-3
VR903727,C100255,VA-EB-PL1,2025-05-04,vireo.in,1,2499,PL1-2504-1
VR904220,C100632,VA-EB-AIR,2025-05-04,vireo.in,1,1619,AIR-2503-3
VR880616,C104267,VA-HP-ST3,2025-05-05,Amazon,1,6649,ST3-2504-3
VR882470,C101364,VA-SW-NX1,2025-05-05,vireo.in,2,9998,NX1-2503-3
VR882604,C102226,VA-EB-PL1,2025-05-05,vireo.in,1,1999,PL1-2503-1
VR882897,C106054,VA-HP-ST2,2025-05-05,vireo.in,1,4499,ST2-2503-4
VR884873,C104829,VA-SP-ORB,2025-05-05,Flipkart,1,4799,ORB-2502-1
VR886432,C109151,VA-AC-CH65,2025-05-05,Amazon,1,1499,CH65-2503-4
VR887586,C101852,VA-EB-PL1,2025-05-05,vireo.in,1,2374,PL1-2502-2
VR888146,C108605,VA-EB-PL1,2025-05-05,vireo.in,1,1999,PL1-2502-4
VR890881,C102259,VA-EB-PL1,2025-05-05,vireo.in,1,2499,PL1-2502-4
VR891973,C103876,VA-EB-PL1,2025-05-05,Amazon,1,1999,PL1-2504-1
VR895094,C106360,VA-EB-PL1,2025-05-05,Amazon,1,2499,PL1-2503-4
VR896870,C103288,VA-EB-PL1,2025-05-05,Amazon,1,2249,PL1-2502-4
VR897046,C104118,VA-SW-NX1,2025-05-05,vireo.in,1,4999,NX1-2502-4
VR899774,C103544,VA-HP-ST3,2025-05-05,vireo.in,1,5599,ST3-2501-1
VR900368,C100073,VA-SW-NX2,2025-05-05,Flipkart,1,6174,NX2-2501-2
VR900434,C107000,VA-EB-AIR,2025-05-05,Amazon,1,1529,AIR-2502-2
VR904264,C103320,VA-EB-AIR,2025-05-05,vireo.in,1,1799,AIR-2501-4
VR906582,C101318,VA-SW-NX2,2025-05-05,Flipkart,1,6499,NX2-2502-1
VR907673,C101507,VA-SW-NX1,2025-05-05,vireo.in,1,4999,NX1-2501-2
VR908299,C108245,VA-EB-PL1,2025-05-05,Amazon,1,2499,PL1-2502-1
VR908573,C104851,VA-HP-ST3,2025-05-05,vireo.in,1,5949,ST3-2504-4
VR909747,C100145,VA-NB-ARC,2025-05-05,Flipkart,1,1104,ARC-2503-2
VR880470,C101930,VA-EB-AIR,2025-05-06,vireo.in,2,3058,AIR-2501-1
VR882542,C108383,VA-HP-ST3,2025-05-06,vireo.in,1,6999,ST3-2502-4
VR884476,C108398,VA-EB-AIR,2025-05-06,vireo.in,2,3598,AIR-2502-2
VR885571,C100120,VA-EB-PL1,2025-05-06,Amazon,1,1999,PL1-2503-2
VR886041,C106365,VA-NB-ARC,2025-05-06,vireo.in,1,1169,ARC-2503-2
VR888128,C104777,VA-SP-ORB,2025-05-06,vireo.in,1,5999,ORB-2504-4
VR890052,C102193,VA-SP-MINI,2025-05-06,vireo.in,1,2499,MINI-2504-2
VR892826,C104742,VA-HP-ST3,2025-05-06,vireo.in,1,6299,ST3-2502-4
VR894280,C102823,VA-SW-NX1,2025-05-06,Amazon,1,4749,NX1-2503-3
VR895230,C107941,VA-EB-PL1,2025-05-06,Amazon,1,1999,PL1-2504-2
VR897415,C102507,VA-SW-NX2,2025-05-06,vireo.in,1,6499,NX2-2503-4
VR902983,C103709,VA-SW-NX2,2025-05-06,vireo.in,1,6499,NX2-2502-3
VR904267,C105923,VA-EB-AIR,2025-05-06,Flipkart,1,1799,AIR-2502-3
VR905215,C100821,VA-SW-NX2,2025-05-06,vireo.in,1,6499,NX2-2504-1
VR909851,C103353,VA-SP-MINI,2025-05-06,Amazon,2,4998,MINI-2503-2
VR880569,C106735,VA-SW-FIT,2025-05-07,vireo.in,1,1999,FIT-2504-4
VR880582,C103081,VA-NB-ARC,2025-05-07,vireo.in,1,1299,ARC-2502-3
VR880874,C105035,VA-SW-NX1,2025-05-07,vireo.in,1,4499,NX1-2503-4
VR881767,C104863,VA-HP-ST3,2025-05-07,Amazon,1,6299,ST3-2503-1
VR882016,C105791,VA-SW-FIT,2025-05-07,vireo.in,1,1999,FIT-2502-4
VR885006,C109478,VA-EB-PL1,2025-05-07,vireo.in,1,2499,PL1-2503-3
VR886469,C102768,VA-SP-ORB,2025-05-07,vireo.in,2,11998,ORB-2503-1
VR890497,C100162,VA-AC-CH65,2025-05-07,Amazon,1,1499,CH65-2503-2
VR893416,C100098,VA-SW-NX1,2025-05-07,vireo.in,1,4999,NX1-2502-4
VR894447,C105853,VA-SP-MINI,2025-05-07,Amazon,1,2499,MINI-2502-4
VR894667,C109172,VA-EB-AIR,2025-05-07,vireo.in,1,1619,AIR-2502-2
VR895311,C104474,VA-SP-MINI,2025-05-07,Flipkart,1,2499,MINI-2504-4
VR897868,C106460,VA-EB-AIR,2025-05-07,vireo.in,1,1709,AIR-2503-3
VR898273,C104047,VA-SW-FIT,2025-05-07,vireo.in,1,1899,FIT-2503-1
VR898371,C106919,VA-SP-ORB,2025-05-07,vireo.in,1,5999,ORB-2502-3
VR898481,C103336,VA-SP-MINI,2025-05-07,vireo.in,1,2499,MINI-2501-1
VR901453,C107489,VA-EB-PL1,2025-05-07,Amazon,1,2499,PL1-2501-2
VR902158,C109337,VA-HP-ST2,2025-05-07,Amazon,1,4999,ST2-2504-4
VR903702,C108202,VA-HP-ST2,2025-05-07,vireo.in,2,8998,ST2-2503-1
VR905553,C106342,VA-HP-ST3,2025-05-07,vireo.in,1,6999,ST3-2502-1
VR905613,C101098,VA-SW-FIT,2025-05-07,Flipkart,1,1799,FIT-2502-1
VR906300,C102157,VA-SW-FIT,2025-05-07,vireo.in,1,1899,FIT-2503-1
VR906876,C101110,VA-EB-PL1,2025-05-07,vireo.in,1,2124,PL1-2502-3
VR908572,C106616,VA-NB-ARC,2025-05-07,Amazon,1,1299,ARC-2502-3
VR909193,C104405,VA-NB-ARC,2025-05-07,vireo.in,1,1039,ARC-2503-3
VR886124,C102227,VA-NB-ARC,2025-05-08,vireo.in,2,2598,ARC-2501-4
VR892304,C107624,VA-SW-NX2,2025-05-08,vireo.in,1,5849,NX2-2502-2
VR893475,C105175,VA-EB-PL1,2025-05-08,Flipkart,1,2374,PL1-2503-2
VR893912,C102753,VA-SP-ORB,2025-05-08,Flipkart,1,5999,ORB-2501-3
VR895581,C103357,VA-EB-PL1,2025-05-08,Amazon,1,1999,PL1-2502-2
VR896427,C106667,VA-SW-NX2,2025-05-08,vireo.in,1,6499,NX2-2504-2
VR896489,C104497,VA-SP-ORB,2025-05-08,Amazon,1,4799,ORB-2503-1
VR896983,C104113,VA-HP-ST2,2025-05-08,Amazon,1,4999,ST2-2502-1
VR897796,C108430,VA-SW-NX1,2025-05-08,vireo.in,1,4249,NX1-2503-3
VR899065,C104471,VA-SP-MINI,2025-05-08,vireo.in,1,2249,MINI-2504-4
VR900470,C100664,VA-EB-AIR,2025-05-08,vireo.in,1,1799,AIR-2504-3
VR902711,C100717,VA-EB-PL1,2025-05-08,vireo.in,1,2499,PL1-2502-1
VR902939,C107890,VA-SW-NX2,2025-05-08,vireo.in,1,6499,NX2-2502-1
VR906102,C105811,VA-EB-AIR,2025-05-08,Flipkart,1,1709,AIR-2502-2
VR906654,C107650,VA-EB-AIR,2025-05-08,Amazon,1,1439,AIR-2503-3
VR909700,C106282,VA-SW-FIT,2025-05-08,vireo.in,1,1999,FIT-2502-2
VR880095,C107971,VA-EB-AIR,2025-05-09,vireo.in,1,1529,AIR-2503-4
VR880970,C106371,VA-SW-NX2,2025-05-09,Amazon,1,6499,NX2-2502-4
VR882091,C105807,VA-SW-NX1,2025-05-09,vireo.in,1,3999,NX1-2503-3
VR884418,C104563,VA-SP-MINI,2025-05-09,Amazon,1,2374,MINI-2503-1
VR886848,C103279,VA-SP-ORB,2025-05-09,vireo.in,1,5699,ORB-2502-3
VR888230,C102341,VA-EB-PL1,2025-05-09,vireo.in,1,2374,PL1-2503-2
VR891941,C100716,VA-HP-ST2,2025-05-09,vireo.in,1,4999,ST2-2502-3
VR892789,C101331,VA-SW-NX2,2025-05-09,Amazon,1,6499,NX2-2502-1
VR893057,C102659,VA-EB-AIR,2025-05-09,Amazon,1,1799,AIR-2502-2
VR894451,C108752,VA-EB-AIR,2025-05-09,Flipkart,1,1529,AIR-2503-3
VR897429,C103477,VA-EB-AIR,2025-05-09,vireo.in,1,1439,AIR-2503-1
VR898145,C107864,VA-SW-FIT,2025-05-09,Flipkart,1,1999,FIT-2503-3
VR905680,C106747,VA-EB-PL1,2025-05-09,vireo.in,1,2499,PL1-2503-4
VR906135,C104109,VA-SW-NX2,2025-05-09,Amazon,1,5199,NX2-2503-4
VR906443,C101460,VA-EB-AIR,2025-05-09,Amazon,1,1709,AIR-2503-2
VR881779,C102148,VA-SW-NX1,2025-05-10,Amazon,1,4499,NX1-2504-3
VR882890,C109143,VA-SP-MINI,2025-05-10,vireo.in,1,2124,MINI-2502-3
VR883009,C100315,VA-EB-PL1,2025-05-10,vireo.in,1,2499,PL1-2503-1
VR884084,C106163,VA-HP-ST2,2025-05-10,Amazon,1,3999,ST2-2501-4
VR884490,C105466,VA-SW-NX2,2025-05-10,Amazon,1,5524,NX2-2504-1
VR884552,C102801,VA-SP-MINI,2025-05-10,Amazon,1,2499,MINI-2504-1
VR888634,C106038,VA-SP-ORB,2025-05-10,Amazon,1,5999,ORB-2501-4
VR890935,C103088,VA-HP-ST3,2025-05-10,vireo.in,1,6649,ST3-2504-1
VR894686,C100466,VA-SW-FIT,2025-05-10,Amazon,1,1599,FIT-2504-4
VR895168,C109437,VA-HP-ST2,2025-05-10,Amazon,1,4999,ST2-2502-4
VR897031,C103204,VA-EB-PL1,2025-05-10,Flipkart,1,2499,PL1-2502-3
VR901083,C109311,VA-HP-ST2,2025-05-10,Amazon,1,4999,ST2-2503-4
VR901644,C105252,VA-SW-NX2,2025-05-10,vireo.in,1,6499,NX2-2502-4
VR903392,C103298,VA-HP-ST3,2025-05-10,Amazon,1,6299,ST3-2503-1
VR905596,C100430,VA-SW-NX2,2025-05-10,vireo.in,1,5199,NX2-2502-3
VR905864,C107051,VA-EB-AIR,2025-05-10,vireo.in,1,1799,AIR-2502-1
VR909363,C106097,VA-SP-ORB,2025-05-10,vireo.in,1,5999,ORB-2501-4
VR880756,C102558,VA-EB-AIR,2025-05-11,Amazon,1,1529,AIR-2504-2
VR887235,C101932,VA-SP-ORB,2025-05-11,Amazon,1,4799,ORB-2502-1
VR887387,C105051,VA-EB-PL1,2025-05-11,vireo.in,2,4248,PL1-2502-1
VR888447,C105956,VA-SW-FIT,2025-05-11,vireo.in,1,1999,FIT-2502-3
VR890343,C106976,VA-AC-CH65,2025-05-11,vireo.in,1,1199,CH65-2503-1
VR891214,C104214,VA-EB-PL1,2025-05-11,Amazon,1,1999,PL1-2503-2
VR891776,C103935,VA-EB-PL1,2025-05-11,vireo.in,1,2124,PL1-2504-3
VR895082,C107658,VA-HP-ST3,2025-05-11,vireo.in,1,6999,ST3-2502-3
VR896012,C104541,VA-SP-ORB,2025-05-11,Amazon,1,5399,ORB-2503-4
VR900712,C104425,VA-EB-PL1,2025-05-11,Amazon,1,2499,PL1-2502-2
VR901159,C107984,VA-EB-PL1,2025-05-11,Amazon,1,1999,PL1-2503-3
VR902155,C107555,VA-NB-ARC,2025-05-11,vireo.in,1,1299,ARC-2503-3
VR902514,C103041,VA-EB-PL1,2025-05-11,vireo.in,1,2124,PL1-2502-4
VR906500,C108989,VA-AC-CBL,2025-05-11,Flipkart,1,319,CBL-2504-1
VR881962,C106632,VA-NB-ARC,2025-05-12,Amazon,1,1234,ARC-2502-4
VR882048,C102276,VA-SW-NX2,2025-05-12,vireo.in,1,5849,NX2-2502-1
VR884925,C105475,VA-EB-AIR,2025-05-12,vireo.in,1,1439,AIR-2503-3
VR886398,C102227,VA-EB-PL1,2025-05-12,vireo.in,1,2499,PL1-2502-4
VR889718,C103347,VA-SW-NX1,2025-05-12,Amazon,2,7998,NX1-2502-2
VR892796,C102151,VA-HP-ST3,2025-05-12,vireo.in,1,6299,ST3-2501-3
VR893018,C100990,VA-HP-ST2,2025-05-12,vireo.in,1,4999,ST2-2502-1
VR898879,C103137,VA-HP-ST3,2025-05-12,vireo.in,1,6999,ST3-2504-3
VR899379,C107145,VA-SP-MINI,2025-05-12,vireo.in,1,1999,MINI-2503-3
VR899452,C109192,VA-SW-NX2,2025-05-12,Amazon,1,6499,NX2-2504-1
VR903118,C102204,VA-AC-CBL,2025-05-12,vireo.in,1,339,CBL-2503-4
VR882071,C108124,VA-HP-ST3,2025-05-13,Amazon,1,5599,ST3-2504-3
VR885223,C100396,VA-EB-AIR,2025-05-13,Flipkart,1,1799,AIR-2501-4
VR887718,C104708,VA-EB-PL1,2025-05-13,Amazon,1,2124,PL1-2504-4
VR891950,C104363,VA-SW-FIT,2025-05-13,vireo.in,1,1599,FIT-2502-1
VR892318,C104714,VA-HP-ST3,2025-05-13,vireo.in,1,6999,ST3-2503-4
VR898953,C105431,VA-AC-CH65,2025-05-13,vireo.in,1,1274,CH65-2502-2
VR902576,C100290,VA-EB-AIR,2025-05-13,vireo.in,1,1799,AIR-2503-1
VR903109,C107884,VA-EB-AIR,2025-05-13,vireo.in,1,1709,AIR-2502-4
VR906789,C108491,VA-SW-NX2,2025-05-13,vireo.in,1,5524,NX2-2504-2
VR907128,C102710,VA-EB-PL1,2025-05-13,vireo.in,1,2124,PL1-2503-4
VR907466,C101303,VA-HP-ST3,2025-05-13,Amazon,1,6999,ST3-2504-1
VR909162,C108079,VA-EB-AIR,2025-05-13,Amazon,1,1529,AIR-2503-4
VR909408,C101298,VA-EB-PL1,2025-05-13,vireo.in,1,2499,PL1-2503-3
VR909654,C108329,VA-AC-CH65,2025-05-13,vireo.in,2,2998,CH65-2504-1
VR909979,C105086,VA-HP-ST3,2025-05-13,vireo.in,1,5599,ST3-2504-3
VR880354,C100227,VA-SW-NX2,2025-05-14,vireo.in,2,12348,NX2-2504-2
VR881905,C107059,VA-SP-MINI,2025-05-14,vireo.in,1,2499,MINI-2501-3
VR885195,C104811,VA-SW-NX2,2025-05-14,Amazon,1,6499,NX2-2502-4
VR886484,C102069,VA-EB-AIR,2025-05-14,vireo.in,2,3598,AIR-2501-3
VR887353,C105839,VA-SW-NX1,2025-05-14,Flipkart,1,4999,NX1-2503-3
VR889308,C108906,VA-HP-ST2,2025-05-14,Flipkart,1,4999,ST2-2502-4
VR896773,C105096,VA-HP-ST2,2025-05-14,vireo.in,1,4249,ST2-2504-4
VR896956,C100892,VA-HP-ST2,2025-05-14,vireo.in,1,4499,ST2-2503-4
VR898791,C107601,VA-SP-ORB,2025-05-14,Flipkart,1,5999,ORB-2501-2
VR901957,C106619,VA-SW-NX2,2025-05-14,vireo.in,1,6499,NX2-2503-3
VR902532,C100557,VA-EB-PL1,2025-05-14,vireo.in,1,2499,PL1-2502-3
VR902971,C102821,VA-HP-ST2,2025-05-14,Amazon,1,3999,ST2-2501-2
VR905989,C106986,VA-HP-ST3,2025-05-14,Amazon,2,11198,ST3-2503-1
VR908428,C100399,VA-EB-AIR,2025-05-14,vireo.in,1,1799,AIR-2502-1
VR909732,C101917,VA-SW-NX2,2025-05-14,vireo.in,1,6499,NX2-2503-3
VR881356,C108078,VA-HP-ST2,2025-05-15,vireo.in,1,3999,ST2-2501-2
VR882115,C105277,VA-SW-FIT,2025-05-15,vireo.in,1,1899,FIT-2503-1
VR884806,C108794,VA-SP-MINI,2025-05-15,vireo.in,1,2499,MINI-2502-1
VR885363,C107401,VA-SW-NX2,2025-05-15,Amazon,1,5849,NX2-2503-2
VR890490,C101439,VA-EB-AIR,2025-05-15,Flipkart,1,1439,AIR-2503-4
VR890704,C102091,VA-SP-ORB,2025-05-15,vireo.in,1,5399,ORB-2503-2
VR892422,C101812,VA-SW-NX2,2025-05-15,vireo.in,1,5199,NX2-2503-1
VR895621,C105905,VA-SW-NX2,2025-05-15,vireo.in,1,6499,NX2-2503-2
VR895807,C104879,VA-SP-MINI,2025-05-15,vireo.in,1,2499,MINI-2504-1
VR897692,C108997,VA-SW-NX2,2025-05-15,Amazon,1,5199,NX2-2503-1
VR903724,C107142,VA-HP-ST3,2025-05-15,Flipkart,1,5949,ST3-2503-3
VR904222,C107049,VA-SW-NX2,2025-05-15,vireo.in,1,5199,NX2-2502-2
VR904610,C103624,VA-EB-PL1,2025-05-15,vireo.in,1,2499,PL1-2501-3
VR904790,C102697,VA-AC-CBL,2025-05-15,vireo.in,1,319,CBL-2502-3
VR905958,C105621,VA-EB-PL1,2025-05-15,vireo.in,1,2499,PL1-2502-3
VR906562,C105137,VA-NB-ARC,2025-05-15,vireo.in,1,1234,ARC-2503-4
VR906586,C100507,VA-HP-ST2,2025-05-15,vireo.in,1,4749,ST2-2503-3
VR909386,C106062,VA-EB-PL1,2025-05-15,Amazon,1,2374,PL1-2504-3
VR881816,C102932,VA-EB-AIR,2025-05-16,Flipkart,2,3418,AIR-2502-1
VR884451,C103495,VA-NB-ARC,2025-05-16,Amazon,1,1169,ARC-2504-4
VR886400,C102571,VA-SW-FIT,2025-05-16,vireo.in,1,1899,FIT-2504-4
VR889326,C107463,VA-EB-PL1,2025-05-16,vireo.in,2,3998,PL1-2504-1
VR892285,C108088,VA-SW-NX2,2025-05-16,Flipkart,1,6174,NX2-2502-2
VR894546,C108740,VA-EB-AIR,2025-05-16,Flipkart,1,1799,AIR-2504-4
VR895821,C106553,VA-SW-NX2,2025-05-16,Amazon,1,6499,NX2-2502-1
VR895939,C100779,VA-SW-NX2,2025-05-16,Amazon,1,5199,NX2-2502-2
VR895993,C107206,VA-SW-FIT,2025-05-16,vireo.in,1,1999,FIT-2503-3
VR898746,C102680,VA-SP-MINI,2025-05-16,Amazon,1,2249,MINI-2502-2
VR902406,C100220,VA-SW-NX1,2025-05-16,vireo.in,1,3999,NX1-2504-4
VR902508,C104127,VA-EB-AIR,2025-05-16,Amazon,1,1529,AIR-2501-1
VR903233,C104527,VA-SP-ORB,2025-05-16,vireo.in,1,5999,ORB-2503-2
VR907347,C101577,VA-HP-ST2,2025-05-16,vireo.in,1,4999,ST2-2504-3
VR908591,C106109,VA-HP-ST3,2025-05-16,vireo.in,1,6999,ST3-2504-4
VR881797,C102374,VA-SW-NX2,2025-05-17,Amazon,1,5199,NX2-2503-2
VR885542,C108355,VA-SW-NX1,2025-05-17,Flipkart,1,4749,NX1-2503-2
VR885957,C107215,VA-HP-ST3,2025-05-17,vireo.in,1,6649,ST3-2503-1
VR887816,C100381,VA-SW-NX2,2025-05-17,vireo.in,1,5524,NX2-2504-3
VR892381,C103090,VA-SW-NX2,2025-05-17,vireo.in,1,5199,NX2-2502-1
VR896714,C106354,VA-SW-NX2,2025-05-17,vireo.in,1,6499,NX2-2502-1
VR900902,C102159,VA-HP-ST3,2025-05-17,vireo.in,1,6999,ST3-2502-4
VR901364,C100833,VA-EB-PL1,2025-05-17,vireo.in,1,2249,PL1-2504-2
VR901864,C109259,VA-EB-AIR,2025-05-17,vireo.in,1,1799,AIR-2504-1
VR905237,C105588,VA-SP-ORB,2025-05-17,vireo.in,1,4799,ORB-2503-2
VR905636,C101063,VA-SW-NX1,2025-05-17,Amazon,1,4749,NX1-2502-1
VR905693,C104796,VA-HP-ST3,2025-05-17,Amazon,1,5599,ST3-2503-4
VR906356,C104243,VA-EB-PL1,2025-05-17,Amazon,1,2499,PL1-2504-4
VR908587,C103440,VA-SW-NX1,2025-05-17,vireo.in,1,4249,NX1-2502-3
VR881846,C101556,VA-EB-PL1,2025-05-18,vireo.in,1,2499,PL1-2504-2
VR882131,C103277,VA-EB-AIR,2025-05-18,vireo.in,2,3598,AIR-2504-4
VR882401,C107828,VA-SP-MINI,2025-05-18,Flipkart,1,2499,MINI-2503-1
VR883066,C101173,VA-EB-PL1,2025-05-18,vireo.in,1,2124,PL1-2503-1
VR888399,C100698,VA-EB-AIR,2025-05-18,Flipkart,1,1439,AIR-2503-2
VR888485,C102779,VA-EB-PL1,2025-05-18,Amazon,1,1999,PL1-2502-1
VR888869,C102436,VA-HP-ST3,2025-05-18,Amazon,2,12598,ST3-2502-4
VR890728,C104806,VA-SW-NX2,2025-05-18,vireo.in,1,5849,NX2-2504-4
VR891997,C101896,VA-SW-NX2,2025-05-18,vireo.in,1,6499,NX2-2503-3
VR892277,C105176,VA-SW-FIT,2025-05-18,Amazon,1,1999,FIT-2504-3
VR897147,C101401,VA-HP-ST3,2025-05-18,vireo.in,1,6299,ST3-2503-1
VR899265,C105403,VA-EB-AIR,2025-05-18,vireo.in,1,1439,AIR-2503-3
VR901244,C108823,VA-SP-ORB,2025-05-18,vireo.in,1,5999,ORB-2504-1
VR901898,C102023,VA-SW-NX1,2025-05-18,Flipkart,1,4999,NX1-2504-1
VR903384,C101156,VA-EB-PL1,2025-05-18,Flipkart,2,4748,PL1-2504-2
VR903784,C104048,VA-HP-ST3,2025-05-18,Amazon,1,5949,ST3-2503-1
VR881419,C108042,VA-NB-ARC,2025-05-19,Amazon,1,1039,ARC-2502-4
VR881760,C103556,VA-HP-ST2,2025-05-19,vireo.in,1,4749,ST2-2504-1
VR882440,C105251,VA-HP-ST3,2025-05-19,vireo.in,1,5599,ST3-2504-4
VR882555,C100917,VA-EB-AIR,2025-05-19,vireo.in,1,1799,AIR-2504-1
VR883340,C107111,VA-SP-ORB,2025-05-19,vireo.in,1,5999,ORB-2502-3
VR892259,C108784,VA-SP-ORB,2025-05-19,Amazon,2,11998,ORB-2504-1
VR895960,C107228,VA-SW-FIT,2025-05-19,vireo.in,1,1799,FIT-2503-1
VR896485,C104264,VA-EB-PL1,2025-05-19,vireo.in,1,2124,PL1-2502-2
VR896682,C101852,VA-SW-NX1,2025-05-19,vireo.in,1,4499,NX1-2504-3
VR896797,C105509,VA-EB-AIR,2025-05-19,Flipkart,1,1529,AIR-2504-2
VR897750,C103858,VA-EB-PL1,2025-05-19,Amazon,2,3998,PL1-2503-2
VR901354,C106967,VA-HP-ST2,2025-05-19,Flipkart,1,4999,ST2-2502-3
VR906049,C105548,VA-HP-ST3,2025-05-19,vireo.in,1,5949,ST3-2502-1
VR906684,C107398,VA-SP-MINI,2025-05-19,Amazon,1,2374,MINI-2504-1
VR907668,C104274,VA-SW-FIT,2025-05-19,vireo.in,1,1599,FIT-2503-1
VR880042,C105790,VA-EB-PL1,2025-05-20,vireo.in,2,4998,PL1-2504-2
VR881039,C107609,VA-EB-AIR,2025-05-20,vireo.in,1,1799,AIR-2503-4
VR881245,C100996,VA-SW-FIT,2025-05-20,vireo.in,1,1799,FIT-2504-2
VR882497,C104347,VA-EB-AIR,2025-05-20,Amazon,1,1799,AIR-2503-4
VR883225,C108159,VA-HP-ST3,2025-05-20,Amazon,1,6299,ST3-2504-4
VR886080,C101210,VA-SW-FIT,2025-05-20,Amazon,1,1899,FIT-2503-3
VR889597,C101421,VA-SW-NX2,2025-05-20,Flipkart,1,5524,NX2-2504-3
VR892592,C109050,VA-SW-NX2,2025-05-20,vireo.in,1,6174,NX2-2503-2
VR893651,C104953,VA-SW-NX2,2025-05-20,vireo.in,1,6499,NX2-2503-3
VR894917,C106779,VA-SW-NX2,2025-05-20,vireo.in,1,6499,NX2-2504-2
VR898435,C107490,VA-SW-NX2,2025-05-20,vireo.in,1,6174,NX2-2502-3
VR902308,C101118,VA-SP-MINI,2025-05-20,Flipkart,1,2499,MINI-2503-3
VR902719,C104914,VA-SW-FIT,2025-05-20,Amazon,1,1599,FIT-2504-4
VR907569,C105385,VA-EB-PL1,2025-05-20,Amazon,1,2124,PL1-2504-3
VR881183,C108299,VA-SW-NX2,2025-05-21,Amazon,1,6499,NX2-2502-3
VR881723,C101867,VA-EB-AIR,2025-05-21,vireo.in,1,1799,AIR-2503-1
VR881888,C100152,VA-SP-MINI,2025-05-21,Amazon,1,2374,MINI-2502-3
VR883485,C102954,VA-EB-AIR,2025-05-21,Amazon,1,1709,AIR-2503-3
VR884984,C106049,VA-SW-FIT,2025-05-21,Amazon,1,1699,FIT-2504-2
VR886187,C107769,VA-EB-PL1,2025-05-21,Amazon,1,2499,PL1-2503-2
VR888028,C108551,VA-EB-PL1,2025-05-21,vireo.in,1,2374,PL1-2502-4
VR889377,C100688,VA-SP-MINI,2025-05-21,Flipkart,1,1999,MINI-2502-4
VR892521,C100485,VA-NB-ARC,2025-05-21,Amazon,1,1234,ARC-2503-3
VR892857,C103567,VA-SW-FIT,2025-05-21,vireo.in,1,1799,FIT-2504-4
VR894227,C101170,VA-SP-MINI,2025-05-21,vireo.in,1,2249,MINI-2504-2
VR894418,C109094,VA-SW-NX2,2025-05-21,Amazon,1,6499,NX2-2503-1
VR903666,C103068,VA-EB-PL1,2025-05-21,vireo.in,1,1999,PL1-2504-3
VR904018,C105094,VA-SW-NX2,2025-05-21,Flipkart,1,5849,NX2-2504-1
VR905389,C108428,VA-HP-ST3,2025-05-21,vireo.in,1,6999,ST3-2503-4
VR907699,C105731,VA-SW-NX2,2025-05-21,vireo.in,2,10398,NX2-2504-4
VR907852,C103927,VA-HP-ST3,2025-05-21,Amazon,1,6649,ST3-2504-1
VR908943,C108232,VA-EB-PL1,2025-05-21,vireo.in,1,2499,PL1-2502-1
VR909814,C108748,VA-SW-FIT,2025-05-21,Amazon,1,1999,FIT-2503-2
VR880189,C103618,VA-HP-ST3,2025-05-22,vireo.in,1,5949,ST3-2504-3
VR884266,C102154,VA-HP-ST3,2025-05-22,Flipkart,1,6649,ST3-2503-3
VR885117,C100089,VA-SW-NX2,2025-05-22,Amazon,1,5524,NX2-2504-3
VR888353,C107317,VA-EB-PL1,2025-05-22,Flipkart,1,2374,PL1-2503-2
VR890823,C100364,VA-SP-MINI,2025-05-22,Flipkart,1,2499,MINI-2503-2
VR891308,C102747,VA-HP-ST3,2025-05-22,vireo.in,1,6999,ST3-2504-4
VR899048,C107507,VA-SW-NX2,2025-05-22,Amazon,1,6499,NX2-2503-1
VR901215,C101646,VA-SP-ORB,2025-05-22,vireo.in,1,4799,ORB-2504-1
VR901324,C100342,VA-HP-ST2,2025-05-22,vireo.in,1,4999,ST2-2502-1
VR901760,C100502,VA-EB-PL1,2025-05-22,vireo.in,1,2249,PL1-2503-4
VR902146,C104440,VA-SW-NX2,2025-05-22,vireo.in,1,6499,NX2-2503-3
VR904472,C105982,VA-SP-MINI,2025-05-22,Flipkart,1,2124,MINI-2503-2
VR909190,C100772,VA-HP-ST3,2025-05-22,Flipkart,1,6649,ST3-2502-2
VR885087,C103126,VA-EB-PL1,2025-05-23,Amazon,1,2499,PL1-2503-3
VR885653,C100039,VA-EB-PL1,2025-05-23,vireo.in,1,2499,PL1-2502-3
VR890005,C106773,VA-SW-NX1,2025-05-23,vireo.in,1,4999,NX1-2503-1
VR890151,C101938,VA-SW-NX2,2025-05-23,Amazon,1,5849,NX2-2504-3
VR893327,C101551,VA-SW-NX2,2025-05-23,vireo.in,1,5524,NX2-2504-1
VR894614,C104447,VA-EB-AIR,2025-05-23,Amazon,1,1619,AIR-2503-1
VR895764,C106598,VA-EB-AIR,2025-05-23,Amazon,1,1439,AIR-2502-4
VR899468,C107023,VA-EB-PL1,2025-05-23,Flipkart,1,2499,PL1-2504-4
VR900911,C108963,VA-EB-AIR,2025-05-23,Amazon,1,1619,AIR-2504-1
VR908507,C105800,VA-SW-NX1,2025-05-23,vireo.in,1,4749,NX1-2502-2
VR909151,C102866,VA-HP-ST3,2025-05-23,Amazon,1,5599,ST3-2503-2
VR880515,C102497,VA-EB-PL1,2025-05-24,vireo.in,1,2124,PL1-2504-4
VR881609,C103525,VA-SW-NX1,2025-05-24,vireo.in,1,4999,NX1-2504-1
VR881795,C106340,VA-SP-MINI,2025-05-24,Amazon,1,2124,MINI-2502-4
VR882391,C107505,VA-EB-AIR,2025-05-24,vireo.in,1,1799,AIR-2504-4
VR886658,C106223,VA-SW-FIT,2025-05-24,vireo.in,1,1999,FIT-2504-2
VR889438,C104091,VA-SW-FIT,2025-05-24,vireo.in,1,1599,FIT-2503-1
VR889939,C105890,VA-SW-NX2,2025-05-24,vireo.in,1,6499,NX2-2504-3
VR896293,C104147,VA-EB-PL1,2025-05-24,vireo.in,1,2249,PL1-2503-2
VR897251,C100641,VA-EB-PL1,2025-05-24,Amazon,2,4998,PL1-2503-4
VR900870,C104987,VA-HP-ST3,2025-05-24,Amazon,2,11198,ST3-2502-4
VR902827,C105350,VA-SW-NX2,2025-05-24,vireo.in,1,5849,NX2-2503-4
VR903222,C105303,VA-HP-ST2,2025-05-24,vireo.in,1,4999,ST2-2503-2
VR904588,C109085,VA-EB-PL1,2025-05-24,Amazon,1,2499,PL1-2502-2
VR906848,C104522,VA-EB-AIR,2025-05-24,vireo.in,1,1709,AIR-2502-4
VR909499,C103931,VA-SW-FIT,2025-05-24,Amazon,1,1799,FIT-2504-1
VR880927,C104308,VA-EB-AIR,2025-05-25,Amazon,1,1439,AIR-2505-4
VR881435,C103646,VA-EB-AIR,2025-05-25,vireo.in,2,3598,AIR-2503-4
VR882262,C102492,VA-SP-ORB,2025-05-25,Amazon,1,5399,ORB-2504-2
VR885770,C102508,VA-EB-PL1,2025-05-25,Flipkart,1,1999,PL1-2505-3
VR886443,C109310,VA-EB-PL1,2025-05-25,Flipkart,1,2499,PL1-2504-2
VR888473,C106931,VA-SW-NX2,2025-05-25,vireo.in,1,5524,NX2-2503-1
VR889182,C104141,VA-EB-PL1,2025-05-25,vireo.in,1,2374,PL1-2502-3
VR891528,C101743,VA-EB-AIR,2025-05-25,vireo.in,2,3238,AIR-2504-1
VR892787,C103705,VA-HP-ST3,2025-05-25,vireo.in,1,6999,ST3-2504-2
VR895713,C107960,VA-SW-FIT,2025-05-25,vireo.in,1,1999,FIT-2502-2
VR897391,C102195,VA-SW-NX2,2025-05-25,Flipkart,1,5849,NX2-2504-2
VR898933,C106149,VA-EB-PL1,2025-05-25,vireo.in,1,1999,PL1-2503-2
VR903794,C106661,VA-HP-ST3,2025-05-25,vireo.in,1,5949,ST3-2502-1
VR904278,C100228,VA-SP-MINI,2025-05-25,vireo.in,1,2499,MINI-2502-2
VR906229,C108000,VA-SW-FIT,2025-05-25,Amazon,1,1999,FIT-2504-4
VR884209,C109005,VA-HP-ST2,2025-05-26,Flipkart,1,4249,ST2-2504-3
VR886662,C108840,VA-SW-FIT,2025-05-26,vireo.in,1,1999,FIT-2504-4
VR889999,C108139,VA-EB-AIR,2025-05-26,vireo.in,1,1529,AIR-2502-3
VR890390,C101203,VA-EB-PL1,2025-05-26,Amazon,1,2499,PL1-2503-2
VR892387,C100303,VA-SW-NX2,2025-05-26,Amazon,1,6499,NX2-2502-2
VR896566,C108787,VA-HP-ST3,2025-05-26,vireo.in,1,5599,ST3-2502-3
VR898478,C108312,VA-SW-FIT,2025-05-26,Amazon,1,1599,FIT-2502-2
VR899074,C107923,VA-HP-ST3,2025-05-26,Flipkart,1,6649,ST3-2504-3
VR899106,C103170,VA-SW-NX2,2025-05-26,vireo.in,2,11048,NX2-2504-3
VR900612,C107383,VA-EB-AIR,2025-05-26,Amazon,1,1439,AIR-2503-1
VR902437,C106221,VA-EB-PL1,2025-05-26,Amazon,1,2499,PL1-2502-4
VR902670,C101940,VA-EB-PL1,2025-05-26,vireo.in,1,2499,PL1-2503-1
VR904868,C100247,VA-SP-MINI,2025-05-26,Flipkart,1,2124,MINI-2503-4
VR905753,C105285,VA-SW-NX2,2025-05-26,Flipkart,1,6174,NX2-2503-2
VR907760,C104310,VA-EB-AIR,2025-05-26,Amazon,1,1799,AIR-2502-2
VR881239,C105128,VA-EB-PL1,2025-05-27,Flipkart,1,2249,PL1-2503-1
VR882341,C105278,VA-SW-FIT,2025-05-27,vireo.in,1,1799,FIT-2502-4
VR883615,C106864,VA-SW-FIT,2025-05-27,vireo.in,1,1999,FIT-2502-4
VR885710,C102609,VA-SW-NX2,2025-05-27,Flipkart,1,6499,NX2-2502-3
VR886732,C106508,VA-HP-ST3,2025-05-27,Amazon,1,5949,ST3-2502-3
VR887074,C102123,VA-SP-MINI,2025-05-27,Amazon,1,2499,MINI-2504-4
VR888060,C105127,VA-SW-FIT,2025-05-27,vireo.in,1,1999,FIT-2504-1
VR889168,C102949,VA-SW-NX2,2025-05-27,Amazon,1,6499,NX2-2505-1
VR889337,C100966,VA-HP-ST3,2025-05-27,vireo.in,1,6999,ST3-2504-4
VR889648,C102794,VA-EB-AIR,2025-05-27,vireo.in,1,1799,AIR-2504-2
VR893378,C108336,VA-SW-NX1,2025-05-27,vireo.in,1,3999,NX1-2504-1
VR896680,C108172,VA-SW-FIT,2025-05-27,Amazon,1,1999,FIT-2503-3
VR899645,C107458,VA-AC-CH65,2025-05-27,vireo.in,1,1424,CH65-2503-1
VR901530,C106603,VA-SW-FIT,2025-05-27,Amazon,1,1599,FIT-2503-1
VR904069,C107569,VA-EB-PL1,2025-05-27,Amazon,1,2374,PL1-2503-3
VR907231,C104385,VA-EB-AIR,2025-05-27,vireo.in,1,1799,AIR-2504-3
VR909157,C108182,VA-HP-ST3,2025-05-27,vireo.in,1,6299,ST3-2503-2
VR909226,C106434,VA-EB-PL1,2025-05-27,Amazon,1,2374,PL1-2503-1
VR881675,C105427,VA-HP-ST3,2025-05-28,vireo.in,1,6999,ST3-2504-4
VR881799,C100393,VA-SW-FIT,2025-05-28,vireo.in,1,1899,FIT-2504-1
VR883227,C104605,VA-SW-FIT,2025-05-28,vireo.in,1,1999,FIT-2504-2
VR883282,C105709,VA-HP-ST3,2025-05-28,Amazon,1,6299,ST3-2503-4
VR884458,C103745,VA-SP-ORB,2025-05-28,vireo.in,1,5999,ORB-2504-1
VR891052,C102138,VA-SW-NX2,2025-05-28,Flipkart,1,6174,NX2-2502-2
VR892861,C108414,VA-SW-FIT,2025-05-28,vireo.in,1,1999,FIT-2505-1
VR894760,C105225,VA-EB-AIR,2025-05-28,Amazon,1,1799,AIR-2503-2
VR895527,C102815,VA-EB-AIR,2025-05-28,vireo.in,2,3598,AIR-2503-1
VR895979,C102633,VA-SW-NX2,2025-05-28,vireo.in,1,6499,NX2-2503-4
VR898754,C100182,VA-SP-MINI,2025-05-28,vireo.in,1,2374,MINI-2502-3
VR905314,C104532,VA-EB-AIR,2025-05-28,vireo.in,1,1439,AIR-2503-2
VR906034,C102125,VA-SW-FIT,2025-05-28,Amazon,1,1699,FIT-2503-4
VR907222,C106063,VA-EB-AIR,2025-05-28,vireo.in,1,1799,AIR-2505-4
VR880888,C104740,VA-EB-PL1,2025-05-29,vireo.in,1,2249,PL1-2502-1
VR883399,C101270,VA-SW-NX2,2025-05-29,vireo.in,1,6499,NX2-2502-3
VR885267,C106086,VA-HP-ST3,2025-05-29,Amazon,1,5949,ST3-2504-2
VR886009,C108422,VA-HP-ST3,2025-05-29,vireo.in,1,5599,ST3-2503-2
VR887183,C103843,VA-SW-FIT,2025-05-29,vireo.in,1,1999,FIT-2504-2
VR895304,C101851,VA-NB-ARC,2025-05-29,Amazon,2,2598,ARC-2503-1
VR895361,C104664,VA-HP-ST2,2025-05-29,Amazon,1,4999,ST2-2504-4
VR899586,C105267,VA-SW-NX2,2025-05-29,Amazon,1,6499,NX2-2503-1
VR902135,C103469,VA-SP-MINI,2025-05-29,vireo.in,1,1999,MINI-2504-4
VR902312,C100203,VA-HP-ST3,2025-05-29,vireo.in,1,5949,ST3-2505-1
VR903067,C101358,VA-NB-ARC,2025-05-29,Flipkart,1,1299,ARC-2502-1
VR904495,C104429,VA-AC-CBL,2025-05-29,vireo.in,1,339,CBL-2503-1
VR904554,C108949,VA-HP-ST2,2025-05-29,Amazon,1,4499,ST2-2502-2
VR881401,C102133,VA-HP-ST3,2025-05-30,Amazon,1,5599,ST3-2504-4
VR882696,C105964,VA-EB-AIR,2025-05-30,vireo.in,1,1709,AIR-2504-2
VR885160,C102158,VA-EB-AIR,2025-05-30,vireo.in,1,1799,AIR-2505-1
VR887356,C101369,VA-SP-ORB,2025-05-30,Flipkart,1,5999,ORB-2502-1
VR887407,C107659,VA-SP-MINI,2025-05-30,Amazon,1,2499,MINI-2502-4
VR890720,C105008,VA-SW-FIT,2025-05-30,vireo.in,1,1999,FIT-2504-2
VR890949,C101457,VA-EB-AIR,2025-05-30,Amazon,2,3058,AIR-2503-4
VR893608,C105528,VA-AC-CBL,2025-05-30,Amazon,1,399,CBL-2503-1
VR893958,C106348,VA-EB-PL1,2025-05-30,vireo.in,1,2249,PL1-2504-1
VR896411,C107491,VA-SW-NX2,2025-05-30,Flipkart,1,5524,NX2-2504-4
VR898314,C107298,VA-EB-PL1,2025-05-30,vireo.in,1,2499,PL1-2504-3
VR902929,C109002,VA-SW-FIT,2025-05-30,Flipkart,1,1999,FIT-2503-1
VR905631,C107214,VA-HP-ST3,2025-05-30,vireo.in,1,6649,ST3-2504-1
VR909313,C100387,VA-SP-ORB,2025-05-30,vireo.in,1,5699,ORB-2502-3
VR909976,C109482,VA-SP-ORB,2025-05-30,Flipkart,1,5699,ORB-2504-1
VR881494,C103912,VA-HP-ST2,2025-05-31,vireo.in,1,4999,ST2-2503-4
VR886719,C106932,VA-EB-PL1,2025-05-31,vireo.in,1,2499,PL1-2503-3
VR891005,C105856,VA-NB-ARC,2025-05-31,Flipkart,1,1169,ARC-2503-2
VR891641,C105850,VA-SW-NX2,2025-05-31,vireo.in,1,5199,NX2-2503-1
VR891795,C105079,VA-SP-MINI,2025-05-31,vireo.in,1,2374,MINI-2504-2
VR893750,C105461,VA-SW-NX1,2025-05-31,Amazon,1,3999,NX1-2504-2
VR894751,C105811,VA-EB-PL1,2025-05-31,Flipkart,1,2499,PL1-2505-3
VR894985,C103061,VA-SP-MINI,2025-05-31,Flipkart,1,2499,MINI-2505-2
VR895644,C100918,VA-NB-ARC,2025-05-31,vireo.in,1,1104,ARC-2504-3
VR897077,C105828,VA-SP-ORB,2025-05-31,vireo.in,1,5999,ORB-2503-3
VR898756,C102222,VA-SP-ORB,2025-05-31,vireo.in,1,5399,ORB-2504-2
VR906627,C108268,VA-SP-MINI,2025-05-31,Amazon,1,2499,MINI-2503-4
VR909883,C102651,VA-HP-ST3,2025-05-31,Amazon,1,5599,ST3-2504-1
VR881154,C102276,VA-SW-NX2,2025-06-01,Amazon,1,5199,NX2-2502-2
VR883510,C107014,VA-HP-ST3,2025-06-01,vireo.in,1,6649,ST3-2502-4
VR886101,C107674,VA-EB-PL1,2025-06-01,vireo.in,1,2374,PL1-2502-1
VR886196,C104583,VA-SW-FIT,2025-06-01,Amazon,1,1999,FIT-2503-3
VR886960,C103902,VA-HP-ST3,2025-06-01,vireo.in,1,6999,ST3-2503-4
VR887449,C103854,VA-SW-NX2,2025-06-01,vireo.in,2,10398,NX2-2504-2
VR888639,C101199,VA-EB-PL1,2025-06-01,vireo.in,1,2499,PL1-2504-4
VR890729,C107881,VA-SW-NX2,2025-06-01,vireo.in,1,6499,NX2-2502-3
VR893889,C100447,VA-SW-NX2,2025-06-01,vireo.in,1,6174,NX2-2503-1
VR894900,C102332,VA-HP-ST3,2025-06-01,Amazon,1,5949,ST3-2504-1
VR895320,C103056,VA-EB-PL1,2025-06-01,Flipkart,1,2499,PL1-2503-4
VR904177,C105921,VA-EB-PL1,2025-06-01,vireo.in,1,2499,PL1-2504-3
VR905820,C104935,VA-HP-ST3,2025-06-01,vireo.in,1,5599,ST3-2505-2
VR881302,C109181,VA-HP-ST2,2025-06-02,vireo.in,1,4999,ST2-2504-3
VR884231,C102804,VA-SW-NX2,2025-06-02,Amazon,1,5524,NX2-2502-2
VR886670,C109072,VA-HP-ST3,2025-06-02,vireo.in,1,6649,ST3-2502-2
VR887248,C106231,VA-HP-ST3,2025-06-02,Amazon,1,6999,ST3-2502-4
VR891683,C104532,VA-EB-PL1,2025-06-02,vireo.in,1,2124,PL1-2504-2
VR893261,C103980,VA-EB-PL1,2025-06-02,vireo.in,1,2374,PL1-2504-2
VR895722,C108269,VA-HP-ST2,2025-06-02,Amazon,1,4999,ST2-2503-2
VR896219,C109096,VA-EB-PL1,2025-06-02,vireo.in,1,2124,PL1-2504-2
VR897050,C106716,VA-SW-NX1,2025-06-02,Amazon,1,4999,NX1-2504-2
VR897272,C105503,VA-SW-NX2,2025-06-02,vireo.in,1,5524,NX2-2504-4
VR897326,C102481,VA-EB-AIR,2025-06-02,vireo.in,1,1799,AIR-2504-1
VR899546,C108702,VA-SP-ORB,2025-06-02,vireo.in,1,5999,ORB-2505-1
VR901648,C107808,VA-SW-FIT,2025-06-02,Amazon,1,1799,FIT-2502-1
VR903373,C104328,VA-HP-ST2,2025-06-02,vireo.in,1,4999,ST2-2504-2
VR904059,C102063,VA-AC-CH65,2025-06-02,vireo.in,1,1199,CH65-2505-4
VR904948,C109091,VA-EB-AIR,2025-06-02,vireo.in,1,1529,AIR-2505-3
VR907226,C102267,VA-SW-NX2,2025-06-02,Amazon,1,5849,NX2-2505-3
VR883214,C101512,VA-EB-AIR,2025-06-03,Amazon,1,1709,AIR-2505-2
VR883519,C105227,VA-EB-AIR,2025-06-03,vireo.in,1,1799,AIR-2502-2
VR888973,C106166,VA-EB-PL1,2025-06-03,Amazon,1,2499,PL1-2503-3
VR892757,C103317,VA-EB-AIR,2025-06-03,vireo.in,1,1799,AIR-2503-1
VR895037,C101259,VA-EB-PL1,2025-06-03,Amazon,1,2499,PL1-2503-3
VR896365,C108644,VA-EB-AIR,2025-06-03,Amazon,1,1439,AIR-2504-2
VR906999,C102893,VA-EB-AIR,2025-06-03,Amazon,1,1439,AIR-2505-3
VR907815,C109263,VA-AC-CBL,2025-06-03,Flipkart,1,319,CBL-2502-2
VR907971,C109469,VA-HP-ST2,2025-06-03,Amazon,1,3999,ST2-2504-1
VR908569,C101744,VA-EB-PL1,2025-06-03,vireo.in,2,4498,PL1-2504-4
VR909051,C102475,VA-EB-AIR,2025-06-03,Amazon,1,1799,AIR-2503-3
VR909448,C109141,VA-SW-NX1,2025-06-03,vireo.in,1,4999,NX1-2504-3
VR885987,C108964,VA-EB-AIR,2025-06-04,vireo.in,1,1799,AIR-2503-2
VR889101,C109481,VA-EB-AIR,2025-06-04,Amazon,1,1799,AIR-2505-4
VR889558,C100992,VA-SW-NX2,2025-06-04,Flipkart,1,6499,NX2-2503-4
VR891116,C101944,VA-NB-ARC,2025-06-04,vireo.in,1,1234,ARC-2505-3
VR893126,C108521,VA-EB-AIR,2025-06-04,Amazon,1,1799,AIR-2503-3
VR896575,C108308,VA-AC-CBL,2025-06-04,Amazon,1,399,CBL-2503-3
VR896813,C105493,VA-EB-AIR,2025-06-04,Amazon,1,1799,AIR-2504-4
VR897478,C108624,VA-EB-PL1,2025-06-04,vireo.in,1,2499,PL1-2503-2
VR899885,C106486,VA-EB-AIR,2025-06-04,Amazon,1,1799,AIR-2502-2
VR900028,C109290,VA-SW-FIT,2025-06-04,vireo.in,1,1999,FIT-2503-1
VR900095,C107498,VA-SP-ORB,2025-06-04,vireo.in,1,5399,ORB-2503-2
VR900497,C106085,VA-HP-ST3,2025-06-04,Flipkart,1,6999,ST3-2503-1
VR900984,C101462,VA-EB-PL1,2025-06-04,vireo.in,1,2499,PL1-2504-3
VR902462,C108877,VA-AC-CBL,2025-06-04,vireo.in,1,359,CBL-2504-2
VR903453,C104170,VA-EB-PL1,2025-06-04,vireo.in,1,2499,PL1-2502-4
VR904101,C109243,VA-EB-AIR,2025-06-04,vireo.in,1,1799,AIR-2504-1
VR905909,C109478,VA-EB-PL1,2025-06-04,vireo.in,1,2374,PL1-2504-4
VR908723,C100350,VA-SW-NX1,2025-06-04,vireo.in,1,4749,NX1-2504-3
VR880518,C103955,VA-EB-AIR,2025-06-05,vireo.in,1,1529,AIR-2503-4
VR881405,C108257,VA-EB-AIR,2025-06-05,Amazon,1,1439,AIR-2503-4
VR882155,C108371,VA-SW-NX2,2025-06-05,Amazon,1,6499,NX2-2505-2
VR884066,C103878,VA-SP-ORB,2025-06-05,vireo.in,1,5999,ORB-2504-4
VR884651,C105923,VA-SW-NX1,2025-06-05,Flipkart,1,3999,NX1-2502-4
VR886983,C102400,VA-EB-AIR,2025-06-05,vireo.in,1,1799,AIR-2503-2
VR890665,C108428,VA-HP-ST2,2025-06-05,vireo.in,1,3999,ST2-2505-1
VR891623,C103403,VA-NB-ARC,2025-06-05,Amazon,1,1039,ARC-2504-4
VR892370,C104860,VA-SW-NX1,2025-06-05,Amazon,1,4499,NX1-2504-1
VR892426,C102021,VA-SP-MINI,2025-06-05,vireo.in,1,2374,MINI-2503-1
VR896253,C102065,VA-SP-MINI,2025-06-05,Amazon,1,2499,MINI-2504-3
VR897606,C107642,VA-SW-FIT,2025-06-05,Flipkart,1,1699,FIT-2502-1
VR900174,C107252,VA-SP-ORB,2025-06-05,Amazon,1,5999,ORB-2502-3
VR900449,C104911,VA-HP-ST3,2025-06-05,vireo.in,1,6999,ST3-2505-1
VR902115,C103747,VA-EB-AIR,2025-06-05,vireo.in,1,1709,AIR-2503-4
VR902378,C102315,VA-SW-NX2,2025-06-05,Amazon,1,6499,NX2-2503-3
VR904118,C104275,VA-EB-PL1,2025-06-05,vireo.in,1,2124,PL1-2503-2
VR904348,C101268,VA-SW-NX2,2025-06-05,vireo.in,1,6499,NX2-2505-1
VR907340,C105454,VA-SP-MINI,2025-06-05,Flipkart,1,2124,MINI-2504-3
VR908378,C104676,VA-SW-NX2,2025-06-05,vireo.in,1,6174,NX2-2504-3
VR908618,C105408,VA-HP-ST3,2025-06-05,vireo.in,1,5599,ST3-2504-2
VR908759,C104902,VA-SW-NX2,2025-06-05,Amazon,2,10398,NX2-2504-3
VR880829,C106366,VA-EB-PL1,2025-06-06,vireo.in,1,1999,PL1-2502-4
VR882836,C108574,VA-SP-ORB,2025-06-06,Amazon,1,5999,ORB-2503-4
VR886118,C107278,VA-AC-CBL,2025-06-06,vireo.in,1,399,CBL-2504-2
VR886503,C104213,VA-EB-PL1,2025-06-06,vireo.in,1,2499,PL1-2504-1
VR889042,C104754,VA-SP-ORB,2025-06-06,vireo.in,1,5999,ORB-2504-1
VR889549,C108730,VA-EB-AIR,2025-06-06,Amazon,1,1709,AIR-2503-1
VR891328,C105023,VA-SP-MINI,2025-06-06,vireo.in,1,2374,MINI-2502-1
VR892337,C104003,VA-HP-ST3,2025-06-06,Flipkart,1,6999,ST3-2502-1
VR895028,C107141,VA-SP-MINI,2025-06-06,Amazon,1,2499,MINI-2502-2
VR895240,C101513,VA-AC-CBL,2025-06-06,vireo.in,1,399,CBL-2504-4
VR895627,C102992,VA-SW-FIT,2025-06-06,Amazon,1,1999,FIT-2503-1
VR899607,C100155,VA-HP-ST3,2025-06-06,vireo.in,1,6649,ST3-2505-2
VR902046,C104090,VA-SW-NX2,2025-06-06,Flipkart,1,5524,NX2-2502-2
VR902092,C100602,VA-EB-PL1,2025-06-06,vireo.in,1,2499,PL1-2504-3
VR902878,C106630,VA-EB-AIR,2025-06-06,Flipkart,1,1799,AIR-2505-2
VR904861,C106711,VA-EB-PL1,2025-06-06,Amazon,2,4248,PL1-2503-4
VR908837,C105962,VA-HP-ST3,2025-06-06,Amazon,1,6999,ST3-2504-2
VR880956,C103038,VA-EB-PL1,2025-06-07,Amazon,1,2249,PL1-2504-3
VR882152,C102078,VA-SW-NX2,2025-06-07,Amazon,1,6499,NX2-2503-3
VR883852,C104499,VA-EB-AIR,2025-06-07,vireo.in,1,1529,AIR-2502-3
VR884724,C100966,VA-SW-FIT,2025-06-07,Amazon,1,1799,FIT-2502-2
VR889855,C103550,VA-AC-CBL,2025-06-07,vireo.in,1,379,CBL-2503-4
VR890010,C107662,VA-HP-ST3,2025-06-07,vireo.in,1,6299,ST3-2503-2
VR893528,C104486,VA-EB-AIR,2025-06-07,vireo.in,1,1799,AIR-2502-4
VR893866,C102486,VA-SW-NX2,2025-06-07,Amazon,1,6499,NX2-2504-2
VR894020,C106717,VA-SW-NX1,2025-06-07,Flipkart,1,4999,NX1-2505-1
VR896115,C102961,VA-EB-AIR,2025-06-07,vireo.in,2,3238,AIR-2503-1
VR896140,C107738,VA-HP-ST3,2025-06-07,Flipkart,1,6999,ST3-2502-1
VR898237,C103809,VA-SP-MINI,2025-06-07,vireo.in,1,2499,MINI-2503-1
VR898865,C101308,VA-EB-PL1,2025-06-07,Amazon,1,2499,PL1-2502-4
VR899492,C104105,VA-HP-ST3,2025-06-07,Amazon,1,5599,ST3-2505-4
VR903014,C108823,VA-SW-NX1,2025-06-07,vireo.in,1,4749,NX1-2504-4
VR906085,C100960,VA-SW-NX2,2025-06-07,Amazon,1,5199,NX2-2503-3
VR907104,C102683,VA-SW-NX2,2025-06-07,vireo.in,2,12348,NX2-2503-1
VR908340,C103740,VA-SP-MINI,2025-06-07,Amazon,1,1999,MINI-2503-1
VR908703,C102368,VA-SW-NX2,2025-06-07,Amazon,1,6174,NX2-2504-4
VR908830,C103249,VA-EB-AIR,2025-06-07,Flipkart,1,1529,AIR-2505-4
VR880167,C102364,VA-HP-ST3,2025-06-08,vireo.in,1,6299,ST3-2504-2
VR880965,C103105,VA-SW-NX2,2025-06-08,Amazon,1,6174,NX2-2502-3
VR882110,C107574,VA-EB-PL1,2025-06-08,vireo.in,1,2374,PL1-2502-3
VR882780,C102350,VA-SW-NX2,2025-06-08,vireo.in,1,6499,NX2-2504-1
VR882845,C100182,VA-HP-ST3,2025-06-08,vireo.in,1,6999,ST3-2503-1
VR883487,C106408,VA-AC-CH65,2025-06-08,Amazon,2,2398,CH65-2504-2
VR886024,C107582,VA-EB-AIR,2025-06-08,Amazon,1,1799,AIR-2504-1
VR888826,C107923,VA-EB-AIR,2025-06-08,vireo.in,1,1799,AIR-2504-2
VR890310,C103951,VA-SW-NX2,2025-06-08,Amazon,1,6174,NX2-2502-2
VR891860,C102700,VA-SW-NX2,2025-06-08,Flipkart,1,5849,NX2-2504-2
VR894949,C101968,VA-SW-NX2,2025-06-08,vireo.in,1,6499,NX2-2505-3
VR900320,C101065,VA-HP-ST3,2025-06-08,Amazon,1,6299,ST3-2503-4
VR900502,C106428,VA-SW-NX2,2025-06-08,Flipkart,1,5849,NX2-2503-3
VR900985,C106743,VA-SW-NX2,2025-06-08,vireo.in,1,6499,NX2-2504-1
VR901539,C105356,VA-SW-NX2,2025-06-08,Amazon,1,5199,NX2-2504-3
VR901572,C107539,VA-SW-NX1,2025-06-08,Flipkart,1,3999,NX1-2505-4
VR903346,C100781,VA-SP-MINI,2025-06-08,vireo.in,1,2499,MINI-2505-1
VR903515,C101443,VA-SW-NX2,2025-06-08,vireo.in,1,6499,NX2-2504-2
VR904844,C108513,VA-HP-ST3,2025-06-08,vireo.in,1,5949,ST3-2504-1
VR907444,C109182,VA-SW-FIT,2025-06-08,vireo.in,1,1999,FIT-2504-2
VR880248,C109405,VA-HP-ST3,2025-06-09,vireo.in,1,6999,ST3-2505-4
VR880776,C104894,VA-SP-MINI,2025-06-09,Amazon,1,2499,MINI-2505-3
VR880929,C103734,VA-SP-MINI,2025-06-09,vireo.in,1,2374,MINI-2504-2
VR882419,C108613,VA-SW-FIT,2025-06-09,vireo.in,1,1599,FIT-2504-3
VR882539,C105372,VA-HP-ST2,2025-06-09,vireo.in,1,4999,ST2-2503-2
VR885094,C101951,VA-HP-ST3,2025-06-09,vireo.in,1,5949,ST3-2505-3
VR889660,C100644,VA-HP-ST3,2025-06-09,vireo.in,1,5949,ST3-2505-2
VR890089,C101962,VA-NB-ARC,2025-06-09,vireo.in,2,2598,ARC-2503-2
VR890656,C105016,VA-EB-PL1,2025-06-09,Amazon,1,2374,PL1-2503-4
VR890845,C100550,VA-HP-ST3,2025-06-09,vireo.in,1,6299,ST3-2502-4
VR891738,C103064,VA-HP-ST2,2025-06-09,vireo.in,1,4499,ST2-2505-3
VR894294,C101978,VA-EB-AIR,2025-06-09,Amazon,1,1799,AIR-2505-2
VR896699,C101419,VA-SP-MINI,2025-06-09,Amazon,2,4998,MINI-2504-2
VR897037,C100918,VA-SP-MINI,2025-06-09,vireo.in,1,2499,MINI-2505-4
VR899714,C107861,VA-EB-AIR,2025-06-09,vireo.in,1,1709,AIR-2504-2
VR902133,C104408,VA-SW-FIT,2025-06-09,Amazon,1,1999,FIT-2505-4
VR905582,C102801,VA-EB-PL1,2025-06-09,Amazon,1,2499,PL1-2505-2
VR907031,C107628,VA-SW-FIT,2025-06-09,Flipkart,1,1999,FIT-2502-1
VR908504,C107620,VA-SP-MINI,2025-06-09,vireo.in,1,2249,MINI-2504-1
VR909031,C101600,VA-SP-MINI,2025-06-09,vireo.in,1,2124,MINI-2505-4
VR909844,C103483,VA-AC-CBL,2025-06-09,vireo.in,1,339,CBL-2504-4
VR880343,C105110,VA-EB-PL1,2025-06-10,Amazon,1,2499,PL1-2504-4
VR881017,C106696,VA-SW-NX1,2025-06-10,vireo.in,1,4999,NX1-2503-3
VR885648,C103586,VA-HP-ST2,2025-06-10,Amazon,1,4749,ST2-2502-2
VR885795,C100440,VA-SW-NX2,2025-06-10,Amazon,1,5199,NX2-2505-2
VR887228,C101352,VA-EB-PL1,2025-06-10,vireo.in,1,2499,PL1-2504-1
VR891142,C100149,VA-SP-MINI,2025-06-10,Amazon,1,2499,MINI-2503-2
VR897630,C107167,VA-SP-MINI,2025-06-10,Flipkart,1,2124,MINI-2503-4
VR898239,C109383,VA-SW-FIT,2025-06-10,vireo.in,1,1799,FIT-2503-3
VR900122,C106080,VA-EB-AIR,2025-06-10,vireo.in,1,1529,AIR-2505-3
VR902520,C103797,VA-HP-ST2,2025-06-10,Amazon,1,4249,ST2-2504-2
VR903217,C106273,VA-SW-NX2,2025-06-10,Amazon,1,6499,NX2-2505-1
VR904878,C106816,VA-EB-AIR,2025-06-10,vireo.in,1,1619,AIR-2503-3
VR906755,C109351,VA-AC-CBL,2025-06-10,vireo.in,1,339,CBL-2504-3
VR907876,C103316,VA-EB-PL1,2025-06-10,Amazon,1,2124,PL1-2505-3
VR909559,C100774,VA-SW-NX1,2025-06-10,vireo.in,1,4249,NX1-2503-3
VR880530,C103469,VA-SP-MINI,2025-06-11,Amazon,1,2499,MINI-2504-1
VR881421,C107089,VA-SW-FIT,2025-06-11,vireo.in,1,1699,FIT-2503-3
VR882317,C105224,VA-SP-MINI,2025-06-11,Amazon,2,4998,MINI-2503-4
VR886501,C104046,VA-HP-ST2,2025-06-11,vireo.in,1,4999,ST2-2504-4
VR886784,C104879,VA-SW-NX2,2025-06-11,Amazon,1,5524,NX2-2505-3
VR886963,C100717,VA-SW-FIT,2025-06-11,Amazon,2,3398,FIT-2503-3
VR889906,C100907,VA-HP-ST2,2025-06-11,Amazon,1,4999,ST2-2503-4
VR892770,C108977,VA-EB-AIR,2025-06-11,Amazon,1,1799,AIR-2504-4
VR895850,C103724,VA-EB-PL1,2025-06-11,vireo.in,1,1999,PL1-2505-1
VR897533,C104786,VA-HP-ST3,2025-06-11,vireo.in,1,6649,ST3-2503-3
VR903290,C106826,VA-EB-PL1,2025-06-11,vireo.in,2,4998,PL1-2502-2
VR907391,C108426,VA-EB-PL1,2025-06-11,Flipkart,1,2374,PL1-2505-4
VR907562,C104044,VA-SP-ORB,2025-06-11,Amazon,1,5999,ORB-2503-4
VR908268,C109078,VA-NB-ARC,2025-06-11,vireo.in,1,1169,ARC-2502-3
VR908410,C104965,VA-SP-MINI,2025-06-11,Amazon,1,2374,MINI-2505-3
VR909147,C105939,VA-HP-ST2,2025-06-11,Amazon,1,3999,ST2-2503-2
VR881293,C108820,VA-EB-PL1,2025-06-12,vireo.in,1,2249,PL1-2503-1
VR882530,C108004,VA-SP-MINI,2025-06-12,vireo.in,1,2499,MINI-2502-4
VR885883,C104343,VA-SP-MINI,2025-06-12,vireo.in,1,2499,MINI-2504-4
VR892583,C103950,VA-SP-ORB,2025-06-12,Amazon,1,5699,ORB-2505-1
VR892783,C105669,VA-HP-ST3,2025-06-12,Amazon,1,5949,ST3-2503-3
VR896848,C106442,VA-SP-ORB,2025-06-12,Amazon,1,5999,ORB-2503-1
VR898155,C103248,VA-SP-MINI,2025-06-12,vireo.in,1,2374,MINI-2505-2
VR902357,C104901,VA-SW-NX1,2025-06-12,Amazon,1,4749,NX1-2503-3
VR902589,C106405,VA-SW-FIT,2025-06-12,vireo.in,1,1999,FIT-2503-3
VR904290,C104380,VA-SW-NX2,2025-06-12,Amazon,1,6499,NX2-2504-1
VR906024,C108464,VA-SP-MINI,2025-06-12,vireo.in,1,2374,MINI-2503-3
VR906099,C107748,VA-SP-ORB,2025-06-12,vireo.in,2,9598,ORB-2504-2
VR906476,C101436,VA-EB-AIR,2025-06-12,Amazon,1,1799,AIR-2504-4
VR907643,C105473,VA-EB-AIR,2025-06-12,Amazon,1,1619,AIR-2504-2
VR881126,C109067,VA-EB-AIR,2025-06-13,vireo.in,2,3058,AIR-2503-4
VR881240,C106305,VA-SW-NX2,2025-06-13,Amazon,1,5199,NX2-2505-2
VR881448,C107014,VA-SW-NX2,2025-06-13,vireo.in,1,5524,NX2-2505-3
VR882158,C103517,VA-HP-ST3,2025-06-13,Amazon,2,12598,ST3-2503-4
VR884823,C108500,VA-EB-PL1,2025-06-13,vireo.in,1,2499,PL1-2503-2
VR893514,C105389,VA-SW-NX2,2025-06-13,Amazon,1,5524,NX2-2505-1
VR898581,C106594,VA-EB-PL1,2025-06-13,vireo.in,1,2499,PL1-2503-4
VR901356,C107601,VA-EB-AIR,2025-06-13,Flipkart,1,1799,AIR-2503-4
VR902954,C108992,VA-SW-NX1,2025-06-13,Flipkart,1,4999,NX1-2505-3
VR880355,C108935,VA-SW-NX2,2025-06-14,Flipkart,1,6499,NX2-2504-3
VR880935,C109096,VA-SW-FIT,2025-06-14,vireo.in,1,1599,FIT-2504-3
VR882106,C109493,VA-NB-ARC,2025-06-14,vireo.in,1,1104,ARC-2503-4
VR882288,C100428,VA-EB-AIR,2025-06-14,Amazon,1,1529,AIR-2503-2
VR884744,C108144,VA-SW-NX2,2025-06-14,Flipkart,1,5849,NX2-2504-4
VR886517,C105538,VA-NB-ARC,2025-06-14,vireo.in,1,1169,ARC-2505-4
VR886551,C106258,VA-SP-MINI,2025-06-14,vireo.in,1,1999,MINI-2502-4
VR889778,C104926,VA-SP-MINI,2025-06-14,Flipkart,1,2499,MINI-2504-4
VR894735,C107233,VA-EB-AIR,2025-06-14,vireo.in,2,3598,AIR-2505-3
VR895258,C108014,VA-EB-AIR,2025-06-14,vireo.in,1,1439,AIR-2503-4
VR895536,C102413,VA-SW-NX2,2025-06-14,vireo.in,1,6499,NX2-2503-4
VR902644,C108481,VA-EB-PL1,2025-06-14,vireo.in,1,2374,PL1-2504-1
VR903667,C104289,VA-HP-ST2,2025-06-14,Amazon,1,4749,ST2-2503-1
VR905502,C107488,VA-SW-NX2,2025-06-14,vireo.in,1,5524,NX2-2504-2
VR881925,C102808,VA-SW-NX1,2025-06-15,Amazon,1,4249,NX1-2503-2
VR883492,C107742,VA-SW-NX2,2025-06-15,Amazon,1,6499,NX2-2504-3
VR885285,C109262,VA-HP-ST3,2025-06-15,Flipkart,1,6999,ST3-2505-3
VR885353,C107418,VA-SP-ORB,2025-06-15,Amazon,1,5999,ORB-2504-2
VR889516,C104185,VA-SW-NX2,2025-06-15,Flipkart,1,5849,NX2-2504-4
VR890272,C105153,VA-EB-PL1,2025-06-15,Amazon,1,2124,PL1-2503-1
VR894225,C103702,VA-HP-ST2,2025-06-15,Amazon,1,4999,ST2-2505-4
VR897917,C101214,VA-SP-ORB,2025-06-15,vireo.in,1,5999,ORB-2505-3
VR901995,C103793,VA-SP-MINI,2025-06-15,vireo.in,1,2374,MINI-2505-1
VR902841,C109298,VA-SP-MINI,2025-06-15,vireo.in,1,2374,MINI-2504-4
VR905482,C108936,VA-SP-MINI,2025-06-15,Flipkart,1,2249,MINI-2505-4
VR908593,C102039,VA-EB-PL1,2025-06-15,Amazon,1,1999,PL1-2503-4
VR908610,C106791,VA-SW-NX2,2025-06-15,vireo.in,1,6499,NX2-2505-4
VR908621,C107705,VA-SW-NX2,2025-06-15,Flipkart,1,5524,NX2-2503-2
VR881142,C101852,VA-NB-ARC,2025-06-16,Flipkart,2,2078,ARC-2504-4
VR882086,C107214,VA-AC-CH65,2025-06-16,vireo.in,1,1349,CH65-2504-4
VR885092,C106113,VA-EB-PL1,2025-06-16,vireo.in,1,2374,PL1-2503-4
VR887030,C100545,VA-NB-ARC,2025-06-16,vireo.in,1,1104,ARC-2504-1
VR887192,C108548,VA-SW-NX2,2025-06-16,Amazon,1,6499,NX2-2503-3
VR890998,C106238,VA-EB-PL1,2025-06-16,vireo.in,1,2374,PL1-2505-4
VR893558,C105311,VA-SP-MINI,2025-06-16,vireo.in,1,2249,MINI-2503-4
VR896377,C103510,VA-EB-PL1,2025-06-16,vireo.in,1,2499,PL1-2504-2
VR898683,C107666,VA-AC-CH65,2025-06-16,vireo.in,1,1499,CH65-2504-1
VR899847,C101804,VA-EB-PL1,2025-06-16,Amazon,1,2124,PL1-2504-3
VR901958,C103849,VA-HP-ST3,2025-06-16,vireo.in,1,6999,ST3-2504-2
VR905830,C105238,VA-SW-NX2,2025-06-16,vireo.in,1,6499,NX2-2505-2
VR905964,C101857,VA-SW-NX1,2025-06-16,Flipkart,1,4249,NX1-2503-1
VR907103,C106679,VA-SW-NX1,2025-06-16,Amazon,1,4999,NX1-2504-3
VR907295,C102016,VA-EB-AIR,2025-06-16,Amazon,1,1439,AIR-2505-2
VR908654,C109461,VA-EB-PL1,2025-06-16,vireo.in,1,2249,PL1-2503-1
VR882621,C102067,VA-SW-NX2,2025-06-17,Flipkart,1,5199,NX2-2503-4
VR887339,C108895,VA-EB-AIR,2025-06-17,Amazon,1,1529,AIR-2505-2
VR887492,C106897,VA-EB-PL1,2025-06-17,vireo.in,1,2124,PL1-2505-4
VR890276,C105814,VA-HP-ST2,2025-06-17,vireo.in,2,8998,ST2-2504-3
VR890669,C100282,VA-SW-FIT,2025-06-17,Amazon,1,1999,FIT-2504-2
VR893403,C103995,VA-SP-MINI,2025-06-17,Amazon,1,2499,MINI-2503-3
VR895439,C101737,VA-EB-PL1,2025-06-17,vireo.in,1,2249,PL1-2504-4
VR896368,C105920,VA-SW-NX2,2025-06-17,vireo.in,1,5524,NX2-2503-4
VR897092,C102428,VA-SW-NX2,2025-06-17,vireo.in,1,5524,NX2-2503-2
VR899191,C105061,VA-SW-NX2,2025-06-17,vireo.in,1,6499,NX2-2503-1
VR899761,C106086,VA-SW-NX2,2025-06-17,Flipkart,1,6499,NX2-2503-4
VR902914,C108619,VA-SW-NX1,2025-06-17,vireo.in,1,4249,NX1-2504-1
VR906513,C103515,VA-EB-PL1,2025-06-17,vireo.in,1,2499,PL1-2504-3
VR906614,C104980,VA-SP-MINI,2025-06-17,vireo.in,1,1999,MINI-2505-4
VR907193,C107367,VA-SP-ORB,2025-06-17,vireo.in,1,5699,ORB-2504-4
VR908689,C103573,VA-SW-NX2,2025-06-17,Flipkart,1,5199,NX2-2505-1
VR880700,C109480,VA-EB-AIR,2025-06-18,Amazon,1,1619,AIR-2503-2
VR881534,C107448,VA-SP-MINI,2025-06-18,Flipkart,1,2124,MINI-2505-2
VR884512,C103443,VA-SW-NX1,2025-06-18,Amazon,1,4999,NX1-2503-2
VR885085,C105176,VA-EB-PL1,2025-06-18,vireo.in,1,1999,PL1-2503-3
VR887540,C109025,VA-HP-ST2,2025-06-18,Flipkart,1,3999,ST2-2504-3
VR889301,C105637,VA-SW-FIT,2025-06-18,vireo.in,1,1899,FIT-2505-3
VR891174,C106423,VA-SW-NX2,2025-06-18,vireo.in,1,5524,NX2-2504-1
VR892903,C104370,VA-EB-PL1,2025-06-18,Amazon,1,2499,PL1-2504-2
VR893736,C103035,VA-SW-NX2,2025-06-18,vireo.in,1,6499,NX2-2503-1
VR897543,C105765,VA-SP-MINI,2025-06-18,vireo.in,2,4498,MINI-2505-2
VR901550,C108731,VA-HP-ST3,2025-06-18,Flipkart,1,5599,ST3-2505-3
VR902460,C101631,VA-EB-PL1,2025-06-18,vireo.in,1,2499,PL1-2505-3
VR905114,C105119,VA-SW-FIT,2025-06-18,vireo.in,1,1999,FIT-2503-4
VR906367,C103152,VA-SW-NX2,2025-06-18,vireo.in,1,5849,NX2-2503-4
VR906590,C107653,VA-HP-ST3,2025-06-18,vireo.in,1,6299,ST3-2505-1
VR906783,C104752,VA-SP-MINI,2025-06-18,vireo.in,1,1999,MINI-2503-3
VR907690,C108924,VA-SW-FIT,2025-06-18,vireo.in,1,1599,FIT-2503-3
VR907722,C104099,VA-EB-AIR,2025-06-18,vireo.in,1,1799,AIR-2505-2
VR908867,C100996,VA-SP-MINI,2025-06-18,vireo.in,1,2499,MINI-2504-1
VR908940,C105903,VA-SW-NX1,2025-06-18,vireo.in,1,4499,NX1-2505-3
VR880723,C101086,VA-SP-ORB,2025-06-19,Amazon,2,11998,ORB-2503-1
VR881614,C100920,VA-EB-PL1,2025-06-19,vireo.in,1,2249,PL1-2505-3
VR883921,C101421,VA-EB-AIR,2025-06-19,vireo.in,1,1799,AIR-2504-1
VR887583,C108002,VA-NB-ARC,2025-06-19,Flipkart,1,1104,ARC-2504-1
VR888010,C107108,VA-SP-MINI,2025-06-19,vireo.in,1,2499,MINI-2504-3
VR891477,C101524,VA-HP-ST3,2025-06-19,Amazon,1,5949,ST3-2504-4
VR892412,C106800,VA-SP-MINI,2025-06-19,Flipkart,1,2499,MINI-2503-1
VR894484,C101762,VA-SP-MINI,2025-06-19,Flipkart,1,2374,MINI-2504-4
VR896344,C108371,VA-AC-CH65,2025-06-19,vireo.in,1,1499,CH65-2504-2
VR897436,C106936,VA-SW-FIT,2025-06-19,vireo.in,1,1999,FIT-2504-2
VR897626,C103826,VA-SW-NX2,2025-06-19,vireo.in,1,6174,NX2-2505-4
VR899671,C104894,VA-SW-FIT,2025-06-19,vireo.in,1,1999,FIT-2503-3
VR899822,C107384,VA-HP-ST2,2025-06-19,Amazon,1,4999,ST2-2503-2
VR902989,C101283,VA-SP-MINI,2025-06-19,Amazon,1,2374,MINI-2504-3
VR907698,C109068,VA-SW-NX2,2025-06-19,vireo.in,1,6499,NX2-2503-2
VR908344,C101598,VA-EB-AIR,2025-06-19,Flipkart,2,3058,AIR-2504-3
VR888792,C100557,VA-HP-ST3,2025-06-20,Flipkart,1,5949,ST3-2503-1
VR893571,C102439,VA-SW-NX1,2025-06-20,vireo.in,1,3999,NX1-2505-2
VR894149,C100836,VA-EB-AIR,2025-06-20,vireo.in,1,1799,AIR-2505-1
VR897686,C103410,VA-HP-ST3,2025-06-20,vireo.in,1,6649,ST3-2503-2
VR898533,C108443,VA-HP-ST3,2025-06-20,vireo.in,1,6999,ST3-2503-4
VR899562,C104215,VA-HP-ST3,2025-06-20,vireo.in,1,5949,ST3-2503-4
VR900238,C102132,VA-EB-PL1,2025-06-20,Flipkart,1,1999,PL1-2505-3
VR901862,C107981,VA-EB-PL1,2025-06-20,vireo.in,1,2499,PL1-2504-1
VR902476,C108228,VA-SW-FIT,2025-06-20,Amazon,1,1999,FIT-2505-3
VR904532,C106613,VA-SW-FIT,2025-06-20,Flipkart,1,1899,FIT-2505-1
VR908255,C108000,VA-NB-ARC,2025-06-20,Amazon,1,1104,ARC-2503-2
VR883766,C108287,VA-EB-AIR,2025-06-21,vireo.in,1,1439,AIR-2505-4
VR886128,C105086,VA-EB-PL1,2025-06-21,vireo.in,1,2249,PL1-2504-3
VR889688,C107099,VA-SP-ORB,2025-06-21,Amazon,1,5999,ORB-2505-2
VR889967,C105814,VA-SW-NX2,2025-06-21,vireo.in,1,5199,NX2-2503-2
VR890776,C104232,VA-HP-ST3,2025-06-21,Amazon,1,6999,ST3-2505-4
VR892307,C106069,VA-NB-ARC,2025-06-21,vireo.in,1,1299,ARC-2503-4
VR895610,C105510,VA-EB-PL1,2025-06-21,vireo.in,1,2374,PL1-2506-4
VR896200,C109317,VA-SP-ORB,2025-06-21,Amazon,1,5099,ORB-2504-3
VR897135,C106567,VA-SW-NX2,2025-06-21,Amazon,1,6499,NX2-2505-3
VR898511,C102581,VA-EB-AIR,2025-06-21,vireo.in,1,1529,AIR-2504-1
VR899288,C106238,VA-SW-NX2,2025-06-21,Flipkart,1,5849,NX2-2504-3
VR903362,C102002,VA-SP-MINI,2025-06-21,vireo.in,1,2499,MINI-2503-4
VR904735,C108176,VA-SP-MINI,2025-06-21,vireo.in,1,2499,MINI-2505-1
VR906336,C100539,VA-HP-ST3,2025-06-21,vireo.in,1,6999,ST3-2504-4
VR906989,C102066,VA-SW-NX2,2025-06-21,Amazon,1,6499,NX2-2503-1
VR908305,C107751,VA-SW-FIT,2025-06-21,vireo.in,1,1599,FIT-2505-1
VR908363,C107278,VA-SP-ORB,2025-06-21,Flipkart,1,5999,ORB-2504-1
VR908599,C100101,VA-EB-PL1,2025-06-21,vireo.in,1,2374,PL1-2505-3
VR908987,C104650,VA-SP-ORB,2025-06-21,vireo.in,1,4799,ORB-2505-1
VR909454,C107133,VA-SW-NX2,2025-06-21,vireo.in,1,6174,NX2-2503-3
VR883740,C106811,VA-SW-NX2,2025-06-22,Amazon,1,6174,NX2-2505-4
VR885458,C108713,VA-EB-PL1,2025-06-22,Amazon,1,1999,PL1-2503-1
VR885550,C108274,VA-SP-MINI,2025-06-22,vireo.in,1,1999,MINI-2505-4
VR885676,C100966,VA-SW-FIT,2025-06-22,Amazon,1,1999,FIT-2503-1
VR886222,C103182,VA-EB-AIR,2025-06-22,vireo.in,1,1799,AIR-2504-1
VR888587,C103546,VA-HP-ST3,2025-06-22,Amazon,2,12598,ST3-2505-2
VR891003,C102967,VA-EB-PL1,2025-06-22,vireo.in,1,2249,PL1-2505-1
VR893050,C105403,VA-SW-FIT,2025-06-22,vireo.in,1,1899,FIT-2503-1
VR893249,C108804,VA-EB-PL1,2025-06-22,Amazon,1,2374,PL1-2503-4
VR893330,C106015,VA-SP-ORB,2025-06-22,vireo.in,1,5999,ORB-2505-4
VR893353,C109326,VA-SP-ORB,2025-06-22,Amazon,1,4799,ORB-2505-2
VR895758,C105223,VA-SP-ORB,2025-06-22,vireo.in,1,5399,ORB-2503-4
VR897964,C103494,VA-HP-ST3,2025-06-22,Amazon,1,6649,ST3-2503-2
VR900280,C101257,VA-SW-NX1,2025-06-22,vireo.in,1,4499,NX1-2505-2
VR903239,C105964,VA-HP-ST2,2025-06-22,Flipkart,1,4999,ST2-2503-2
VR904249,C103486,VA-SP-MINI,2025-06-22,Amazon,1,2249,MINI-2504-4
VR905460,C107492,VA-SW-NX2,2025-06-22,vireo.in,1,5199,NX2-2505-1
VR880372,C105383,VA-EB-PL1,2025-06-23,vireo.in,1,2499,PL1-2503-2
VR880839,C107318,VA-EB-AIR,2025-06-23,vireo.in,1,1799,AIR-2505-1
VR880899,C102747,VA-HP-ST3,2025-06-23,vireo.in,1,6999,ST3-2505-1
VR883002,C103602,VA-SW-FIT,2025-06-23,Amazon,1,1699,FIT-2503-4
VR883527,C102637,VA-SW-NX2,2025-06-23,vireo.in,1,6499,NX2-2503-2
VR885152,C103704,VA-EB-AIR,2025-06-23,Amazon,1,1799,AIR-2504-4
VR891385,C106803,VA-EB-AIR,2025-06-23,vireo.in,1,1799,AIR-2504-3
VR895263,C102758,VA-HP-ST3,2025-06-23,Flipkart,1,6999,ST3-2506-2
VR896326,C105733,VA-EB-AIR,2025-06-23,vireo.in,1,1799,AIR-2504-3
VR899475,C108291,VA-EB-PL1,2025-06-23,Amazon,1,2249,PL1-2505-4
VR902850,C102343,VA-SW-NX2,2025-06-23,vireo.in,1,6499,NX2-2504-2
VR903379,C102487,VA-EB-PL1,2025-06-23,Amazon,1,2374,PL1-2503-3
VR904320,C102911,VA-EB-PL1,2025-06-23,Amazon,1,2499,PL1-2503-2
VR905880,C101481,VA-EB-PL1,2025-06-23,vireo.in,1,2499,PL1-2505-3
VR909251,C101347,VA-HP-ST3,2025-06-23,Amazon,1,5599,ST3-2505-4
VR883229,C107939,VA-SP-MINI,2025-06-24,Flipkart,1,2374,MINI-2504-4
VR884385,C103132,VA-EB-PL1,2025-06-24,Amazon,1,2249,PL1-2504-1
VR889512,C102392,VA-EB-PL1,2025-06-24,Amazon,2,4498,PL1-2505-2
VR894297,C101850,VA-SW-NX2,2025-06-24,vireo.in,1,5849,NX2-2504-3
VR895396,C105938,VA-HP-ST3,2025-06-24,Amazon,1,6649,ST3-2504-2
VR896873,C100143,VA-HP-ST3,2025-06-24,vireo.in,1,6999,ST3-2503-3
VR898645,C107440,VA-HP-ST3,2025-06-24,vireo.in,2,13298,ST3-2503-4
VR899014,C105296,VA-EB-AIR,2025-06-24,vireo.in,1,1799,AIR-2505-1
VR900570,C102218,VA-EB-AIR,2025-06-24,Amazon,1,1799,AIR-2504-1
VR902127,C101809,VA-EB-AIR,2025-06-24,Flipkart,2,3058,AIR-2505-4
VR902778,C108427,VA-EB-AIR,2025-06-24,Flipkart,1,1709,AIR-2505-3
VR904401,C108685,VA-SW-FIT,2025-06-24,vireo.in,1,1899,FIT-2504-1
VR908498,C107319,VA-EB-AIR,2025-06-24,Amazon,1,1799,AIR-2505-3
VR909532,C107676,VA-EB-PL1,2025-06-24,Amazon,1,2499,PL1-2503-1
VR881773,C104840,VA-HP-ST2,2025-06-25,vireo.in,1,4749,ST2-2504-4
VR881990,C103242,VA-EB-PL1,2025-06-25,Amazon,1,2374,PL1-2506-4
VR885968,C109040,VA-EB-PL1,2025-06-25,Amazon,1,1999,PL1-2503-4
VR889593,C106659,VA-AC-CH65,2025-06-25,vireo.in,1,1349,CH65-2504-4
VR889986,C104943,VA-SW-NX1,2025-06-25,Amazon,1,4999,NX1-2505-2
VR890921,C107901,VA-EB-PL1,2025-06-25,Flipkart,1,2499,PL1-2505-2
VR892097,C103169,VA-NB-ARC,2025-06-25,Flipkart,1,1299,ARC-2504-2
VR892322,C106173,VA-AC-CH65,2025-06-25,Flipkart,2,2998,CH65-2504-2
VR893449,C101218,VA-NB-ARC,2025-06-25,Amazon,1,1234,ARC-2503-1
VR893914,C105323,VA-SW-FIT,2025-06-25,vireo.in,1,1899,FIT-2505-4
VR894467,C103357,VA-SW-FIT,2025-06-25,Amazon,1,1999,FIT-2503-3
VR894745,C109096,VA-SW-NX1,2025-06-25,Flipkart,1,4999,NX1-2504-1
VR894980,C103529,VA-EB-AIR,2025-06-25,vireo.in,1,1619,AIR-2505-1
VR905780,C109484,VA-HP-ST3,2025-06-25,vireo.in,1,6999,ST3-2505-2
VR906401,C107060,VA-SW-NX1,2025-06-25,vireo.in,1,4249,NX1-2504-4
VR907557,C108385,VA-SW-FIT,2025-06-25,vireo.in,1,1999,FIT-2505-4
VR889155,C103969,VA-SP-MINI,2025-06-26,vireo.in,1,2124,MINI-2503-1
VR889797,C101465,VA-NB-ARC,2025-06-26,vireo.in,1,1039,ARC-2505-4
VR892729,C105304,VA-EB-AIR,2025-06-26,Amazon,1,1529,AIR-2503-3
VR893507,C102225,VA-AC-CH65,2025-06-26,vireo.in,1,1274,CH65-2505-3
VR894102,C102919,VA-HP-ST3,2025-06-26,Amazon,1,6649,ST3-2504-3
VR894271,C103810,VA-HP-ST2,2025-06-26,vireo.in,1,4999,ST2-2505-2
VR896610,C100587,VA-HP-ST3,2025-06-26,vireo.in,2,13998,ST3-2504-3
VR898023,C106559,VA-EB-AIR,2025-06-26,Flipkart,1,1709,AIR-2506-1
VR898556,C109183,VA-HP-ST3,2025-06-26,Amazon,1,5599,ST3-2503-2
VR899453,C102717,VA-EB-AIR,2025-06-26,vireo.in,1,1529,AIR-2505-4
VR899764,C105441,VA-SP-MINI,2025-06-26,Flipkart,1,2249,MINI-2506-2
VR902182,C101860,VA-EB-AIR,2025-06-26,vireo.in,1,1709,AIR-2504-3
VR903381,C102590,VA-HP-ST3,2025-06-26,Amazon,1,6299,ST3-2503-1
VR904415,C107318,VA-SW-FIT,2025-06-26,Flipkart,1,1999,FIT-2503-4
VR905306,C102207,VA-HP-ST2,2025-06-26,vireo.in,2,7998,ST2-2503-3
VR906031,C106231,VA-SW-NX2,2025-06-26,Amazon,2,12998,NX2-2505-2
VR907518,C109499,VA-SW-NX2,2025-06-26,Amazon,1,5849,NX2-2503-2
VR909658,C103983,VA-EB-PL1,2025-06-26,vireo.in,2,4998,PL1-2505-1
VR880025,C107639,VA-SP-MINI,2025-06-27,vireo.in,1,2249,MINI-2504-4
VR880664,C107569,VA-SW-NX2,2025-06-27,Amazon,1,5524,NX2-2505-2
VR887866,C104657,VA-SP-MINI,2025-06-27,Flipkart,1,2499,MINI-2503-3
VR891036,C106774,VA-SP-MINI,2025-06-27,vireo.in,2,4248,MINI-2506-1
VR892407,C106592,VA-SP-MINI,2025-06-27,Amazon,1,2499,MINI-2504-1
VR892831,C105087,VA-SW-NX2,2025-06-27,vireo.in,1,6174,NX2-2503-2
VR895166,C104782,VA-SW-NX2,2025-06-27,vireo.in,1,6499,NX2-2504-3
VR895314,C101043,VA-EB-AIR,2025-06-27,Amazon,1,1709,AIR-2504-3
VR897066,C109474,VA-HP-ST2,2025-06-27,Flipkart,1,4999,ST2-2503-4
VR898408,C100567,VA-SW-NX2,2025-06-27,Amazon,1,5524,NX2-2505-1
VR899507,C104099,VA-EB-PL1,2025-06-27,Amazon,1,2499,PL1-2503-4
VR903254,C105311,VA-HP-ST3,2025-06-27,vireo.in,1,6299,ST3-2505-4
VR904405,C104007,VA-HP-ST2,2025-06-27,Flipkart,1,4749,ST2-2504-4
VR904512,C103532,VA-EB-AIR,2025-06-27,Amazon,1,1529,AIR-2504-4
VR909093,C107380,VA-EB-AIR,2025-06-27,Amazon,1,1529,AIR-2505-1
VR909245,C106440,VA-SP-MINI,2025-06-27,vireo.in,1,2124,MINI-2505-1
VR909581,C105457,VA-SP-MINI,2025-06-27,Amazon,1,2124,MINI-2504-2
VR882058,C106178,VA-EB-AIR,2025-06-28,vireo.in,1,1799,AIR-2505-1
VR882225,C100212,VA-SW-NX2,2025-06-28,vireo.in,2,11698,NX2-2504-4
VR882487,C105338,VA-EB-AIR,2025-06-28,Flipkart,1,1799,AIR-2503-3
VR885056,C105625,VA-EB-AIR,2025-06-28,vireo.in,1,1619,AIR-2503-2
VR886375,C104124,VA-SW-NX2,2025-06-28,vireo.in,1,6499,NX2-2505-1
VR886475,C103435,VA-EB-PL1,2025-06-28,vireo.in,1,2124,PL1-2505-2
VR888425,C103158,VA-SW-NX2,2025-06-28,vireo.in,1,6499,NX2-2505-4
VR888812,C107560,VA-SP-MINI,2025-06-28,vireo.in,1,2249,MINI-2506-3
VR889590,C102165,VA-EB-AIR,2025-06-28,vireo.in,1,1709,AIR-2504-1
VR890268,C103650,VA-HP-ST3,2025-06-28,Flipkart,1,6299,ST3-2506-4
VR892234,C104421,VA-EB-PL1,2025-06-28,Amazon,1,2499,PL1-2505-4
VR899108,C102831,VA-EB-PL1,2025-06-28,vireo.in,1,2249,PL1-2504-3
VR900512,C107339,VA-EB-AIR,2025-06-28,vireo.in,1,1439,AIR-2506-2
VR901252,C106925,VA-SP-MINI,2025-06-28,Amazon,1,2374,MINI-2504-4
VR903021,C100666,VA-EB-PL1,2025-06-28,Amazon,1,2499,PL1-2505-3
VR905085,C100275,VA-SW-NX2,2025-06-28,Amazon,1,5849,NX2-2503-4
VR905359,C104151,VA-SW-FIT,2025-06-28,Amazon,1,1999,FIT-2503-2
VR908085,C104999,VA-HP-ST3,2025-06-28,vireo.in,1,6299,ST3-2505-1
VR880254,C101494,VA-EB-PL1,2025-06-29,vireo.in,1,2374,PL1-2504-2
VR883911,C108342,VA-HP-ST3,2025-06-29,Amazon,1,6649,ST3-2505-3
VR887639,C102498,VA-SW-FIT,2025-06-29,Amazon,1,1999,FIT-2504-3
VR888118,C104576,VA-EB-AIR,2025-06-29,vireo.in,1,1529,AIR-2505-1
VR888568,C103196,VA-SW-NX2,2025-06-29,Amazon,1,5199,NX2-2504-4
VR890117,C105250,VA-SW-FIT,2025-06-29,vireo.in,1,1699,FIT-2504-3
VR890608,C107178,VA-SP-MINI,2025-06-29,vireo.in,1,2249,MINI-2505-4
VR891637,C106926,VA-EB-PL1,2025-06-29,Amazon,1,2124,PL1-2505-1
VR892040,C104785,VA-EB-AIR,2025-06-29,vireo.in,1,1799,AIR-2503-3
VR893418,C102646,VA-NB-ARC,2025-06-29,Flipkart,1,1299,ARC-2505-2
VR895077,C105365,VA-HP-ST3,2025-06-29,vireo.in,1,6999,ST3-2505-3
VR895742,C105387,VA-EB-AIR,2025-06-29,vireo.in,1,1529,AIR-2505-4
VR900642,C101732,VA-SW-NX2,2025-06-29,vireo.in,1,6174,NX2-2505-2
VR904155,C100543,VA-EB-PL1,2025-06-29,vireo.in,1,2499,PL1-2503-3
VR905141,C102407,VA-SW-NX2,2025-06-29,Flipkart,1,6174,NX2-2505-2
VR906615,C103050,VA-SW-NX2,2025-06-29,vireo.in,1,5199,NX2-2505-1
VR908861,C103112,VA-NB-ARC,2025-06-29,Amazon,1,1299,ARC-2504-1
VR880201,C100236,VA-SP-MINI,2025-06-30,Amazon,2,4998,MINI-2504-4
VR883640,C102481,VA-EB-AIR,2025-06-30,Amazon,1,1439,AIR-2503-4
VR885780,C105208,VA-SP-MINI,2025-06-30,Flipkart,1,2499,MINI-2504-3
VR886932,C109199,VA-SW-NX2,2025-06-30,vireo.in,2,12348,NX2-2504-2
VR887567,C104121,VA-HP-ST3,2025-06-30,vireo.in,1,5599,ST3-2506-4
VR890420,C107947,VA-SW-NX1,2025-06-30,vireo.in,1,4999,NX1-2505-3
VR891334,C103637,VA-EB-PL1,2025-06-30,vireo.in,1,2499,PL1-2504-3
VR892624,C107230,VA-SW-NX2,2025-06-30,vireo.in,1,6174,NX2-2504-4
VR893725,C108680,VA-EB-AIR,2025-06-30,vireo.in,1,1709,AIR-2504-2
VR897165,C105831,VA-SW-FIT,2025-06-30,Flipkart,1,1799,FIT-2505-3
VR899954,C100813,VA-EB-AIR,2025-06-30,Amazon,1,1799,AIR-2504-1
VR900454,C101519,VA-SP-MINI,2025-06-30,Amazon,1,2499,MINI-2505-2
VR900630,C100646,VA-NB-ARC,2025-06-30,vireo.in,1,1104,ARC-2503-1
VR904083,C108697,VA-EB-PL1,2025-06-30,vireo.in,1,2499,PL1-2504-3
VR904727,C100940,VA-SW-FIT,2025-06-30,Amazon,1,1999,FIT-2505-2
VR883906,C101801,VA-EB-PL1,2025-07-01,vireo.in,1,1999,PL1-2506-2
VR883915,C101934,VA-SW-FIT,2025-07-01,vireo.in,1,1799,FIT-2505-4
VR884262,C107672,VA-EB-AIR,2025-07-01,vireo.in,1,1799,AIR-2505-3
VR885539,C108098,VA-SP-MINI,2025-07-01,vireo.in,1,2499,MINI-2504-4
VR887471,C103660,VA-SW-NX2,2025-07-01,vireo.in,1,5524,NX2-2503-2
VR887519,C100791,VA-SW-FIT,2025-07-01,vireo.in,1,1899,FIT-2504-4
VR888725,C108477,VA-HP-ST2,2025-07-01,Amazon,1,4499,ST2-2503-2
VR889864,C108099,VA-SW-NX2,2025-07-01,Flipkart,1,5524,NX2-2506-1
VR890023,C105218,VA-SW-NX1,2025-07-01,vireo.in,1,4249,NX1-2506-3
VR890279,C108634,VA-EB-PL1,2025-07-01,Amazon,1,2499,PL1-2504-2
VR892252,C106470,VA-EB-AIR,2025-07-01,Flipkart,1,1799,AIR-2503-3
VR892595,C100434,VA-SP-MINI,2025-07-01,Amazon,1,2499,MINI-2504-2
VR893383,C102966,VA-EB-PL1,2025-07-01,vireo.in,1,2249,PL1-2504-3
VR893544,C108650,VA-SW-NX2,2025-07-01,vireo.in,1,5524,NX2-2505-3
VR895435,C105915,VA-SP-MINI,2025-07-01,Amazon,1,2499,MINI-2506-3
VR896442,C101524,VA-SP-MINI,2025-07-01,vireo.in,1,2499,MINI-2505-4
VR899477,C100773,VA-SW-NX2,2025-07-01,vireo.in,1,6499,NX2-2503-4
VR900264,C101491,VA-HP-ST3,2025-07-01,vireo.in,1,5949,ST3-2504-1
VR900465,C101894,VA-SP-MINI,2025-07-01,vireo.in,1,2499,MINI-2503-2
VR900844,C103911,VA-HP-ST3,2025-07-01,vireo.in,1,6649,ST3-2504-4
VR902350,C101031,VA-SW-FIT,2025-07-01,vireo.in,1,1699,FIT-2504-3
VR904055,C109249,VA-EB-PL1,2025-07-01,vireo.in,1,2499,PL1-2505-4
VR904133,C101030,VA-HP-ST3,2025-07-01,Amazon,1,5599,ST3-2504-3
VR904997,C102975,VA-SW-FIT,2025-07-01,vireo.in,1,1999,FIT-2505-3
VR906092,C102852,VA-SP-MINI,2025-07-01,vireo.in,1,2499,MINI-2504-4
VR881967,C103744,VA-SP-MINI,2025-07-02,vireo.in,1,2499,MINI-2505-4
VR894439,C105735,VA-SW-NX2,2025-07-02,vireo.in,1,6499,NX2-2503-4
VR895867,C104739,VA-SW-NX2,2025-07-02,Amazon,1,5524,NX2-2506-3
VR896969,C105587,VA-EB-AIR,2025-07-02,vireo.in,1,1799,AIR-2504-4
VR898168,C103219,VA-SW-NX2,2025-07-02,vireo.in,1,5849,NX2-2504-3
VR898630,C103179,VA-SP-MINI,2025-07-02,vireo.in,1,2124,MINI-2503-1
VR904368,C105340,VA-SW-NX2,2025-07-02,Amazon,1,6499,NX2-2503-3
VR905401,C108027,VA-HP-ST3,2025-07-02,vireo.in,1,6999,ST3-2506-3
VR906502,C106905,VA-AC-CBL,2025-07-02,Flipkart,1,399,CBL-2504-4
VR881123,C105833,VA-SW-NX2,2025-07-03,Amazon,1,5849,NX2-2505-3
VR883499,C105814,VA-SW-FIT,2025-07-03,vireo.in,1,1599,FIT-2505-1
VR887772,C100127,VA-SP-ORB,2025-07-03,vireo.in,1,5099,ORB-2504-3
VR893399,C102901,VA-SW-NX2,2025-07-03,Flipkart,1,6499,NX2-2505-2
VR893495,C103644,VA-NB-ARC,2025-07-03,vireo.in,1,1104,ARC-2505-2
VR894381,C102602,VA-EB-AIR,2025-07-03,Flipkart,1,1709,AIR-2503-4
VR894874,C102638,VA-HP-ST3,2025-07-03,vireo.in,1,5599,ST3-2504-2
VR894989,C101181,VA-HP-ST2,2025-07-03,Amazon,1,4999,ST2-2504-1
VR895444,C105453,VA-SW-NX2,2025-07-03,Flipkart,1,5524,NX2-2504-3
VR895499,C105319,VA-EB-AIR,2025-07-03,Amazon,1,1709,AIR-2504-4
VR896963,C108282,VA-EB-PL1,2025-07-03,Flipkart,1,2249,PL1-2504-2
VR901372,C105953,VA-SW-NX2,2025-07-03,vireo.in,1,6499,NX2-2505-4
VR902913,C102997,VA-SP-MINI,2025-07-03,Amazon,1,2499,MINI-2504-1
VR903789,C104219,VA-AC-CBL,2025-07-03,vireo.in,1,359,CBL-2504-2
VR904104,C100341,VA-EB-AIR,2025-07-03,vireo.in,1,1799,AIR-2505-1
VR906182,C100893,VA-SW-NX2,2025-07-03,Amazon,1,6174,NX2-2504-2
VR909338,C103997,VA-EB-AIR,2025-07-03,vireo.in,1,1529,AIR-2505-4
VR909653,C107993,VA-NB-ARC,2025-07-03,vireo.in,1,1039,ARC-2505-2
VR884206,C106585,VA-HP-ST3,2025-07-04,Amazon,1,6999,ST3-2504-1
VR885900,C101554,VA-SW-NX1,2025-07-04,vireo.in,1,4499,NX1-2506-3
VR885963,C100019,VA-SW-NX2,2025-07-04,vireo.in,1,5849,NX2-2505-3
VR886671,C105586,VA-EB-AIR,2025-07-04,Amazon,1,1709,AIR-2503-3
VR889458,C107806,VA-SW-NX2,2025-07-04,vireo.in,1,5524,NX2-2503-3
VR899035,C109043,VA-SP-ORB,2025-07-04,vireo.in,1,4799,ORB-2504-2
VR901307,C106626,VA-EB-PL1,2025-07-04,Flipkart,1,2499,PL1-2504-3
VR902260,C108166,VA-SW-FIT,2025-07-04,vireo.in,1,1999,FIT-2505-3
VR903338,C105564,VA-SW-NX2,2025-07-04,Amazon,1,6499,NX2-2503-4
VR904698,C106464,VA-AC-CBL,2025-07-04,vireo.in,1,379,CBL-2505-1
VR906180,C100955,VA-SW-NX2,2025-07-04,Flipkart,1,6499,NX2-2506-1
VR906424,C106833,VA-EB-PL1,2025-07-04,vireo.in,1,1999,PL1-2504-2
VR907317,C106594,VA-HP-ST3,2025-07-04,vireo.in,1,6649,ST3-2504-2
VR880566,C100156,VA-HP-ST3,2025-07-05,Amazon,1,6999,ST3-2504-1
VR882831,C103367,VA-SW-NX2,2025-07-05,vireo.in,1,6174,NX2-2505-2
VR882842,C108268,VA-NB-ARC,2025-07-05,Amazon,1,1299,ARC-2504-4
VR885478,C100223,VA-EB-AIR,2025-07-05,Amazon,1,1529,AIR-2506-2
VR889278,C106973,VA-HP-ST3,2025-07-05,Flipkart,1,6299,ST3-2505-4
VR889912,C100962,VA-HP-ST3,2025-07-05,vireo.in,1,5949,ST3-2504-3
VR892614,C102697,VA-EB-AIR,2025-07-05,Amazon,2,3238,AIR-2504-2
VR893024,C105798,VA-SP-ORB,2025-07-05,vireo.in,1,5999,ORB-2504-4
VR894829,C109427,VA-NB-ARC,2025-07-05,vireo.in,1,1299,ARC-2505-1
VR901743,C108594,VA-SW-NX2,2025-07-05,Amazon,1,6174,NX2-2505-2
VR903954,C108637,VA-SP-MINI,2025-07-05,vireo.in,1,2499,MINI-2503-3
VR905462,C100298,VA-SP-MINI,2025-07-05,Flipkart,1,2249,MINI-2505-2
VR886481,C108813,VA-EB-PL1,2025-07-06,vireo.in,1,2499,PL1-2503-2
VR887433,C104125,VA-HP-ST2,2025-07-06,vireo.in,1,4249,ST2-2505-3
VR890335,C105946,VA-NB-ARC,2025-07-06,vireo.in,1,1169,ARC-2505-3
VR899438,C101326,VA-SP-MINI,2025-07-06,vireo.in,1,2499,MINI-2504-2
VR904173,C100829,VA-EB-AIR,2025-07-06,Amazon,2,3598,AIR-2506-2
VR884631,C101822,VA-SW-FIT,2025-07-07,Amazon,1,1899,FIT-2506-4
VR885858,C101596,VA-SW-NX2,2025-07-07,vireo.in,1,6499,NX2-2504-1
VR886444,C102127,VA-SP-MINI,2025-07-07,vireo.in,1,2374,MINI-2505-4
VR887443,C107552,VA-HP-ST3,2025-07-07,Amazon,1,6999,ST3-2505-4
VR890973,C102110,VA-SP-MINI,2025-07-07,Amazon,1,2499,MINI-2503-4
VR896412,C105213,VA-EB-AIR,2025-07-07,vireo.in,1,1619,AIR-2506-2
VR896444,C102843,VA-SW-NX2,2025-07-07,Amazon,1,5524,NX2-2505-1
VR897097,C100827,VA-SW-NX2,2025-07-07,vireo.in,1,5849,NX2-2503-1
VR897187,C106479,VA-AC-CBL,2025-07-07,Flipkart,1,399,CBL-2506-1
VR897280,C104082,VA-HP-ST3,2025-07-07,Amazon,2,13998,ST3-2505-4
VR898363,C104650,VA-SW-NX1,2025-07-07,Amazon,1,4249,NX1-2506-3
VR899904,C104970,VA-HP-ST3,2025-07-07,Flipkart,1,5599,ST3-2503-1
VR901102,C104052,VA-EB-AIR,2025-07-07,vireo.in,1,1619,AIR-2504-4
VR901776,C100988,VA-AC-CBL,2025-07-07,vireo.in,1,339,CBL-2503-1
VR909516,C101025,VA-EB-PL1,2025-07-07,Flipkart,1,2249,PL1-2504-2
VR885601,C101385,VA-HP-ST2,2025-07-08,Amazon,1,4499,ST2-2504-1
VR886760,C107780,VA-SP-ORB,2025-07-08,vireo.in,1,5099,ORB-2504-4
VR887805,C106794,VA-HP-ST3,2025-07-08,Amazon,1,5949,ST3-2506-4
VR893626,C108684,VA-EB-AIR,2025-07-08,Amazon,1,1799,AIR-2503-3
VR893999,C107176,VA-SW-FIT,2025-07-08,vireo.in,1,1999,FIT-2506-4
VR894001,C105902,VA-HP-ST2,2025-07-08,Amazon,1,4999,ST2-2506-3
VR895426,C104820,VA-SW-NX1,2025-07-08,Flipkart,1,4999,NX1-2505-3
VR897157,C107737,VA-HP-ST2,2025-07-08,vireo.in,1,4749,ST2-2503-1
VR901125,C105279,VA-HP-ST3,2025-07-08,Amazon,1,6999,ST3-2505-2
VR903206,C102028,VA-SW-NX1,2025-07-08,vireo.in,1,4249,NX1-2503-2
VR906003,C102584,VA-SW-FIT,2025-07-08,Amazon,1,1999,FIT-2506-2
VR906873,C107231,VA-AC-CH65,2025-07-08,vireo.in,1,1424,CH65-2503-3
VR909498,C101006,VA-EB-PL1,2025-07-08,vireo.in,1,2499,PL1-2506-4
VR880878,C100167,VA-HP-ST3,2025-07-09,Amazon,2,11198,ST3-2504-1
VR882149,C104816,VA-SP-MINI,2025-07-09,Flipkart,1,2374,MINI-2505-3
VR883780,C100705,VA-SW-NX2,2025-07-09,Flipkart,1,6174,NX2-2503-2
VR887110,C105207,VA-SW-FIT,2025-07-09,Amazon,1,1799,FIT-2506-2
VR887574,C109265,VA-SW-NX2,2025-07-09,vireo.in,1,5849,NX2-2504-3
VR898629,C108690,VA-SW-NX2,2025-07-09,vireo.in,1,5199,NX2-2504-1
VR898830,C101839,VA-EB-AIR,2025-07-09,Flipkart,1,1439,AIR-2506-4
VR899939,C108460,VA-EB-PL1,2025-07-09,Amazon,1,2499,PL1-2505-1
VR902274,C103494,VA-AC-CBL,2025-07-09,vireo.in,1,379,CBL-2505-2
VR903318,C107853,VA-SW-NX1,2025-07-09,Amazon,1,4999,NX1-2505-2
VR904396,C105108,VA-SW-FIT,2025-07-09,vireo.in,1,1999,FIT-2503-4
VR906070,C108386,VA-EB-PL1,2025-07-09,Amazon,1,2124,PL1-2506-1
VR907779,C103089,VA-AC-CH65,2025-07-09,vireo.in,1,1424,CH65-2505-2
VR909555,C103944,VA-HP-ST3,2025-07-09,Flipkart,1,6999,ST3-2504-1
VR882163,C109496,VA-SW-NX2,2025-07-10,Amazon,1,5524,NX2-2505-4
VR882679,C103187,VA-EB-AIR,2025-07-10,vireo.in,1,1799,AIR-2505-4
VR883319,C106775,VA-HP-ST3,2025-07-10,vireo.in,1,6649,ST3-2506-4
VR885973,C104799,VA-HP-ST3,2025-07-10,Flipkart,1,6999,ST3-2504-2
VR887531,C105433,VA-SW-FIT,2025-07-10,vireo.in,1,1899,FIT-2505-3
VR887544,C108570,VA-SW-FIT,2025-07-10,vireo.in,1,1999,FIT-2504-3
VR889355,C100086,VA-SW-NX2,2025-07-10,Amazon,1,5524,NX2-2506-4
VR889668,C109008,VA-SW-NX1,2025-07-10,vireo.in,1,4249,NX1-2504-4
VR889839,C101349,VA-SW-NX1,2025-07-10,Flipkart,1,4999,NX1-2505-2
VR892222,C100816,VA-SW-NX1,2025-07-10,vireo.in,1,4749,NX1-2504-3
VR897412,C108017,VA-NB-ARC,2025-07-10,Flipkart,1,1234,ARC-2505-2
VR897706,C109321,VA-NB-ARC,2025-07-10,vireo.in,1,1169,ARC-2505-1
VR899844,C105694,VA-HP-ST3,2025-07-10,vireo.in,1,6999,ST3-2504-4
VR900256,C104847,VA-EB-PL1,2025-07-10,vireo.in,1,1999,PL1-2505-2
VR902445,C106156,VA-SP-MINI,2025-07-10,vireo.in,1,2124,MINI-2506-4
VR902608,C103281,VA-SP-ORB,2025-07-10,Flipkart,1,5399,ORB-2504-4
VR903653,C108257,VA-EB-AIR,2025-07-10,vireo.in,1,1799,AIR-2504-3
VR906346,C105936,VA-HP-ST2,2025-07-10,vireo.in,1,4499,ST2-2504-1
VR880807,C109168,VA-SW-FIT,2025-07-11,Flipkart,1,1799,FIT-2504-1
VR884507,C104703,VA-SW-NX2,2025-07-11,Amazon,1,6499,NX2-2503-4
VR885680,C101923,VA-SW-NX2,2025-07-11,vireo.in,1,6499,NX2-2505-2
VR886091,C108943,VA-HP-ST2,2025-07-11,Amazon,1,4749,ST2-2503-3
VR892503,C104498,VA-HP-ST3,2025-07-11,vireo.in,1,6999,ST3-2504-3
VR893523,C107546,VA-EB-AIR,2025-07-11,Amazon,1,1529,AIR-2504-1
VR896272,C100909,VA-SP-MINI,2025-07-11,vireo.in,1,1999,MINI-2506-1
VR896662,C104150,VA-SW-FIT,2025-07-11,Flipkart,1,1799,FIT-2506-3
VR898659,C107066,VA-HP-ST3,2025-07-11,Amazon,1,6999,ST3-2505-2
VR899001,C109428,VA-HP-ST3,2025-07-11,Amazon,1,5599,ST3-2505-4
VR899153,C103325,VA-SW-FIT,2025-07-11,vireo.in,1,1999,FIT-2506-1
VR900552,C107443,VA-SP-MINI,2025-07-11,vireo.in,1,2249,MINI-2505-4
VR900803,C105673,VA-SP-MINI,2025-07-11,Amazon,1,1999,MINI-2504-3
VR901700,C102090,VA-EB-PL1,2025-07-11,vireo.in,1,2249,PL1-2504-3
VR903189,C106166,VA-SW-NX2,2025-07-11,Amazon,1,5199,NX2-2505-1
VR904419,C101761,VA-SW-NX2,2025-07-11,Flipkart,1,6499,NX2-2505-1
VR906312,C100297,VA-SW-NX2,2025-07-11,vireo.in,2,12998,NX2-2505-2
VR907079,C101753,VA-SP-MINI,2025-07-11,vireo.in,1,2374,MINI-2505-1
VR909088,C109120,VA-EB-PL1,2025-07-11,vireo.in,1,1999,PL1-2505-4
VR883796,C107339,VA-HP-ST2,2025-07-12,vireo.in,1,4499,ST2-2506-3
VR883828,C101667,VA-HP-ST2,2025-07-12,Amazon,1,4749,ST2-2505-3
VR890100,C108046,VA-EB-PL1,2025-07-12,vireo.in,1,2124,PL1-2504-1
VR892744,C103660,VA-EB-PL1,2025-07-12,Flipkart,1,2499,PL1-2503-4
VR893185,C107237,VA-HP-ST2,2025-07-12,Flipkart,1,3999,ST2-2504-3
VR894194,C104762,VA-HP-ST3,2025-07-12,Flipkart,1,6999,ST3-2505-3
VR897282,C103123,VA-SP-MINI,2025-07-12,vireo.in,1,2374,MINI-2506-1
VR899303,C103295,VA-EB-PL1,2025-07-12,vireo.in,1,2124,PL1-2504-4
VR900081,C106350,VA-HP-ST3,2025-07-12,vireo.in,1,6999,ST3-2505-3
VR902466,C105551,VA-EB-PL1,2025-07-12,vireo.in,1,2374,PL1-2505-4
VR903305,C108252,VA-SW-FIT,2025-07-12,Amazon,1,1599,FIT-2506-4
VR905488,C105133,VA-EB-PL1,2025-07-12,Amazon,1,2499,PL1-2504-2
VR906253,C107308,VA-SW-FIT,2025-07-12,Amazon,1,1999,FIT-2506-1
VR906517,C105632,VA-NB-ARC,2025-07-12,vireo.in,1,1039,ARC-2504-4
VR885567,C103952,VA-EB-AIR,2025-07-13,Amazon,1,1799,AIR-2506-3
VR889291,C104276,VA-SW-NX1,2025-07-13,vireo.in,1,4999,NX1-2506-1
VR890103,C106910,VA-AC-CBL,2025-07-13,vireo.in,1,339,CBL-2506-1
VR890789,C104137,VA-EB-PL1,2025-07-13,Amazon,1,2499,PL1-2504-2
VR891523,C100851,VA-EB-AIR,2025-07-13,Flipkart,1,1799,AIR-2504-1
VR892230,C105687,VA-AC-CH65,2025-07-13,vireo.in,1,1424,CH65-2504-1
VR894470,C105269,VA-HP-ST3,2025-07-13,Amazon,1,5599,ST3-2506-3
VR895932,C103428,VA-EB-PL1,2025-07-13,vireo.in,1,2124,PL1-2504-2
VR897249,C101162,VA-HP-ST3,2025-07-13,vireo.in,1,5599,ST3-2505-3
VR898564,C105737,VA-EB-AIR,2025-07-13,vireo.in,1,1799,AIR-2505-1
VR905400,C102526,VA-HP-ST3,2025-07-13,Amazon,1,5949,ST3-2506-4
VR905498,C100588,VA-HP-ST3,2025-07-13,vireo.in,1,6299,ST3-2505-2
VR909856,C108458,VA-SW-NX2,2025-07-13,vireo.in,1,5199,NX2-2505-3
VR880174,C106627,VA-SP-ORB,2025-07-14,vireo.in,1,5999,ORB-2506-3
VR880533,C108065,VA-EB-PL1,2025-07-14,Flipkart,1,2249,PL1-2504-4
VR881363,C104521,VA-AC-CH65,2025-07-14,Amazon,1,1499,CH65-2504-2
VR882064,C106345,VA-NB-ARC,2025-07-14,vireo.in,1,1169,ARC-2505-2
VR882406,C105516,VA-HP-ST3,2025-07-14,vireo.in,1,6299,ST3-2505-4
VR882709,C103455,VA-HP-ST2,2025-07-14,vireo.in,1,4999,ST2-2504-3
VR885914,C107591,VA-HP-ST2,2025-07-14,Amazon,1,3999,ST2-2505-3
VR887743,C100531,VA-SW-FIT,2025-07-14,vireo.in,1,1599,FIT-2506-2
VR888748,C102654,VA-SP-MINI,2025-07-14,vireo.in,1,2374,MINI-2503-2
VR892106,C107809,VA-NB-ARC,2025-07-14,vireo.in,1,1234,ARC-2504-1
VR896722,C109455,VA-SP-MINI,2025-07-14,vireo.in,1,1999,MINI-2505-1
VR897258,C106276,VA-SP-ORB,2025-07-14,Amazon,1,5999,ORB-2505-3
VR900936,C103199,VA-EB-AIR,2025-07-14,vireo.in,1,1619,AIR-2506-2
VR903729,C104392,VA-SW-NX2,2025-07-14,Flipkart,1,5524,NX2-2504-4
VR904291,C105467,VA-EB-PL1,2025-07-14,Amazon,1,2124,PL1-2505-3
VR905580,C107647,VA-SP-MINI,2025-07-14,vireo.in,1,2374,MINI-2506-2
VR906360,C103201,VA-SW-NX2,2025-07-14,vireo.in,1,6499,NX2-2504-1
VR907383,C104631,VA-HP-ST3,2025-07-14,Flipkart,1,6649,ST3-2504-2
VR880989,C107915,VA-AC-CH65,2025-07-15,vireo.in,2,2548,CH65-2506-3
VR883238,C101399,VA-HP-ST3,2025-07-15,vireo.in,1,6999,ST3-2506-1
VR883970,C101560,VA-SW-NX2,2025-07-15,vireo.in,2,11698,NX2-2505-2
VR884237,C100493,VA-EB-PL2,2025-07-15,Flipkart,2,6298,PL2-2504-1
VR887854,C104990,VA-EB-PL2,2025-07-15,vireo.in,2,6298,PL2-2506-1
VR888594,C106151,VA-EB-PL2,2025-07-15,Flipkart,1,3499,PL2-2506-3
VR889642,C104839,VA-SW-FIT,2025-07-15,Amazon,1,1999,FIT-2506-3
VR890712,C109395,VA-EB-AIR,2025-07-15,Amazon,1,1619,AIR-2506-1
VR891711,C108067,VA-EB-PL2,2025-07-15,Flipkart,1,3324,PL2-2504-3
VR892045,C101272,VA-EB-AIR,2025-07-15,vireo.in,1,1799,AIR-2505-1
VR892644,C101694,VA-EB-PL1,2025-07-15,vireo.in,1,2249,PL1-2506-3
VR893032,C101466,VA-EB-PL2,2025-07-15,vireo.in,1,3149,PL2-2505-2
VR894429,C106530,VA-EB-AIR,2025-07-15,vireo.in,1,1799,AIR-2505-4
VR894456,C108381,VA-HP-ST2,2025-07-15,vireo.in,1,4999,ST2-2506-2
VR894930,C106613,VA-NB-ARC,2025-07-15,vireo.in,1,1299,ARC-2505-2
VR895561,C101272,VA-EB-PL2,2025-07-15,Flipkart,1,3499,PL2-2504-4
VR896949,C106178,VA-SW-NX1,2025-07-15,Amazon,1,4999,NX1-2506-2
VR897042,C107886,VA-EB-PL2,2025-07-15,Amazon,1,2799,PL2-2505-4
VR897611,C108342,VA-SW-NX2,2025-07-15,Amazon,1,6499,NX2-2504-1
VR899238,C101798,VA-EB-PL2,2025-07-15,vireo.in,1,2799,PL2-2505-2
VR899496,C109134,VA-EB-PL2,2025-07-15,Amazon,1,3149,PL2-2506-1
VR902335,C107595,VA-HP-ST2,2025-07-15,vireo.in,1,4749,ST2-2505-2
VR904467,C107314,VA-EB-PL1,2025-07-15,Amazon,1,2499,PL1-2506-2
VR904577,C108679,VA-SP-ORB,2025-07-15,vireo.in,1,5999,ORB-2505-1
VR905034,C108292,VA-SP-ORB,2025-07-15,vireo.in,1,5399,ORB-2505-3
VR907051,C103307,VA-EB-PL2,2025-07-15,Flipkart,1,3324,PL2-2505-4
VR908140,C101763,VA-EB-PL1,2025-07-15,vireo.in,1,2249,PL1-2504-2
VR909572,C100517,VA-SP-ORB,2025-07-15,vireo.in,1,5999,ORB-2505-3
VR881565,C103669,VA-EB-PL1,2025-07-16,Amazon,1,2124,PL1-2503-2
VR882111,C107205,VA-EB-PL1,2025-07-16,vireo.in,1,2124,PL1-2505-4
VR883295,C108564,VA-SP-ORB,2025-07-16,vireo.in,1,5999,ORB-2505-3
VR883551,C104027,VA-EB-AIR,2025-07-16,Amazon,1,1529,AIR-2505-2
VR883608,C107228,VA-EB-PL2,2025-07-16,vireo.in,1,2974,PL2-2506-1
VR883944,C105170,VA-EB-PL1,2025-07-16,vireo.in,1,2124,PL1-2504-3
VR885265,C106566,VA-EB-AIR,2025-07-16,vireo.in,1,1529,AIR-2506-4
VR886570,C102967,VA-EB-AIR,2025-07-16,Amazon,2,3598,AIR-2506-2
VR887255,C105503,VA-EB-AIR,2025-07-16,Flipkart,1,1439,AIR-2503-2
VR887705,C106154,VA-EB-PL2,2025-07-16,vireo.in,1,2974,PL2-2505-3
VR889547,C100848,VA-SP-ORB,2025-07-16,vireo.in,1,4799,ORB-2505-1
VR889937,C102927,VA-EB-PL2,2025-07-16,Flipkart,2,6998,PL2-2506-3
VR890338,C104828,VA-SW-FIT,2025-07-16,vireo.in,1,1699,FIT-2505-3
VR890773,C105128,VA-HP-ST2,2025-07-16,vireo.in,1,4749,ST2-2506-2
VR892429,C105803,VA-HP-ST3,2025-07-16,vireo.in,1,6999,ST3-2504-3
VR893352,C101747,VA-EB-AIR,2025-07-16,Amazon,1,1709,AIR-2506-4
VR894726,C102991,VA-EB-PL2,2025-07-16,vireo.in,1,3499,PL2-2504-1
VR896045,C107238,VA-SW-NX2,2025-07-16,vireo.in,1,5199,NX2-2505-3
VR898300,C109203,VA-SW-NX2,2025-07-16,vireo.in,1,6499,NX2-2505-2
VR899063,C105047,VA-EB-PL2,2025-07-16,vireo.in,1,2799,PL2-2506-1
VR899947,C103113,VA-EB-PL1,2025-07-16,Flipkart,2,4248,PL1-2505-3
VR901362,C109255,VA-SW-NX1,2025-07-16,vireo.in,1,4999,NX1-2506-1
VR902280,C107005,VA-EB-PL2,2025-07-16,vireo.in,1,3499,PL2-2504-4
VR904154,C105357,VA-HP-ST3,2025-07-16,vireo.in,1,5949,ST3-2506-3
VR904652,C107132,VA-NB-ARC,2025-07-16,Amazon,1,1039,ARC-2506-1
VR905744,C104471,VA-SW-NX2,2025-07-16,vireo.in,1,6174,NX2-2506-4
VR880818,C109469,VA-EB-AIR,2025-07-17,vireo.in,1,1619,AIR-2506-4
VR882552,C108140,VA-AC-CBL,2025-07-17,Amazon,2,798,CBL-2505-3
VR882599,C100446,VA-EB-PL2,2025-07-17,Amazon,1,3149,PL2-2504-3
VR884389,C101584,VA-EB-PL2,2025-07-17,vireo.in,1,3499,PL2-2504-3
VR884737,C108301,VA-EB-AIR,2025-07-17,vireo.in,1,1709,AIR-2506-4
VR884863,C102969,VA-EB-PL2,2025-07-17,Amazon,1,3324,PL2-2505-2
VR885259,C103095,VA-EB-PL2,2025-07-17,Amazon,1,3149,PL2-2504-3
VR888188,C107859,VA-EB-PL1,2025-07-17,vireo.in,1,2374,PL1-2505-2
VR888882,C106957,VA-SW-NX2,2025-07-17,vireo.in,1,6499,NX2-2504-1
VR892039,C109179,VA-EB-AIR,2025-07-17,Flipkart,1,1709,AIR-2505-4
VR892931,C102504,VA-SW-NX2,2025-07-17,vireo.in,1,6499,NX2-2506-3
VR894412,C102801,VA-EB-PL1,2025-07-17,Amazon,1,2249,PL1-2506-2
VR897442,C109205,VA-SW-FIT,2025-07-17,vireo.in,1,1599,FIT-2505-1
VR897824,C107743,VA-HP-ST3,2025-07-17,vireo.in,1,6999,ST3-2506-3
VR898151,C103042,VA-EB-PL1,2025-07-17,Amazon,1,2249,PL1-2505-3
VR900391,C101948,VA-SW-NX2,2025-07-17,Amazon,2,12998,NX2-2505-2
VR900421,C101974,VA-SP-MINI,2025-07-17,vireo.in,1,2499,MINI-2505-3
VR900600,C105698,VA-EB-PL2,2025-07-17,Flipkart,1,3149,PL2-2504-3
VR903079,C101938,VA-EB-PL1,2025-07-17,Amazon,1,2124,PL1-2504-3
VR904464,C107561,VA-EB-PL2,2025-07-17,vireo.in,1,3499,PL2-2506-2
VR905976,C102263,VA-EB-PL2,2025-07-17,vireo.in,1,2974,PL2-2506-4
VR906634,C105409,VA-EB-PL2,2025-07-17,Amazon,1,3149,PL2-2504-1
VR906899,C100375,VA-EB-PL2,2025-07-17,vireo.in,1,3499,PL2-2504-1
VR907790,C106833,VA-EB-PL2,2025-07-17,Flipkart,1,2974,PL2-2506-1
VR909160,C107239,VA-HP-ST2,2025-07-17,vireo.in,1,4999,ST2-2506-2
VR880240,C100310,VA-EB-PL2,2025-07-18,vireo.in,1,3499,PL2-2506-2
VR880284,C107529,VA-SW-NX2,2025-07-18,Amazon,1,6174,NX2-2505-2
VR881834,C105211,VA-EB-AIR,2025-07-18,Amazon,1,1439,AIR-2505-1
VR881910,C104915,VA-SP-MINI,2025-07-18,Flipkart,1,2124,MINI-2505-3
VR882769,C102322,VA-SW-FIT,2025-07-18,vireo.in,1,1699,FIT-2505-1
VR883182,C105601,VA-SP-MINI,2025-07-18,Amazon,1,2499,MINI-2506-4
VR884409,C106418,VA-SW-NX1,2025-07-18,Flipkart,1,4249,NX1-2504-2
VR885217,C104136,VA-EB-PL2,2025-07-18,Amazon,1,3499,PL2-2504-1
VR885315,C102073,VA-EB-PL2,2025-07-18,Flipkart,1,3499,PL2-2503-1
VR886246,C105785,VA-SW-NX2,2025-07-18,vireo.in,1,6499,NX2-2504-4
VR887168,C103624,VA-NB-ARC,2025-07-18,vireo.in,1,1299,ARC-2505-2
VR887982,C102786,VA-SP-ORB,2025-07-18,Flipkart,1,5399,ORB-2505-2
VR888043,C104181,VA-EB-PL1,2025-07-18,Flipkart,1,1999,PL1-2505-3
VR888589,C109378,VA-EB-PL1,2025-07-18,vireo.in,1,1999,PL1-2506-2
VR888744,C105247,VA-EB-PL2,2025-07-18,vireo.in,1,2974,PL2-2506-4
VR889332,C103831,VA-SW-NX1,2025-07-18,Amazon,1,4249,NX1-2504-3
VR890243,C104055,VA-EB-PL1,2025-07-18,vireo.in,1,2499,PL1-2506-3
VR892547,C105631,VA-SW-FIT,2025-07-18,vireo.in,1,1999,FIT-2504-4
VR892875,C109214,VA-NB-ARC,2025-07-18,vireo.in,1,1039,ARC-2505-4
VR893561,C108993,VA-HP-ST3,2025-07-18,vireo.in,1,6299,ST3-2504-4
VR896899,C108879,VA-EB-PL2,2025-07-18,Flipkart,1,3499,PL2-2505-1
VR897990,C103041,VA-HP-ST2,2025-07-18,vireo.in,1,4999,ST2-2505-4
VR899681,C109437,VA-EB-PL2,2025-07-18,vireo.in,1,3149,PL2-2504-2
VR900657,C105782,VA-EB-PL2,2025-07-18,Amazon,1,3499,PL2-2505-4
VR901546,C104173,VA-SP-MINI,2025-07-18,Amazon,1,2499,MINI-2505-2
VR902585,C105113,VA-SP-MINI,2025-07-18,Amazon,1,2374,MINI-2504-2
VR904318,C103837,VA-EB-PL1,2025-07-18,vireo.in,1,2374,PL1-2506-3
VR906079,C100296,VA-HP-ST3,2025-07-18,Flipkart,1,5949,ST3-2505-1
VR907480,C103171,VA-EB-PL2,2025-07-18,Amazon,2,5948,PL2-2506-1
VR908025,C109301,VA-EB-PL2,2025-07-18,Amazon,1,3499,PL2-2505-4
VR908808,C107322,VA-SW-FIT,2025-07-18,vireo.in,1,1999,FIT-2505-1
VR908929,C102036,VA-HP-ST3,2025-07-18,vireo.in,1,5949,ST3-2505-4
VR909242,C100613,VA-SW-FIT,2025-07-18,Amazon,1,1999,FIT-2505-1
VR909342,C104192,VA-EB-PL1,2025-07-18,vireo.in,1,1999,PL1-2504-2
VR880697,C106351,VA-SP-MINI,2025-07-19,Amazon,1,2499,MINI-2505-3
VR883131,C104428,VA-SP-MINI,2025-07-19,Amazon,1,2124,MINI-2505-2
VR883677,C105718,VA-HP-ST3,2025-07-19,Amazon,1,5599,ST3-2505-1
VR885046,C104944,VA-EB-PL2,2025-07-19,vireo.in,1,2799,PL2-2505-4
VR885365,C102839,VA-SP-ORB,2025-07-19,vireo.in,2,11998,ORB-2506-2
VR885898,C100050,VA-EB-AIR,2025-07-19,vireo.in,1,1799,AIR-2506-3
VR887416,C101610,VA-EB-PL2,2025-07-19,vireo.in,1,3324,PL2-2504-4
VR887652,C107445,VA-EB-AIR,2025-07-19,vireo.in,1,1799,AIR-2505-4
VR888739,C109122,VA-HP-ST3,2025-07-19,Amazon,1,6649,ST3-2504-3
VR888773,C102783,VA-EB-AIR,2025-07-19,vireo.in,2,3238,AIR-2505-2
VR890890,C101018,VA-SP-ORB,2025-07-19,vireo.in,1,4799,ORB-2506-3
VR891258,C105067,VA-EB-PL2,2025-07-19,Amazon,1,3499,PL2-2505-1
VR891267,C100552,VA-SW-NX2,2025-07-19,vireo.in,1,6499,NX2-2506-1
VR891332,C105897,VA-AC-CBL,2025-07-19,Amazon,1,379,CBL-2506-1
VR892175,C107812,VA-HP-ST2,2025-07-19,vireo.in,1,4249,ST2-2504-4
VR894575,C105618,VA-EB-PL2,2025-07-19,vireo.in,1,3149,PL2-2504-4
VR896175,C105502,VA-EB-PL1,2025-07-19,Flipkart,1,2374,PL1-2504-3
VR897155,C104521,VA-HP-ST3,2025-07-19,Amazon,1,6999,ST3-2504-1
VR897496,C109444,VA-EB-PL2,2025-07-19,vireo.in,1,3149,PL2-2504-3
VR898135,C101071,VA-SW-NX2,2025-07-19,Flipkart,1,5849,NX2-2505-4
VR899471,C105341,VA-SW-NX2,2025-07-19,vireo.in,1,6499,NX2-2506-1
VR899785,C104585,VA-EB-AIR,2025-07-19,vireo.in,1,1439,AIR-2506-3
VR900423,C105313,VA-EB-PL2,2025-07-19,vireo.in,1,2974,PL2-2505-4
VR900700,C102691,VA-HP-ST3,2025-07-19,vireo.in,1,5599,ST3-2506-2
VR902691,C109127,VA-HP-ST2,2025-07-19,vireo.in,1,4999,ST2-2506-4
VR908259,C100217,VA-SW-NX1,2025-07-19,Flipkart,1,4499,NX1-2506-2
VR909550,C107935,VA-EB-PL2,2025-07-19,Flipkart,2,5598,PL2-2505-1
VR880746,C105544,VA-SW-NX2,2025-07-20,Flipkart,2,11698,NX2-2506-4
VR880827,C104135,VA-EB-PL1,2025-07-20,vireo.in,2,4248,PL1-2505-4
VR884443,C108737,VA-SW-FIT,2025-07-20,vireo.in,1,1999,FIT-2505-2
VR885282,C100398,VA-SW-NX2,2025-07-20,Amazon,1,6499,NX2-2505-2
VR887740,C108347,VA-EB-PL2,2025-07-20,Amazon,1,3499,PL2-2504-1
VR887779,C109312,VA-SW-NX2,2025-07-20,Flipkart,1,6499,NX2-2506-4
VR887792,C103662,VA-SW-FIT,2025-07-20,Amazon,1,1599,FIT-2504-4
VR888116,C105341,VA-EB-PL2,2025-07-20,Amazon,1,3499,PL2-2504-3
VR888881,C102157,VA-HP-ST3,2025-07-20,vireo.in,1,6999,ST3-2504-4
VR888963,C100989,VA-EB-AIR,2025-07-20,vireo.in,1,1799,AIR-2504-1
VR889587,C108246,VA-EB-PL1,2025-07-20,Amazon,1,2499,PL1-2505-3
VR889715,C103446,VA-EB-PL2,2025-07-20,vireo.in,1,3499,PL2-2506-2
VR890759,C100871,VA-SW-FIT,2025-07-20,vireo.in,2,3998,FIT-2504-3
VR891823,C106231,VA-EB-PL1,2025-07-20,Amazon,1,2249,PL1-2506-4
VR893961,C102480,VA-EB-PL2,2025-07-20,vireo.in,1,3149,PL2-2504-4
VR895660,C104716,VA-EB-PL2,2025-07-20,vireo.in,1,3499,PL2-2506-3
VR896370,C105044,VA-SW-NX2,2025-07-20,vireo.in,1,6499,NX2-2506-2
VR896931,C104846,VA-SP-MINI,2025-07-20,vireo.in,1,1999,MINI-2505-4
VR898130,C102387,VA-SP-ORB,2025-07-20,Amazon,1,5099,ORB-2505-2
VR898584,C108990,VA-EB-PL1,2025-07-20,vireo.in,1,2499,PL1-2505-4
VR899459,C100264,VA-AC-CBL,2025-07-20,Flipkart,1,399,CBL-2505-3
VR900767,C104614,VA-SP-ORB,2025-07-20,vireo.in,1,5999,ORB-2504-3
VR901189,C106520,VA-EB-PL2,2025-07-20,vireo.in,1,3499,PL2-2504-2
VR901269,C109129,VA-EB-PL2,2025-07-20,vireo.in,1,3149,PL2-2504-1
VR901813,C107536,VA-SP-MINI,2025-07-20,vireo.in,1,2499,MINI-2504-2
VR904050,C109189,VA-SW-NX2,2025-07-20,Amazon,1,6499,NX2-2506-4
VR904287,C104256,VA-EB-PL2,2025-07-20,vireo.in,1,2974,PL2-2506-2
VR905827,C105517,VA-NB-ARC,2025-07-20,vireo.in,2,2078,ARC-2505-3
VR908446,C109027,VA-EB-PL2,2025-07-20,vireo.in,1,3499,PL2-2504-1
VR909439,C104061,VA-EB-PL2,2025-07-20,Amazon,1,3324,PL2-2506-4
VR909713,C103838,VA-HP-ST3,2025-07-20,vireo.in,1,5599,ST3-2504-3
VR880308,C109491,VA-EB-PL2,2025-07-21,vireo.in,1,2799,PL2-2505-3
VR882806,C108181,VA-EB-AIR,2025-07-21,vireo.in,1,1799,AIR-2505-3
VR882991,C107974,VA-EB-PL2,2025-07-21,Flipkart,1,2974,PL2-2504-2
VR887221,C105792,VA-EB-AIR,2025-07-21,Flipkart,1,1709,AIR-2506-4
VR888382,C101876,VA-EB-PL2,2025-07-21,Amazon,1,3499,PL2-2505-1
VR889762,C109440,VA-EB-AIR,2025-07-21,vireo.in,1,1799,AIR-2505-2
VR890911,C103489,VA-EB-PL2,2025-07-21,Amazon,1,3324,PL2-2504-3
VR895003,C106098,VA-SW-FIT,2025-07-21,vireo.in,1,1999,FIT-2505-2
VR895676,C107987,VA-EB-PL1,2025-07-21,vireo.in,1,2499,PL1-2505-2
VR898951,C109391,VA-SW-FIT,2025-07-21,vireo.in,1,1999,FIT-2504-4
VR901505,C103939,VA-EB-PL2,2025-07-21,Flipkart,2,6998,PL2-2504-1
VR903052,C105421,VA-EB-PL2,2025-07-21,Flipkart,1,3499,PL2-2504-4
VR903883,C105684,VA-EB-AIR,2025-07-21,vireo.in,1,1619,AIR-2504-2
VR903933,C106418,VA-EB-AIR,2025-07-21,vireo.in,1,1799,AIR-2505-4
VR904971,C106509,VA-EB-PL2,2025-07-21,vireo.in,1,3499,PL2-2505-4
VR905304,C100077,VA-EB-PL2,2025-07-21,vireo.in,1,2974,PL2-2505-1
VR905836,C105740,VA-SW-NX2,2025-07-21,Amazon,1,6499,NX2-2506-2
VR907448,C107962,VA-NB-ARC,2025-07-21,Flipkart,2,2598,ARC-2505-2
VR907761,C109252,VA-SW-FIT,2025-07-21,vireo.in,1,1999,FIT-2504-1
VR881402,C103563,VA-EB-AIR,2025-07-22,Amazon,1,1799,AIR-2504-3
VR884598,C103767,VA-SP-ORB,2025-07-22,vireo.in,1,5099,ORB-2505-3
VR885921,C109446,VA-EB-PL2,2025-07-22,vireo.in,1,3499,PL2-2506-1
VR887487,C106242,VA-HP-ST3,2025-07-22,vireo.in,1,6999,ST3-2505-1
VR888018,C104780,VA-SW-NX2,2025-07-22,vireo.in,1,6499,NX2-2507-3
VR888180,C102507,VA-NB-ARC,2025-07-22,vireo.in,1,1299,ARC-2505-4
VR893292,C103918,VA-SW-NX2,2025-07-22,Flipkart,1,6499,NX2-2506-3
VR893293,C102506,VA-NB-ARC,2025-07-22,vireo.in,2,2598,ARC-2505-2
VR893884,C101006,VA-EB-PL2,2025-07-22,vireo.in,1,2799,PL2-2505-3
VR895103,C101815,VA-EB-PL2,2025-07-22,vireo.in,1,2799,PL2-2505-4
VR895275,C106536,VA-SW-FIT,2025-07-22,Flipkart,1,1699,FIT-2506-4
VR900476,C104296,VA-SW-FIT,2025-07-22,Flipkart,1,1999,FIT-2505-3
VR901439,C106747,VA-EB-PL1,2025-07-22,Amazon,1,2124,PL1-2506-1
VR902723,C107972,VA-HP-ST3,2025-07-22,vireo.in,1,6999,ST3-2506-2
VR904428,C108481,VA-SP-MINI,2025-07-22,Flipkart,1,2499,MINI-2504-2
VR904602,C101573,VA-NB-ARC,2025-07-22,vireo.in,1,1234,ARC-2504-1
VR904650,C105588,VA-EB-PL2,2025-07-22,Flipkart,2,5948,PL2-2505-4
VR905648,C103465,VA-EB-PL2,2025-07-22,vireo.in,1,3149,PL2-2505-1
VR905950,C101838,VA-EB-PL2,2025-07-22,Amazon,1,3499,PL2-2504-1
VR909420,C106916,VA-NB-ARC,2025-07-22,vireo.in,1,1299,ARC-2504-1
VR909476,C101984,VA-EB-PL2,2025-07-22,Amazon,1,2799,PL2-2505-4
VR880676,C101092,VA-EB-PL2,2025-07-23,vireo.in,1,3149,PL2-2504-1
VR884216,C100890,VA-EB-AIR,2025-07-23,vireo.in,1,1439,AIR-2505-3
VR884757,C102114,VA-SW-NX2,2025-07-23,vireo.in,1,6499,NX2-2506-2
VR885790,C107759,VA-HP-ST3,2025-07-23,Flipkart,1,6299,ST3-2504-4
VR887992,C107857,VA-EB-PL2,2025-07-23,Flipkart,1,2974,PL2-2504-2
VR888937,C103298,VA-EB-PL1,2025-07-23,Flipkart,1,2374,PL1-2506-1
VR891215,C106603,VA-EB-PL2,2025-07-23,vireo.in,1,3324,PL2-2506-4
VR893636,C105321,VA-EB-PL2,2025-07-23,vireo.in,2,6298,PL2-2504-4
VR897001,C100175,VA-EB-PL1,2025-07-23,Amazon,2,4998,PL1-2505-1
VR897883,C100867,VA-AC-CBL,2025-07-23,Flipkart,1,339,CBL-2506-1
VR899828,C108636,VA-EB-PL2,2025-07-23,vireo.in,1,2974,PL2-2505-4
VR900004,C103573,VA-HP-ST3,2025-07-23,vireo.in,1,5599,ST3-2504-1
VR900078,C102441,VA-EB-PL2,2025-07-23,Amazon,1,3149,PL2-2506-2
VR902084,C106229,VA-EB-PL2,2025-07-23,vireo.in,1,3499,PL2-2505-2
VR902435,C105933,VA-SW-NX2,2025-07-23,vireo.in,1,5524,NX2-2506-4
VR903951,C100417,VA-SW-NX1,2025-07-23,vireo.in,2,8498,NX1-2507-3
VR904701,C106036,VA-EB-PL2,2025-07-23,vireo.in,1,3499,PL2-2504-1
VR904855,C106602,VA-SW-NX1,2025-07-23,vireo.in,1,3999,NX1-2504-1
VR906670,C105051,VA-EB-PL2,2025-07-23,Flipkart,1,3324,PL2-2506-2
VR907014,C105264,VA-EB-PL2,2025-07-23,vireo.in,1,3499,PL2-2505-3
VR907304,C103757,VA-EB-PL2,2025-07-23,Flipkart,1,3499,PL2-2504-4
VR907781,C106554,VA-EB-PL2,2025-07-23,vireo.in,1,3324,PL2-2505-4
VR908679,C101730,VA-SP-MINI,2025-07-23,vireo.in,1,2124,MINI-2504-4
VR909006,C103604,VA-EB-AIR,2025-07-23,vireo.in,1,1799,AIR-2506-2
VR880072,C101718,VA-EB-PL2,2025-07-24,Amazon,1,3499,PL2-2504-3
VR880621,C106568,VA-HP-ST3,2025-07-24,Flipkart,1,6999,ST3-2505-3
VR882118,C103236,VA-SP-ORB,2025-07-24,vireo.in,1,5999,ORB-2506-4
VR882197,C102744,VA-EB-PL1,2025-07-24,vireo.in,1,1999,PL1-2505-4
VR882234,C105804,VA-AC-CH65,2025-07-24,vireo.in,1,1424,CH65-2505-4
VR882427,C106852,VA-SW-NX2,2025-07-24,Flipkart,1,6499,NX2-2506-4
VR882908,C104301,VA-EB-PL1,2025-07-24,vireo.in,1,2499,PL1-2506-2
VR882990,C106084,VA-SW-NX2,2025-07-24,Amazon,1,6499,NX2-2506-2
VR884645,C100759,VA-HP-ST3,2025-07-24,vireo.in,1,6999,ST3-2506-3
VR889340,C104451,VA-EB-PL2,2025-07-24,Amazon,1,3499,PL2-2506-3
VR890055,C106339,VA-SW-FIT,2025-07-24,vireo.in,1,1999,FIT-2506-2
VR891063,C100301,VA-NB-ARC,2025-07-24,Flipkart,1,1169,ARC-2504-4
VR892703,C105514,VA-NB-ARC,2025-07-24,Flipkart,1,1234,ARC-2504-2
VR895052,C108162,VA-SW-NX1,2025-07-24,vireo.in,1,4749,NX1-2507-1
VR895265,C100593,VA-EB-AIR,2025-07-24,vireo.in,1,1709,AIR-2505-2
VR895442,C107204,VA-EB-PL2,2025-07-24,vireo.in,1,2799,PL2-2504-4
VR897970,C106629,VA-EB-PL2,2025-07-24,Amazon,1,3499,PL2-2504-1
VR897985,C101910,VA-EB-PL2,2025-07-24,vireo.in,1,3499,PL2-2504-2
VR898000,C101467,VA-NB-ARC,2025-07-24,Amazon,1,1234,ARC-2506-2
VR898002,C104260,VA-SP-ORB,2025-07-24,vireo.in,2,9598,ORB-2505-3
VR899031,C105286,VA-EB-PL2,2025-07-24,Amazon,1,3499,PL2-2506-1
VR901654,C100895,VA-EB-PL2,2025-07-24,Flipkart,1,3324,PL2-2504-2
VR902394,C102330,VA-HP-ST2,2025-07-24,Amazon,1,4999,ST2-2504-3
VR904598,C107690,VA-EB-PL2,2025-07-24,Amazon,1,3499,PL2-2504-2
VR904657,C102455,VA-EB-AIR,2025-07-24,vireo.in,1,1799,AIR-2504-3
VR906727,C105077,VA-SW-NX2,2025-07-24,vireo.in,1,6499,NX2-2506-1
VR907538,C103127,VA-HP-ST3,2025-07-24,vireo.in,1,6649,ST3-2505-2
VR908884,C104352,VA-EB-PL1,2025-07-24,vireo.in,1,2499,PL1-2504-4
VR909975,C107300,VA-EB-PL2,2025-07-24,vireo.in,1,3499,PL2-2504-3
VR880046,C103618,VA-EB-PL2,2025-07-25,Amazon,1,3499,PL2-2505-2
VR880748,C104021,VA-AC-CH65,2025-07-25,vireo.in,1,1499,CH65-2506-2
VR880981,C102486,VA-EB-PL2,2025-07-25,Amazon,1,3149,PL2-2504-3
VR882101,C102799,VA-EB-PL2,2025-07-25,vireo.in,1,3149,PL2-2504-3
VR882219,C109170,VA-EB-AIR,2025-07-25,Amazon,1,1709,AIR-2505-4
VR882637,C103551,VA-EB-PL2,2025-07-25,Flipkart,1,3324,PL2-2504-3
VR883626,C108548,VA-SW-NX1,2025-07-25,Amazon,1,4999,NX1-2507-4
VR884452,C109213,VA-EB-PL2,2025-07-25,vireo.in,1,3499,PL2-2505-1
VR884546,C106091,VA-EB-PL2,2025-07-25,vireo.in,1,3499,PL2-2504-4
VR885010,C104454,VA-EB-PL1,2025-07-25,vireo.in,1,1999,PL1-2506-4
VR885460,C108120,VA-EB-PL2,2025-07-25,Flipkart,1,3149,PL2-2505-4
VR885922,C105241,VA-EB-PL2,2025-07-25,Amazon,1,3149,PL2-2504-1
VR886115,C109008,VA-NB-ARC,2025-07-25,Flipkart,1,1299,ARC-2506-3
VR888815,C101916,VA-EB-AIR,2025-07-25,Amazon,1,1709,AIR-2505-1
VR889432,C101187,VA-EB-PL2,2025-07-25,vireo.in,1,2799,PL2-2505-1
VR889707,C106962,VA-EB-PL2,2025-07-25,vireo.in,2,5948,PL2-2504-2
VR890440,C102938,VA-HP-ST3,2025-07-25,vireo.in,1,6299,ST3-2504-4
VR891367,C101731,VA-SP-ORB,2025-07-25,vireo.in,1,5699,ORB-2505-2
VR893802,C105809,VA-EB-AIR,2025-07-25,Flipkart,1,1709,AIR-2504-2
VR894122,C100281,VA-EB-PL2,2025-07-25,vireo.in,1,2799,PL2-2506-1
VR894939,C107982,VA-SP-MINI,2025-07-25,vireo.in,1,2374,MINI-2505-1
VR895640,C107501,VA-EB-PL2,2025-07-25,vireo.in,1,3499,PL2-2506-3
VR895795,C102818,VA-SW-FIT,2025-07-25,vireo.in,1,1799,FIT-2504-2
VR896909,C107158,VA-EB-PL1,2025-07-25,vireo.in,1,1999,PL1-2506-3
VR897206,C105636,VA-SW-NX1,2025-07-25,Amazon,1,4999,NX1-2504-1
VR899207,C102440,VA-EB-PL1,2025-07-25,vireo.in,1,2249,PL1-2504-1
VR901321,C108787,VA-EB-PL2,2025-07-25,vireo.in,1,3324,PL2-2506-1
VR902540,C105397,VA-EB-PL2,2025-07-25,vireo.in,1,3149,PL2-2504-1
VR903229,C109377,VA-EB-PL2,2025-07-25,vireo.in,1,3499,PL2-2505-3
VR903734,C107210,VA-SP-MINI,2025-07-25,Amazon,1,2374,MINI-2505-4
VR903928,C104066,VA-EB-PL1,2025-07-25,vireo.in,1,2499,PL1-2504-3
VR906231,C107112,VA-EB-PL2,2025-07-25,vireo.in,1,2799,PL2-2504-3
VR907066,C103921,VA-HP-ST3,2025-07-25,Amazon,1,6299,ST3-2504-3
VR907356,C101269,VA-EB-PL2,2025-07-25,vireo.in,1,3324,PL2-2504-3
VR907385,C104185,VA-EB-PL2,2025-07-25,vireo.in,2,6648,PL2-2506-3
VR909543,C102637,VA-SW-FIT,2025-07-25,Flipkart,2,3998,FIT-2505-2
VR909813,C108445,VA-EB-PL2,2025-07-25,vireo.in,2,6648,PL2-2505-4
VR881395,C106517,VA-HP-ST2,2025-07-26,Amazon,1,4999,ST2-2504-2
VR882053,C104570,VA-EB-PL2,2025-07-26,Amazon,1,3499,PL2-2505-2
VR882635,C108046,VA-EB-PL2,2025-07-26,Amazon,1,3324,PL2-2506-3
VR885018,C105246,VA-HP-ST3,2025-07-26,Amazon,1,6299,ST3-2506-2
VR885828,C101284,VA-EB-PL2,2025-07-26,vireo.in,1,2974,PL2-2504-1
VR885971,C101277,VA-EB-PL2,2025-07-26,Flipkart,1,3324,PL2-2507-2
VR887006,C101760,VA-EB-AIR,2025-07-26,vireo.in,1,1799,AIR-2505-1
VR887437,C108805,VA-HP-ST3,2025-07-26,Amazon,1,5599,ST3-2506-1
VR889270,C107107,VA-NB-ARC,2025-07-26,vireo.in,1,1299,ARC-2507-2
VR889305,C108867,VA-SW-NX2,2025-07-26,Amazon,1,5849,NX2-2504-3
VR890806,C107561,VA-EB-AIR,2025-07-26,vireo.in,1,1439,AIR-2505-1
VR892483,C101323,VA-EB-PL2,2025-07-26,Flipkart,1,3499,PL2-2506-4
VR892580,C105134,VA-SP-MINI,2025-07-26,Amazon,1,2499,MINI-2505-4
VR893171,C101810,VA-SW-NX2,2025-07-26,vireo.in,1,5849,NX2-2505-1
VR894402,C102976,VA-EB-PL2,2025-07-26,Flipkart,1,3499,PL2-2506-2
VR895351,C101417,VA-EB-PL2,2025-07-26,Amazon,1,3149,PL2-2504-1
VR896023,C105842,VA-EB-PL2,2025-07-26,Amazon,1,3499,PL2-2506-3
VR897183,C103274,VA-EB-PL2,2025-07-26,vireo.in,1,3499,PL2-2504-1
VR898353,C106585,VA-EB-PL2,2025-07-26,Flipkart,1,3499,PL2-2505-2
VR902593,C100361,VA-SW-NX2,2025-07-26,vireo.in,1,6499,NX2-2505-1
VR902765,C104858,VA-EB-PL2,2025-07-26,Amazon,1,3499,PL2-2505-3
VR904665,C100151,VA-EB-PL2,2025-07-26,Amazon,1,2974,PL2-2504-4
VR905539,C109183,VA-EB-AIR,2025-07-26,vireo.in,1,1799,AIR-2506-2
VR908468,C106490,VA-EB-PL1,2025-07-26,vireo.in,1,2499,PL1-2506-2
VR908671,C104629,VA-EB-PL2,2025-07-26,vireo.in,1,2974,PL2-2505-1
VR909660,C105040,VA-HP-ST2,2025-07-26,vireo.in,1,4249,ST2-2506-4
VR880489,C102468,VA-SW-NX2,2025-07-27,Amazon,1,6174,NX2-2506-4
VR881110,C105142,VA-SW-FIT,2025-07-27,Amazon,1,1999,FIT-2506-1
VR884127,C102571,VA-EB-PL1,2025-07-27,vireo.in,1,2499,PL1-2504-1
VR886278,C106125,VA-EB-AIR,2025-07-27,vireo.in,1,1619,AIR-2506-4
VR886565,C107330,VA-EB-PL2,2025-07-27,vireo.in,1,3499,PL2-2506-4
VR887035,C102926,VA-EB-PL2,2025-07-27,vireo.in,1,3499,PL2-2504-4
VR887112,C103644,VA-SP-ORB,2025-07-27,Amazon,1,5999,ORB-2504-2
VR887243,C107251,VA-EB-PL1,2025-07-27,vireo.in,1,2499,PL1-2504-3
VR887644,C106413,VA-EB-PL1,2025-07-27,Amazon,1,1999,PL1-2505-3
VR889360,C106457,VA-HP-ST2,2025-07-27,vireo.in,2,9998,ST2-2505-1
VR890489,C109019,VA-SP-ORB,2025-07-27,Flipkart,1,5699,ORB-2506-4
VR892666,C106870,VA-EB-PL2,2025-07-27,Amazon,1,3324,PL2-2506-3
VR895984,C103408,VA-EB-PL2,2025-07-27,Amazon,1,3324,PL2-2504-3
VR896980,C105565,VA-NB-ARC,2025-07-27,vireo.in,1,1234,ARC-2506-4
VR901969,C105776,VA-SW-NX2,2025-07-27,Flipkart,1,6499,NX2-2505-4
VR902169,C107655,VA-EB-PL2,2025-07-27,Flipkart,1,3499,PL2-2505-2
VR904182,C101957,VA-EB-PL2,2025-07-27,Amazon,1,2799,PL2-2505-4
VR905119,C104997,VA-NB-ARC,2025-07-27,vireo.in,1,1104,ARC-2504-2
VR906748,C103984,VA-EB-PL2,2025-07-27,Amazon,1,3499,PL2-2506-1
VR907087,C108460,VA-EB-AIR,2025-07-27,Flipkart,1,1799,AIR-2504-2
VR907233,C101541,VA-HP-ST2,2025-07-27,vireo.in,1,4999,ST2-2507-2
VR907727,C106516,VA-NB-ARC,2025-07-27,vireo.in,1,1169,ARC-2504-1
VR909293,C103796,VA-EB-PL2,2025-07-27,vireo.in,1,3499,PL2-2505-4
VR880122,C109085,VA-EB-PL2,2025-07-28,vireo.in,1,3149,PL2-2505-2
VR880190,C106366,VA-EB-PL2,2025-07-28,Amazon,1,3499,PL2-2504-4
VR883522,C105088,VA-SW-NX2,2025-07-28,vireo.in,1,6499,NX2-2505-1
VR885311,C104381,VA-SP-ORB,2025-07-28,vireo.in,1,5399,ORB-2505-1
VR885577,C106168,VA-EB-PL2,2025-07-28,Flipkart,1,3499,PL2-2505-4
VR887275,C106063,VA-EB-PL2,2025-07-28,vireo.in,1,3499,PL2-2506-1
VR887278,C100130,VA-EB-PL1,2025-07-28,Flipkart,1,2499,PL1-2505-3
VR888572,C104875,VA-HP-ST3,2025-07-28,Amazon,1,6299,ST3-2506-4
VR890058,C105512,VA-EB-PL1,2025-07-28,vireo.in,1,2499,PL1-2505-3
VR893643,C103007,VA-SP-ORB,2025-07-28,Flipkart,2,10198,ORB-2505-1
VR893675,C106604,VA-SP-MINI,2025-07-28,vireo.in,1,2374,MINI-2505-4
VR895291,C108576,VA-SW-NX2,2025-07-28,Amazon,1,5199,NX2-2504-2
VR895831,C104021,VA-EB-PL2,2025-07-28,vireo.in,1,3324,PL2-2506-3
VR899661,C104957,VA-EB-PL2,2025-07-28,vireo.in,1,3499,PL2-2504-2
VR899808,C106995,VA-EB-PL2,2025-07-28,vireo.in,2,6998,PL2-2507-1
VR899819,C100874,VA-HP-ST2,2025-07-28,Amazon,1,4999,ST2-2506-4
VR900191,C100632,VA-EB-PL2,2025-07-28,Amazon,1,3499,PL2-2506-2
VR901167,C105305,VA-SP-ORB,2025-07-28,vireo.in,1,5699,ORB-2505-1
VR901359,C100012,VA-EB-PL2,2025-07-28,vireo.in,1,3499,PL2-2506-4
VR902859,C107196,VA-HP-ST3,2025-07-28,vireo.in,1,5599,ST3-2504-2
VR903211,C104114,VA-SP-ORB,2025-07-28,vireo.in,2,11998,ORB-2506-2
VR903370,C107779,VA-SP-MINI,2025-07-28,vireo.in,1,2249,MINI-2506-2
VR905676,C106194,VA-EB-PL2,2025-07-28,vireo.in,1,3499,PL2-2507-4
VR907605,C103028,VA-SW-NX2,2025-07-28,vireo.in,1,6499,NX2-2506-3
VR908877,C105823,VA-SP-MINI,2025-07-28,Flipkart,1,2499,MINI-2507-3
VR880713,C100857,VA-HP-ST3,2025-07-29,vireo.in,2,13998,ST3-2504-2
VR881411,C107467,VA-EB-PL2,2025-07-29,vireo.in,1,3324,PL2-2506-2
VR883202,C108073,VA-EB-PL2,2025-07-29,vireo.in,1,3499,PL2-2505-2
VR883798,C104961,VA-EB-PL2,2025-07-29,vireo.in,1,3499,PL2-2504-1
VR884765,C105318,VA-SW-NX2,2025-07-29,Amazon,1,6499,NX2-2507-1
VR885689,C108738,VA-EB-PL2,2025-07-29,vireo.in,2,6998,PL2-2504-2
VR885766,C107708,VA-EB-PL2,2025-07-29,vireo.in,1,3499,PL2-2504-1
VR887489,C106306,VA-EB-PL2,2025-07-29,vireo.in,1,2799,PL2-2505-3
VR888774,C101926,VA-NB-ARC,2025-07-29,Flipkart,1,1299,ARC-2507-4
VR889239,C103016,VA-EB-PL2,2025-07-29,Flipkart,1,2799,PL2-2505-4
VR890659,C101191,VA-HP-ST3,2025-07-29,vireo.in,1,6999,ST3-2505-1
VR894645,C101004,VA-SW-NX1,2025-07-29,Amazon,1,4999,NX1-2506-3
VR894748,C104909,VA-EB-AIR,2025-07-29,vireo.in,1,1799,AIR-2506-1
VR895905,C109077,VA-HP-ST3,2025-07-29,vireo.in,1,5949,ST3-2504-4
VR896095,C101136,VA-SW-FIT,2025-07-29,vireo.in,1,1799,FIT-2505-1
VR897139,C104518,VA-EB-PL2,2025-07-29,Amazon,1,3499,PL2-2506-4
VR897932,C108418,VA-SW-NX2,2025-07-29,Amazon,1,6499,NX2-2506-4
VR899010,C108703,VA-EB-PL2,2025-07-29,vireo.in,1,3499,PL2-2506-3
VR899579,C104666,VA-SP-MINI,2025-07-29,Flipkart,2,3998,MINI-2507-1
VR900698,C101005,VA-SW-NX1,2025-07-29,Flipkart,1,4999,NX1-2505-3
VR901310,C104493,VA-AC-CBL,2025-07-29,vireo.in,1,399,CBL-2504-1
VR901952,C109031,VA-EB-PL2,2025-07-29,vireo.in,1,3499,PL2-2505-4
VR902033,C101869,VA-SP-MINI,2025-07-29,Amazon,1,2249,MINI-2506-2
VR903175,C101173,VA-HP-ST3,2025-07-29,vireo.in,1,6999,ST3-2505-3
VR903355,C104967,VA-EB-PL2,2025-07-29,vireo.in,1,2799,PL2-2506-4
VR903616,C108994,VA-SW-NX2,2025-07-29,vireo.in,1,6174,NX2-2507-3
VR906554,C108073,VA-EB-PL1,2025-07-29,vireo.in,1,2499,PL1-2504-3
VR907994,C106676,VA-EB-PL2,2025-07-29,Flipkart,1,3149,PL2-2506-2
VR880006,C105901,VA-EB-PL2,2025-07-30,Amazon,1,3149,PL2-2507-1
VR881695,C104170,VA-EB-AIR,2025-07-30,Amazon,1,1529,AIR-2507-1
VR882358,C102965,VA-SP-MINI,2025-07-30,Flipkart,1,2374,MINI-2505-3
VR882661,C104404,VA-EB-PL2,2025-07-30,Flipkart,1,3499,PL2-2506-3
VR882928,C106330,VA-EB-PL2,2025-07-30,Flipkart,2,6998,PL2-2505-2
VR882936,C108152,VA-EB-PL2,2025-07-30,vireo.in,2,6298,PL2-2505-2
VR884555,C105220,VA-EB-AIR,2025-07-30,Amazon,1,1619,AIR-2507-1
VR886324,C108420,VA-SW-NX2,2025-07-30,vireo.in,1,6499,NX2-2505-4
VR887632,C104921,VA-SW-FIT,2025-07-30,Flipkart,1,1599,FIT-2505-2
VR888930,C107349,VA-EB-PL2,2025-07-30,Amazon,1,3149,PL2-2507-3
VR889973,C106937,VA-EB-PL2,2025-07-30,vireo.in,1,3324,PL2-2505-2
VR889998,C101650,VA-SW-NX1,2025-07-30,Amazon,1,4749,NX1-2507-2
VR890174,C109253,VA-EB-PL1,2025-07-30,vireo.in,1,2499,PL1-2506-3
VR891619,C108097,VA-EB-PL2,2025-07-30,vireo.in,1,3324,PL2-2505-2
VR894344,C102671,VA-SW-NX2,2025-07-30,Amazon,1,6499,NX2-2505-4
VR894697,C108083,VA-EB-PL1,2025-07-30,vireo.in,2,4498,PL1-2505-4
VR895804,C104511,VA-EB-PL2,2025-07-30,vireo.in,1,3499,PL2-2505-2
VR896108,C103218,VA-SP-MINI,2025-07-30,vireo.in,1,2374,MINI-2505-1
VR897002,C106656,VA-EB-PL2,2025-07-30,Amazon,1,3499,PL2-2505-3
VR897760,C101686,VA-SW-NX1,2025-07-30,Amazon,1,4999,NX1-2504-1
VR899466,C107121,VA-AC-CH65,2025-07-30,Amazon,1,1274,CH65-2506-2
VR904213,C105624,VA-EB-PL1,2025-07-30,Flipkart,1,2499,PL1-2507-3
VR906492,C101934,VA-EB-PL2,2025-07-30,Amazon,1,3149,PL2-2505-3
VR907363,C101266,VA-EB-PL2,2025-07-30,vireo.in,1,3149,PL2-2505-1
VR882376,C107030,VA-SP-MINI,2025-07-31,Amazon,1,1999,MINI-2505-2
VR882658,C108436,VA-EB-PL2,2025-07-31,Amazon,1,3499,PL2-2506-3
VR882934,C104634,VA-EB-PL2,2025-07-31,vireo.in,1,3324,PL2-2504-2
VR883367,C106975,VA-HP-ST3,2025-07-31,vireo.in,1,6999,ST3-2506-3
VR883653,C108314,VA-HP-ST3,2025-07-31,Amazon,1,6649,ST3-2506-4
VR885569,C102427,VA-SW-NX2,2025-07-31,Amazon,1,6499,NX2-2507-3
VR885996,C104380,VA-EB-PL1,2025-07-31,Amazon,1,2374,PL1-2504-4
VR887336,C105803,VA-AC-CH65,2025-07-31,vireo.in,1,1499,CH65-2506-3
VR887663,C102481,VA-EB-AIR,2025-07-31,Amazon,2,2878,AIR-2504-3
VR890836,C105680,VA-SP-MINI,2025-07-31,vireo.in,1,1999,MINI-2507-1
VR891996,C106050,VA-EB-PL2,2025-07-31,vireo.in,1,2974,PL2-2505-3
VR896096,C105414,VA-EB-AIR,2025-07-31,vireo.in,1,1799,AIR-2506-3
VR896255,C101418,VA-EB-PL2,2025-07-31,vireo.in,1,3324,PL2-2506-1
VR896507,C108674,VA-NB-ARC,2025-07-31,Flipkart,1,1234,ARC-2505-2
VR898346,C102437,VA-EB-PL2,2025-07-31,Amazon,1,3324,PL2-2505-3
VR898785,C109494,VA-SP-ORB,2025-07-31,Amazon,1,5399,ORB-2505-2
VR901072,C105769,VA-EB-PL1,2025-07-31,Amazon,1,2124,PL1-2506-1
VR902555,C105809,VA-SW-NX2,2025-07-31,Amazon,1,5849,NX2-2506-2
VR903462,C101039,VA-SP-MINI,2025-07-31,Amazon,1,2499,MINI-2506-4
VR905408,C108511,VA-EB-PL2,2025-07-31,vireo.in,1,3324,PL2-2506-1
VR905446,C102827,VA-EB-PL1,2025-07-31,vireo.in,1,2499,PL1-2505-4
VR906046,C100443,VA-EB-PL2,2025-07-31,Flipkart,2,5948,PL2-2506-2
VR907504,C100483,VA-SW-FIT,2025-07-31,vireo.in,1,1999,FIT-2505-2
VR908277,C100980,VA-SW-FIT,2025-07-31,Amazon,1,1799,FIT-2507-2
VR909754,C100746,VA-HP-ST2,2025-07-31,Flipkart,1,4999,ST2-2507-3
VR880729,C103273,VA-EB-PL1,2025-08-01,vireo.in,1,2124,PL1-2507-1
VR880773,C102383,VA-SW-NX2,2025-08-01,vireo.in,1,5524,NX2-2505-3
VR881897,C109092,VA-SW-NX1,2025-08-01,vireo.in,1,4999,NX1-2505-4
VR882896,C104514,VA-EB-AIR,2025-08-01,vireo.in,1,1709,AIR-2507-3
VR883328,C103230,VA-EB-PL2,2025-08-01,Amazon,2,6298,PL2-2505-2
VR883878,C109150,VA-EB-PL2,2025-08-01,vireo.in,1,3499,PL2-2505-2
VR886625,C102006,VA-SP-MINI,2025-08-01,Amazon,1,1999,MINI-2505-4
VR889103,C104380,VA-EB-AIR,2025-08-01,Flipkart,1,1709,AIR-2505-2
VR890139,C104126,VA-EB-PL2,2025-08-01,vireo.in,1,3149,PL2-2506-1
VR891533,C102710,VA-EB-PL2,2025-08-01,Amazon,1,3499,PL2-2504-1
VR891646,C105596,VA-EB-PL2,2025-08-01,Amazon,1,2974,PL2-2507-3
VR892385,C100285,VA-SW-NX2,2025-08-01,vireo.in,1,6499,NX2-2506-3
VR893621,C107445,VA-EB-AIR,2025-08-01,Amazon,1,1439,AIR-2505-4
VR896689,C100338,VA-EB-PL2,2025-08-01,vireo.in,1,3149,PL2-2505-2
VR897386,C103985,VA-EB-PL2,2025-08-01,Flipkart,1,3149,PL2-2506-4
VR897959,C100897,VA-HP-ST3,2025-08-01,vireo.in,1,6999,ST3-2505-4
VR898545,C103328,VA-NB-ARC,2025-08-01,vireo.in,1,1299,ARC-2507-4
VR901695,C101609,VA-EB-PL1,2025-08-01,vireo.in,1,2499,PL1-2506-4
VR903529,C106758,VA-HP-ST2,2025-08-01,vireo.in,1,3999,ST2-2505-2
VR903699,C100811,VA-NB-ARC,2025-08-01,vireo.in,1,1104,ARC-2505-3
VR903736,C100615,VA-SP-MINI,2025-08-01,vireo.in,1,2499,MINI-2504-2
VR903779,C100414,VA-SW-NX1,2025-08-01,Amazon,1,4999,NX1-2506-2
VR903999,C107064,VA-HP-ST3,2025-08-01,Flipkart,1,6649,ST3-2505-3
VR904705,C108449,VA-SP-ORB,2025-08-01,Amazon,1,5999,ORB-2507-1
VR905059,C106732,VA-HP-ST3,2025-08-01,Amazon,1,6999,ST3-2504-4
VR908825,C107916,VA-HP-ST2,2025-08-01,Flipkart,1,4999,ST2-2506-2
VR908950,C104994,VA-EB-PL1,2025-08-01,vireo.in,1,2499,PL1-2505-2
VR909320,C109127,VA-SW-NX2,2025-08-01,Flipkart,1,5524,NX2-2504-4
VR909762,C103764,VA-AC-CASE,2025-08-01,vireo.in,1,1039,CASE-2507-3
VR880823,C102206,VA-EB-AIR,2025-08-02,Amazon,1,1799,AIR-2505-1
VR881904,C103629,VA-EB-PL2,2025-08-02,Amazon,1,3499,PL2-2506-1
VR882416,C102794,VA-EB-PL2,2025-08-02,vireo.in,1,2799,PL2-2505-2
VR883120,C109032,VA-EB-PL1,2025-08-02,Amazon,1,2374,PL1-2505-3
VR883434,C100369,VA-SP-ORB,2025-08-02,Flipkart,2,11998,ORB-2506-3
VR885962,C104191,VA-SP-ORB,2025-08-02,vireo.in,1,5999,ORB-2506-3
VR887100,C109152,VA-EB-PL2,2025-08-02,vireo.in,1,3324,PL2-2506-4
VR887674,C107999,VA-SW-FIT,2025-08-02,Amazon,1,1799,FIT-2506-3
VR888076,C105987,VA-NB-ARC,2025-08-02,vireo.in,2,2468,ARC-2505-4
VR888890,C106764,VA-EB-PL2,2025-08-02,Amazon,1,3324,PL2-2507-1
VR889243,C102852,VA-SP-ORB,2025-08-02,Flipkart,1,5399,ORB-2506-2
VR890553,C106454,VA-EB-PL2,2025-08-02,Amazon,1,3324,PL2-2504-1
VR890984,C101703,VA-EB-PL2,2025-08-02,Amazon,1,3499,PL2-2507-2
VR893784,C106672,VA-HP-ST3,2025-08-02,Amazon,1,6999,ST3-2507-4
VR894058,C104317,VA-NB-ARC,2025-08-02,Flipkart,1,1234,ARC-2507-2
VR895453,C106135,VA-EB-PL2,2025-08-02,vireo.in,1,2799,PL2-2505-3
VR895539,C106587,VA-EB-AIR,2025-08-02,vireo.in,1,1529,AIR-2507-3
VR898229,C105736,VA-AC-CBL,2025-08-02,Amazon,2,718,CBL-2507-3
VR899523,C106804,VA-NB-ARC,2025-08-02,Flipkart,1,1169,ARC-2505-1
VR899738,C102912,VA-SW-NX2,2025-08-02,vireo.in,1,5524,NX2-2505-2
VR900279,C106921,VA-EB-AIR,2025-08-02,vireo.in,1,1529,AIR-2505-3
VR901805,C108961,VA-EB-AIR,2025-08-02,Flipkart,1,1439,AIR-2504-1
VR902081,C105609,VA-SW-NX2,2025-08-02,vireo.in,1,5849,NX2-2505-3
VR904573,C105671,VA-EB-PL2,2025-08-02,vireo.in,1,3324,PL2-2505-2
VR908458,C106474,VA-EB-AIR,2025-08-02,Amazon,1,1439,AIR-2504-4
VR909301,C101887,VA-EB-PL2,2025-08-02,vireo.in,1,2974,PL2-2507-4
VR909934,C101170,VA-AC-CASE,2025-08-02,Amazon,1,1104,CASE-2505-4
VR882013,C105776,VA-SP-MINI,2025-08-03,vireo.in,1,2499,MINI-2505-2
VR882664,C107977,VA-SP-ORB,2025-08-03,Flipkart,1,5999,ORB-2504-3
VR883628,C101062,VA-SW-NX1,2025-08-03,vireo.in,1,3999,NX1-2506-2
VR884247,C101401,VA-EB-PL2,2025-08-03,Flipkart,1,3324,PL2-2507-1
VR884251,C101278,VA-EB-PL2,2025-08-03,Flipkart,1,3149,PL2-2504-2
VR886134,C108181,VA-NB-ARC,2025-08-03,Amazon,1,1234,ARC-2505-4
VR888501,C106175,VA-EB-AIR,2025-08-03,Flipkart,1,1619,AIR-2505-3
VR888715,C105274,VA-EB-PL2,2025-08-03,vireo.in,1,3499,PL2-2504-4
VR888871,C104114,VA-EB-PL2,2025-08-03,vireo.in,1,3149,PL2-2507-4
VR888908,C107986,VA-EB-PL2,2025-08-03,vireo.in,1,3149,PL2-2507-2
VR889097,C109069,VA-EB-AIR,2025-08-03,Amazon,1,1799,AIR-2506-2
VR889673,C104094,VA-SW-NX2,2025-08-03,vireo.in,1,5524,NX2-2505-1
VR892171,C108298,VA-EB-PL1,2025-08-03,vireo.in,2,4998,PL1-2507-3
VR893887,C106439,VA-EB-PL2,2025-08-03,Amazon,1,3499,PL2-2505-2
VR893996,C107483,VA-NB-ARC,2025-08-03,Amazon,1,1104,ARC-2504-2
VR894230,C102712,VA-EB-PL2,2025-08-03,vireo.in,1,2799,PL2-2505-4
VR896084,C102714,VA-EB-AIR,2025-08-03,vireo.in,1,1709,AIR-2506-4
VR898551,C101252,VA-EB-AIR,2025-08-03,Flipkart,1,1799,AIR-2505-1
VR899229,C105624,VA-SW-NX2,2025-08-03,Amazon,1,6499,NX2-2505-1
VR900048,C107129,VA-EB-PL2,2025-08-03,vireo.in,1,3149,PL2-2506-1
VR900557,C107734,VA-SW-FIT,2025-08-03,vireo.in,1,1899,FIT-2507-3
VR902814,C101732,VA-EB-PL2,2025-08-03,Amazon,1,3499,PL2-2507-4
VR903632,C102021,VA-SW-FIT,2025-08-03,Amazon,2,3998,FIT-2505-2
VR905305,C104996,VA-EB-AIR,2025-08-03,Flipkart,2,2878,AIR-2505-2
VR905427,C108541,VA-SW-FIT,2025-08-03,Flipkart,1,1999,FIT-2504-2
VR906008,C100542,VA-EB-PL2,2025-08-03,Amazon,1,3499,PL2-2506-3
VR908106,C102555,VA-EB-PL2,2025-08-03,vireo.in,2,6998,PL2-2505-1
VR908633,C105886,VA-EB-PL2,2025-08-03,vireo.in,1,3149,PL2-2506-1
VR908926,C106998,VA-EB-PL2,2025-08-03,vireo.in,1,3499,PL2-2507-4
VR880514,C105824,VA-SP-ORB,2025-08-04,vireo.in,1,5099,ORB-2507-4
VR880952,C101957,VA-SP-ORB,2025-08-04,vireo.in,1,4799,ORB-2506-3
VR881530,C102687,VA-EB-PL2,2025-08-04,vireo.in,1,3499,PL2-2506-1
VR884199,C101629,VA-EB-PL1,2025-08-04,Amazon,1,2499,PL1-2505-4
VR884884,C103827,VA-EB-PL2,2025-08-04,vireo.in,1,3324,PL2-2506-1
VR885423,C107599,VA-EB-PL2,2025-08-04,vireo.in,1,3499,PL2-2505-3
VR885503,C102921,VA-EB-PL2,2025-08-04,Amazon,1,3324,PL2-2507-3
VR885728,C108110,VA-HP-ST3,2025-08-04,vireo.in,1,6649,ST3-2505-4
VR886353,C106087,VA-SW-FIT,2025-08-04,vireo.in,1,1799,FIT-2505-3
VR887135,C103576,VA-EB-PL2,2025-08-04,vireo.in,1,3499,PL2-2505-2
VR887389,C104362,VA-EB-AIR,2025-08-04,vireo.in,1,1799,AIR-2507-4
VR887827,C103904,VA-HP-ST3,2025-08-04,vireo.in,1,5599,ST3-2505-1
VR888641,C102193,VA-SW-NX2,2025-08-04,Amazon,1,5199,NX2-2507-1
VR890445,C105646,VA-HP-ST3,2025-08-04,Amazon,1,6299,ST3-2505-1
VR891062,C103585,VA-EB-PL2,2025-08-04,vireo.in,1,3149,PL2-2505-1
VR891261,C102541,VA-EB-PL2,2025-08-04,vireo.in,1,3499,PL2-2506-2
VR891983,C109263,VA-SP-MINI,2025-08-04,vireo.in,1,2499,MINI-2504-2
VR892180,C108622,VA-NB-ARC,2025-08-04,Amazon,1,1169,ARC-2505-3
VR892737,C106676,VA-EB-PL2,2025-08-04,Amazon,1,2799,PL2-2505-4
VR895312,C101600,VA-EB-PL2,2025-08-04,Amazon,2,6998,PL2-2505-1
VR897718,C104982,VA-EB-PL2,2025-08-04,vireo.in,1,2799,PL2-2505-1
VR898080,C106703,VA-EB-AIR,2025-08-04,vireo.in,1,1439,AIR-2507-2
VR901266,C106398,VA-HP-ST3,2025-08-04,Amazon,1,6299,ST3-2507-4
VR901278,C102591,VA-HP-ST2,2025-08-04,Amazon,1,4999,ST2-2504-4
VR903768,C107902,VA-EB-PL2,2025-08-04,Amazon,1,3324,PL2-2505-1
VR904409,C102228,VA-EB-PL2,2025-08-04,Amazon,1,3499,PL2-2507-3
VR905920,C107204,VA-EB-PL2,2025-08-04,vireo.in,1,3149,PL2-2505-4
VR909204,C105609,VA-SW-NX2,2025-08-04,Flipkart,1,6499,NX2-2504-3
VR909533,C103307,VA-HP-ST3,2025-08-04,vireo.in,1,6999,ST3-2506-1
VR880381,C103798,VA-EB-PL2,2025-08-05,Amazon,1,2799,PL2-2506-2
VR882186,C107990,VA-EB-PL1,2025-08-05,Amazon,1,2499,PL1-2506-1
VR883269,C105171,VA-EB-PL1,2025-08-05,Amazon,1,2249,PL1-2505-4
VR883611,C100516,VA-EB-PL2,2025-08-05,Amazon,1,3324,PL2-2504-3
VR884882,C103264,VA-HP-ST3,2025-08-05,vireo.in,1,5949,ST3-2506-3
VR885251,C101598,VA-EB-PL2,2025-08-05,vireo.in,1,3324,PL2-2507-1
VR885506,C104466,VA-EB-PL2,2025-08-05,vireo.in,1,3324,PL2-2504-2
VR885537,C101122,VA-EB-PL2,2025-08-05,vireo.in,1,2799,PL2-2504-2
VR886925,C105616,VA-EB-PL1,2025-08-05,vireo.in,1,2249,PL1-2504-2
VR887782,C109060,VA-SW-NX2,2025-08-05,Amazon,1,5524,NX2-2505-2
VR888239,C108690,VA-EB-PL2,2025-08-05,vireo.in,1,3499,PL2-2504-3
VR888922,C107294,VA-AC-CASE,2025-08-05,Amazon,1,1039,CASE-2506-3
VR889150,C103203,VA-EB-PL2,2025-08-05,Amazon,1,3499,PL2-2507-3
VR891292,C100375,VA-EB-PL2,2025-08-05,Amazon,1,3324,PL2-2506-3
VR891445,C107194,VA-AC-CASE,2025-08-05,Amazon,1,1169,CASE-2504-1
VR891456,C100244,VA-EB-PL1,2025-08-05,Amazon,1,2499,PL1-2505-1
VR894487,C106317,VA-EB-PL2,2025-08-05,vireo.in,1,3499,PL2-2506-2
VR894865,C106336,VA-SP-MINI,2025-08-05,Flipkart,1,2124,MINI-2505-3
VR895657,C105284,VA-EB-PL2,2025-08-05,Amazon,2,6998,PL2-2506-2
VR899687,C105499,VA-EB-PL2,2025-08-05,Amazon,1,2974,PL2-2505-4
VR899713,C106917,VA-SW-FIT,2025-08-05,vireo.in,1,1799,FIT-2507-3
VR902295,C103189,VA-EB-PL1,2025-08-05,vireo.in,1,2499,PL1-2505-4
VR905570,C103577,VA-SW-FIT,2025-08-05,Amazon,1,1999,FIT-2505-2
VR909339,C107320,VA-NB-ARC,2025-08-05,vireo.in,1,1039,ARC-2505-2
VR909494,C103758,VA-EB-PL2,2025-08-05,Amazon,2,6998,PL2-2507-1
VR909722,C103065,VA-SW-NX2,2025-08-05,vireo.in,2,11048,NX2-2505-3
VR880537,C109448,VA-SP-ORB,2025-08-06,vireo.in,1,5099,ORB-2507-2
VR881032,C105853,VA-EB-AIR,2025-08-06,vireo.in,1,1799,AIR-2505-1
VR881997,C109069,VA-EB-PL1,2025-08-06,Amazon,1,2499,PL1-2506-4
VR882584,C102354,VA-SW-NX2,2025-08-06,vireo.in,1,6174,NX2-2504-4
VR883034,C102416,VA-SW-NX1,2025-08-06,vireo.in,1,4749,NX1-2507-3
VR883380,C101794,VA-EB-PL2,2025-08-06,vireo.in,1,2974,PL2-2504-1
VR884621,C108901,VA-EB-AIR,2025-08-06,Amazon,1,1709,AIR-2507-2
VR885748,C105462,VA-EB-PL2,2025-08-06,vireo.in,1,3499,PL2-2507-2
VR887269,C104239,VA-SW-NX1,2025-08-06,Amazon,1,4999,NX1-2505-3
VR887849,C105240,VA-EB-PL2,2025-08-06,Amazon,1,3499,PL2-2507-2
VR889280,C106593,VA-EB-AIR,2025-08-06,Flipkart,1,1619,AIR-2507-3
VR889851,C100231,VA-SW-FIT,2025-08-06,vireo.in,1,1799,FIT-2505-3
VR891920,C101574,VA-NB-ARC,2025-08-06,vireo.in,1,1104,ARC-2507-1
VR892870,C103401,VA-SP-MINI,2025-08-06,Amazon,1,2499,MINI-2507-3
VR893799,C103880,VA-EB-PL1,2025-08-06,vireo.in,1,1999,PL1-2504-4
VR894921,C107132,VA-EB-PL2,2025-08-06,vireo.in,1,3499,PL2-2505-2
VR895193,C104467,VA-EB-AIR,2025-08-06,vireo.in,1,1799,AIR-2507-3
VR898254,C101071,VA-EB-PL2,2025-08-06,vireo.in,1,2799,PL2-2505-4
VR898891,C101541,VA-EB-PL2,2025-08-06,vireo.in,1,3149,PL2-2505-2
VR900404,C108648,VA-AC-CBL,2025-08-06,Amazon,1,379,CBL-2507-2
VR902903,C104828,VA-EB-PL2,2025-08-06,vireo.in,1,3499,PL2-2506-2
VR902918,C108206,VA-EB-PL1,2025-08-06,Flipkart,1,1999,PL1-2505-3
VR903777,C105267,VA-EB-PL2,2025-08-06,vireo.in,1,3499,PL2-2507-2
VR904609,C106761,VA-HP-ST3,2025-08-06,Flipkart,1,6999,ST3-2507-3
VR908041,C104904,VA-SP-MINI,2025-08-06,Amazon,1,2499,MINI-2505-2
VR908717,C101441,VA-EB-PL1,2025-08-06,Amazon,1,2499,PL1-2505-4
VR880078,C102675,VA-SP-MINI,2025-08-07,vireo.in,1,2499,MINI-2507-4
VR883861,C106492,VA-SW-NX2,2025-08-07,Amazon,1,6174,NX2-2504-1
VR886191,C106112,VA-EB-PL2,2025-08-07,vireo.in,1,2799,PL2-2507-4
VR886338,C105387,VA-EB-PL2,2025-08-07,Flipkart,1,3499,PL2-2506-3
VR887261,C102690,VA-SW-NX2,2025-08-07,vireo.in,1,6499,NX2-2506-1
VR889449,C102455,VA-EB-PL2,2025-08-07,vireo.in,1,3499,PL2-2504-4
VR889537,C107407,VA-EB-PL2,2025-08-07,Amazon,1,3499,PL2-2506-3
VR890321,C107505,VA-EB-PL2,2025-08-07,vireo.in,1,2974,PL2-2506-4
VR890763,C101353,VA-SW-FIT,2025-08-07,vireo.in,2,3998,FIT-2506-1
VR891234,C106276,VA-EB-PL2,2025-08-07,vireo.in,1,3499,PL2-2504-2
VR891624,C108307,VA-AC-CASE,2025-08-07,vireo.in,1,1299,CASE-2505-1
VR891885,C106476,VA-SP-MINI,2025-08-07,Flipkart,1,2499,MINI-2506-4
VR893196,C101794,VA-SW-NX2,2025-08-07,vireo.in,1,6499,NX2-2507-3
VR893975,C101697,VA-HP-ST3,2025-08-07,Amazon,1,6999,ST3-2504-4
VR894750,C108300,VA-EB-PL2,2025-08-07,vireo.in,1,3324,PL2-2505-4
VR894933,C108794,VA-SW-NX2,2025-08-07,Amazon,1,6499,NX2-2507-3
VR895033,C104612,VA-HP-ST3,2025-08-07,vireo.in,1,6999,ST3-2506-2
VR896753,C101650,VA-EB-PL1,2025-08-07,vireo.in,1,2499,PL1-2506-1
VR897617,C108661,VA-EB-AIR,2025-08-07,vireo.in,1,1619,AIR-2506-3
VR900397,C106120,VA-EB-PL2,2025-08-07,vireo.in,1,3324,PL2-2507-4
VR904643,C108146,VA-EB-PL2,2025-08-07,Flipkart,1,3499,PL2-2505-3
VR905672,C103354,VA-EB-PL1,2025-08-07,vireo.in,1,2499,PL1-2507-2
VR908060,C105335,VA-HP-ST3,2025-08-07,Amazon,1,5599,ST3-2506-3
VR908108,C101515,VA-EB-PL1,2025-08-07,Flipkart,1,2499,PL1-2506-4
VR908769,C100505,VA-EB-AIR,2025-08-07,Amazon,1,1529,AIR-2505-1
VR908775,C105827,VA-EB-PL2,2025-08-07,Amazon,1,3499,PL2-2507-4
VR909675,C107417,VA-SW-FIT,2025-08-07,Amazon,1,1799,FIT-2507-4
VR880738,C101417,VA-EB-PL2,2025-08-08,Amazon,1,2799,PL2-2506-3
VR885574,C104069,VA-EB-PL2,2025-08-08,vireo.in,1,2799,PL2-2507-2
VR886478,C101535,VA-EB-PL2,2025-08-08,vireo.in,1,3499,PL2-2507-4
VR887403,C103586,VA-EB-AIR,2025-08-08,Amazon,1,1439,AIR-2505-4
VR887628,C108183,VA-SP-ORB,2025-08-08,vireo.in,1,5399,ORB-2507-3
VR889390,C104330,VA-NB-ARC,2025-08-08,vireo.in,1,1234,ARC-2507-1
VR891507,C103110,VA-EB-PL2,2025-08-08,vireo.in,1,3149,PL2-2505-2
VR892755,C106160,VA-EB-PL2,2025-08-08,vireo.in,1,3499,PL2-2505-1
VR893335,C101990,VA-HP-ST3,2025-08-08,vireo.in,1,6999,ST3-2505-4
VR893829,C105725,VA-EB-PL2,2025-08-08,Amazon,1,2974,PL2-2506-3
VR894388,C103832,VA-SP-MINI,2025-08-08,Amazon,1,2249,MINI-2505-1
VR895047,C103602,VA-SP-MINI,2025-08-08,Flipkart,1,2499,MINI-2506-4
VR900038,C106406,VA-SW-NX2,2025-08-08,vireo.in,1,5524,NX2-2507-2
VR900103,C108139,VA-EB-PL1,2025-08-08,Amazon,1,2374,PL1-2507-3
VR900108,C108711,VA-SW-NX2,2025-08-08,Amazon,1,5199,NX2-2505-4
VR901703,C104400,VA-EB-AIR,2025-08-08,Amazon,1,1799,AIR-2506-1
VR901722,C106415,VA-EB-PL2,2025-08-08,vireo.in,1,3499,PL2-2507-1
VR901759,C106783,VA-HP-ST3,2025-08-08,Amazon,2,11198,ST3-2505-4
VR905047,C100630,VA-SW-FIT,2025-08-08,vireo.in,1,1999,FIT-2507-4
VR906968,C106474,VA-SW-NX1,2025-08-08,Flipkart,1,4999,NX1-2505-4
VR908156,C108921,VA-SW-NX2,2025-08-08,Amazon,2,12998,NX2-2506-3
VR909502,C103609,VA-EB-PL2,2025-08-08,Amazon,1,2799,PL2-2507-1
VR880872,C107367,VA-EB-PL1,2025-08-09,Amazon,1,2499,PL1-2507-3
VR880889,C107595,VA-SW-FIT,2025-08-09,vireo.in,1,1699,FIT-2507-4
VR883569,C109459,VA-EB-PL2,2025-08-09,vireo.in,1,2799,PL2-2506-4
VR884691,C102797,VA-SW-NX2,2025-08-09,vireo.in,1,6174,NX2-2505-3
VR884910,C105066,VA-EB-PL1,2025-08-09,vireo.in,1,2499,PL1-2505-2
VR887504,C107335,VA-EB-PL2,2025-08-09,vireo.in,1,2799,PL2-2506-2
VR889614,C107704,VA-AC-CASE,2025-08-09,vireo.in,1,1039,CASE-2505-3
VR891133,C108882,VA-EB-PL1,2025-08-09,Amazon,1,1999,PL1-2507-4
VR893595,C102422,VA-EB-PL1,2025-08-09,Amazon,1,2499,PL1-2504-1
VR894677,C104809,VA-EB-PL2,2025-08-09,Flipkart,1,2974,PL2-2506-1
VR896078,C101256,VA-EB-PL2,2025-08-09,vireo.in,1,3499,PL2-2505-2
VR896659,C103747,VA-EB-PL2,2025-08-09,Amazon,1,3499,PL2-2507-3
VR897313,C101422,VA-EB-PL1,2025-08-09,Flipkart,1,2249,PL1-2505-3
VR897420,C105200,VA-EB-AIR,2025-08-09,Amazon,2,3598,AIR-2505-2
VR897491,C100824,VA-EB-AIR,2025-08-09,Amazon,1,1439,AIR-2505-1
VR897911,C107332,VA-SW-FIT,2025-08-09,vireo.in,1,1899,FIT-2505-2
VR897929,C103358,VA-SW-NX1,2025-08-09,vireo.in,1,4249,NX1-2505-1
VR898782,C109359,VA-EB-PL2,2025-08-09,vireo.in,1,3499,PL2-2507-2
VR899705,C104673,VA-EB-PL2,2025-08-09,Amazon,1,2974,PL2-2505-2
VR900084,C105703,VA-EB-AIR,2025-08-09,Flipkart,1,1799,AIR-2505-2
VR904204,C109485,VA-EB-PL2,2025-08-09,vireo.in,1,3499,PL2-2506-1
VR904437,C106257,VA-EB-PL2,2025-08-09,Amazon,1,3324,PL2-2506-3
VR905211,C108139,VA-SP-ORB,2025-08-09,Amazon,1,5399,ORB-2505-1
VR905598,C103033,VA-EB-PL2,2025-08-09,vireo.in,1,3324,PL2-2506-4
VR906233,C108083,VA-EB-PL2,2025-08-09,Flipkart,1,3149,PL2-2505-4
VR906809,C101222,VA-EB-PL2,2025-08-09,vireo.in,1,3499,PL2-2505-4
VR907888,C102600,VA-SW-FIT,2025-08-09,Flipkart,2,3198,FIT-2506-3
VR907906,C101446,VA-EB-PL1,2025-08-09,Flipkart,1,2499,PL1-2505-1
VR907915,C103177,VA-EB-PL1,2025-08-09,vireo.in,1,2249,PL1-2505-3
VR908067,C108705,VA-SW-NX2,2025-08-09,vireo.in,1,6499,NX2-2506-3
VR880465,C106744,VA-HP-ST2,2025-08-10,Amazon,1,4999,ST2-2506-4
VR881582,C107985,VA-HP-ST3,2025-08-10,Amazon,1,6999,ST3-2506-1
VR882241,C102679,VA-EB-PL1,2025-08-10,Amazon,1,1999,PL1-2504-4
VR883396,C100672,VA-SP-ORB,2025-08-10,vireo.in,1,5999,ORB-2506-4
VR883438,C108925,VA-EB-PL1,2025-08-10,vireo.in,1,2374,PL1-2507-3
VR884236,C103128,VA-SW-NX2,2025-08-10,Flipkart,1,5524,NX2-2504-2
VR884351,C105957,VA-EB-PL2,2025-08-10,Amazon,1,3324,PL2-2505-1
VR888954,C108921,VA-SW-NX2,2025-08-10,vireo.in,1,5199,NX2-2504-3
VR889088,C108949,VA-HP-ST2,2025-08-10,vireo.in,1,4999,ST2-2505-1
VR889748,C104734,VA-EB-PL2,2025-08-10,Amazon,1,3324,PL2-2506-1
VR891504,C101220,VA-HP-ST3,2025-08-10,vireo.in,2,13998,ST3-2504-3
VR892619,C100311,VA-EB-PL2,2025-08-10,vireo.in,2,6298,PL2-2507-4
VR892971,C103643,VA-EB-PL2,2025-08-10,Amazon,1,3324,PL2-2505-4
VR893157,C100837,VA-AC-CASE,2025-08-10,Flipkart,1,1299,CASE-2507-2
VR893875,C108871,VA-EB-PL2,2025-08-10,Amazon,1,3324,PL2-2507-3
VR897793,C106664,VA-SW-NX2,2025-08-10,Amazon,1,5199,NX2-2506-1
VR900623,C105243,VA-SW-FIT,2025-08-10,Amazon,1,1599,FIT-2505-2
VR904477,C104070,VA-EB-PL2,2025-08-10,vireo.in,2,5598,PL2-2506-4
VR905341,C104400,VA-EB-PL2,2025-08-10,Amazon,1,3324,PL2-2507-1
VR908250,C109399,VA-EB-PL2,2025-08-10,vireo.in,1,3149,PL2-2505-3
VR880591,C100398,VA-EB-PL1,2025-08-11,Amazon,1,2249,PL1-2505-4
VR880886,C105908,VA-EB-PL2,2025-08-11,Flipkart,1,3149,PL2-2505-4
VR881788,C104667,VA-SW-FIT,2025-08-11,vireo.in,1,1599,FIT-2506-2
VR883938,C103058,VA-SW-NX2,2025-08-11,Amazon,1,6499,NX2-2505-2
VR884071,C107388,VA-AC-CASE,2025-08-11,Amazon,1,1299,CASE-2505-4
VR885642,C101450,VA-EB-PL2,2025-08-11,vireo.in,1,2974,PL2-2505-4
VR886268,C102639,VA-SP-MINI,2025-08-11,vireo.in,1,2374,MINI-2506-4
VR887283,C105093,VA-EB-PL2,2025-08-11,Amazon,1,3324,PL2-2506-2
VR888162,C101224,VA-EB-PL2,2025-08-11,Amazon,1,2799,PL2-2505-1
VR888288,C101280,VA-HP-ST3,2025-08-11,vireo.in,1,6999,ST3-2504-2
VR889251,C102147,VA-EB-PL2,2025-08-11,vireo.in,1,2974,PL2-2504-2
VR892520,C105933,VA-NB-ARC,2025-08-11,Flipkart,1,1234,ARC-2505-2
VR892759,C105741,VA-EB-AIR,2025-08-11,Amazon,1,1439,AIR-2506-2
VR893798,C104408,VA-EB-PL2,2025-08-11,Flipkart,1,2974,PL2-2505-1
VR895972,C100865,VA-EB-PL2,2025-08-11,vireo.in,1,3499,PL2-2506-4
VR896738,C104917,VA-EB-PL2,2025-08-11,Amazon,1,2974,PL2-2505-2
VR898590,C108212,VA-SW-NX2,2025-08-11,Amazon,1,5199,NX2-2506-1
VR901140,C108255,VA-EB-AIR,2025-08-11,Amazon,1,1799,AIR-2505-2
VR904962,C102818,VA-EB-PL2,2025-08-11,Amazon,1,2974,PL2-2507-4
VR905332,C109116,VA-EB-PL2,2025-08-11,Flipkart,1,3149,PL2-2505-1
VR906459,C108139,VA-AC-CH65,2025-08-11,Amazon,1,1499,CH65-2506-3
VR908047,C108416,VA-EB-PL2,2025-08-11,Amazon,1,3499,PL2-2504-1
VR881062,C108327,VA-EB-PL2,2025-08-12,vireo.in,1,2799,PL2-2507-3
VR881227,C109265,VA-SW-FIT,2025-08-12,vireo.in,1,1999,FIT-2505-3
VR881462,C107510,VA-EB-PL2,2025-08-12,vireo.in,1,2799,PL2-2505-4
VR882532,C100786,VA-HP-ST3,2025-08-12,vireo.in,1,6649,ST3-2505-3
VR882566,C100820,VA-HP-ST3,2025-08-12,vireo.in,1,6999,ST3-2506-4
VR883000,C100281,VA-EB-PL2,2025-08-12,vireo.in,1,2799,PL2-2506-3
VR883787,C100396,VA-EB-PL2,2025-08-12,Amazon,2,6998,PL2-2506-3
VR887611,C105443,VA-HP-ST3,2025-08-12,vireo.in,1,6649,ST3-2507-4
VR887755,C106233,VA-EB-PL2,2025-08-12,vireo.in,1,2974,PL2-2506-4
VR889335,C104349,VA-HP-ST2,2025-08-12,vireo.in,1,3999,ST2-2507-3
VR890130,C103122,VA-EB-PL2,2025-08-12,Amazon,2,6998,PL2-2507-1
VR891742,C105741,VA-SW-NX2,2025-08-12,vireo.in,1,6174,NX2-2505-3
VR892049,C102591,VA-EB-PL2,2025-08-12,vireo.in,1,3149,PL2-2507-4
VR892609,C104689,VA-EB-PL2,2025-08-12,vireo.in,1,3499,PL2-2506-2
VR893873,C104255,VA-EB-PL2,2025-08-12,Amazon,1,2799,PL2-2504-3
VR897399,C104644,VA-SP-ORB,2025-08-12,vireo.in,1,5399,ORB-2506-1
VR898277,C104526,VA-EB-PL2,2025-08-12,Amazon,1,3324,PL2-2506-1
VR898994,C101037,VA-SW-NX1,2025-08-12,vireo.in,1,4499,NX1-2505-3
VR899590,C106247,VA-EB-PL2,2025-08-12,vireo.in,1,3149,PL2-2505-2
VR902690,C104212,VA-SW-FIT,2025-08-12,vireo.in,1,1999,FIT-2505-2
VR903877,C104389,VA-EB-PL1,2025-08-12,vireo.in,1,2499,PL1-2506-4
VR904586,C104995,VA-HP-ST3,2025-08-12,vireo.in,1,5949,ST3-2505-3
VR905480,C105059,VA-EB-PL2,2025-08-12,vireo.in,1,2974,PL2-2506-1
VR905807,C102227,VA-EB-PL2,2025-08-12,vireo.in,1,3499,PL2-2505-1
VR907959,C106653,VA-EB-AIR,2025-08-12,Amazon,1,1799,AIR-2506-1
VR907961,C102923,VA-EB-PL2,2025-08-12,vireo.in,1,3499,PL2-2506-3
VR908010,C108204,VA-EB-PL1,2025-08-12,vireo.in,1,1999,PL1-2506-4
VR881591,C109446,VA-SW-NX2,2025-08-13,vireo.in,1,6499,NX2-2505-3
VR883068,C102331,VA-EB-PL2,2025-08-13,Amazon,1,3499,PL2-2507-3
VR885326,C109283,VA-HP-ST3,2025-08-13,Amazon,2,13998,ST3-2504-4
VR886720,C103586,VA-SP-ORB,2025-08-13,vireo.in,1,5999,ORB-2505-3
VR887631,C102986,VA-EB-PL2,2025-08-13,vireo.in,2,5598,PL2-2506-1
VR887774,C100595,VA-EB-PL2,2025-08-13,vireo.in,1,3499,PL2-2505-2
VR889018,C100172,VA-EB-PL2,2025-08-13,vireo.in,1,2974,PL2-2505-2
VR889543,C104261,VA-SW-FIT,2025-08-13,vireo.in,1,1899,FIT-2505-4
VR890513,C106582,VA-EB-PL2,2025-08-13,vireo.in,1,2974,PL2-2506-2
VR895463,C108173,VA-EB-PL1,2025-08-13,vireo.in,1,2499,PL1-2505-2
VR896889,C103856,VA-HP-ST2,2025-08-13,vireo.in,1,3999,ST2-2507-2
VR897133,C102817,VA-EB-AIR,2025-08-13,vireo.in,1,1439,AIR-2506-1
VR897174,C100082,VA-EB-PL2,2025-08-13,Amazon,1,3324,PL2-2505-2
VR897395,C104905,VA-EB-AIR,2025-08-13,Flipkart,1,1439,AIR-2505-2
VR898193,C102643,VA-SW-NX2,2025-08-13,vireo.in,1,6499,NX2-2507-1
VR898859,C104376,VA-EB-PL2,2025-08-13,vireo.in,1,3149,PL2-2506-4
VR900149,C105602,VA-EB-PL2,2025-08-13,vireo.in,2,6998,PL2-2506-4
VR900480,C108461,VA-EB-PL2,2025-08-13,Flipkart,1,2799,PL2-2506-3
VR901132,C109168,VA-EB-PL2,2025-08-13,Flipkart,1,3499,PL2-2507-1
VR903609,C104690,VA-EB-PL2,2025-08-13,Amazon,1,3324,PL2-2505-3
VR904028,C106359,VA-SP-MINI,2025-08-13,vireo.in,1,2499,MINI-2505-3
VR907908,C107732,VA-EB-PL2,2025-08-13,Flipkart,1,3499,PL2-2507-1
VR909432,C104230,VA-EB-PL2,2025-08-13,vireo.in,1,3499,PL2-2505-4
VR881114,C101002,VA-HP-ST3,2025-08-14,vireo.in,1,5599,ST3-2506-1
VR881309,C101769,VA-SW-NX2,2025-08-14,Amazon,1,6499,NX2-2505-1
VR882459,C108999,VA-EB-PL2,2025-08-14,Amazon,1,3499,PL2-2504-1
VR883255,C109167,VA-EB-PL2,2025-08-14,Amazon,1,2799,PL2-2506-1
VR883643,C106524,VA-SW-FIT,2025-08-14,vireo.in,1,1699,FIT-2506-1
VR883697,C108147,VA-SW-NX1,2025-08-14,Amazon,1,4249,NX1-2506-2
VR886225,C108747,VA-EB-PL1,2025-08-14,vireo.in,1,2499,PL1-2507-1
VR886767,C101341,VA-SP-ORB,2025-08-14,vireo.in,1,5999,ORB-2506-1
VR890053,C101464,VA-EB-PL2,2025-08-14,vireo.in,2,6998,PL2-2505-4
VR890373,C109447,VA-HP-ST3,2025-08-14,vireo.in,1,6999,ST3-2506-3
VR890870,C107414,VA-EB-PL2,2025-08-14,Amazon,1,3499,PL2-2506-1
VR891993,C106735,VA-EB-PL2,2025-08-14,Amazon,1,3149,PL2-2505-2
VR892104,C102539,VA-EB-PL1,2025-08-14,Flipkart,1,2374,PL1-2505-3
VR893084,C106957,VA-SW-NX2,2025-08-14,Flipkart,1,5524,NX2-2506-2
VR893723,C107125,VA-EB-PL2,2025-08-14,vireo.in,1,2799,PL2-2507-4
VR894276,C101448,VA-EB-PL2,2025-08-14,vireo.in,1,3324,PL2-2505-4
VR895787,C109493,VA-SP-ORB,2025-08-14,vireo.in,1,5399,ORB-2506-4
VR896430,C109203,VA-EB-PL1,2025-08-14,Amazon,1,2374,PL1-2506-4
VR899027,C107173,VA-EB-PL1,2025-08-14,Flipkart,1,2499,PL1-2506-4
VR900259,C101827,VA-EB-PL2,2025-08-14,vireo.in,1,3149,PL2-2505-4
VR900926,C103314,VA-SW-FIT,2025-08-14,vireo.in,1,1699,FIT-2505-1
VR901766,C100488,VA-SP-MINI,2025-08-14,Flipkart,1,2124,MINI-2507-1
VR905033,C104412,VA-SW-NX2,2025-08-14,vireo.in,1,6499,NX2-2505-4
VR907679,C101014,VA-SP-MINI,2025-08-14,Amazon,1,2499,MINI-2505-1
VR908187,C100091,VA-EB-PL2,2025-08-14,vireo.in,1,3499,PL2-2505-1
VR908814,C106062,VA-EB-PL2,2025-08-14,vireo.in,2,5948,PL2-2504-1
VR880222,C108365,VA-EB-AIR,2025-08-15,Flipkart,1,1619,AIR-2505-4
VR880371,C107463,VA-SW-NX2,2025-08-15,Amazon,1,6499,NX2-2506-2
VR883211,C105243,VA-EB-PL2,2025-08-15,Amazon,1,3499,PL2-2506-3
VR883221,C107001,VA-EB-AIR,2025-08-15,Flipkart,1,1799,AIR-2507-3
VR883394,C106111,VA-EB-PL1,2025-08-15,vireo.in,2,4498,PL1-2505-2
VR885086,C104132,VA-EB-PL2,2025-08-15,vireo.in,1,3499,PL2-2506-4
VR886107,C101373,VA-EB-PL2,2025-08-15,vireo.in,1,3324,PL2-2505-2
VR886287,C108139,VA-HP-ST3,2025-08-15,Flipkart,1,6999,ST3-2506-1
VR886814,C109196,VA-EB-PL2,2025-08-15,vireo.in,1,3149,PL2-2506-1
VR888802,C101749,VA-EB-PL2,2025-08-15,vireo.in,2,6648,PL2-2506-3
VR889885,C100637,VA-EB-AIR,2025-08-15,vireo.in,1,1619,AIR-2507-1
VR890417,C103879,VA-EB-PL2,2025-08-15,vireo.in,2,6998,PL2-2504-2
VR893041,C102008,VA-SW-NX2,2025-08-15,Amazon,1,5524,NX2-2507-3
VR894211,C108092,VA-EB-PL2,2025-08-15,vireo.in,1,3324,PL2-2507-1
VR894579,C109227,VA-SP-MINI,2025-08-15,vireo.in,1,2499,MINI-2505-1
VR897487,C107058,VA-EB-PL1,2025-08-15,vireo.in,1,2374,PL1-2507-1
VR898672,C107968,VA-EB-AIR,2025-08-15,Amazon,1,1799,AIR-2505-3
VR899454,C108881,VA-EB-PL2,2025-08-15,vireo.in,1,3324,PL2-2507-3
VR900702,C105637,VA-EB-PL2,2025-08-15,Amazon,1,3499,PL2-2507-2
VR903503,C106725,VA-EB-AIR,2025-08-15,Flipkart,1,1799,AIR-2505-3
VR903821,C101820,VA-SW-NX2,2025-08-15,vireo.in,1,5199,NX2-2506-4
VR903866,C108550,VA-EB-PL2,2025-08-15,vireo.in,2,6998,PL2-2507-2
VR906299,C103903,VA-HP-ST3,2025-08-15,Flipkart,1,6999,ST3-2507-2
VR909396,C102811,VA-AC-CASE,2025-08-15,vireo.in,1,1104,CASE-2507-4
VR909992,C104496,VA-EB-PL2,2025-08-15,Flipkart,1,2974,PL2-2506-4
VR881907,C107235,VA-EB-PL2,2025-08-16,vireo.in,1,3499,PL2-2506-1
VR882795,C109439,VA-EB-PL2,2025-08-16,vireo.in,1,3499,PL2-2507-2
VR885889,C102728,VA-NB-ARC,2025-08-16,vireo.in,1,1234,ARC-2506-3
VR887119,C103466,VA-HP-ST3,2025-08-16,Amazon,1,5599,ST3-2507-3
VR888820,C102450,VA-HP-ST2,2025-08-16,vireo.in,1,4499,ST2-2506-1
VR888861,C103004,VA-HP-ST2,2025-08-16,Flipkart,1,4999,ST2-2505-4
VR891066,C102774,VA-EB-AIR,2025-08-16,vireo.in,1,1619,AIR-2507-4
VR891556,C103276,VA-EB-PL2,2025-08-16,vireo.in,1,3149,PL2-2507-1
VR893762,C104673,VA-SP-ORB,2025-08-16,vireo.in,1,4799,ORB-2507-2
VR894925,C101559,VA-EB-PL2,2025-08-16,vireo.in,1,2974,PL2-2506-1
VR895547,C101179,VA-HP-ST3,2025-08-16,vireo.in,1,6299,ST3-2505-3
VR895895,C106552,VA-SW-NX2,2025-08-16,vireo.in,1,6499,NX2-2505-1
VR895916,C100366,VA-SW-NX2,2025-08-16,vireo.in,1,6499,NX2-2506-2
VR901208,C103278,VA-EB-PL1,2025-08-16,Amazon,1,2374,PL1-2505-4
VR903549,C100927,VA-EB-PL2,2025-08-16,Amazon,1,3499,PL2-2505-4
VR903970,C108360,VA-SP-MINI,2025-08-16,Amazon,1,2249,MINI-2506-4
VR905028,C109278,VA-EB-PL2,2025-08-16,vireo.in,1,3324,PL2-2506-4
VR906646,C100073,VA-SW-NX2,2025-08-16,Amazon,1,6499,NX2-2507-4
VR909192,C100971,VA-HP-ST2,2025-08-16,Amazon,1,4999,ST2-2507-2
VR882046,C108975,VA-EB-PL2,2025-08-17,Amazon,1,3499,PL2-2506-2
VR882714,C106290,VA-EB-PL2,2025-08-17,Amazon,1,3499,PL2-2506-4
VR883882,C101360,VA-EB-PL2,2025-08-17,vireo.in,1,3324,PL2-2505-2
VR884446,C105307,VA-EB-PL2,2025-08-17,vireo.in,1,3499,PL2-2507-1
VR885944,C107272,VA-SW-FIT,2025-08-17,vireo.in,1,1999,FIT-2506-2
VR886017,C102013,VA-EB-PL1,2025-08-17,Flipkart,1,2499,PL1-2506-3
VR886629,C105421,VA-AC-CBL,2025-08-17,Amazon,1,339,CBL-2506-4
VR889124,C108090,VA-AC-CASE,2025-08-17,Amazon,1,1104,CASE-2505-2
VR890121,C108845,VA-EB-PL2,2025-08-17,vireo.in,1,3499,PL2-2506-3
VR890586,C109009,VA-HP-ST2,2025-08-17,vireo.in,1,4999,ST2-2507-2
VR891025,C104260,VA-HP-ST2,2025-08-17,vireo.in,1,3999,ST2-2505-3
VR891716,C102699,VA-EB-PL2,2025-08-17,Flipkart,1,2799,PL2-2506-2
VR894026,C101568,VA-EB-AIR,2025-08-17,vireo.in,1,1529,AIR-2505-4
VR895015,C108411,VA-HP-ST3,2025-08-17,Amazon,1,5599,ST3-2506-3
VR895639,C100221,VA-EB-PL2,2025-08-17,vireo.in,1,3499,PL2-2505-4
VR895937,C104356,VA-EB-PL2,2025-08-17,vireo.in,1,2799,PL2-2507-1
VR897182,C102679,VA-EB-PL2,2025-08-17,Amazon,1,3149,PL2-2505-2
VR897983,C108653,VA-SW-FIT,2025-08-17,Amazon,1,1699,FIT-2505-4
VR898781,C101625,VA-SP-ORB,2025-08-17,vireo.in,1,5099,ORB-2507-2
VR900277,C102549,VA-AC-CBL,2025-08-17,Amazon,1,319,CBL-2505-4
VR900461,C109455,VA-SW-NX2,2025-08-17,vireo.in,1,6499,NX2-2507-1
VR901265,C107817,VA-SW-FIT,2025-08-17,Amazon,1,1599,FIT-2506-4
VR902471,C105133,VA-SW-FIT,2025-08-17,Amazon,1,1799,FIT-2505-1
VR902737,C104758,VA-SW-NX2,2025-08-17,Amazon,1,6499,NX2-2507-1
VR904036,C101395,VA-EB-PL1,2025-08-17,vireo.in,2,4998,PL1-2507-1
VR906207,C100087,VA-SW-FIT,2025-08-17,vireo.in,1,1999,FIT-2505-3
VR882799,C100918,VA-EB-AIR,2025-08-18,Amazon,1,1799,AIR-2505-1
VR885013,C107365,VA-EB-AIR,2025-08-18,Amazon,1,1439,AIR-2506-2
VR886056,C104229,VA-EB-AIR,2025-08-18,vireo.in,2,3418,AIR-2507-4
VR886293,C101562,VA-EB-PL2,2025-08-18,Flipkart,1,3499,PL2-2507-3
VR886826,C107539,VA-EB-AIR,2025-08-18,vireo.in,1,1529,AIR-2507-4
VR887400,C103427,VA-SP-MINI,2025-08-18,vireo.in,1,2499,MINI-2507-3
VR887450,C100674,VA-SW-FIT,2025-08-18,vireo.in,1,1699,FIT-2505-3
VR887479,C109221,VA-AC-CH65,2025-08-18,vireo.in,1,1499,CH65-2507-1
VR887614,C104202,VA-AC-CASE,2025-08-18,vireo.in,1,1299,CASE-2505-4
VR888191,C106171,VA-EB-PL2,2025-08-18,vireo.in,2,6998,PL2-2507-1
VR888196,C104283,VA-SW-NX2,2025-08-18,vireo.in,1,6499,NX2-2507-2
VR889441,C106158,VA-EB-PL2,2025-08-18,Amazon,1,3149,PL2-2507-1
VR890401,C106710,VA-EB-PL2,2025-08-18,vireo.in,1,2799,PL2-2506-2
VR890524,C103737,VA-EB-PL2,2025-08-18,Amazon,2,6648,PL2-2504-4
VR891163,C107616,VA-HP-ST2,2025-08-18,Amazon,1,4999,ST2-2505-2
VR891256,C102296,VA-EB-PL2,2025-08-18,vireo.in,1,3499,PL2-2506-2
VR891977,C107611,VA-EB-PL1,2025-08-18,Flipkart,1,2499,PL1-2507-1
VR892524,C104953,VA-SP-MINI,2025-08-18,Amazon,1,2499,MINI-2505-1
VR892639,C105088,VA-EB-PL1,2025-08-18,vireo.in,1,2499,PL1-2506-4
VR895725,C103578,VA-AC-CH65,2025-08-18,Amazon,1,1199,CH65-2507-1
VR895870,C105945,VA-EB-PL2,2025-08-18,vireo.in,1,3324,PL2-2507-2
VR897847,C105887,VA-EB-PL1,2025-08-18,Flipkart,1,2249,PL1-2506-2
VR898827,C102271,VA-EB-AIR,2025-08-18,Flipkart,1,1619,AIR-2506-1
VR899914,C103479,VA-EB-PL2,2025-08-18,vireo.in,1,3499,PL2-2506-2
VR900717,C101225,VA-EB-PL1,2025-08-18,Amazon,2,4498,PL1-2505-2
VR901809,C106945,VA-EB-PL2,2025-08-18,vireo.in,1,2974,PL2-2507-3
VR902761,C101029,VA-SW-FIT,2025-08-18,Amazon,1,1999,FIT-2505-4
VR903813,C102402,VA-HP-ST2,2025-08-18,Amazon,1,3999,ST2-2506-4
VR906016,C100192,VA-SP-MINI,2025-08-18,Amazon,1,2499,MINI-2505-1
VR907438,C100205,VA-EB-AIR,2025-08-18,vireo.in,1,1799,AIR-2507-3
VR909794,C106452,VA-EB-PL2,2025-08-18,vireo.in,1,3499,PL2-2506-1
VR909899,C103183,VA-EB-PL2,2025-08-18,Amazon,1,3149,PL2-2506-2
VR880543,C105475,VA-EB-PL2,2025-08-19,vireo.in,1,2974,PL2-2506-3
VR881783,C105640,VA-EB-PL1,2025-08-19,vireo.in,1,1999,PL1-2507-3
VR883835,C100199,VA-EB-PL2,2025-08-19,Flipkart,1,2974,PL2-2505-2
VR884825,C104836,VA-EB-PL2,2025-08-19,vireo.in,1,3499,PL2-2506-4
VR887377,C101787,VA-EB-PL2,2025-08-19,Amazon,1,3499,PL2-2507-2
VR888886,C108734,VA-SW-NX2,2025-08-19,Flipkart,1,6174,NX2-2507-1
VR889030,C108948,VA-EB-PL2,2025-08-19,vireo.in,1,3324,PL2-2505-2
VR889940,C109405,VA-HP-ST3,2025-08-19,vireo.in,1,6999,ST3-2507-1
VR890069,C106053,VA-EB-PL2,2025-08-19,Amazon,1,3324,PL2-2507-2
VR890102,C108866,VA-EB-AIR,2025-08-19,Amazon,1,1709,AIR-2507-1
VR890235,C109016,VA-EB-PL2,2025-08-19,Amazon,1,3499,PL2-2507-2
VR893192,C100894,VA-EB-PL1,2025-08-19,Amazon,1,2499,PL1-2507-1
VR893241,C100249,VA-HP-ST3,2025-08-19,vireo.in,1,6649,ST3-2505-3
VR894442,C103205,VA-HP-ST3,2025-08-19,Amazon,1,6999,ST3-2507-1
VR895420,C100382,VA-SW-FIT,2025-08-19,Amazon,1,1599,FIT-2507-2
VR896643,C106235,VA-EB-PL1,2025-08-19,Amazon,1,1999,PL1-2507-1
VR897659,C105198,VA-SW-NX2,2025-08-19,Amazon,1,5199,NX2-2505-2
VR897703,C101116,VA-EB-PL2,2025-08-19,vireo.in,1,3499,PL2-2506-4
VR898873,C103114,VA-EB-PL2,2025-08-19,Amazon,1,2974,PL2-2505-1
VR899385,C103389,VA-EB-PL2,2025-08-19,Flipkart,1,2974,PL2-2505-1
VR901585,C105788,VA-SW-NX2,2025-08-19,vireo.in,1,5199,NX2-2507-1
VR904005,C102861,VA-EB-AIR,2025-08-19,Amazon,1,1799,AIR-2506-3
VR904505,C101790,VA-EB-PL2,2025-08-19,Amazon,1,3499,PL2-2506-4
VR907563,C102204,VA-AC-CASE,2025-08-19,vireo.in,1,1299,CASE-2506-3
VR908248,C105274,VA-EB-PL2,2025-08-19,Amazon,1,2799,PL2-2506-4
VR909400,C103465,VA-EB-PL1,2025-08-19,vireo.in,1,2499,PL1-2506-1
VR909586,C109295,VA-EB-PL2,2025-08-19,Amazon,1,3499,PL2-2507-3
VR880975,C100395,VA-EB-AIR,2025-08-20,Flipkart,1,1799,AIR-2507-4
VR881651,C105028,VA-EB-PL2,2025-08-20,vireo.in,1,3499,PL2-2505-2
VR882747,C105873,VA-EB-PL1,2025-08-20,vireo.in,1,2499,PL1-2505-1
VR883498,C107813,VA-SW-FIT,2025-08-20,vireo.in,1,1999,FIT-2507-3
VR884350,C100459,VA-EB-PL2,2025-08-20,vireo.in,1,3499,PL2-2506-1
VR884531,C108979,VA-AC-CASE,2025-08-20,vireo.in,1,1234,CASE-2505-4
VR885961,C107314,VA-EB-PL2,2025-08-20,Amazon,1,3149,PL2-2505-1
VR886749,C106135,VA-EB-PL2,2025-08-20,Amazon,1,2799,PL2-2506-2
VR887793,C104415,VA-EB-AIR,2025-08-20,Flipkart,1,1709,AIR-2506-3
VR888917,C102863,VA-EB-PL2,2025-08-20,vireo.in,1,3149,PL2-2506-4
VR890179,C102690,VA-EB-AIR,2025-08-20,vireo.in,1,1799,AIR-2505-1
VR891936,C104334,VA-SP-MINI,2025-08-20,Flipkart,1,2249,MINI-2507-1
VR892361,C107933,VA-EB-PL2,2025-08-20,Amazon,1,3324,PL2-2507-3
VR893421,C102868,VA-NB-ARC,2025-08-20,Amazon,1,1104,ARC-2507-1
VR903806,C100327,VA-SW-FIT,2025-08-20,Amazon,1,1799,FIT-2506-2
VR906714,C100719,VA-SW-NX1,2025-08-20,vireo.in,1,4749,NX1-2507-2
VR907597,C108984,VA-EB-PL2,2025-08-20,vireo.in,1,2799,PL2-2506-3
VR907682,C108879,VA-EB-PL2,2025-08-20,Amazon,1,2974,PL2-2506-3
VR908486,C100157,VA-EB-PL2,2025-08-20,vireo.in,1,3499,PL2-2505-1
VR908510,C105547,VA-HP-ST3,2025-08-20,Flipkart,1,6299,ST3-2507-1
VR908870,C105545,VA-EB-PL1,2025-08-20,vireo.in,1,1999,PL1-2506-1
VR880000,C107635,VA-EB-PL2,2025-08-21,vireo.in,1,2799,PL2-2507-1
VR880105,C101456,VA-SP-ORB,2025-08-21,vireo.in,1,5099,ORB-2507-3
VR882866,C108478,VA-EB-PL2,2025-08-21,vireo.in,1,3499,PL2-2506-1
VR883778,C105990,VA-EB-PL2,2025-08-21,vireo.in,1,3499,PL2-2505-3
VR884586,C104511,VA-EB-PL2,2025-08-21,vireo.in,1,3499,PL2-2506-3
VR885246,C101348,VA-EB-PL2,2025-08-21,Amazon,1,3149,PL2-2506-4
VR885436,C101969,VA-EB-AIR,2025-08-21,Amazon,1,1439,AIR-2505-1
VR885490,C108518,VA-AC-CBL,2025-08-21,vireo.in,1,359,CBL-2508-2
VR887850,C103870,VA-HP-ST3,2025-08-21,vireo.in,1,6999,ST3-2506-1
VR891931,C102150,VA-EB-PL2,2025-08-21,vireo.in,1,3324,PL2-2505-4
VR893015,C107418,VA-SW-NX1,2025-08-21,vireo.in,1,4999,NX1-2505-1
VR894134,C107888,VA-EB-PL2,2025-08-21,Flipkart,1,3324,PL2-2507-2
VR897728,C107472,VA-EB-PL2,2025-08-21,Amazon,1,3149,PL2-2506-2
VR898730,C102034,VA-EB-PL2,2025-08-21,vireo.in,1,3149,PL2-2506-2
VR899243,C108931,VA-EB-PL1,2025-08-21,vireo.in,1,2249,PL1-2507-4
VR899312,C106689,VA-EB-PL2,2025-08-21,Amazon,1,3324,PL2-2506-3
VR900383,C108024,VA-EB-PL2,2025-08-21,vireo.in,1,3499,PL2-2506-1
VR902006,C105155,VA-EB-PL2,2025-08-21,Amazon,1,2974,PL2-2505-1
VR905031,C105608,VA-EB-PL1,2025-08-21,Amazon,1,2249,PL1-2505-2
VR909059,C104346,VA-EB-PL2,2025-08-21,vireo.in,1,2799,PL2-2507-2
VR882447,C107913,VA-SW-NX2,2025-08-22,Flipkart,1,5199,NX2-2506-1
VR882499,C107744,VA-EB-PL2,2025-08-22,Flipkart,1,2974,PL2-2505-2
VR882704,C103687,VA-EB-AIR,2025-08-22,vireo.in,1,1619,AIR-2507-3
VR883077,C105204,VA-EB-PL1,2025-08-22,Flipkart,1,2499,PL1-2505-1
VR883508,C100650,VA-NB-ARC,2025-08-22,Flipkart,1,1299,ARC-2506-3
VR886249,C100781,VA-SP-ORB,2025-08-22,vireo.in,1,5999,ORB-2506-2
VR886519,C106226,VA-SP-MINI,2025-08-22,Amazon,1,1999,MINI-2507-3
VR886667,C100980,VA-HP-ST3,2025-08-22,vireo.in,1,6299,ST3-2507-1
VR888156,C107770,VA-EB-PL2,2025-08-22,Amazon,1,3324,PL2-2506-1
VR889554,C108745,VA-EB-PL2,2025-08-22,vireo.in,1,3149,PL2-2506-3
VR891620,C105589,VA-EB-AIR,2025-08-22,Amazon,1,1799,AIR-2507-3
VR891919,C107499,VA-EB-PL1,2025-08-22,Flipkart,1,2124,PL1-2506-1
VR893314,C105279,VA-EB-PL1,2025-08-22,vireo.in,1,2499,PL1-2505-1
VR894591,C106199,VA-EB-PL1,2025-08-22,Amazon,1,2249,PL1-2506-4
VR897742,C106783,VA-SW-NX2,2025-08-22,vireo.in,1,6174,NX2-2505-2
VR897933,C102364,VA-EB-AIR,2025-08-22,Flipkart,1,1799,AIR-2506-3
VR898171,C100965,VA-EB-PL2,2025-08-22,Amazon,1,3149,PL2-2506-2
VR898341,C106864,VA-SP-MINI,2025-08-22,Flipkart,1,2249,MINI-2507-4
VR900800,C101080,VA-EB-PL2,2025-08-22,vireo.in,1,3499,PL2-2505-3
VR901845,C107088,VA-SW-NX2,2025-08-22,vireo.in,2,11698,NX2-2505-3
VR904299,C101285,VA-SW-NX2,2025-08-22,vireo.in,1,6499,NX2-2507-1
VR905342,C104775,VA-EB-PL1,2025-08-22,vireo.in,1,2249,PL1-2505-4
VR906791,C102634,VA-EB-AIR,2025-08-22,vireo.in,1,1619,AIR-2506-1
VR909918,C108946,VA-SW-NX2,2025-08-22,Amazon,1,6499,NX2-2506-3
VR881352,C101447,VA-EB-PL2,2025-08-23,Amazon,1,3499,PL2-2508-1
VR882055,C102078,VA-EB-PL2,2025-08-23,vireo.in,1,3324,PL2-2507-1
VR884470,C102074,VA-EB-PL1,2025-08-23,vireo.in,1,2249,PL1-2506-1
VR887753,C102843,VA-EB-PL2,2025-08-23,vireo.in,1,3324,PL2-2507-2
VR888444,C103545,VA-HP-ST3,2025-08-23,Amazon,1,5599,ST3-2507-1
VR891943,C105743,VA-SP-ORB,2025-08-23,vireo.in,1,5399,ORB-2506-1
VR892266,C106785,VA-EB-PL1,2025-08-23,vireo.in,2,4248,PL1-2506-3
VR893243,C104047,VA-EB-PL1,2025-08-23,vireo.in,1,2499,PL1-2508-4
VR894885,C103082,VA-HP-ST2,2025-08-23,vireo.in,1,4999,ST2-2505-4
VR897307,C101272,VA-EB-PL2,2025-08-23,vireo.in,1,3499,PL2-2506-3
VR897672,C100488,VA-EB-PL2,2025-08-23,vireo.in,1,2974,PL2-2507-1
VR898762,C105252,VA-EB-PL2,2025-08-23,Flipkart,1,2799,PL2-2506-2
VR898777,C107490,VA-SP-ORB,2025-08-23,vireo.in,2,10798,ORB-2506-1
VR899067,C108331,VA-NB-ARC,2025-08-23,Amazon,1,1104,ARC-2505-4
VR900260,C102107,VA-AC-CASE,2025-08-23,vireo.in,1,1234,CASE-2507-4
VR900884,C103539,VA-SW-NX2,2025-08-23,Amazon,1,5524,NX2-2506-3
VR901011,C106345,VA-EB-PL2,2025-08-23,Flipkart,1,2974,PL2-2505-3
VR901752,C107280,VA-EB-PL1,2025-08-23,Amazon,1,2499,PL1-2507-2
VR902702,C108540,VA-EB-PL2,2025-08-23,vireo.in,1,3499,PL2-2507-1
VR903064,C100465,VA-SW-NX2,2025-08-23,Amazon,1,5199,NX2-2508-4
VR905225,C103122,VA-EB-AIR,2025-08-23,vireo.in,1,1799,AIR-2507-4
VR905843,C103671,VA-EB-PL2,2025-08-23,Amazon,1,3499,PL2-2506-3
VR906156,C102539,VA-SW-NX2,2025-08-23,vireo.in,1,5199,NX2-2505-3
VR906996,C107231,VA-EB-PL2,2025-08-23,vireo.in,2,6998,PL2-2505-4
VR908980,C106306,VA-EB-PL1,2025-08-23,vireo.in,1,2249,PL1-2505-3
VR909133,C100967,VA-EB-PL2,2025-08-23,vireo.in,1,3499,PL2-2506-4
VR880736,C103167,VA-EB-PL2,2025-08-24,vireo.in,1,3149,PL2-2506-3
VR880743,C108480,VA-HP-ST3,2025-08-24,Amazon,1,6999,ST3-2505-2
VR881813,C106276,VA-EB-PL1,2025-08-24,Amazon,1,2499,PL1-2506-2
VR882364,C100932,VA-EB-PL2,2025-08-24,vireo.in,1,3149,PL2-2507-3
VR883894,C107256,VA-SW-NX2,2025-08-24,vireo.in,1,6499,NX2-2505-2
VR885014,C100387,VA-EB-AIR,2025-08-24,Amazon,1,1439,AIR-2506-1
VR885500,C106969,VA-SP-MINI,2025-08-24,vireo.in,1,2124,MINI-2506-4
VR887551,C109041,VA-NB-ARC,2025-08-24,vireo.in,1,1169,ARC-2507-4
VR889799,C106555,VA-HP-ST3,2025-08-24,Flipkart,1,6649,ST3-2505-4
VR890182,C102427,VA-EB-PL2,2025-08-24,Amazon,1,3499,PL2-2505-2
VR890834,C103823,VA-EB-PL1,2025-08-24,vireo.in,2,4248,PL1-2506-4
VR892215,C106962,VA-EB-PL1,2025-08-24,vireo.in,1,2499,PL1-2505-3
VR892507,C108380,VA-AC-CBL,2025-08-24,vireo.in,1,399,CBL-2506-1
VR893188,C105731,VA-HP-ST3,2025-08-24,vireo.in,1,5599,ST3-2506-1
VR895143,C104274,VA-EB-PL2,2025-08-24,vireo.in,1,3324,PL2-2506-3
VR895152,C106919,VA-EB-PL2,2025-08-24,vireo.in,1,3499,PL2-2505-1
VR895343,C101231,VA-SW-NX2,2025-08-24,Amazon,1,5849,NX2-2507-2
VR895429,C106213,VA-SP-ORB,2025-08-24,vireo.in,1,5399,ORB-2505-1
VR896702,C105469,VA-EB-PL2,2025-08-24,vireo.in,1,3499,PL2-2505-1
VR898241,C105718,VA-HP-ST2,2025-08-24,vireo.in,1,4499,ST2-2506-2
VR898327,C105718,VA-SW-NX2,2025-08-24,Amazon,1,6174,NX2-2507-3
VR899525,C106828,VA-SW-NX2,2025-08-24,Amazon,1,6499,NX2-2505-1
VR901405,C108394,VA-EB-PL2,2025-08-24,Flipkart,1,2799,PL2-2505-2
VR903879,C107803,VA-EB-PL2,2025-08-24,Flipkart,1,3499,PL2-2506-2
VR905591,C109172,VA-HP-ST2,2025-08-24,Flipkart,1,4999,ST2-2506-3
VR907247,C107559,VA-EB-PL2,2025-08-24,vireo.in,1,2974,PL2-2507-4
VR907549,C103237,VA-EB-PL2,2025-08-24,vireo.in,1,3324,PL2-2506-2
VR908900,C100793,VA-SP-MINI,2025-08-24,vireo.in,1,2124,MINI-2506-1
VR881975,C109448,VA-EB-PL1,2025-08-25,Amazon,1,2124,PL1-2506-1
VR882985,C109362,VA-EB-PL2,2025-08-25,Amazon,1,3499,PL2-2506-3
VR886525,C107217,VA-AC-CBL,2025-08-25,Flipkart,1,399,CBL-2508-4
VR887526,C105672,VA-EB-PL2,2025-08-25,vireo.in,1,3499,PL2-2506-2
VR891519,C105910,VA-AC-CASE,2025-08-25,Amazon,1,1039,CASE-2506-4
VR892145,C108679,VA-EB-PL1,2025-08-25,vireo.in,1,2499,PL1-2506-1
VR893337,C107769,VA-SW-NX2,2025-08-25,Amazon,1,5849,NX2-2507-3
VR893505,C101496,VA-EB-AIR,2025-08-25,vireo.in,1,1799,AIR-2506-1
VR894357,C107697,VA-EB-AIR,2025-08-25,Flipkart,1,1529,AIR-2506-2
VR898596,C104747,VA-EB-PL2,2025-08-25,Flipkart,1,3499,PL2-2508-2
VR898720,C100086,VA-AC-CASE,2025-08-25,Amazon,1,1299,CASE-2505-2
VR899013,C107401,VA-NB-ARC,2025-08-25,Amazon,1,1299,ARC-2506-2
VR899707,C106277,VA-SW-NX1,2025-08-25,Flipkart,2,9498,NX1-2505-2
VR900966,C101606,VA-EB-PL1,2025-08-25,Amazon,1,2499,PL1-2507-2
VR903704,C105387,VA-SW-NX1,2025-08-25,vireo.in,1,3999,NX1-2508-1
VR904458,C105189,VA-EB-PL1,2025-08-25,vireo.in,1,2499,PL1-2506-4
VR905246,C103425,VA-HP-ST3,2025-08-25,Flipkart,1,6999,ST3-2506-1
VR906497,C107672,VA-SW-FIT,2025-08-25,Flipkart,1,1899,FIT-2505-2
VR907274,C105091,VA-EB-PL2,2025-08-25,Amazon,1,2799,PL2-2507-4
VR880070,C107622,VA-EB-PL2,2025-08-26,Flipkart,1,3324,PL2-2506-2
VR881592,C106345,VA-SW-FIT,2025-08-26,vireo.in,1,1999,FIT-2506-2
VR882217,C107782,VA-AC-CH65,2025-08-26,vireo.in,1,1424,CH65-2506-3
VR883374,C106093,VA-EB-PL2,2025-08-26,Flipkart,1,3499,PL2-2507-3
VR883655,C106605,VA-SP-MINI,2025-08-26,vireo.in,1,2499,MINI-2507-3
VR884102,C108448,VA-SW-NX2,2025-08-26,vireo.in,1,6499,NX2-2505-1
VR884120,C108142,VA-EB-PL1,2025-08-26,Amazon,2,3998,PL1-2506-3
VR885431,C104866,VA-SW-NX2,2025-08-26,Flipkart,1,6174,NX2-2507-2
VR885487,C103704,VA-SW-NX2,2025-08-26,vireo.in,1,5849,NX2-2507-4
VR888023,C108025,VA-SP-MINI,2025-08-26,vireo.in,1,2124,MINI-2505-4
VR889202,C100646,VA-SW-FIT,2025-08-26,vireo.in,1,1899,FIT-2507-1
VR889358,C102242,VA-SP-ORB,2025-08-26,vireo.in,1,5099,ORB-2505-2
VR889739,C108331,VA-HP-ST3,2025-08-26,vireo.in,1,6299,ST3-2507-4
VR890613,C100862,VA-EB-PL2,2025-08-26,Flipkart,1,3149,PL2-2507-2
VR893620,C105882,VA-EB-PL2,2025-08-26,vireo.in,1,3499,PL2-2505-4
VR895211,C106224,VA-EB-PL2,2025-08-26,vireo.in,1,3324,PL2-2505-3
VR896043,C108479,VA-SW-NX2,2025-08-26,vireo.in,1,6499,NX2-2506-4
VR896835,C104683,VA-EB-PL2,2025-08-26,vireo.in,1,3324,PL2-2505-1
VR897892,C104030,VA-SP-MINI,2025-08-26,vireo.in,1,2499,MINI-2507-2
VR900314,C102657,VA-EB-PL2,2025-08-26,Amazon,1,3499,PL2-2505-2
VR901536,C102390,VA-EB-PL2,2025-08-26,Amazon,1,3499,PL2-2506-2
VR902311,C106075,VA-EB-PL2,2025-08-26,vireo.in,1,3324,PL2-2505-3
VR903334,C105212,VA-EB-PL2,2025-08-26,vireo.in,1,3499,PL2-2507-3
VR904191,C105168,VA-EB-PL2,2025-08-26,vireo.in,1,3499,PL2-2507-2
VR906692,C104017,VA-EB-PL1,2025-08-26,vireo.in,1,2249,PL1-2506-4
VR906773,C101187,VA-SP-MINI,2025-08-26,Amazon,1,2124,MINI-2506-2
VR880286,C100394,VA-SP-MINI,2025-08-27,vireo.in,1,1999,MINI-2507-1
VR883493,C108612,VA-SW-NX2,2025-08-27,Flipkart,1,6499,NX2-2506-1
VR885398,C106331,VA-EB-PL1,2025-08-27,vireo.in,1,2499,PL1-2506-1
VR885413,C102285,VA-EB-PL2,2025-08-27,vireo.in,1,3499,PL2-2507-1
VR885904,C106385,VA-SP-MINI,2025-08-27,vireo.in,1,1999,MINI-2507-2
VR887173,C107750,VA-EB-PL2,2025-08-27,Flipkart,1,2974,PL2-2507-1
VR888928,C100783,VA-EB-PL1,2025-08-27,Amazon,1,2499,PL1-2507-4
VR891887,C103983,VA-HP-ST2,2025-08-27,vireo.in,1,4249,ST2-2506-4
VR892263,C101691,VA-EB-PL2,2025-08-27,vireo.in,1,2799,PL2-2507-3
VR893273,C104308,VA-EB-PL2,2025-08-27,vireo.in,1,3324,PL2-2506-2
VR893339,C102836,VA-SP-ORB,2025-08-27,Flipkart,1,5399,ORB-2505-4
VR893427,C101266,VA-SW-NX2,2025-08-27,Amazon,1,6499,NX2-2507-4
VR893656,C107650,VA-HP-ST3,2025-08-27,vireo.in,1,5599,ST3-2506-1
VR893658,C103623,VA-EB-PL2,2025-08-27,vireo.in,1,3324,PL2-2507-1
VR894434,C103325,VA-EB-PL2,2025-08-27,vireo.in,2,5598,PL2-2505-4
VR894881,C103709,VA-AC-CH65,2025-08-27,vireo.in,1,1424,CH65-2505-2
VR896236,C105277,VA-SP-MINI,2025-08-27,Amazon,1,2499,MINI-2507-2
VR896469,C101219,VA-SP-MINI,2025-08-27,vireo.in,1,2499,MINI-2506-4
VR898778,C109474,VA-HP-ST3,2025-08-27,vireo.in,1,6999,ST3-2506-3
VR900679,C104617,VA-EB-PL1,2025-08-27,vireo.in,1,2249,PL1-2508-4
VR900895,C107667,VA-EB-PL2,2025-08-27,Flipkart,1,3499,PL2-2506-2
VR902032,C105764,VA-EB-PL2,2025-08-27,vireo.in,1,2799,PL2-2507-1
VR903342,C100951,VA-EB-PL1,2025-08-27,vireo.in,1,2499,PL1-2507-2
VR903620,C101279,VA-NB-ARC,2025-08-27,vireo.in,1,1169,ARC-2507-3
VR904148,C104956,VA-EB-PL2,2025-08-27,vireo.in,1,3499,PL2-2507-2
VR904270,C108585,VA-SW-NX2,2025-08-27,Amazon,2,11048,NX2-2507-3
VR904377,C106858,VA-SW-NX2,2025-08-27,vireo.in,1,6499,NX2-2507-4
VR904828,C104938,VA-EB-PL2,2025-08-27,Flipkart,1,2799,PL2-2505-2
VR908350,C107316,VA-EB-PL2,2025-08-27,vireo.in,1,3324,PL2-2507-1
VR909932,C101106,VA-EB-PL2,2025-08-27,Amazon,1,3149,PL2-2505-2
VR880688,C107287,VA-EB-PL2,2025-08-28,Amazon,1,3324,PL2-2507-2
VR881621,C102886,VA-HP-ST2,2025-08-28,vireo.in,1,3999,ST2-2506-1
VR884942,C106505,VA-EB-PL2,2025-08-28,vireo.in,1,3324,PL2-2505-1
VR885520,C101399,VA-EB-PL2,2025-08-28,vireo.in,2,6298,PL2-2505-2
VR885861,C104449,VA-HP-ST2,2025-08-28,Amazon,1,4999,ST2-2505-4
VR886764,C109130,VA-EB-PL2,2025-08-28,vireo.in,1,3324,PL2-2506-3
VR887175,C107294,VA-SP-MINI,2025-08-28,vireo.in,1,2124,MINI-2506-4
VR887358,C104021,VA-EB-PL2,2025-08-28,vireo.in,1,2974,PL2-2505-4
VR890363,C102741,VA-HP-ST2,2025-08-28,Flipkart,1,4999,ST2-2507-1
VR890739,C100627,VA-SW-NX1,2025-08-28,vireo.in,1,4499,NX1-2507-4
VR890872,C104046,VA-EB-AIR,2025-08-28,vireo.in,1,1799,AIR-2506-3
VR892357,C103988,VA-EB-PL2,2025-08-28,vireo.in,1,3149,PL2-2507-4
VR893067,C106555,VA-NB-ARC,2025-08-28,vireo.in,1,1169,ARC-2507-3
VR893086,C101989,VA-HP-ST3,2025-08-28,Amazon,1,6999,ST3-2506-1
VR893659,C106335,VA-EB-PL2,2025-08-28,vireo.in,1,3324,PL2-2507-4
VR894931,C105242,VA-EB-AIR,2025-08-28,Amazon,1,1799,AIR-2505-3
VR895190,C102409,VA-SP-MINI,2025-08-28,vireo.in,1,2374,MINI-2508-2
VR895513,C100759,VA-EB-PL2,2025-08-28,vireo.in,1,3499,PL2-2507-2
VR896606,C102166,VA-SW-NX1,2025-08-28,Amazon,1,4999,NX1-2506-2
VR897936,C100650,VA-SP-ORB,2025-08-28,vireo.in,1,5099,ORB-2507-3
VR898747,C105627,VA-AC-CH65,2025-08-28,Amazon,1,1274,CH65-2507-1
VR900400,C109308,VA-EB-PL2,2025-08-28,vireo.in,1,3499,PL2-2507-2
VR900879,C105204,VA-EB-PL2,2025-08-28,vireo.in,1,2799,PL2-2507-1
VR902233,C104511,VA-EB-PL1,2025-08-28,Amazon,1,2374,PL1-2507-2
VR903431,C102225,VA-EB-PL2,2025-08-28,Amazon,1,3149,PL2-2505-1
VR905251,C107958,VA-HP-ST2,2025-08-28,Amazon,1,3999,ST2-2507-1
VR907167,C106343,VA-EB-PL2,2025-08-28,vireo.in,1,2974,PL2-2507-1
VR908157,C108551,VA-SW-NX2,2025-08-28,vireo.in,1,6499,NX2-2505-2
VR908197,C107013,VA-SW-FIT,2025-08-28,vireo.in,1,1999,FIT-2506-4
VR909785,C103214,VA-EB-AIR,2025-08-28,vireo.in,1,1529,AIR-2506-1
VR880501,C101590,VA-EB-AIR,2025-08-29,Amazon,1,1439,AIR-2506-1
VR881281,C101570,VA-EB-PL1,2025-08-29,Amazon,1,2124,PL1-2507-3
VR881528,C102491,VA-EB-PL2,2025-08-29,vireo.in,1,3499,PL2-2506-1
VR881754,C101599,VA-HP-ST2,2025-08-29,vireo.in,1,4999,ST2-2508-4
VR882879,C106027,VA-EB-PL1,2025-08-29,vireo.in,1,2499,PL1-2508-1
VR884349,C102776,VA-EB-PL1,2025-08-29,vireo.in,1,2374,PL1-2507-3
VR885536,C103452,VA-EB-PL2,2025-08-29,Amazon,1,3324,PL2-2506-2
VR886908,C107237,VA-HP-ST3,2025-08-29,Flipkart,1,6999,ST3-2505-1
VR886985,C108280,VA-HP-ST3,2025-08-29,vireo.in,1,6299,ST3-2506-1
VR887276,C108211,VA-SP-ORB,2025-08-29,vireo.in,1,5999,ORB-2506-1
VR888138,C107993,VA-HP-ST3,2025-08-29,Flipkart,1,6299,ST3-2507-1
VR888186,C100070,VA-HP-ST2,2025-08-29,vireo.in,1,4499,ST2-2507-2
VR889856,C103121,VA-AC-CASE,2025-08-29,vireo.in,1,1299,CASE-2505-2
VR891180,C100283,VA-EB-PL1,2025-08-29,vireo.in,1,2124,PL1-2506-4
VR892454,C101605,VA-SW-NX2,2025-08-29,vireo.in,1,6499,NX2-2506-3
VR892566,C105572,VA-EB-PL2,2025-08-29,vireo.in,1,3499,PL2-2505-1
VR892887,C107190,VA-EB-PL2,2025-08-29,Amazon,1,3499,PL2-2507-1
VR894856,C100732,VA-EB-PL1,2025-08-29,Flipkart,1,2499,PL1-2505-1
VR896976,C102539,VA-EB-PL2,2025-08-29,vireo.in,1,3499,PL2-2505-1
VR898030,C108032,VA-SW-NX1,2025-08-29,Flipkart,2,7998,NX1-2506-2
VR899866,C103717,VA-SW-NX1,2025-08-29,Flipkart,1,4749,NX1-2507-4
VR900484,C100521,VA-EB-PL2,2025-08-29,vireo.in,2,6648,PL2-2507-2
VR900979,C102722,VA-SW-NX1,2025-08-29,vireo.in,1,4999,NX1-2508-4
VR905751,C101783,VA-AC-CH65,2025-08-29,vireo.in,1,1199,CH65-2505-2
VR907237,C103712,VA-SP-ORB,2025-08-29,vireo.in,1,5699,ORB-2505-1
VR907662,C104027,VA-EB-PL2,2025-08-29,Amazon,1,3324,PL2-2507-1
VR908288,C105124,VA-EB-PL2,2025-08-29,vireo.in,1,2799,PL2-2507-4
VR881202,C104673,VA-HP-ST2,2025-08-30,vireo.in,1,4999,ST2-2506-3
VR884776,C101634,VA-EB-PL2,2025-08-30,Flipkart,1,3499,PL2-2506-1
VR886074,C107905,VA-EB-PL2,2025-08-30,Flipkart,1,3324,PL2-2507-4
VR886575,C107735,VA-HP-ST2,2025-08-30,Flipkart,1,4499,ST2-2507-4
VR891594,C106661,VA-SW-NX1,2025-08-30,vireo.in,1,3999,NX1-2506-2
VR892023,C102590,VA-EB-PL2,2025-08-30,Amazon,1,3499,PL2-2505-4
VR892400,C102157,VA-EB-PL1,2025-08-30,vireo.in,1,2499,PL1-2506-3
VR892934,C108256,VA-EB-PL1,2025-08-30,Amazon,1,2249,PL1-2507-4
VR893988,C109222,VA-EB-PL2,2025-08-30,vireo.in,2,5948,PL2-2506-3
VR894042,C101104,VA-EB-PL2,2025-08-30,Amazon,1,3149,PL2-2507-3
VR898233,C103166,VA-EB-PL2,2025-08-30,vireo.in,1,3499,PL2-2506-1
VR898290,C102475,VA-SW-FIT,2025-08-30,vireo.in,1,1599,FIT-2507-1
VR899854,C105256,VA-EB-PL1,2025-08-30,vireo.in,1,2124,PL1-2506-1
VR899922,C106977,VA-EB-PL2,2025-08-30,Flipkart,1,3499,PL2-2505-1
VR902384,C106167,VA-EB-PL1,2025-08-30,vireo.in,1,2374,PL1-2506-4
VR902834,C105086,VA-EB-PL2,2025-08-30,vireo.in,1,3324,PL2-2507-1
VR903670,C106828,VA-EB-PL2,2025-08-30,vireo.in,1,3324,PL2-2508-3
VR904029,C100983,VA-EB-AIR,2025-08-30,Flipkart,1,1799,AIR-2507-1
VR904696,C100478,VA-HP-ST3,2025-08-30,vireo.in,1,5599,ST3-2507-1
VR904924,C108716,VA-EB-PL1,2025-08-30,vireo.in,1,2499,PL1-2505-2
VR905334,C104845,VA-SW-FIT,2025-08-30,Flipkart,1,1999,FIT-2506-4
VR906598,C103131,VA-EB-PL2,2025-08-30,Amazon,1,3499,PL2-2505-2
VR907261,C105097,VA-EB-PL2,2025-08-30,vireo.in,1,3499,PL2-2506-3
VR907572,C100148,VA-EB-PL2,2025-08-30,Amazon,1,3324,PL2-2506-4
VR908147,C107089,VA-AC-CH65,2025-08-30,Flipkart,2,2698,CH65-2507-1
VR909185,C101433,VA-EB-AIR,2025-08-30,vireo.in,1,1709,AIR-2506-1
VR909845,C105622,VA-HP-ST2,2025-08-30,vireo.in,1,4499,ST2-2505-3
VR880124,C101718,VA-EB-PL1,2025-08-31,vireo.in,1,2249,PL1-2506-1
VR881617,C105060,VA-SP-MINI,2025-08-31,Amazon,1,2124,MINI-2506-1
VR884779,C104709,VA-HP-ST3,2025-08-31,vireo.in,2,13998,ST3-2507-1
VR884784,C102287,VA-EB-PL1,2025-08-31,vireo.in,1,2124,PL1-2508-3
VR885441,C108324,VA-EB-PL2,2025-08-31,vireo.in,1,3499,PL2-2506-3
VR885758,C105427,VA-AC-CASE,2025-08-31,vireo.in,2,2078,CASE-2507-3
VR885946,C102816,VA-EB-PL2,2025-08-31,Amazon,1,3499,PL2-2508-1
VR886441,C104379,VA-SP-MINI,2025-08-31,Flipkart,1,2124,MINI-2505-2
VR887111,C107259,VA-SP-MINI,2025-08-31,Amazon,2,4998,MINI-2507-4
VR887522,C108836,VA-SP-MINI,2025-08-31,vireo.in,1,2124,MINI-2505-2
VR889724,C108204,VA-EB-PL1,2025-08-31,vireo.in,1,2374,PL1-2507-4
VR891933,C100480,VA-EB-AIR,2025-08-31,Amazon,1,1529,AIR-2506-1
VR892402,C103072,VA-SW-NX2,2025-08-31,vireo.in,1,6499,NX2-2506-4
VR896438,C100548,VA-SP-ORB,2025-08-31,vireo.in,1,5399,ORB-2508-1
VR896719,C108039,VA-SP-MINI,2025-08-31,vireo.in,1,1999,MINI-2506-3
VR899631,C106620,VA-SW-FIT,2025-08-31,Amazon,1,1999,FIT-2506-4
VR900246,C101997,VA-EB-PL2,2025-08-31,Amazon,1,3149,PL2-2507-2
VR900868,C101666,VA-EB-AIR,2025-08-31,vireo.in,1,1709,AIR-2507-3
VR902744,C109416,VA-EB-PL2,2025-08-31,vireo.in,1,3499,PL2-2506-4
VR903441,C108321,VA-SP-ORB,2025-08-31,vireo.in,1,4799,ORB-2506-3
VR904849,C103159,VA-EB-PL2,2025-08-31,Flipkart,1,3499,PL2-2506-4
VR906919,C100133,VA-EB-PL2,2025-08-31,Amazon,1,3499,PL2-2505-1
VR907242,C103046,VA-EB-PL2,2025-08-31,vireo.in,1,3324,PL2-2507-3
VR909509,C103921,VA-EB-PL1,2025-08-31,Amazon,1,2374,PL1-2506-2
VR880278,C108488,VA-AC-CASE,2025-09-01,vireo.in,1,1039,CASE-2507-2
VR881780,C105222,VA-EB-PL2,2025-09-01,vireo.in,1,3499,PL2-2505-4
VR884812,C103751,VA-EB-PL2,2025-09-01,vireo.in,1,2974,PL2-2507-1
VR884967,C109045,VA-SW-NX2,2025-09-01,vireo.in,1,5524,NX2-2507-2
VR886140,C109477,VA-EB-PL2,2025-09-01,vireo.in,1,3324,PL2-2507-1
VR886255,C103764,VA-HP-ST3,2025-09-01,vireo.in,1,6299,ST3-2507-4
VR887594,C107979,VA-EB-AIR,2025-09-01,vireo.in,1,1619,AIR-2506-1
VR887904,C105331,VA-EB-PL2,2025-09-01,vireo.in,1,3324,PL2-2507-2
VR888957,C102023,VA-SP-ORB,2025-09-01,Flipkart,1,5999,ORB-2505-4
VR890175,C101624,VA-EB-AIR,2025-09-01,vireo.in,1,1799,AIR-2506-1
VR891049,C108379,VA-SP-MINI,2025-09-01,vireo.in,1,2374,MINI-2508-1
VR893099,C107549,VA-EB-PL1,2025-09-01,Amazon,1,2374,PL1-2508-2
VR893199,C104429,VA-SW-NX2,2025-09-01,vireo.in,2,12998,NX2-2506-2
VR895353,C103079,VA-EB-PL1,2025-09-01,vireo.in,1,2499,PL1-2506-3
VR895355,C108667,VA-SP-MINI,2025-09-01,vireo.in,1,2249,MINI-2505-1
VR895530,C101299,VA-EB-PL2,2025-09-01,vireo.in,1,3499,PL2-2507-2
VR896274,C100231,VA-SP-MINI,2025-09-01,vireo.in,1,2499,MINI-2505-4
VR897398,C101022,VA-EB-PL1,2025-09-01,Flipkart,1,1999,PL1-2506-4
VR900133,C101097,VA-HP-ST2,2025-09-01,Flipkart,1,4999,ST2-2506-3
VR900694,C109077,VA-EB-AIR,2025-09-01,Amazon,1,1799,AIR-2505-4
VR901036,C102508,VA-SP-MINI,2025-09-01,Flipkart,1,2499,MINI-2506-1
VR902577,C100746,VA-EB-PL2,2025-09-01,vireo.in,1,3499,PL2-2507-2
VR903296,C106876,VA-HP-ST3,2025-09-01,vireo.in,1,5599,ST3-2506-3
VR903476,C104229,VA-EB-PL2,2025-09-01,vireo.in,1,2974,PL2-2505-4
VR903953,C109002,VA-EB-PL1,2025-09-01,vireo.in,1,1999,PL1-2508-3
VR904167,C106163,VA-EB-PL2,2025-09-01,vireo.in,1,3324,PL2-2507-2
VR904326,C106316,VA-EB-PL1,2025-09-01,vireo.in,2,4998,PL1-2507-3
VR904990,C107560,VA-EB-AIR,2025-09-01,Amazon,1,1709,AIR-2506-2
VR905257,C103310,VA-EB-PL2,2025-09-01,vireo.in,1,2799,PL2-2505-3
VR907458,C106300,VA-SP-MINI,2025-09-01,Flipkart,1,2499,MINI-2506-1
VR909599,C101557,VA-AC-CBL,2025-09-01,vireo.in,1,399,CBL-2508-1
VR909796,C106943,VA-EB-PL2,2025-09-01,Amazon,2,6998,PL2-2508-1
VR880853,C107338,VA-EB-PL2,2025-09-02,vireo.in,1,2799,PL2-2507-3
VR883074,C104393,VA-EB-PL2,2025-09-02,vireo.in,1,3499,PL2-2506-1
VR883424,C109278,VA-HP-ST2,2025-09-02,vireo.in,1,4499,ST2-2507-3
VR883707,C101506,VA-EB-PL2,2025-09-02,vireo.in,1,3499,PL2-2507-4
VR884710,C105068,VA-EB-PL2,2025-09-02,Flipkart,1,3499,PL2-2507-3
VR884802,C108520,VA-SW-NX1,2025-09-02,Amazon,1,4749,NX1-2505-4
VR885161,C107265,VA-EB-PL2,2025-09-02,Amazon,1,2799,PL2-2508-4
VR886123,C100621,VA-EB-PL2,2025-09-02,Amazon,1,3149,PL2-2507-2
VR886683,C105630,VA-EB-AIR,2025-09-02,Amazon,1,1439,AIR-2508-1
VR887363,C103439,VA-EB-PL1,2025-09-02,Amazon,1,2499,PL1-2506-3
VR892448,C102742,VA-SW-NX2,2025-09-02,Amazon,1,5524,NX2-2505-4
VR894902,C102888,VA-EB-PL2,2025-09-02,Amazon,1,3499,PL2-2506-4
VR895127,C109043,VA-EB-PL2,2025-09-02,vireo.in,1,3499,PL2-2507-1
VR895470,C108953,VA-SP-MINI,2025-09-02,vireo.in,1,2374,MINI-2506-2
VR896710,C108185,VA-EB-PL2,2025-09-02,vireo.in,1,2799,PL2-2506-2
VR900293,C106786,VA-HP-ST3,2025-09-02,Flipkart,2,13298,ST3-2508-4
VR900732,C106350,VA-EB-PL2,2025-09-02,vireo.in,1,2799,PL2-2506-2
VR900860,C102900,VA-EB-PL1,2025-09-02,Amazon,1,2124,PL1-2506-4
VR901043,C102102,VA-SW-NX1,2025-09-02,Amazon,1,4999,NX1-2508-4
VR901281,C104884,VA-SW-NX2,2025-09-02,vireo.in,1,6499,NX2-2506-4
VR902698,C102327,VA-EB-PL2,2025-09-02,Amazon,1,2974,PL2-2507-4
VR906987,C102988,VA-EB-PL2,2025-09-02,Flipkart,1,3324,PL2-2506-2
VR882311,C102906,VA-EB-PL2,2025-09-03,Flipkart,1,2799,PL2-2507-3
VR884148,C105313,VA-SW-NX1,2025-09-03,Amazon,1,4999,NX1-2505-4
VR884919,C101608,VA-SW-NX2,2025-09-03,vireo.in,1,6174,NX2-2507-4
VR885735,C108694,VA-EB-PL2,2025-09-03,Amazon,1,2974,PL2-2505-1
VR886891,C109414,VA-HP-ST2,2025-09-03,Flipkart,1,4999,ST2-2507-1
VR887861,C101043,VA-EB-PL2,2025-09-03,Amazon,1,3499,PL2-2508-1
VR889081,C105417,VA-EB-PL2,2025-09-03,Amazon,1,3149,PL2-2506-1
VR889898,C108547,VA-EB-PL2,2025-09-03,vireo.in,1,3499,PL2-2507-3
VR892472,C102343,VA-EB-PL2,2025-09-03,vireo.in,1,3324,PL2-2507-4
VR892829,C107314,VA-HP-ST3,2025-09-03,vireo.in,2,11198,ST3-2507-2
VR893356,C108398,VA-HP-ST2,2025-09-03,vireo.in,1,4749,ST2-2506-1
VR893532,C105392,VA-HP-ST3,2025-09-03,vireo.in,2,11898,ST3-2507-3
VR894024,C101846,VA-EB-PL2,2025-09-03,vireo.in,1,2974,PL2-2507-1
VR894347,C103157,VA-EB-PL2,2025-09-03,Flipkart,1,3324,PL2-2506-2
VR894598,C107695,VA-EB-PL2,2025-09-03,Flipkart,1,3499,PL2-2508-2
VR894944,C103551,VA-HP-ST3,2025-09-03,Amazon,1,5599,ST3-2507-1
VR895986,C106379,VA-EB-PL2,2025-09-03,vireo.in,1,3499,PL2-2506-1
VR896116,C106005,VA-EB-PL2,2025-09-03,vireo.in,1,3324,PL2-2507-2
VR896487,C107298,VA-SW-NX2,2025-09-03,Amazon,1,5524,NX2-2506-1
VR897238,C100985,VA-EB-PL2,2025-09-03,vireo.in,1,3499,PL2-2506-2
VR897481,C102712,VA-SW-NX2,2025-09-03,vireo.in,1,6174,NX2-2506-1
VR897798,C103974,VA-EB-AIR,2025-09-03,vireo.in,1,1799,AIR-2506-1
VR898452,C100790,VA-SW-NX2,2025-09-03,Amazon,1,6499,NX2-2508-3
VR899381,C104795,VA-SW-FIT,2025-09-03,vireo.in,1,1599,FIT-2507-1
VR899585,C105769,VA-EB-PL2,2025-09-03,Flipkart,1,3499,PL2-2505-1
VR901855,C105432,VA-EB-PL2,2025-09-03,vireo.in,1,3499,PL2-2505-1
VR902227,C106716,VA-EB-PL2,2025-09-03,vireo.in,1,2799,PL2-2508-3
VR902890,C103383,VA-EB-PL2,2025-09-03,vireo.in,1,3499,PL2-2506-4
VR907530,C107196,VA-EB-PL2,2025-09-03,vireo.in,1,3499,PL2-2505-3
VR907892,C109307,VA-SP-ORB,2025-09-03,Amazon,1,5999,ORB-2506-4
VR908064,C106697,VA-HP-ST3,2025-09-03,vireo.in,1,6999,ST3-2506-3
VR908455,C107105,VA-AC-CASE,2025-09-03,Amazon,2,2338,CASE-2506-3
VR908733,C107263,VA-SP-MINI,2025-09-03,Amazon,1,2124,MINI-2506-4
VR881837,C100314,VA-EB-PL2,2025-09-04,Amazon,1,2799,PL2-2507-3
VR883371,C107978,VA-HP-ST2,2025-09-04,Amazon,1,4499,ST2-2507-4
VR885499,C100284,VA-EB-PL2,2025-09-04,Amazon,1,3499,PL2-2508-4
VR886474,C109101,VA-EB-PL2,2025-09-04,vireo.in,2,6998,PL2-2507-3
VR887290,C101566,VA-EB-AIR,2025-09-04,vireo.in,1,1799,AIR-2506-1
VR887396,C107563,VA-EB-AIR,2025-09-04,Amazon,1,1529,AIR-2508-2
VR887857,C105286,VA-SW-NX2,2025-09-04,Amazon,1,6499,NX2-2506-3
VR888562,C100127,VA-HP-ST2,2025-09-04,Amazon,1,4999,ST2-2507-4
VR889353,C107975,VA-EB-PL2,2025-09-04,vireo.in,1,2974,PL2-2505-2
VR890273,C107375,VA-SP-MINI,2025-09-04,vireo.in,1,2499,MINI-2507-3
VR890643,C108533,VA-EB-PL2,2025-09-04,vireo.in,1,3149,PL2-2507-4
VR891391,C108348,VA-EB-PL2,2025-09-04,Amazon,1,3324,PL2-2506-2
VR892292,C101514,VA-EB-PL2,2025-09-04,Amazon,1,2799,PL2-2506-1
VR892467,C100328,VA-EB-PL2,2025-09-04,vireo.in,1,2799,PL2-2505-2
VR892762,C104781,VA-EB-AIR,2025-09-04,vireo.in,2,3418,AIR-2507-1
VR892828,C106497,VA-EB-AIR,2025-09-04,Flipkart,1,1799,AIR-2507-4
VR892991,C103898,VA-SP-MINI,2025-09-04,Flipkart,1,2249,MINI-2507-3
VR893303,C107208,VA-EB-PL2,2025-09-04,vireo.in,2,6648,PL2-2506-1
VR894039,C100370,VA-SW-NX2,2025-09-04,Amazon,1,6174,NX2-2507-2
VR895685,C102146,VA-EB-AIR,2025-09-04,Amazon,1,1529,AIR-2507-4
VR895763,C106648,VA-SW-NX2,2025-09-04,vireo.in,1,6499,NX2-2506-4
VR897776,C103082,VA-SP-MINI,2025-09-04,Amazon,2,4998,MINI-2507-3
VR899448,C103851,VA-HP-ST3,2025-09-04,Amazon,1,6649,ST3-2507-1
VR899725,C108066,VA-EB-PL2,2025-09-04,Flipkart,1,3324,PL2-2508-4
VR900227,C101465,VA-EB-AIR,2025-09-04,Amazon,1,1709,AIR-2505-3
VR900247,C109377,VA-EB-PL2,2025-09-04,Amazon,1,3499,PL2-2508-1
VR901110,C106508,VA-HP-ST3,2025-09-04,vireo.in,1,6999,ST3-2505-1
VR902083,C109312,VA-HP-ST3,2025-09-04,Amazon,1,5949,ST3-2505-3
VR905291,C102335,VA-EB-PL2,2025-09-04,vireo.in,1,3324,PL2-2506-4
VR907631,C103993,VA-SP-MINI,2025-09-04,Flipkart,1,1999,MINI-2507-4
VR909004,C100138,VA-SP-MINI,2025-09-04,vireo.in,1,2499,MINI-2506-3
VR909012,C102833,VA-EB-PL2,2025-09-04,Amazon,1,3149,PL2-2507-2
VR909451,C102509,VA-EB-AIR,2025-09-04,Amazon,1,1439,AIR-2505-2
VR909495,C105040,VA-EB-PL2,2025-09-04,vireo.in,1,3499,PL2-2506-4
VR880922,C100707,VA-AC-CASE,2025-09-05,Flipkart,2,2338,CASE-2505-1
VR882964,C100416,VA-EB-AIR,2025-09-05,vireo.in,1,1709,AIR-2507-1
VR883717,C101688,VA-EB-PL2,2025-09-05,vireo.in,1,2974,PL2-2508-3
VR885589,C103833,VA-SW-NX1,2025-09-05,vireo.in,1,4999,NX1-2508-4
VR885627,C104356,VA-EB-AIR,2025-09-05,Flipkart,1,1439,AIR-2506-4
VR885716,C105173,VA-EB-AIR,2025-09-05,vireo.in,1,1799,AIR-2506-1
VR887670,C106904,VA-EB-PL2,2025-09-05,Amazon,1,3324,PL2-2505-2
VR887822,C105184,VA-EB-PL2,2025-09-05,vireo.in,1,3499,PL2-2506-1
VR889226,C102312,VA-EB-PL2,2025-09-05,vireo.in,1,3499,PL2-2508-3
VR891072,C102362,VA-EB-PL1,2025-09-05,vireo.in,1,2499,PL1-2507-2
VR891151,C101701,VA-EB-PL2,2025-09-05,Amazon,1,3324,PL2-2506-2
VR895815,C103685,VA-SP-MINI,2025-09-05,Amazon,1,2499,MINI-2507-4
VR896374,C105870,VA-SW-NX2,2025-09-05,vireo.in,1,5849,NX2-2507-3
VR896446,C101358,VA-EB-AIR,2025-09-05,vireo.in,1,1529,AIR-2506-4
VR897555,C107628,VA-EB-PL1,2025-09-05,vireo.in,1,2374,PL1-2508-1
VR898122,C109290,VA-EB-AIR,2025-09-05,Flipkart,1,1439,AIR-2507-1
VR899696,C104393,VA-EB-PL2,2025-09-05,Amazon,1,3499,PL2-2506-3
VR900244,C101862,VA-EB-AIR,2025-09-05,vireo.in,1,1439,AIR-2505-4
VR900487,C100308,VA-NB-ARC,2025-09-05,Amazon,1,1169,ARC-2505-3
VR900818,C106168,VA-HP-ST3,2025-09-05,Amazon,1,6649,ST3-2507-4
VR903157,C104973,VA-HP-ST2,2025-09-05,vireo.in,1,4499,ST2-2508-3
VR904985,C105613,VA-HP-ST3,2025-09-05,vireo.in,1,6649,ST3-2506-2
VR905675,C103708,VA-SP-ORB,2025-09-05,vireo.in,1,4799,ORB-2507-2
VR906350,C101963,VA-HP-ST2,2025-09-05,Flipkart,1,3999,ST2-2505-1
VR906705,C100027,VA-EB-PL1,2025-09-05,Amazon,1,2499,PL1-2506-4
VR908863,C100581,VA-EB-PL2,2025-09-05,Flipkart,1,3324,PL2-2507-3
VR909187,C108462,VA-EB-PL2,2025-09-05,Amazon,2,6998,PL2-2508-4
VR909389,C100024,VA-EB-PL2,2025-09-05,vireo.in,1,2974,PL2-2507-1
VR909779,C109002,VA-EB-PL2,2025-09-05,vireo.in,1,3149,PL2-2507-4
VR881024,C108658,VA-SP-MINI,2025-09-06,Flipkart,1,2499,MINI-2505-3
VR881359,C108558,VA-EB-PL2,2025-09-06,Amazon,1,3324,PL2-2507-4
VR883761,C107196,VA-EB-PL2,2025-09-06,vireo.in,1,2974,PL2-2507-2
VR884525,C105107,VA-SP-ORB,2025-09-06,vireo.in,1,5099,ORB-2508-4
VR885374,C109112,VA-EB-PL2,2025-09-06,Flipkart,1,2974,PL2-2506-1
VR886713,C107516,VA-SW-FIT,2025-09-06,Flipkart,1,1999,FIT-2507-1
VR886746,C103848,VA-EB-PL1,2025-09-06,vireo.in,1,2499,PL1-2506-4
VR887375,C102026,VA-SW-NX2,2025-09-06,vireo.in,1,5199,NX2-2506-4
VR887405,C109430,VA-EB-PL2,2025-09-06,Amazon,2,5598,PL2-2507-4
VR888154,C102235,VA-EB-PL2,2025-09-06,Flipkart,1,3499,PL2-2507-4
VR888349,C103897,VA-EB-AIR,2025-09-06,vireo.in,1,1799,AIR-2507-1
VR890575,C100373,VA-SW-NX1,2025-09-06,vireo.in,2,9998,NX1-2507-4
VR891402,C100249,VA-AC-CASE,2025-09-06,Amazon,1,1039,CASE-2508-3
VR894578,C108761,VA-EB-PL1,2025-09-06,vireo.in,1,2124,PL1-2507-3
VR896451,C102558,VA-SP-MINI,2025-09-06,Amazon,1,2499,MINI-2508-1
VR897627,C105660,VA-SP-MINI,2025-09-06,vireo.in,1,2499,MINI-2507-4
VR897810,C104234,VA-HP-ST3,2025-09-06,vireo.in,1,5599,ST3-2508-4
VR900831,C100968,VA-EB-PL1,2025-09-06,vireo.in,1,2249,PL1-2505-1
VR901369,C102736,VA-EB-PL2,2025-09-06,vireo.in,1,3499,PL2-2506-2
VR901472,C106367,VA-EB-PL2,2025-09-06,Flipkart,1,3499,PL2-2508-2
VR903261,C107066,VA-EB-AIR,2025-09-06,vireo.in,1,1799,AIR-2507-3
VR903844,C101070,VA-EB-PL2,2025-09-06,Amazon,1,2974,PL2-2508-3
VR904984,C100683,VA-SP-MINI,2025-09-06,vireo.in,1,2249,MINI-2505-2
VR905340,C105405,VA-EB-PL2,2025-09-06,vireo.in,2,6298,PL2-2506-2
VR906961,C107391,VA-HP-ST3,2025-09-06,Amazon,1,5599,ST3-2506-2
VR907040,C102083,VA-SP-MINI,2025-09-06,Amazon,1,2499,MINI-2508-1
VR907228,C103602,VA-EB-PL2,2025-09-06,Flipkart,1,2974,PL2-2506-3
VR907626,C105546,VA-SP-MINI,2025-09-06,vireo.in,1,2124,MINI-2508-2
VR908204,C104119,VA-SW-NX1,2025-09-06,vireo.in,2,9498,NX1-2508-4
VR909077,C108758,VA-SW-FIT,2025-09-06,vireo.in,1,1999,FIT-2508-3
VR885514,C106875,VA-SP-MINI,2025-09-07,vireo.in,1,2499,MINI-2506-3
VR886699,C101547,VA-SP-ORB,2025-09-07,Flipkart,1,5999,ORB-2508-4
VR887252,C106488,VA-SP-ORB,2025-09-07,vireo.in,1,5099,ORB-2505-2
VR889213,C104809,VA-HP-ST3,2025-09-07,Amazon,1,6999,ST3-2506-4
VR890007,C102508,VA-EB-PL2,2025-09-07,Flipkart,1,3149,PL2-2508-3
VR890580,C109275,VA-EB-AIR,2025-09-07,vireo.in,1,1799,AIR-2507-4
VR892087,C109162,VA-EB-PL1,2025-09-07,Amazon,1,1999,PL1-2506-4
VR893790,C107400,VA-EB-PL1,2025-09-07,Amazon,1,2249,PL1-2506-4
VR894590,C109418,VA-EB-PL2,2025-09-07,Amazon,2,6648,PL2-2506-2
VR895502,C101822,VA-EB-AIR,2025-09-07,Flipkart,1,1799,AIR-2506-4
VR896296,C102661,VA-EB-PL1,2025-09-07,Amazon,1,2124,PL1-2506-3
VR896373,C100260,VA-EB-AIR,2025-09-07,vireo.in,1,1799,AIR-2508-1
VR899211,C105100,VA-SW-NX2,2025-09-07,Flipkart,1,6499,NX2-2506-3
VR900224,C106957,VA-EB-PL2,2025-09-07,vireo.in,1,3499,PL2-2507-2
VR900518,C104095,VA-EB-AIR,2025-09-07,vireo.in,1,1799,AIR-2506-4
VR900586,C102289,VA-EB-PL2,2025-09-07,Flipkart,1,3499,PL2-2506-2
VR901302,C106953,VA-HP-ST2,2025-09-07,vireo.in,1,4499,ST2-2507-1
VR901606,C101246,VA-SP-ORB,2025-09-07,Flipkart,2,11998,ORB-2508-4
VR904096,C101751,VA-EB-PL2,2025-09-07,vireo.in,1,3149,PL2-2505-2
VR904702,C103831,VA-EB-PL2,2025-09-07,vireo.in,1,2799,PL2-2508-3
VR904930,C107497,VA-SW-NX2,2025-09-07,vireo.in,1,6499,NX2-2506-1
VR909272,C106072,VA-EB-PL2,2025-09-07,vireo.in,1,2799,PL2-2506-1
VR909474,C109169,VA-SW-NX2,2025-09-07,Amazon,1,5524,NX2-2506-3
VR880798,C102479,VA-EB-PL2,2025-09-08,Amazon,1,3149,PL2-2506-2
VR882887,C105897,VA-EB-PL2,2025-09-08,vireo.in,1,3499,PL2-2508-3
VR883021,C104846,VA-AC-CH65,2025-09-08,vireo.in,1,1499,CH65-2507-2
VR883192,C100420,VA-EB-PL2,2025-09-08,Amazon,1,2974,PL2-2506-1
VR884296,C102007,VA-EB-PL1,2025-09-08,Amazon,1,2499,PL1-2505-4
VR884801,C102594,VA-SW-NX2,2025-09-08,Amazon,1,6499,NX2-2508-2
VR886326,C102433,VA-EB-PL2,2025-09-08,Flipkart,1,3149,PL2-2506-1
VR886768,C105729,VA-EB-PL2,2025-09-08,vireo.in,1,3499,PL2-2508-2
VR887426,C102939,VA-EB-PL2,2025-09-08,vireo.in,2,6298,PL2-2506-1
VR888295,C105428,VA-HP-ST2,2025-09-08,vireo.in,2,8998,ST2-2507-1
VR891516,C101550,VA-EB-PL1,2025-09-08,Flipkart,1,2499,PL1-2507-4
VR892549,C101595,VA-EB-PL2,2025-09-08,vireo.in,1,3149,PL2-2508-1
VR892760,C104538,VA-EB-PL2,2025-09-08,Flipkart,1,2974,PL2-2506-4
VR893164,C108854,VA-HP-ST2,2025-09-08,Amazon,1,4249,ST2-2506-4
VR895410,C106749,VA-EB-PL2,2025-09-08,vireo.in,1,2799,PL2-2505-3
VR895700,C104733,VA-EB-AIR,2025-09-08,Flipkart,1,1799,AIR-2508-4
VR896092,C105640,VA-EB-PL2,2025-09-08,Amazon,1,3149,PL2-2508-3
VR897670,C103564,VA-EB-PL2,2025-09-08,Amazon,1,3149,PL2-2506-3
VR897719,C104860,VA-SW-FIT,2025-09-08,vireo.in,1,1899,FIT-2507-3
VR899484,C103338,VA-SW-NX1,2025-09-08,vireo.in,1,4999,NX1-2508-1
VR901084,C102880,VA-EB-PL2,2025-09-08,Flipkart,1,2974,PL2-2506-4
VR903940,C109180,VA-EB-PL2,2025-09-08,Amazon,1,3499,PL2-2508-2
VR904194,C105973,VA-EB-PL2,2025-09-08,vireo.in,1,3499,PL2-2507-2
VR904692,C108967,VA-SW-FIT,2025-09-08,Amazon,1,1599,FIT-2506-4
VR905533,C104354,VA-EB-AIR,2025-09-08,Amazon,1,1799,AIR-2506-4
VR905952,C100831,VA-HP-ST3,2025-09-08,vireo.in,1,5599,ST3-2506-4
VR907281,C107704,VA-EB-AIR,2025-09-08,Flipkart,1,1529,AIR-2508-4
VR907552,C106837,VA-EB-PL2,2025-09-08,Amazon,2,5948,PL2-2506-2
VR908756,C105894,VA-EB-AIR,2025-09-08,vireo.in,1,1799,AIR-2508-4
VR880498,C108186,VA-SW-FIT,2025-09-09,Amazon,1,1899,FIT-2507-2
VR881915,C100993,VA-SP-MINI,2025-09-09,vireo.in,1,2499,MINI-2507-3
VR882138,C107411,VA-SW-NX2,2025-09-09,Flipkart,1,6499,NX2-2507-3
VR882244,C106093,VA-EB-PL2,2025-09-09,Amazon,1,2974,PL2-2507-1
VR883572,C102133,VA-NB-ARC,2025-09-09,Flipkart,1,1299,ARC-2506-1
VR884959,C108070,VA-HP-ST3,2025-09-09,vireo.in,1,6999,ST3-2508-2
VR886035,C105972,VA-EB-AIR,2025-09-09,Amazon,1,1799,AIR-2506-4
VR886707,C103119,VA-SW-FIT,2025-09-09,Flipkart,1,1999,FIT-2506-4
VR889046,C104663,VA-EB-PL2,2025-09-09,vireo.in,1,3324,PL2-2508-4
VR889066,C101952,VA-SW-NX1,2025-09-09,vireo.in,1,3999,NX1-2508-1
VR891954,C104571,VA-SW-NX2,2025-09-09,vireo.in,1,5199,NX2-2507-2
VR893233,C105618,VA-HP-ST3,2025-09-09,vireo.in,1,6999,ST3-2508-4
VR893634,C107782,VA-EB-PL2,2025-09-09,Flipkart,1,3499,PL2-2508-4
VR893700,C101029,VA-AC-CASE,2025-09-09,Amazon,1,1039,CASE-2506-2
VR894623,C105932,VA-HP-ST3,2025-09-09,Amazon,1,5949,ST3-2505-3
VR894639,C103661,VA-EB-PL2,2025-09-09,Amazon,1,3149,PL2-2505-1
VR897045,C104591,VA-HP-ST2,2025-09-09,vireo.in,1,4999,ST2-2507-3
VR897808,C101966,VA-EB-PL2,2025-09-09,vireo.in,1,3499,PL2-2506-1
VR899281,C108173,VA-AC-CH65,2025-09-09,Amazon,1,1274,CH65-2507-4
VR900865,C108020,VA-EB-PL2,2025-09-09,vireo.in,2,6998,PL2-2507-3
VR903136,C106444,VA-AC-CH65,2025-09-09,Amazon,1,1499,CH65-2507-3
VR905195,C104341,VA-SP-MINI,2025-09-09,Amazon,1,2499,MINI-2508-4
VR905697,C104160,VA-EB-PL1,2025-09-09,vireo.in,1,2499,PL1-2507-1
VR906839,C103978,VA-EB-PL2,2025-09-09,Flipkart,1,2799,PL2-2508-4
VR907012,C108083,VA-EB-PL2,2025-09-09,vireo.in,1,2974,PL2-2508-2
VR907922,C103462,VA-NB-ARC,2025-09-09,vireo.in,1,1169,ARC-2506-2
VR908018,C103335,VA-EB-PL2,2025-09-09,vireo.in,1,3149,PL2-2506-1
VR908561,C101108,VA-HP-ST3,2025-09-09,vireo.in,2,13998,ST3-2505-3
VR909324,C101292,VA-EB-PL2,2025-09-09,Amazon,1,3499,PL2-2507-1
VR909937,C106425,VA-SP-MINI,2025-09-09,Amazon,1,2249,MINI-2505-2
VR880100,C107324,VA-HP-ST2,2025-09-10,vireo.in,1,4499,ST2-2507-3
VR883879,C105163,VA-EB-PL2,2025-09-10,Flipkart,1,3324,PL2-2506-2
VR885620,C105626,VA-AC-CASE,2025-09-10,vireo.in,1,1104,CASE-2507-3
VR887714,C109088,VA-EB-PL2,2025-09-10,vireo.in,1,3499,PL2-2507-4
VR888644,C100597,VA-EB-PL2,2025-09-10,Amazon,1,2974,PL2-2506-1
VR890462,C105123,VA-SW-NX2,2025-09-10,vireo.in,1,6499,NX2-2506-2
VR893372,C100191,VA-EB-PL2,2025-09-10,vireo.in,2,6298,PL2-2507-2
VR894239,C100291,VA-EB-PL2,2025-09-10,Amazon,1,3324,PL2-2506-4
VR895137,C100614,VA-EB-PL2,2025-09-10,Flipkart,2,6298,PL2-2507-1
VR896706,C107194,VA-EB-PL1,2025-09-10,vireo.in,1,2249,PL1-2508-3
VR897476,C101361,VA-SP-MINI,2025-09-10,vireo.in,1,1999,MINI-2508-3
VR898326,C103217,VA-HP-ST3,2025-09-10,Flipkart,1,6999,ST3-2507-3
VR898740,C103974,VA-EB-PL2,2025-09-10,vireo.in,1,3149,PL2-2508-1
VR898976,C105666,VA-EB-PL2,2025-09-10,vireo.in,1,3149,PL2-2506-1
VR902495,C103973,VA-EB-PL1,2025-09-10,vireo.in,1,2374,PL1-2506-4
VR903507,C102816,VA-EB-PL2,2025-09-10,Amazon,1,2974,PL2-2507-3
VR903577,C107959,VA-SP-ORB,2025-09-10,Flipkart,1,5999,ORB-2506-2
VR904208,C102429,VA-EB-PL1,2025-09-10,Amazon,2,4748,PL1-2506-3
VR905122,C101050,VA-SW-NX2,2025-09-10,vireo.in,1,6499,NX2-2508-1
VR905595,C106515,VA-EB-PL2,2025-09-10,Flipkart,1,3149,PL2-2506-2
VR907181,C106036,VA-EB-PL2,2025-09-10,vireo.in,1,2974,PL2-2507-2
VR907528,C108076,VA-EB-PL1,2025-09-10,Amazon,1,2499,PL1-2508-3
VR908315,C100268,VA-HP-ST2,2025-09-10,vireo.in,1,4999,ST2-2506-1
VR908566,C106874,VA-HP-ST3,2025-09-10,vireo.in,2,13998,ST3-2506-2
VR909168,C104429,VA-NB-ARC,2025-09-10,vireo.in,1,1299,ARC-2506-4
VR909319,C107163,VA-SP-MINI,2025-09-10,Amazon,1,2374,MINI-2505-2
VR882676,C101950,VA-HP-ST3,2025-09-11,vireo.in,1,5599,ST3-2507-2
VR884720,C103320,VA-EB-AIR,2025-09-11,Amazon,2,3058,AIR-2507-4
VR888161,C108811,VA-SW-NX2,2025-09-11,Amazon,1,6499,NX2-2508-4
VR890133,C107018,VA-EB-PL2,2025-09-11,Amazon,1,2974,PL2-2506-3
VR891160,C107528,VA-EB-PL2,2025-09-11,vireo.in,1,2974,PL2-2506-1
VR893256,C107272,VA-SP-MINI,2025-09-11,vireo.in,1,2499,MINI-2508-2
VR895379,C104755,VA-EB-PL2,2025-09-11,vireo.in,1,3149,PL2-2508-3
VR895431,C100356,VA-EB-PL1,2025-09-11,vireo.in,1,2249,PL1-2507-2
VR895727,C107146,VA-SW-NX2,2025-09-11,vireo.in,1,5199,NX2-2507-2
VR896239,C108249,VA-EB-PL2,2025-09-11,vireo.in,1,3324,PL2-2507-1
VR896958,C105590,VA-SW-NX2,2025-09-11,vireo.in,1,6499,NX2-2505-4
VR898806,C108181,VA-EB-AIR,2025-09-11,Amazon,1,1619,AIR-2507-3
VR903304,C104516,VA-EB-AIR,2025-09-11,Amazon,1,1799,AIR-2506-1
VR904140,C106600,VA-AC-CBL,2025-09-11,vireo.in,1,379,CBL-2507-2
VR906456,C107013,VA-EB-AIR,2025-09-11,vireo.in,1,1529,AIR-2508-3
VR906940,C100692,VA-EB-PL1,2025-09-11,vireo.in,1,1999,PL1-2508-2
VR907143,C108221,VA-HP-ST3,2025-09-11,vireo.in,1,5949,ST3-2507-4
VR907936,C107901,VA-HP-ST2,2025-09-11,Flipkart,1,4249,ST2-2506-4
VR908091,C100642,VA-EB-PL2,2025-09-11,vireo.in,1,2974,PL2-2507-1
VR908764,C107596,VA-HP-ST3,2025-09-11,vireo.in,1,6999,ST3-2506-1
VR881438,C107961,VA-EB-PL1,2025-09-12,Flipkart,1,2249,PL1-2508-4
VR881865,C103140,VA-EB-PL2,2025-09-12,Amazon,1,3499,PL2-2505-3
VR884840,C101776,VA-SW-NX1,2025-09-12,vireo.in,1,4999,NX1-2506-2
VR885884,C106334,VA-SW-NX2,2025-09-12,vireo.in,1,6499,NX2-2508-2
VR886860,C108317,VA-EB-PL2,2025-09-12,vireo.in,1,3324,PL2-2506-3
VR887185,C102683,VA-HP-ST3,2025-09-12,vireo.in,1,5949,ST3-2508-2
VR887867,C101388,VA-SW-NX2,2025-09-12,vireo.in,1,5199,NX2-2508-2
VR889181,C105132,VA-SW-NX1,2025-09-12,vireo.in,1,4999,NX1-2506-3
VR890740,C103355,VA-EB-PL2,2025-09-12,Amazon,1,3499,PL2-2507-3
VR891840,C106083,VA-EB-PL2,2025-09-12,vireo.in,1,3499,PL2-2505-2
VR891916,C101147,VA-EB-PL2,2025-09-12,vireo.in,1,2799,PL2-2507-3
VR892026,C109293,VA-EB-PL2,2025-09-12,vireo.in,1,3324,PL2-2505-1
VR894476,C105768,VA-EB-PL1,2025-09-12,Amazon,1,2499,PL1-2507-3
VR895900,C107572,VA-SW-NX2,2025-09-12,vireo.in,1,5849,NX2-2507-4
VR897819,C102282,VA-SP-MINI,2025-09-12,vireo.in,1,2499,MINI-2508-2
VR900494,C106077,VA-EB-PL2,2025-09-12,Flipkart,1,3324,PL2-2508-1
VR901568,C102638,VA-HP-ST2,2025-09-12,vireo.in,1,4249,ST2-2508-4
VR903599,C108242,VA-EB-PL2,2025-09-12,Amazon,1,2974,PL2-2507-2
VR903977,C106205,VA-EB-PL2,2025-09-12,Amazon,1,3324,PL2-2508-3
VR904211,C105936,VA-EB-AIR,2025-09-12,vireo.in,1,1709,AIR-2507-2
VR904604,C104438,VA-EB-PL2,2025-09-12,Flipkart,1,2799,PL2-2506-3
VR906446,C107090,VA-EB-PL2,2025-09-12,vireo.in,1,3149,PL2-2507-2
VR907258,C105746,VA-EB-PL1,2025-09-12,vireo.in,1,2499,PL1-2506-1
VR908848,C100177,VA-HP-ST2,2025-09-12,vireo.in,1,4999,ST2-2507-2
VR880557,C107757,VA-EB-AIR,2025-09-13,vireo.in,1,1709,AIR-2506-3
VR881533,C104651,VA-EB-PL1,2025-09-13,vireo.in,1,2124,PL1-2506-3
VR883928,C107981,VA-EB-PL2,2025-09-13,Amazon,1,2974,PL2-2506-4
VR884763,C104668,VA-NB-ARC,2025-09-13,vireo.in,1,1104,ARC-2506-1
VR884998,C101573,VA-AC-CH65,2025-09-13,vireo.in,1,1499,CH65-2505-3
VR886969,C104698,VA-EB-PL1,2025-09-13,vireo.in,1,2249,PL1-2506-2
VR887197,C108547,VA-AC-CASE,2025-09-13,Flipkart,1,1039,CASE-2508-4
VR888885,C104230,VA-EB-PL1,2025-09-13,vireo.in,1,2499,PL1-2505-3
VR889638,C103143,VA-EB-PL2,2025-09-13,vireo.in,1,3149,PL2-2506-3
VR890860,C107625,VA-EB-PL2,2025-09-13,Amazon,1,3499,PL2-2507-1
VR892768,C104811,VA-SW-NX2,2025-09-13,Flipkart,1,6499,NX2-2507-1
VR894761,C102524,VA-EB-PL2,2025-09-13,vireo.in,1,3149,PL2-2506-1
VR897431,C105267,VA-NB-ARC,2025-09-13,vireo.in,2,2598,ARC-2506-1
VR897660,C107535,VA-AC-CH65,2025-09-13,Amazon,1,1199,CH65-2507-2
VR898457,C100668,VA-EB-PL2,2025-09-13,vireo.in,1,3499,PL2-2508-1
VR901817,C106161,VA-EB-PL2,2025-09-13,Amazon,1,3149,PL2-2506-4
VR904014,C105322,VA-EB-PL2,2025-09-13,Amazon,1,3499,PL2-2506-3
VR904664,C105320,VA-SW-NX1,2025-09-13,vireo.in,1,4999,NX1-2508-1
VR905288,C106440,VA-EB-PL1,2025-09-13,Flipkart,1,2499,PL1-2506-4
VR905628,C101207,VA-AC-CASE,2025-09-13,vireo.in,1,1039,CASE-2508-4
VR907387,C104962,VA-EB-AIR,2025-09-13,vireo.in,1,1799,AIR-2508-3
VR908296,C106796,VA-EB-AIR,2025-09-13,vireo.in,1,1709,AIR-2507-4
VR881657,C100914,VA-HP-ST3,2025-09-14,Amazon,1,6999,ST3-2506-1
VR882628,C106348,VA-EB-PL2,2025-09-14,vireo.in,1,3499,PL2-2506-2
VR884932,C103793,VA-EB-PL2,2025-09-14,vireo.in,1,3324,PL2-2508-1
VR885024,C101947,VA-EB-PL2,2025-09-14,Flipkart,1,2799,PL2-2507-2
VR885327,C108091,VA-EB-PL2,2025-09-14,Flipkart,1,3499,PL2-2506-1
VR885732,C100376,VA-HP-ST2,2025-09-14,vireo.in,1,4249,ST2-2508-3
VR885938,C103657,VA-EB-PL2,2025-09-14,vireo.in,1,3499,PL2-2505-4
VR887458,C108149,VA-SP-ORB,2025-09-14,Amazon,1,5999,ORB-2507-4
VR888291,C100468,VA-EB-PL2,2025-09-14,Amazon,1,3499,PL2-2507-1
VR888585,C102309,VA-SP-MINI,2025-09-14,Amazon,1,2124,MINI-2508-3
VR889502,C106481,VA-AC-CASE,2025-09-14,vireo.in,1,1299,CASE-2506-3
VR890536,C109245,VA-SW-NX2,2025-09-14,Amazon,2,12998,NX2-2507-3
VR892606,C101434,VA-EB-PL2,2025-09-14,Amazon,1,3324,PL2-2507-1
VR892629,C103912,VA-EB-AIR,2025-09-14,Amazon,1,1619,AIR-2508-2
VR893470,C108910,VA-SW-NX2,2025-09-14,Amazon,1,5199,NX2-2506-3
VR894360,C105846,VA-EB-PL2,2025-09-14,vireo.in,1,2799,PL2-2507-3
VR895765,C107536,VA-HP-ST2,2025-09-14,Amazon,1,4999,ST2-2508-4
VR896312,C108537,VA-HP-ST3,2025-09-14,vireo.in,1,6649,ST3-2507-2
VR897637,C106318,VA-SP-ORB,2025-09-14,vireo.in,1,5999,ORB-2507-1
VR898787,C104470,VA-AC-CH65,2025-09-14,vireo.in,1,1199,CH65-2508-4
VR898820,C108235,VA-SW-NX2,2025-09-14,Amazon,1,6174,NX2-2508-2
VR900645,C108939,VA-EB-PL1,2025-09-14,vireo.in,1,2499,PL1-2508-3
VR901784,C108892,VA-SW-FIT,2025-09-14,vireo.in,1,1999,FIT-2507-1
VR902194,C102795,VA-SW-NX1,2025-09-14,Flipkart,1,4749,NX1-2507-2
VR904936,C106986,VA-EB-PL2,2025-09-14,vireo.in,1,2799,PL2-2506-3
VR905972,C103427,VA-EB-PL2,2025-09-14,Amazon,1,3499,PL2-2508-2
VR907554,C108848,VA-EB-PL1,2025-09-14,vireo.in,1,2499,PL1-2506-4
VR908553,C102709,VA-EB-PL2,2025-09-14,vireo.in,1,3324,PL2-2506-1
VR908751,C102484,VA-EB-PL2,2025-09-14,Amazon,1,3499,PL2-2506-2
VR881606,C102567,VA-EB-PL2,2025-09-15,Flipkart,1,3499,PL2-2507-3
VR882097,C109027,VA-SW-NX2,2025-09-15,Amazon,1,6499,NX2-2507-1
VR882922,C107813,VA-EB-PL2,2025-09-15,vireo.in,1,3324,PL2-2507-4
VR883056,C107679,VA-EB-AIR,2025-09-15,vireo.in,1,1439,AIR-2507-3
VR883985,C102909,VA-EB-PL2,2025-09-15,vireo.in,1,3499,PL2-2508-1
VR884222,C104917,VA-NB-ARC,2025-09-15,Amazon,1,1299,ARC-2506-1
VR886085,C106777,VA-EB-PL2,2025-09-15,vireo.in,1,2799,PL2-2507-2
VR886972,C106169,VA-SP-MINI,2025-09-15,vireo.in,1,2374,MINI-2508-2
VR887309,C108491,VA-SW-NX2,2025-09-15,Amazon,1,6174,NX2-2506-3
VR887529,C101029,VA-SW-NX2,2025-09-15,vireo.in,1,6499,NX2-2508-4
VR887622,C100583,VA-EB-PL2,2025-09-15,vireo.in,1,2974,PL2-2506-1
VR889339,C103770,VA-EB-PL2,2025-09-15,vireo.in,1,3324,PL2-2508-1
VR889564,C107309,VA-HP-ST3,2025-09-15,Amazon,1,6999,ST3-2508-1
VR889716,C105424,VA-HP-ST3,2025-09-15,Amazon,1,6999,ST3-2506-4
VR890499,C102538,VA-SW-FIT,2025-09-15,vireo.in,1,1999,FIT-2506-3
VR891067,C104670,VA-EB-PL2,2025-09-15,Amazon,1,2799,PL2-2507-3
VR891091,C107638,VA-SP-ORB,2025-09-15,vireo.in,1,5399,ORB-2508-2
VR891232,C106044,VA-HP-ST3,2025-09-15,vireo.in,1,6999,ST3-2506-2
VR892191,C105073,VA-EB-PL1,2025-09-15,Amazon,1,2374,PL1-2506-2
VR894188,C103802,VA-EB-AIR,2025-09-15,vireo.in,1,1799,AIR-2507-2
VR894234,C108460,VA-SW-NX2,2025-09-15,vireo.in,1,5849,NX2-2507-4
VR894393,C106532,VA-EB-PL2,2025-09-15,Amazon,1,3324,PL2-2507-4
VR895753,C104342,VA-SW-NX2,2025-09-15,vireo.in,1,5524,NX2-2508-2
VR896459,C106192,VA-EB-PL2,2025-09-15,Flipkart,1,3499,PL2-2505-1
VR897551,C102716,VA-EB-PL2,2025-09-15,Amazon,1,2974,PL2-2507-1
VR898493,C106184,VA-EB-PL2,2025-09-15,Flipkart,1,2799,PL2-2508-1
VR899083,C103174,VA-EB-PL2,2025-09-15,vireo.in,1,3499,PL2-2507-1
VR900274,C107337,VA-SW-FIT,2025-09-15,Amazon,1,1999,FIT-2505-2
VR902516,C100419,VA-EB-PL2,2025-09-15,Amazon,1,3499,PL2-2508-3
VR903313,C108513,VA-SW-NX2,2025-09-15,Amazon,1,5199,NX2-2507-4
VR904233,C107927,VA-EB-PL2,2025-09-15,vireo.in,1,2974,PL2-2506-2
VR905620,C104909,VA-HP-ST3,2025-09-15,vireo.in,1,6649,ST3-2507-4
VR905993,C104469,VA-HP-ST3,2025-09-15,Amazon,2,13998,ST3-2506-2
VR906190,C109120,VA-SP-MINI,2025-09-15,vireo.in,1,2499,MINI-2507-4
VR907588,C109328,VA-SW-NX2,2025-09-15,vireo.in,1,6174,NX2-2506-4
VR908096,C102602,VA-EB-PL2,2025-09-15,vireo.in,1,3499,PL2-2506-3
VR908742,C102446,VA-SW-NX2,2025-09-15,Amazon,1,5849,NX2-2508-3
VR908903,C100732,VA-SW-NX1,2025-09-15,vireo.in,1,4999,NX1-2508-4
VR880579,C101109,VA-EB-PL2,2025-09-16,Flipkart,1,2974,PL2-2506-4
VR881492,C103316,VA-NB-ARC,2025-09-16,vireo.in,1,1234,ARC-2508-4
VR885394,C100074,VA-EB-AIR,2025-09-16,vireo.in,1,1529,AIR-2508-1
VR886310,C109490,VA-SP-MINI,2025-09-16,vireo.in,1,2374,MINI-2506-4
VR889271,C108349,VA-AC-CASE,2025-09-16,vireo.in,1,1299,CASE-2506-1
VR891273,C106127,VA-SW-FIT,2025-09-16,vireo.in,1,1899,FIT-2507-2
VR891305,C106408,VA-HP-ST2,2025-09-16,vireo.in,1,4499,ST2-2508-1
VR891446,C107865,VA-EB-PL2,2025-09-16,vireo.in,1,3324,PL2-2508-1
VR893150,C108718,VA-HP-ST3,2025-09-16,Flipkart,1,6299,ST3-2507-1
VR893872,C100897,VA-HP-ST2,2025-09-16,Amazon,1,4249,ST2-2508-2
VR894619,C102297,VA-SW-FIT,2025-09-16,vireo.in,1,1599,FIT-2507-3
VR895244,C105020,VA-EB-PL1,2025-09-16,vireo.in,1,2499,PL1-2508-4
VR895273,C102983,VA-EB-PL2,2025-09-16,Amazon,1,3499,PL2-2508-2
VR896600,C106233,VA-AC-CASE,2025-09-16,vireo.in,1,1299,CASE-2506-3
VR899133,C108874,VA-EB-PL2,2025-09-16,Flipkart,1,3499,PL2-2506-4
VR899449,C101872,VA-SP-ORB,2025-09-16,Amazon,1,5699,ORB-2507-3
VR901313,C105856,VA-EB-PL1,2025-09-16,vireo.in,1,2124,PL1-2508-2
VR901680,C101389,VA-SP-MINI,2025-09-16,vireo.in,1,2499,MINI-2507-1
VR901730,C100934,VA-HP-ST3,2025-09-16,vireo.in,1,6299,ST3-2508-1
VR902511,C104566,VA-EB-PL2,2025-09-16,Flipkart,1,3499,PL2-2508-3
VR902546,C103100,VA-EB-PL2,2025-09-16,vireo.in,1,3324,PL2-2507-1
VR905083,C107781,VA-SW-NX2,2025-09-16,vireo.in,1,5524,NX2-2508-4
VR905272,C107470,VA-EB-PL2,2025-09-16,Flipkart,1,3149,PL2-2507-2
VR906937,C108747,VA-EB-PL2,2025-09-16,vireo.in,1,3324,PL2-2507-1
VR909230,C105218,VA-EB-PL1,2025-09-16,vireo.in,1,1999,PL1-2506-1
VR882325,C101277,VA-EB-PL2,2025-09-17,vireo.in,2,5948,PL2-2506-4
VR883051,C107218,VA-EB-PL2,2025-09-17,vireo.in,1,3499,PL2-2507-1
VR883454,C103437,VA-HP-ST3,2025-09-17,vireo.in,1,5599,ST3-2507-2
VR884114,C109412,VA-EB-PL2,2025-09-17,Amazon,1,2799,PL2-2508-3
VR886180,C105950,VA-SP-MINI,2025-09-17,vireo.in,1,2499,MINI-2507-2
VR887067,C102183,VA-HP-ST3,2025-09-17,vireo.in,1,6299,ST3-2508-2
VR887104,C100888,VA-SW-NX2,2025-09-17,vireo.in,1,5849,NX2-2507-2
VR888279,C109412,VA-HP-ST2,2025-09-17,vireo.in,1,4249,ST2-2506-4
VR888610,C100356,VA-EB-PL2,2025-09-17,Flipkart,1,3499,PL2-2507-2
VR889679,C102880,VA-EB-PL2,2025-09-17,vireo.in,1,3149,PL2-2507-1
VR890448,C103276,VA-EB-PL2,2025-09-17,Amazon,1,3499,PL2-2507-4
VR890507,C106173,VA-EB-PL2,2025-09-17,vireo.in,1,3499,PL2-2507-3
VR891058,C108546,VA-EB-PL1,2025-09-17,vireo.in,1,2499,PL1-2506-2
VR891302,C108245,VA-EB-PL2,2025-09-17,vireo.in,1,3149,PL2-2508-3
VR894753,C104660,VA-SW-NX2,2025-09-17,vireo.in,1,6174,NX2-2508-1
VR896795,C102920,VA-EB-AIR,2025-09-17,Amazon,1,1619,AIR-2507-4
VR897199,C102707,VA-SP-ORB,2025-09-17,vireo.in,1,5399,ORB-2506-4
VR897484,C104739,VA-EB-PL2,2025-09-17,Flipkart,2,6298,PL2-2506-2
VR898013,C103015,VA-EB-PL1,2025-09-17,vireo.in,1,2249,PL1-2506-2
VR898210,C105435,VA-SW-FIT,2025-09-17,vireo.in,1,1699,FIT-2507-4
VR900827,C107721,VA-SP-ORB,2025-09-17,vireo.in,1,5699,ORB-2507-1
VR901417,C105876,VA-AC-CASE,2025-09-17,vireo.in,1,1299,CASE-2508-1
VR902872,C105480,VA-SP-MINI,2025-09-17,vireo.in,2,4248,MINI-2506-3
VR903240,C103873,VA-EB-PL2,2025-09-17,vireo.in,1,3324,PL2-2508-3
VR904232,C102933,VA-SP-MINI,2025-09-17,vireo.in,1,2124,MINI-2508-1
VR905264,C104804,VA-HP-ST3,2025-09-17,vireo.in,1,6299,ST3-2508-3
VR905268,C106143,VA-EB-PL2,2025-09-17,Amazon,1,3149,PL2-2506-4
VR906291,C102648,VA-EB-PL2,2025-09-17,Flipkart,1,3499,PL2-2508-3
VR907463,C105833,VA-HP-ST3,2025-09-17,vireo.in,1,6999,ST3-2507-3
VR907918,C102376,VA-SW-FIT,2025-09-17,Amazon,1,1699,FIT-2507-1
VR908537,C107591,VA-SW-NX2,2025-09-17,Flipkart,1,6174,NX2-2505-2
VR908545,C104025,VA-SP-MINI,2025-09-17,vireo.in,2,4248,MINI-2507-1
VR908655,C101571,VA-EB-AIR,2025-09-17,vireo.in,1,1529,AIR-2506-3
VR908934,C108321,VA-EB-PL2,2025-09-17,vireo.in,1,3499,PL2-2506-2
VR880021,C108103,VA-EB-PL2,2025-09-18,vireo.in,1,3499,PL2-2507-1
VR881828,C104487,VA-HP-ST3,2025-09-18,vireo.in,1,6299,ST3-2506-2
VR882913,C101989,VA-EB-AIR,2025-09-18,Amazon,1,1439,AIR-2507-1
VR884013,C101340,VA-EB-PL2,2025-09-18,Amazon,1,2799,PL2-2507-3
VR885023,C100315,VA-SW-FIT,2025-09-18,vireo.in,1,1999,FIT-2506-2
VR886693,C102848,VA-EB-PL2,2025-09-18,Flipkart,1,3499,PL2-2506-3
VR888682,C108885,VA-EB-AIR,2025-09-18,Amazon,1,1439,AIR-2507-4
VR890438,C102282,VA-EB-PL2,2025-09-18,vireo.in,1,3499,PL2-2506-2
VR890950,C101965,VA-EB-PL1,2025-09-18,vireo.in,2,4998,PL1-2507-2
VR891141,C100876,VA-SW-NX2,2025-09-18,vireo.in,1,6499,NX2-2506-2
VR891319,C103598,VA-EB-PL2,2025-09-18,vireo.in,1,2799,PL2-2508-1
VR892529,C105846,VA-EB-PL2,2025-09-18,vireo.in,1,2974,PL2-2508-2
VR892649,C106134,VA-EB-PL2,2025-09-18,vireo.in,1,3149,PL2-2507-2
VR893775,C108517,VA-SP-ORB,2025-09-18,vireo.in,1,5099,ORB-2506-2
VR896198,C108570,VA-EB-PL2,2025-09-18,vireo.in,1,3324,PL2-2507-2
VR896233,C103339,VA-EB-AIR,2025-09-18,Flipkart,1,1799,AIR-2508-1
VR896287,C102444,VA-SW-NX2,2025-09-18,Flipkart,1,6174,NX2-2508-2
VR896954,C105178,VA-SW-NX2,2025-09-18,Amazon,1,5524,NX2-2506-4
VR897465,C107015,VA-EB-PL2,2025-09-18,vireo.in,1,3499,PL2-2508-2
VR897648,C108563,VA-SW-NX1,2025-09-18,vireo.in,1,4999,NX1-2508-3
VR902347,C103238,VA-EB-AIR,2025-09-18,Amazon,1,1439,AIR-2507-4
VR902600,C106694,VA-SW-FIT,2025-09-18,Amazon,1,1599,FIT-2506-4
VR904795,C105118,VA-EB-PL2,2025-09-18,vireo.in,2,5598,PL2-2507-2
VR905435,C102648,VA-SP-ORB,2025-09-18,Amazon,1,5699,ORB-2507-3
VR906894,C109097,VA-SP-MINI,2025-09-18,Flipkart,1,2499,MINI-2507-4
VR908300,C101721,VA-EB-PL2,2025-09-18,vireo.in,1,2974,PL2-2506-1
VR908496,C105186,VA-EB-PL1,2025-09-18,vireo.in,1,2499,PL1-2508-4
VR909007,C101337,VA-EB-PL2,2025-09-18,vireo.in,1,3324,PL2-2507-2
VR909083,C100312,VA-EB-PL1,2025-09-18,Amazon,1,2499,PL1-2508-3
VR881968,C107654,VA-EB-PL2,2025-09-19,Amazon,2,6298,PL2-2507-4
VR886030,C106468,VA-EB-PL2,2025-09-19,Amazon,1,3499,PL2-2508-3
VR886688,C106310,VA-EB-PL2,2025-09-19,Amazon,1,3324,PL2-2507-4
VR886845,C106225,VA-EB-PL2,2025-09-19,Amazon,1,3149,PL2-2507-3
VR887386,C103057,VA-SW-FIT,2025-09-19,Flipkart,1,1699,FIT-2507-3
VR888622,C103095,VA-EB-PL2,2025-09-19,Amazon,1,2799,PL2-2508-3
VR889399,C108311,VA-SW-NX1,2025-09-19,Flipkart,1,4999,NX1-2507-4
VR891766,C104446,VA-SW-NX2,2025-09-19,Amazon,1,6499,NX2-2506-1
VR893075,C102068,VA-SW-FIT,2025-09-19,Amazon,1,1799,FIT-2507-2
VR893201,C108215,VA-EB-PL2,2025-09-19,vireo.in,1,3324,PL2-2507-1
VR894197,C100052,VA-HP-ST3,2025-09-19,Amazon,1,6999,ST3-2508-1
VR894262,C107920,VA-EB-PL2,2025-09-19,vireo.in,1,2799,PL2-2508-2
VR895705,C108001,VA-SP-ORB,2025-09-19,Flipkart,1,5699,ORB-2507-3
VR900539,C102313,VA-EB-PL2,2025-09-19,Amazon,2,6998,PL2-2508-4
VR901075,C104980,VA-EB-AIR,2025-09-19,vireo.in,1,1439,AIR-2506-2
VR901847,C104367,VA-EB-PL2,2025-09-19,vireo.in,2,5598,PL2-2506-2
VR904281,C103172,VA-EB-PL2,2025-09-19,Amazon,1,3324,PL2-2508-2
VR904770,C104695,VA-NB-ARC,2025-09-19,vireo.in,1,1299,ARC-2508-3
VR906044,C108171,VA-EB-PL2,2025-09-19,vireo.in,1,3499,PL2-2506-1
VR906540,C106910,VA-SP-MINI,2025-09-19,vireo.in,1,1999,MINI-2506-2
VR906983,C107278,VA-EB-PL2,2025-09-19,vireo.in,1,3499,PL2-2508-1
VR907052,C103768,VA-EB-PL2,2025-09-19,vireo.in,1,3149,PL2-2507-2
VR907173,C105501,VA-SW-NX2,2025-09-19,Amazon,1,6499,NX2-2507-4
VR907339,C106246,VA-EB-PL2,2025-09-19,Amazon,1,3499,PL2-2507-4
VR907539,C107772,VA-SP-ORB,2025-09-19,vireo.in,1,5999,ORB-2506-4
VR880658,C103284,VA-EB-PL2,2025-09-20,Amazon,1,3499,PL2-2507-1
VR887484,C101534,VA-EB-PL2,2025-09-20,vireo.in,1,2799,PL2-2507-2
VR889488,C100188,VA-HP-ST3,2025-09-20,vireo.in,1,6649,ST3-2506-3
VR891075,C105264,VA-EB-AIR,2025-09-20,vireo.in,1,1439,AIR-2508-3
VR892288,C105884,VA-SW-FIT,2025-09-20,vireo.in,1,1999,FIT-2508-3
VR896393,C104028,VA-EB-PL2,2025-09-20,vireo.in,1,3149,PL2-2506-3
VR897299,C108364,VA-EB-PL2,2025-09-20,Flipkart,1,3149,PL2-2507-3
VR898800,C103666,VA-AC-CASE,2025-09-20,vireo.in,1,1234,CASE-2507-3
VR899144,C106082,VA-SW-NX2,2025-09-20,vireo.in,1,6499,NX2-2506-2
VR899800,C108310,VA-NB-ARC,2025-09-20,vireo.in,1,1299,ARC-2506-1
VR900308,C103038,VA-EB-PL2,2025-09-20,Amazon,1,3149,PL2-2508-4
VR902563,C108517,VA-EB-PL2,2025-09-20,Amazon,1,3324,PL2-2507-1
VR903887,C100621,VA-EB-AIR,2025-09-20,Amazon,1,1619,AIR-2508-1
VR904799,C104960,VA-SW-NX2,2025-09-20,Amazon,1,5199,NX2-2508-4
VR905698,C106490,VA-SP-MINI,2025-09-20,vireo.in,1,2249,MINI-2508-3
VR906463,C104830,VA-SP-ORB,2025-09-20,vireo.in,1,5699,ORB-2508-4
VR907453,C107739,VA-EB-PL2,2025-09-20,vireo.in,2,6298,PL2-2506-3
VR908895,C104210,VA-EB-PL2,2025-09-20,vireo.in,1,2974,PL2-2506-4
VR881725,C107793,VA-NB-ARC,2025-09-21,Amazon,2,2598,ARC-2506-3
VR883024,C107430,VA-SW-FIT,2025-09-21,vireo.in,1,1999,FIT-2506-1
VR883949,C103770,VA-EB-AIR,2025-09-21,Amazon,1,1529,AIR-2507-4
VR885336,C102250,VA-EB-AIR,2025-09-21,vireo.in,1,1799,AIR-2508-4
VR887556,C108236,VA-EB-PL2,2025-09-21,vireo.in,1,2974,PL2-2508-2
VR887853,C104606,VA-SP-MINI,2025-09-21,Flipkart,1,2249,MINI-2507-4
VR887891,C102887,VA-EB-PL2,2025-09-21,vireo.in,1,3324,PL2-2508-4
VR890953,C106123,VA-EB-PL2,2025-09-21,vireo.in,1,3499,PL2-2508-3
VR891946,C106995,VA-SW-NX2,2025-09-21,vireo.in,1,6174,NX2-2507-4
VR892901,C105736,VA-AC-CH65,2025-09-21,Amazon,1,1499,CH65-2508-2
VR893160,C108054,VA-EB-PL2,2025-09-21,Amazon,1,3499,PL2-2508-3
VR894539,C108894,VA-SW-NX1,2025-09-21,vireo.in,1,4999,NX1-2508-2
VR895492,C101032,VA-SW-NX2,2025-09-21,vireo.in,1,5524,NX2-2506-3
VR897944,C106776,VA-EB-PL2,2025-09-21,vireo.in,1,3499,PL2-2506-1
VR898693,C106254,VA-SW-NX1,2025-09-21,vireo.in,1,4999,NX1-2508-3
VR899908,C102038,VA-AC-CASE,2025-09-21,Flipkart,2,2338,CASE-2507-4
VR901688,C107478,VA-SP-MINI,2025-09-21,Flipkart,1,2374,MINI-2507-3
VR902018,C108945,VA-HP-ST2,2025-09-21,Amazon,1,4499,ST2-2508-4
VR902340,C104172,VA-EB-PL2,2025-09-21,Flipkart,1,3499,PL2-2507-4
VR902358,C107202,VA-EB-PL2,2025-09-21,Amazon,1,3324,PL2-2506-2
VR902997,C105373,VA-EB-PL2,2025-09-21,vireo.in,2,5598,PL2-2507-1
VR905103,C109096,VA-SW-FIT,2025-09-21,Flipkart,1,1999,FIT-2509-2
VR906161,C108380,VA-EB-PL2,2025-09-21,Amazon,1,2974,PL2-2508-2
VR907324,C102805,VA-SW-NX2,2025-09-21,vireo.in,1,5199,NX2-2508-4
VR908746,C106301,VA-EB-PL2,2025-09-21,vireo.in,1,3149,PL2-2506-3
VR880334,C103890,VA-AC-CASE,2025-09-22,Flipkart,1,1299,CASE-2507-4
VR880527,C101840,VA-EB-PL1,2025-09-22,vireo.in,1,1999,PL1-2508-2
VR881406,C105902,VA-HP-ST2,2025-09-22,vireo.in,1,4999,ST2-2507-2
VR883738,C107809,VA-SW-NX2,2025-09-22,Amazon,1,5199,NX2-2506-2
VR883887,C101056,VA-SP-MINI,2025-09-22,Flipkart,1,1999,MINI-2508-4
VR884516,C102834,VA-SP-MINI,2025-09-22,vireo.in,1,1999,MINI-2508-3
VR885025,C101265,VA-EB-PL2,2025-09-22,vireo.in,1,2974,PL2-2506-1
VR885457,C104127,VA-SW-FIT,2025-09-22,vireo.in,1,1999,FIT-2506-4
VR889693,C102723,VA-SP-MINI,2025-09-22,Flipkart,1,1999,MINI-2508-1
VR891565,C109428,VA-EB-PL2,2025-09-22,vireo.in,1,2974,PL2-2506-4
VR891813,C106498,VA-SW-FIT,2025-09-22,vireo.in,1,1999,FIT-2508-2
VR892260,C101840,VA-EB-PL2,2025-09-22,vireo.in,1,3499,PL2-2508-4
VR892939,C106530,VA-EB-PL2,2025-09-22,vireo.in,1,2974,PL2-2506-2
VR894087,C105698,VA-SP-MINI,2025-09-22,vireo.in,1,2124,MINI-2507-4
VR894258,C108661,VA-EB-PL2,2025-09-22,vireo.in,1,3149,PL2-2508-1
VR894489,C107848,VA-SP-MINI,2025-09-22,vireo.in,1,1999,MINI-2507-1
VR895708,C106042,VA-HP-ST3,2025-09-22,vireo.in,2,11198,ST3-2506-4
VR895918,C100535,VA-EB-AIR,2025-09-22,vireo.in,1,1619,AIR-2507-1
VR897842,C106674,VA-AC-CH65,2025-09-22,vireo.in,1,1499,CH65-2509-4
VR898376,C103410,VA-EB-PL2,2025-09-22,vireo.in,1,3499,PL2-2506-3
VR898475,C101015,VA-EB-PL2,2025-09-22,vireo.in,1,2799,PL2-2506-1
VR899941,C106904,VA-EB-PL2,2025-09-22,Amazon,1,2974,PL2-2508-1
VR901141,C101387,VA-EB-PL2,2025-09-22,vireo.in,1,3324,PL2-2507-2
VR901872,C107944,VA-SW-FIT,2025-09-22,vireo.in,1,1799,FIT-2508-1
VR902207,C100074,VA-EB-PL2,2025-09-22,Flipkart,1,3499,PL2-2506-1
VR902417,C106197,VA-SW-FIT,2025-09-22,vireo.in,1,1999,FIT-2506-3
VR902530,C108202,VA-HP-ST3,2025-09-22,vireo.in,1,6999,ST3-2507-1
VR903534,C109030,VA-EB-PL2,2025-09-22,vireo.in,1,2974,PL2-2507-4
VR904524,C109099,VA-EB-PL2,2025-09-22,vireo.in,1,3324,PL2-2508-2
VR906178,C106048,VA-SW-NX2,2025-09-22,Flipkart,1,6499,NX2-2507-1
VR906449,C100809,VA-EB-PL2,2025-09-22,vireo.in,1,3149,PL2-2508-2
VR906575,C104614,VA-EB-PL1,2025-09-22,vireo.in,1,2249,PL1-2507-3
VR906909,C106725,VA-SW-NX1,2025-09-22,vireo.in,1,4499,NX1-2508-4
VR906973,C101434,VA-EB-AIR,2025-09-22,vireo.in,1,1799,AIR-2508-2
VR907809,C102767,VA-EB-PL2,2025-09-22,vireo.in,1,2799,PL2-2506-1
VR907848,C108779,VA-SW-NX2,2025-09-22,vireo.in,1,5849,NX2-2507-3
VR908598,C107476,VA-HP-ST3,2025-09-22,Amazon,1,6649,ST3-2507-4
VR880486,C105492,VA-SW-NX2,2025-09-23,vireo.in,1,5199,NX2-2508-4
VR881098,C104685,VA-SP-MINI,2025-09-23,Amazon,1,2499,MINI-2506-1
VR881840,C102028,VA-EB-PL2,2025-09-23,vireo.in,1,3499,PL2-2506-3
VR885289,C101552,VA-HP-ST3,2025-09-23,Amazon,1,6999,ST3-2507-2
VR886271,C104421,VA-EB-PL1,2025-09-23,vireo.in,1,2374,PL1-2508-1
VR889992,C105652,VA-EB-PL2,2025-09-23,vireo.in,1,2799,PL2-2507-2
VR891866,C101857,VA-EB-PL2,2025-09-23,Amazon,1,2974,PL2-2506-3
VR892440,C103786,VA-SW-NX2,2025-09-23,vireo.in,1,5524,NX2-2508-2
VR893272,C109053,VA-EB-PL2,2025-09-23,Amazon,1,3499,PL2-2508-1
VR893732,C104421,VA-NB-ARC,2025-09-23,Flipkart,1,1104,ARC-2508-3
VR896467,C101039,VA-EB-PL2,2025-09-23,vireo.in,1,2799,PL2-2506-4
VR896533,C106315,VA-EB-PL2,2025-09-23,vireo.in,1,3149,PL2-2506-4
VR897621,C107398,VA-AC-CASE,2025-09-23,vireo.in,1,1039,CASE-2507-1
VR898008,C101590,VA-SW-NX2,2025-09-23,vireo.in,1,6499,NX2-2508-2
VR899026,C107041,VA-SW-NX2,2025-09-23,vireo.in,1,6174,NX2-2507-2
VR900221,C102444,VA-EB-PL2,2025-09-23,vireo.in,1,2799,PL2-2508-3
VR903472,C107964,VA-EB-PL2,2025-09-23,Amazon,1,3324,PL2-2508-3
VR904201,C108715,VA-EB-PL2,2025-09-23,vireo.in,1,2974,PL2-2506-2
VR906141,C103459,VA-EB-PL1,2025-09-23,Flipkart,1,1999,PL1-2508-1
VR906457,C102190,VA-AC-CASE,2025-09-23,Flipkart,1,1234,CASE-2508-4
VR907286,C104732,VA-HP-ST3,2025-09-23,vireo.in,1,6299,ST3-2507-4
VR908781,C106007,VA-EB-PL2,2025-09-23,Amazon,1,2799,PL2-2506-1
VR909860,C102015,VA-SW-NX2,2025-09-23,vireo.in,1,6499,NX2-2507-1
VR880958,C102634,VA-SW-FIT,2025-09-24,vireo.in,1,1999,FIT-2506-1
VR881583,C106054,VA-EB-PL2,2025-09-24,vireo.in,1,3324,PL2-2507-4
VR882550,C108990,VA-SW-FIT,2025-09-24,vireo.in,1,1699,FIT-2506-1
VR882853,C103110,VA-EB-PL2,2025-09-24,vireo.in,1,2974,PL2-2507-1
VR882898,C104873,VA-SP-MINI,2025-09-24,Amazon,1,2249,MINI-2506-2
VR883114,C102458,VA-EB-PL2,2025-09-24,Amazon,1,2974,PL2-2508-2
VR883187,C109422,VA-SW-NX2,2025-09-24,vireo.in,1,5199,NX2-2506-4
VR883414,C102109,VA-SP-ORB,2025-09-24,Amazon,1,5399,ORB-2506-2
VR884749,C103429,VA-EB-PL2,2025-09-24,Amazon,1,3324,PL2-2507-4
VR885616,C106275,VA-EB-PL1,2025-09-24,Flipkart,1,2499,PL1-2508-1
VR885897,C105360,VA-SW-NX1,2025-09-24,vireo.in,1,4999,NX1-2507-1
VR886777,C102168,VA-SW-FIT,2025-09-24,vireo.in,1,1999,FIT-2506-2
VR888135,C103488,VA-NB-ARC,2025-09-24,Amazon,1,1299,ARC-2508-1
VR888596,C102231,VA-SW-FIT,2025-09-24,vireo.in,1,1999,FIT-2508-2
VR889628,C105660,VA-EB-PL2,2025-09-24,vireo.in,1,2799,PL2-2506-3
VR889959,C105436,VA-EB-PL2,2025-09-24,vireo.in,1,3499,PL2-2508-3
VR891550,C105366,VA-EB-PL2,2025-09-24,vireo.in,1,3499,PL2-2508-1
VR892742,C100007,VA-EB-PL2,2025-09-24,Amazon,1,2974,PL2-2506-3
VR893037,C108407,VA-EB-PL2,2025-09-24,Flipkart,1,2799,PL2-2507-4
VR894295,C106049,VA-EB-PL2,2025-09-24,Flipkart,1,3499,PL2-2507-1
VR897118,C102448,VA-NB-ARC,2025-09-24,vireo.in,1,1234,ARC-2508-4
VR897994,C102556,VA-EB-PL2,2025-09-24,vireo.in,2,6648,PL2-2508-3
VR899741,C102072,VA-SP-MINI,2025-09-24,Flipkart,1,2499,MINI-2507-2
VR899950,C106617,VA-SW-NX2,2025-09-24,Amazon,1,5849,NX2-2508-1
VR900242,C101313,VA-EB-PL2,2025-09-24,vireo.in,1,3499,PL2-2506-2
VR900609,C103138,VA-EB-PL2,2025-09-24,vireo.in,1,3499,PL2-2506-2
VR901339,C108197,VA-SW-NX2,2025-09-24,Flipkart,1,6499,NX2-2507-3
VR901953,C107523,VA-EB-PL1,2025-09-24,vireo.in,1,2249,PL1-2506-4
VR902648,C106595,VA-EB-PL2,2025-09-24,vireo.in,1,3499,PL2-2508-3
VR903008,C106079,VA-EB-PL2,2025-09-24,Flipkart,1,3324,PL2-2508-1
VR906037,C105936,VA-SW-FIT,2025-09-24,Flipkart,1,1999,FIT-2506-4
VR906483,C100329,VA-EB-PL1,2025-09-24,vireo.in,1,1999,PL1-2507-1
VR907352,C101338,VA-SP-ORB,2025-09-24,Amazon,1,4799,ORB-2509-4
VR882408,C107222,VA-SW-FIT,2025-09-25,Amazon,1,1699,FIT-2508-2
VR883307,C104399,VA-EB-PL1,2025-09-25,vireo.in,1,1999,PL1-2507-3
VR883816,C108059,VA-EB-PL2,2025-09-25,Flipkart,2,6648,PL2-2507-1
VR887076,C105420,VA-SP-MINI,2025-09-25,Amazon,2,4998,MINI-2506-3
VR887508,C104912,VA-EB-PL2,2025-09-25,vireo.in,1,3149,PL2-2507-4
VR888934,C100050,VA-EB-PL2,2025-09-25,vireo.in,1,2799,PL2-2508-1
VR890201,C108279,VA-SP-MINI,2025-09-25,vireo.in,1,2499,MINI-2506-2
VR894795,C106217,VA-SW-FIT,2025-09-25,Amazon,1,1599,FIT-2509-2
VR895793,C109270,VA-HP-ST3,2025-09-25,vireo.in,1,6999,ST3-2506-2
VR899105,C100842,VA-EB-PL2,2025-09-25,vireo.in,1,2799,PL2-2507-3
VR899628,C105483,VA-SW-NX2,2025-09-25,Amazon,1,6499,NX2-2508-3
VR901552,C100106,VA-EB-PL2,2025-09-25,vireo.in,1,3149,PL2-2508-2
VR901564,C108266,VA-HP-ST2,2025-09-25,vireo.in,1,4249,ST2-2506-3
VR904043,C102768,VA-EB-PL1,2025-09-25,vireo.in,1,2499,PL1-2508-3
VR904859,C101124,VA-EB-PL2,2025-09-25,Amazon,1,3499,PL2-2507-3
VR904922,C106466,VA-SW-NX1,2025-09-25,vireo.in,1,3999,NX1-2508-4
VR905664,C101041,VA-SW-FIT,2025-09-25,vireo.in,2,3398,FIT-2506-1
VR908916,C105726,VA-EB-PL2,2025-09-25,Amazon,1,2799,PL2-2508-4
VR880930,C104477,VA-EB-PL2,2025-09-26,Amazon,1,3499,PL2-2507-1
VR882108,C104113,VA-EB-PL2,2025-09-26,vireo.in,1,2974,PL2-2508-2
VR882970,C105349,VA-SW-NX2,2025-09-26,vireo.in,1,5524,NX2-2508-4
VR883597,C103418,VA-HP-ST3,2025-09-26,vireo.in,1,6999,ST3-2507-4
VR883604,C109103,VA-SW-NX2,2025-09-26,vireo.in,1,6174,NX2-2508-1
VR884392,C104113,VA-EB-PL1,2025-09-26,Amazon,1,2124,PL1-2506-1
VR884563,C101459,VA-EB-PL2,2025-09-26,vireo.in,1,3324,PL2-2507-1
VR886280,C100677,VA-SW-NX2,2025-09-26,vireo.in,1,5199,NX2-2507-4
VR886425,C107733,VA-EB-PL2,2025-09-26,Amazon,2,5598,PL2-2507-3
VR887442,C101438,VA-SW-FIT,2025-09-26,vireo.in,1,1999,FIT-2507-2
VR888122,C102784,VA-SW-NX1,2025-09-26,Amazon,1,4749,NX1-2508-3
VR888842,C100073,VA-SW-NX1,2025-09-26,vireo.in,1,4999,NX1-2506-1
VR889729,C101739,VA-EB-PL2,2025-09-26,vireo.in,1,3149,PL2-2508-1
VR890926,C105439,VA-EB-PL2,2025-09-26,Amazon,1,3149,PL2-2507-3
VR891444,C107105,VA-SP-MINI,2025-09-26,vireo.in,1,2249,MINI-2508-3
VR891980,C108079,VA-SW-NX2,2025-09-26,Amazon,1,6499,NX2-2508-4
VR892197,C104345,VA-SW-FIT,2025-09-26,vireo.in,1,1899,FIT-2507-4
VR895533,C101528,VA-AC-CH65,2025-09-26,vireo.in,1,1499,CH65-2508-4
VR897654,C100644,VA-EB-PL2,2025-09-26,vireo.in,1,3324,PL2-2506-1
VR897791,C106297,VA-SP-MINI,2025-09-26,Flipkart,1,2124,MINI-2507-1
VR898661,C102331,VA-EB-PL2,2025-09-26,vireo.in,1,3324,PL2-2507-1
VR898895,C108368,VA-SW-NX1,2025-09-26,vireo.in,1,3999,NX1-2508-2
VR900626,C103089,VA-EB-PL2,2025-09-26,vireo.in,2,6998,PL2-2506-2
VR903252,C105873,VA-HP-ST3,2025-09-26,vireo.in,1,6649,ST3-2507-2
VR904280,C106602,VA-EB-PL2,2025-09-26,vireo.in,1,3499,PL2-2508-4
VR905915,C104430,VA-EB-PL1,2025-09-26,Amazon,1,2374,PL1-2507-3
VR905932,C103498,VA-SW-NX2,2025-09-26,vireo.in,1,6499,NX2-2506-4
VR906334,C103858,VA-EB-AIR,2025-09-26,Amazon,1,1439,AIR-2506-4
VR906403,C100828,VA-EB-PL2,2025-09-26,Amazon,1,3499,PL2-2508-1
VR908394,C108764,VA-HP-ST3,2025-09-26,Amazon,1,6299,ST3-2507-2
VR908638,C107129,VA-EB-PL2,2025-09-26,Amazon,1,2799,PL2-2508-1
VR908772,C105142,VA-EB-PL2,2025-09-26,vireo.in,1,3499,PL2-2509-2
VR882404,C102674,VA-EB-PL2,2025-09-27,vireo.in,1,3499,PL2-2507-3
VR882943,C108624,VA-AC-CASE,2025-09-27,vireo.in,1,1299,CASE-2507-2
VR883520,C107592,VA-SW-FIT,2025-09-27,Flipkart,1,1999,FIT-2508-4
VR883720,C103000,VA-EB-PL2,2025-09-27,vireo.in,1,2799,PL2-2508-2
VR884041,C106511,VA-EB-PL2,2025-09-27,Flipkart,1,3324,PL2-2506-2
VR884665,C106475,VA-SW-FIT,2025-09-27,vireo.in,2,3398,FIT-2507-2
VR885031,C108640,VA-EB-AIR,2025-09-27,Amazon,1,1799,AIR-2506-2
VR885163,C103709,VA-HP-ST3,2025-09-27,vireo.in,2,13998,ST3-2507-2
VR887369,C101990,VA-EB-PL2,2025-09-27,Amazon,1,3149,PL2-2508-2
VR887748,C102798,VA-EB-PL1,2025-09-27,vireo.in,1,2374,PL1-2507-3
VR888214,C104197,VA-AC-CASE,2025-09-27,vireo.in,1,1039,CASE-2507-2
VR888615,C107350,VA-EB-PL2,2025-09-27,Amazon,1,3499,PL2-2506-4
VR888637,C100482,VA-HP-ST3,2025-09-27,Amazon,1,6999,ST3-2506-3
VR888832,C100793,VA-AC-CASE,2025-09-27,vireo.in,1,1169,CASE-2507-1
VR889525,C106975,VA-HP-ST2,2025-09-27,vireo.in,1,3999,ST2-2507-3
VR890636,C108031,VA-EB-AIR,2025-09-27,Flipkart,1,1619,AIR-2509-4
VR891125,C100799,VA-HP-ST2,2025-09-27,vireo.in,1,4999,ST2-2508-4
VR892350,C104547,VA-EB-PL2,2025-09-27,Amazon,1,2799,PL2-2508-2
VR893230,C101915,VA-EB-AIR,2025-09-27,vireo.in,1,1619,AIR-2507-4
VR894365,C106767,VA-EB-PL2,2025-09-27,Amazon,1,3499,PL2-2508-2
VR895468,C101776,VA-EB-AIR,2025-09-27,vireo.in,1,1799,AIR-2506-4
VR896450,C100164,VA-AC-CBL,2025-09-27,vireo.in,1,319,CBL-2506-3
VR896532,C103877,VA-HP-ST3,2025-09-27,Amazon,1,5949,ST3-2506-3
VR897795,C101595,VA-EB-PL1,2025-09-27,Amazon,1,2249,PL1-2506-4
VR898944,C101441,VA-EB-PL2,2025-09-27,Amazon,1,3324,PL2-2508-4
VR899745,C102091,VA-EB-PL2,2025-09-27,Amazon,1,2974,PL2-2507-4
VR900695,C101770,VA-EB-PL1,2025-09-27,Amazon,1,2499,PL1-2508-4
VR901000,C108768,VA-EB-PL2,2025-09-27,vireo.in,1,2974,PL2-2509-4
VR903028,C101352,VA-SW-FIT,2025-09-27,vireo.in,1,1999,FIT-2508-1
VR904487,C103887,VA-AC-CASE,2025-09-27,vireo.in,1,1299,CASE-2508-2
VR909201,C101837,VA-SP-MINI,2025-09-27,Amazon,1,2499,MINI-2506-3
VR909523,C108393,VA-EB-PL2,2025-09-27,Amazon,1,3499,PL2-2508-1
VR881687,C108906,VA-AC-CH65,2025-09-28,vireo.in,1,1499,CH65-2506-1
VR883964,C107260,VA-SP-MINI,2025-09-28,vireo.in,1,2374,MINI-2508-2
VR885579,C102256,VA-SW-FIT,2025-09-28,vireo.in,1,1899,FIT-2508-2
VR887334,C102692,VA-SW-NX2,2025-09-28,Amazon,1,6499,NX2-2507-2
VR887952,C107301,VA-EB-PL2,2025-09-28,Amazon,1,2799,PL2-2507-2
VR888064,C102860,VA-SP-ORB,2025-09-28,vireo.in,1,5999,ORB-2507-2
VR888801,C106424,VA-SW-FIT,2025-09-28,vireo.in,1,1999,FIT-2507-2
VR889003,C104292,VA-EB-PL2,2025-09-28,vireo.in,1,3149,PL2-2507-4
VR890041,C103323,VA-SW-FIT,2025-09-28,Amazon,1,1999,FIT-2509-3
VR890253,C101000,VA-SW-NX1,2025-09-28,Amazon,1,4999,NX1-2506-2
VR890722,C103024,VA-EB-PL2,2025-09-28,Amazon,1,3499,PL2-2507-1
VR891438,C108002,VA-SW-NX2,2025-09-28,vireo.in,1,6499,NX2-2507-1
VR892093,C101079,VA-SP-MINI,2025-09-28,vireo.in,1,1999,MINI-2506-3
VR892982,C101038,VA-EB-PL1,2025-09-28,Amazon,1,1999,PL1-2507-1
VR894248,C102654,VA-EB-PL2,2025-09-28,vireo.in,2,5598,PL2-2507-4
VR894798,C103810,VA-AC-CH65,2025-09-28,vireo.in,1,1349,CH65-2506-3
VR894816,C101328,VA-HP-ST2,2025-09-28,Flipkart,1,4249,ST2-2506-1
VR895438,C108663,VA-AC-CH65,2025-09-28,Amazon,1,1499,CH65-2508-2
VR895888,C101226,VA-EB-PL2,2025-09-28,vireo.in,1,3499,PL2-2508-2
VR897417,C107467,VA-HP-ST3,2025-09-28,Amazon,1,6999,ST3-2506-4
VR897469,C104078,VA-EB-PL2,2025-09-28,vireo.in,1,3149,PL2-2506-3
VR900533,C107488,VA-EB-PL2,2025-09-28,vireo.in,1,3149,PL2-2508-4
VR900605,C100144,VA-HP-ST2,2025-09-28,vireo.in,1,4749,ST2-2506-4
VR901055,C104477,VA-SW-FIT,2025-09-28,vireo.in,1,1999,FIT-2507-1
VR902543,C100615,VA-SP-MINI,2025-09-28,vireo.in,1,2499,MINI-2507-4
VR905156,C105305,VA-EB-PL2,2025-09-28,Flipkart,1,3324,PL2-2506-3
VR905404,C104911,VA-SW-NX2,2025-09-28,vireo.in,1,5849,NX2-2507-4
VR905526,C102847,VA-EB-PL2,2025-09-28,vireo.in,1,2974,PL2-2506-3
VR906603,C108583,VA-SW-NX2,2025-09-28,vireo.in,1,6499,NX2-2507-3
VR907216,C102878,VA-EB-PL2,2025-09-28,Amazon,1,3149,PL2-2508-2
VR907955,C105636,VA-EB-PL2,2025-09-28,vireo.in,1,2974,PL2-2507-3
VR908174,C100912,VA-EB-PL2,2025-09-28,Flipkart,1,2974,PL2-2508-1
VR908526,C104522,VA-EB-PL1,2025-09-28,vireo.in,2,4248,PL1-2507-1
VR909277,C105093,VA-EB-PL2,2025-09-28,Amazon,1,3149,PL2-2507-2
VR909552,C100547,VA-EB-PL2,2025-09-28,vireo.in,1,2974,PL2-2508-2
VR880038,C108420,VA-EB-PL2,2025-09-29,vireo.in,1,3149,PL2-2508-3
VR880213,C108292,VA-EB-PL1,2025-09-29,vireo.in,1,2499,PL1-2507-3
VR880870,C106501,VA-EB-PL2,2025-09-29,vireo.in,1,3499,PL2-2507-3
VR883275,C104250,VA-AC-CBL,2025-09-29,vireo.in,1,379,CBL-2509-1
VR884051,C106536,VA-EB-PL2,2025-09-29,Amazon,1,3149,PL2-2508-1
VR884154,C109233,VA-EB-PL2,2025-09-29,Flipkart,1,2974,PL2-2507-4
VR884306,C102641,VA-EB-PL2,2025-09-29,vireo.in,1,2799,PL2-2506-4
VR885064,C107029,VA-EB-PL1,2025-09-29,Amazon,1,2499,PL1-2506-4
VR885410,C105277,VA-EB-PL2,2025-09-29,vireo.in,1,2974,PL2-2508-1
VR887498,C100741,VA-EB-PL1,2025-09-29,vireo.in,1,1999,PL1-2507-1
VR888056,C106079,VA-EB-PL2,2025-09-29,vireo.in,1,3149,PL2-2507-1
VR888298,C108292,VA-EB-PL2,2025-09-29,Amazon,1,3499,PL2-2509-3
VR890969,C101356,VA-EB-PL1,2025-09-29,vireo.in,1,2249,PL1-2506-2
VR900448,C104566,VA-EB-PL2,2025-09-29,vireo.in,1,3499,PL2-2508-3
VR902381,C102720,VA-HP-ST3,2025-09-29,vireo.in,2,13998,ST3-2508-4
VR902906,C100006,VA-NB-ARC,2025-09-29,Amazon,1,1169,ARC-2509-2
VR905157,C104064,VA-EB-PL2,2025-09-29,vireo.in,1,3149,PL2-2507-2
VR907389,C104776,VA-NB-ARC,2025-09-29,Amazon,1,1299,ARC-2506-4
VR908050,C101047,VA-EB-PL1,2025-09-29,vireo.in,1,2499,PL1-2506-1
VR908347,C103560,VA-SW-NX2,2025-09-29,Amazon,1,5849,NX2-2506-2
VR908792,C102375,VA-SW-NX2,2025-09-29,Amazon,1,5849,NX2-2508-1
VR908887,C104540,VA-EB-PL2,2025-09-29,vireo.in,1,2974,PL2-2508-4
VR880289,C101053,VA-HP-ST3,2025-09-30,vireo.in,1,6999,ST3-2507-2
VR880303,C105631,VA-HP-ST2,2025-09-30,vireo.in,1,4249,ST2-2508-1
VR880348,C103566,VA-EB-AIR,2025-09-30,vireo.in,1,1529,AIR-2508-3
VR881129,C107097,VA-EB-PL2,2025-09-30,Flipkart,1,3499,PL2-2508-4
VR885040,C106175,VA-EB-AIR,2025-09-30,vireo.in,1,1799,AIR-2509-1
VR885673,C107409,VA-EB-PL1,2025-09-30,vireo.in,1,2499,PL1-2506-4
VR886627,C103893,VA-EB-PL1,2025-09-30,vireo.in,1,2124,PL1-2507-1
VR890142,C101689,VA-SW-NX2,2025-09-30,Flipkart,1,5199,NX2-2508-2
VR890414,C102977,VA-EB-PL2,2025-09-30,vireo.in,1,3149,PL2-2508-2
VR890905,C104484,VA-HP-ST3,2025-09-30,vireo.in,1,6999,ST3-2506-1
VR891122,C107926,VA-HP-ST2,2025-09-30,vireo.in,1,4999,ST2-2508-2
VR894974,C105066,VA-HP-ST2,2025-09-30,vireo.in,1,3999,ST2-2509-4
VR896055,C109375,VA-SW-NX2,2025-09-30,vireo.in,1,5199,NX2-2508-4
VR896868,C104489,VA-EB-PL2,2025-09-30,vireo.in,1,3499,PL2-2507-2
VR897357,C105805,VA-SP-MINI,2025-09-30,Flipkart,1,2124,MINI-2507-4
VR899518,C105789,VA-SW-FIT,2025-09-30,vireo.in,1,1699,FIT-2506-2
VR900499,C106293,VA-SW-NX1,2025-09-30,vireo.in,1,3999,NX1-2508-1
VR901153,C108546,VA-SW-NX2,2025-09-30,vireo.in,1,6174,NX2-2508-2
VR901987,C105889,VA-EB-PL2,2025-09-30,Amazon,1,2799,PL2-2507-3
VR904044,C103935,VA-EB-AIR,2025-09-30,Flipkart,1,1709,AIR-2507-3
VR907002,C104188,VA-AC-CASE,2025-09-30,Flipkart,1,1299,CASE-2509-1
VR908977,C103546,VA-EB-PL2,2025-09-30,vireo.in,2,6998,PL2-2507-4
VR909266,C106190,VA-SP-MINI,2025-09-30,Flipkart,1,2499,MINI-2507-4
VR909704,C100797,VA-SP-MINI,2025-09-30,vireo.in,1,2499,MINI-2508-2
VR880808,C102458,VA-EB-AIR,2025-10-01,Amazon,1,1709,AIR-2506-4
VR880924,C102576,VA-SP-MINI,2025-10-01,vireo.in,1,2499,MINI-2506-2
VR881218,C102496,VA-EB-PL2,2025-10-01,Amazon,1,3499,PL2-2508-4
VR882170,C109107,VA-SW-NX1,2025-10-01,Amazon,1,3999,NX1-2506-2
VR882901,C100020,VA-EB-PL2,2025-10-01,vireo.in,1,2799,PL2-2507-2
VR883501,C105025,VA-SW-NX1,2025-10-01,vireo.in,1,4249,NX1-2508-1
VR883803,C102716,VA-EB-PL1,2025-10-01,vireo.in,1,2249,PL1-2507-2
VR884005,C109210,VA-EB-PL2,2025-10-01,Amazon,1,3149,PL2-2507-3
VR884282,C100928,VA-SP-MINI,2025-10-01,vireo.in,1,2499,MINI-2508-3
VR884684,C102016,VA-EB-PL2,2025-10-01,Amazon,1,3499,PL2-2508-1
VR884847,C105854,VA-EB-PL1,2025-10-01,Flipkart,1,2499,PL1-2507-1
VR885465,C108784,VA-EB-PL2,2025-10-01,vireo.in,1,2974,PL2-2507-3
VR886564,C105663,VA-EB-PL1,2025-10-01,vireo.in,1,2374,PL1-2507-2
VR888389,C105968,VA-EB-PL2,2025-10-01,vireo.in,1,3499,PL2-2507-1
VR889048,C106735,VA-EB-PL2,2025-10-01,Flipkart,1,2799,PL2-2506-4
VR890876,C100127,VA-EB-AIR,2025-10-01,vireo.in,1,1529,AIR-2508-4
VR892231,C104074,VA-SW-NX1,2025-10-01,vireo.in,1,3999,NX1-2506-1
VR893091,C109481,VA-EB-PL2,2025-10-01,vireo.in,1,3499,PL2-2508-4
VR893694,C106138,VA-EB-AIR,2025-10-01,vireo.in,1,1439,AIR-2507-3
VR895473,C107911,VA-EB-AIR,2025-10-01,vireo.in,2,3418,AIR-2506-2
VR895495,C109283,VA-SW-NX2,2025-10-01,vireo.in,1,6499,NX2-2509-1
VR899096,C102057,VA-EB-PL2,2025-10-01,Flipkart,1,2974,PL2-2508-3
VR899855,C106801,VA-EB-PL1,2025-10-01,Amazon,1,2374,PL1-2509-3
VR900074,C100684,VA-EB-PL2,2025-10-01,Amazon,1,3149,PL2-2507-3
VR901039,C101049,VA-SW-NX2,2025-10-01,vireo.in,1,6174,NX2-2506-3
VR901998,C107327,VA-EB-PL1,2025-10-01,Flipkart,1,2249,PL1-2507-2
VR904712,C107242,VA-EB-PL1,2025-10-01,vireo.in,1,2249,PL1-2508-4
VR906479,C105583,VA-HP-ST3,2025-10-01,vireo.in,1,6999,ST3-2508-3
VR907071,C107140,VA-EB-PL2,2025-10-01,Amazon,1,3499,PL2-2506-1
VR907204,C104828,VA-NB-ARC,2025-10-01,Amazon,1,1169,ARC-2506-1
VR907297,C103786,VA-EB-PL2,2025-10-01,vireo.in,1,3324,PL2-2507-4
VR907494,C103472,VA-AC-CH65,2025-10-01,Amazon,1,1499,CH65-2507-4
VR907608,C109320,VA-EB-PL2,2025-10-01,Flipkart,1,3499,PL2-2508-4
VR880311,C101080,VA-EB-PL2,2025-10-02,Flipkart,1,3499,PL2-2509-1
VR880940,C100268,VA-EB-AIR,2025-10-02,vireo.in,2,3238,AIR-2508-2
VR881522,C107336,VA-SP-ORB,2025-10-02,Amazon,1,5999,ORB-2507-1
VR885122,C103311,VA-EB-PL1,2025-10-02,Amazon,2,4998,PL1-2507-1
VR886685,C107668,VA-EB-PL2,2025-10-02,Flipkart,1,2974,PL2-2507-4
VR887440,C102124,VA-EB-PL2,2025-10-02,vireo.in,2,6998,PL2-2507-1
VR888466,C108965,VA-EB-PL1,2025-10-02,Amazon,2,4248,PL1-2507-3
VR889379,C105828,VA-EB-PL2,2025-10-02,Amazon,1,3149,PL2-2507-3
VR889575,C101302,VA-HP-ST3,2025-10-02,vireo.in,2,11898,ST3-2508-2
VR890391,C109205,VA-SW-FIT,2025-10-02,vireo.in,1,1999,FIT-2508-1
VR891016,C108713,VA-EB-PL2,2025-10-02,vireo.in,1,2799,PL2-2508-2
VR892340,C100696,VA-SW-NX2,2025-10-02,Amazon,1,6499,NX2-2507-3
VR892962,C105377,VA-EB-PL1,2025-10-02,vireo.in,1,2124,PL1-2507-4
VR893178,C103318,VA-NB-ARC,2025-10-02,vireo.in,1,1039,ARC-2508-1
VR893333,C105464,VA-EB-AIR,2025-10-02,vireo.in,1,1799,AIR-2509-2
VR893819,C102545,VA-EB-PL2,2025-10-02,vireo.in,1,3499,PL2-2508-2
VR894329,C102509,VA-SW-NX2,2025-10-02,vireo.in,1,5524,NX2-2507-2
VR894807,C104821,VA-SW-FIT,2025-10-02,vireo.in,1,1799,FIT-2507-2
VR895424,C101036,VA-SP-ORB,2025-10-02,vireo.in,1,5399,ORB-2508-2
VR897608,C105381,VA-EB-AIR,2025-10-02,Amazon,1,1709,AIR-2506-2
VR898181,C105633,VA-SW-NX1,2025-10-02,vireo.in,1,4249,NX1-2509-3
VR898679,C104492,VA-AC-CASE,2025-10-02,vireo.in,1,1104,CASE-2506-4
VR898927,C100664,VA-EB-PL2,2025-10-02,Flipkart,1,3149,PL2-2509-1
VR901982,C108655,VA-EB-AIR,2025-10-02,Amazon,1,1799,AIR-2509-1
VR902856,C104886,VA-SW-NX2,2025-10-02,Flipkart,1,5199,NX2-2509-4
VR904777,C109313,VA-EB-PL2,2025-10-02,Flipkart,1,2799,PL2-2507-3
VR905200,C109088,VA-EB-PL2,2025-10-02,Flipkart,1,3149,PL2-2507-4
VR905513,C100390,VA-SW-NX1,2025-10-02,Amazon,1,3999,NX1-2508-3
VR905696,C100192,VA-NB-ARC,2025-10-02,Amazon,1,1104,ARC-2506-4
VR906922,C107404,VA-EB-PL2,2025-10-02,vireo.in,1,2799,PL2-2507-4
VR907568,C104949,VA-EB-AIR,2025-10-02,vireo.in,1,1709,AIR-2506-4
VR908234,C101688,VA-EB-PL1,2025-10-02,Amazon,1,2499,PL1-2507-2
VR908282,C105057,VA-EB-PL2,2025-10-02,Flipkart,1,2799,PL2-2507-1
VR908337,C107690,VA-HP-ST3,2025-10-02,vireo.in,1,6999,ST3-2508-1
VR909603,C105902,VA-EB-PL1,2025-10-02,Amazon,1,2374,PL1-2508-2
VR881579,C104454,VA-SP-MINI,2025-10-03,Amazon,1,1999,MINI-2507-2
VR883383,C108087,VA-SW-NX2,2025-10-03,vireo.in,1,6499,NX2-2508-4
VR883785,C107691,VA-SW-NX2,2025-10-03,vireo.in,1,6499,NX2-2506-1
VR886723,C105974,VA-EB-PL2,2025-10-03,vireo.in,1,3324,PL2-2507-4
VR887577,C107300,VA-SP-ORB,2025-10-03,vireo.in,1,4799,ORB-2508-4
VR888581,C104674,VA-SW-NX2,2025-10-03,Flipkart,1,6499,NX2-2507-2
VR889148,C101232,VA-EB-PL2,2025-10-03,vireo.in,1,3324,PL2-2506-1
VR889413,C101792,VA-SP-MINI,2025-10-03,vireo.in,2,4748,MINI-2508-3
VR889567,C102358,VA-HP-ST2,2025-10-03,Amazon,1,4749,ST2-2508-3
VR890731,C106195,VA-SP-ORB,2025-10-03,Amazon,1,5099,ORB-2509-3
VR891010,C105315,VA-EB-PL2,2025-10-03,vireo.in,2,6298,PL2-2509-4
VR892631,C103430,VA-EB-PL2,2025-10-03,Amazon,1,3499,PL2-2508-3
VR894109,C109076,VA-SW-NX2,2025-10-03,vireo.in,2,12998,NX2-2506-3
VR895029,C102567,VA-HP-ST3,2025-10-03,Flipkart,1,5599,ST3-2509-2
VR895053,C107330,VA-EB-PL2,2025-10-03,vireo.in,1,3499,PL2-2507-1
VR895341,C101964,VA-EB-PL2,2025-10-03,Amazon,1,3499,PL2-2506-3
VR895791,C100861,VA-EB-AIR,2025-10-03,vireo.in,1,1709,AIR-2508-1
VR897202,C101461,VA-EB-PL2,2025-10-03,vireo.in,1,3499,PL2-2507-1
VR897335,C104767,VA-EB-PL1,2025-10-03,vireo.in,1,1999,PL1-2508-4
VR898117,C107733,VA-EB-PL2,2025-10-03,vireo.in,1,2799,PL2-2507-2
VR899178,C102016,VA-EB-PL2,2025-10-03,Amazon,2,6998,PL2-2508-1
VR899654,C100332,VA-EB-PL2,2025-10-03,vireo.in,1,3499,PL2-2508-3
VR899723,C104641,VA-SP-MINI,2025-10-03,vireo.in,1,2499,MINI-2507-2
VR900549,C106092,VA-EB-PL1,2025-10-03,vireo.in,1,2374,PL1-2509-4
VR902667,C101270,VA-SW-NX2,2025-10-03,vireo.in,1,5849,NX2-2507-2
VR902925,C104191,VA-EB-PL2,2025-10-03,Amazon,1,2974,PL2-2508-4
VR905150,C108593,VA-EB-PL2,2025-10-03,Amazon,1,3149,PL2-2507-3
VR905293,C105969,VA-SW-FIT,2025-10-03,vireo.in,1,1899,FIT-2507-1
VR905886,C101211,VA-EB-PL2,2025-10-03,Amazon,2,6998,PL2-2508-3
VR906250,C109328,VA-AC-CH65,2025-10-03,Flipkart,1,1274,CH65-2507-4
VR906888,C109300,VA-EB-PL2,2025-10-03,vireo.in,1,3499,PL2-2508-2
VR907375,C103909,VA-EB-PL1,2025-10-03,vireo.in,1,2499,PL1-2508-1
VR907483,C105000,VA-AC-CASE,2025-10-03,Amazon,1,1104,CASE-2508-1
VR908120,C103662,VA-SW-FIT,2025-10-03,Amazon,1,1999,FIT-2508-1
VR908193,C103683,VA-EB-PL2,2025-10-03,Amazon,1,3499,PL2-2508-4
VR908658,C104337,VA-SP-ORB,2025-10-03,vireo.in,1,5399,ORB-2507-3
VR909073,C109336,VA-NB-ARC,2025-10-03,vireo.in,1,1299,ARC-2508-3
VR909434,C103422,VA-EB-PL1,2025-10-03,vireo.in,1,2499,PL1-2507-4
VR909827,C105046,VA-EB-PL2,2025-10-03,vireo.in,1,2974,PL2-2509-4
VR880228,C100167,VA-EB-PL2,2025-10-04,Flipkart,1,3149,PL2-2506-3
VR881560,C106971,VA-EB-PL2,2025-10-04,Amazon,1,2974,PL2-2508-3
VR881924,C105990,VA-EB-PL2,2025-10-04,Amazon,2,6648,PL2-2509-1
VR882784,C105943,VA-EB-PL1,2025-10-04,Amazon,2,4248,PL1-2506-3
VR884317,C104018,VA-EB-PL2,2025-10-04,Amazon,1,2974,PL2-2506-4
VR884488,C105974,VA-EB-PL2,2025-10-04,Amazon,1,2974,PL2-2508-2
VR884789,C108155,VA-SW-NX2,2025-10-04,Amazon,1,6499,NX2-2507-3
VR885178,C107739,VA-EB-PL2,2025-10-04,Amazon,1,3499,PL2-2506-3
VR885851,C103763,VA-SW-NX1,2025-10-04,vireo.in,1,3999,NX1-2508-2
VR886146,C105118,VA-EB-PL2,2025-10-04,vireo.in,1,3499,PL2-2508-4
VR886691,C101972,VA-HP-ST3,2025-10-04,Amazon,1,6299,ST3-2508-2
VR886905,C105958,VA-SW-NX2,2025-10-04,Amazon,2,12998,NX2-2507-3
VR887516,C109069,VA-EB-PL1,2025-10-04,Amazon,1,1999,PL1-2507-3
VR891956,C104736,VA-EB-PL2,2025-10-04,vireo.in,1,3499,PL2-2507-2
VR892847,C100140,VA-EB-PL2,2025-10-04,Amazon,1,2799,PL2-2509-1
VR894369,C108071,VA-SP-ORB,2025-10-04,vireo.in,1,5999,ORB-2509-3
VR894628,C101509,VA-NB-ARC,2025-10-04,vireo.in,1,1299,ARC-2508-3
VR896355,C104475,VA-HP-ST2,2025-10-04,Flipkart,1,4249,ST2-2508-3
VR896727,C103180,VA-EB-PL2,2025-10-04,Flipkart,1,3499,PL2-2506-1
VR896886,C103941,VA-EB-PL1,2025-10-04,Amazon,2,4748,PL1-2508-4
VR896911,C100922,VA-HP-ST3,2025-10-04,vireo.in,1,6649,ST3-2507-3
VR897148,C106813,VA-SW-NX2,2025-10-04,vireo.in,1,6499,NX2-2508-3
VR897831,C107361,VA-EB-PL2,2025-10-04,Amazon,1,2799,PL2-2507-4
VR899015,C101026,VA-SP-ORB,2025-10-04,vireo.in,1,5699,ORB-2509-2
VR901107,C101287,VA-SP-MINI,2025-10-04,Flipkart,1,2499,MINI-2508-3
VR901632,C104792,VA-SP-MINI,2025-10-04,Flipkart,1,2499,MINI-2508-3
VR902326,C104270,VA-SP-MINI,2025-10-04,Flipkart,1,2499,MINI-2507-3
VR903078,C101329,VA-EB-PL2,2025-10-04,Amazon,2,5598,PL2-2507-2
VR903899,C107712,VA-EB-PL2,2025-10-04,vireo.in,1,3499,PL2-2507-3
VR906293,C100188,VA-EB-PL2,2025-10-04,Amazon,1,3324,PL2-2507-3
VR907076,C100365,VA-SW-NX2,2025-10-04,vireo.in,1,5524,NX2-2508-4
VR907581,C108433,VA-SP-ORB,2025-10-04,Amazon,1,5399,ORB-2508-4
VR908798,C109107,VA-EB-PL1,2025-10-04,Flipkart,1,2124,PL1-2508-3
VR908972,C100836,VA-EB-PL2,2025-10-04,vireo.in,1,3499,PL2-2507-2
VR909443,C106883,VA-EB-PL2,2025-10-04,vireo.in,1,3149,PL2-2507-4
VR880126,C101731,VA-SP-ORB,2025-10-05,vireo.in,1,5399,ORB-2509-3
VR880764,C100068,VA-EB-PL2,2025-10-05,vireo.in,1,2799,PL2-2509-3
VR882546,C101038,VA-NB-ARC,2025-10-05,vireo.in,1,1299,ARC-2508-2
VR883157,C109299,VA-EB-PL2,2025-10-05,Amazon,1,3499,PL2-2508-2
VR885146,C103887,VA-HP-ST3,2025-10-05,Amazon,1,5949,ST3-2507-1
VR886285,C103942,VA-EB-PL2,2025-10-05,Amazon,1,2974,PL2-2506-4
VR886328,C104178,VA-EB-PL2,2025-10-05,vireo.in,1,2974,PL2-2509-1
VR888905,C100481,VA-EB-PL1,2025-10-05,Amazon,1,2124,PL1-2507-4
VR890074,C102138,VA-SP-MINI,2025-10-05,Flipkart,1,2374,MINI-2507-1
VR890154,C108860,VA-HP-ST3,2025-10-05,Amazon,1,6999,ST3-2508-3
VR891007,C103614,VA-EB-PL2,2025-10-05,vireo.in,1,3499,PL2-2509-3
VR892988,C101771,VA-EB-PL1,2025-10-05,vireo.in,1,2374,PL1-2507-4
VR894245,C100784,VA-EB-AIR,2025-10-05,Flipkart,1,1619,AIR-2509-2
VR895963,C100096,VA-EB-PL1,2025-10-05,vireo.in,1,2374,PL1-2506-3
VR896547,C101464,VA-EB-PL2,2025-10-05,vireo.in,1,3324,PL2-2508-1
VR897100,C107908,VA-EB-PL2,2025-10-05,Flipkart,1,2799,PL2-2509-1
VR898768,C102098,VA-EB-PL1,2025-10-05,Amazon,1,2499,PL1-2507-1
VR898846,C105788,VA-AC-CASE,2025-10-05,vireo.in,1,1104,CASE-2506-4
VR900437,C103728,VA-EB-PL1,2025-10-05,vireo.in,1,2499,PL1-2507-4
VR900598,C109369,VA-SW-NX2,2025-10-05,vireo.in,1,5524,NX2-2507-2
VR901713,C100798,VA-EB-AIR,2025-10-05,vireo.in,1,1799,AIR-2509-3
VR901897,C100070,VA-SW-NX1,2025-10-05,vireo.in,1,4999,NX1-2507-2
VR901938,C102111,VA-HP-ST3,2025-10-05,vireo.in,1,6999,ST3-2507-4
VR904617,C101079,VA-HP-ST2,2025-10-05,vireo.in,1,4749,ST2-2507-2
VR905075,C105018,VA-EB-PL1,2025-10-05,Flipkart,1,2499,PL1-2508-2
VR905798,C102514,VA-EB-PL2,2025-10-05,Amazon,1,3499,PL2-2507-3
VR905999,C109060,VA-EB-PL2,2025-10-05,vireo.in,1,3324,PL2-2508-4
VR906369,C103670,VA-EB-PL2,2025-10-05,vireo.in,1,2974,PL2-2507-2
VR906845,C101545,VA-EB-AIR,2025-10-05,vireo.in,1,1709,AIR-2506-2
VR907423,C104441,VA-SW-NX2,2025-10-05,Flipkart,2,11048,NX2-2508-3
VR907857,C104821,VA-EB-AIR,2025-10-05,vireo.in,1,1799,AIR-2508-4
VR908211,C103128,VA-EB-AIR,2025-10-05,Amazon,1,1799,AIR-2507-2
VR909025,C101804,VA-SW-FIT,2025-10-05,Amazon,1,1799,FIT-2507-3
VR909354,C106684,VA-SW-NX2,2025-10-05,Amazon,1,6499,NX2-2507-3
VR909626,C104627,VA-EB-PL2,2025-10-05,Amazon,1,3499,PL2-2509-4
VR909784,C106619,VA-EB-PL2,2025-10-05,vireo.in,1,3499,PL2-2508-1
VR880168,C101301,VA-HP-ST2,2025-10-06,vireo.in,1,4999,ST2-2507-2
VR880547,C106138,VA-EB-PL2,2025-10-06,Flipkart,1,3149,PL2-2509-1
VR883783,C108621,VA-EB-PL2,2025-10-06,Flipkart,1,2799,PL2-2509-1
VR885133,C105250,VA-SW-NX2,2025-10-06,vireo.in,1,5524,NX2-2508-3
VR886657,C108304,VA-EB-PL2,2025-10-06,Flipkart,1,3499,PL2-2508-4
VR886701,C106553,VA-EB-PL2,2025-10-06,Amazon,1,3324,PL2-2508-2
VR890210,C100542,VA-SW-FIT,2025-10-06,Amazon,1,1799,FIT-2507-1
VR890218,C108170,VA-NB-ARC,2025-10-06,Flipkart,1,1299,ARC-2508-3
VR890655,C106793,VA-SP-ORB,2025-10-06,Amazon,1,5999,ORB-2507-3
VR891461,C109160,VA-EB-PL1,2025-10-06,Flipkart,2,4998,PL1-2507-4
VR892776,C105777,VA-EB-PL1,2025-10-06,vireo.in,1,2499,PL1-2507-4
VR892910,C104176,VA-SP-ORB,2025-10-06,vireo.in,2,11998,ORB-2508-3
VR895135,C108358,VA-AC-CH65,2025-10-06,Flipkart,1,1499,CH65-2507-2
VR895882,C106110,VA-EB-PL2,2025-10-06,vireo.in,1,3149,PL2-2508-2
VR897123,C106093,VA-HP-ST3,2025-10-06,vireo.in,1,5599,ST3-2506-1
VR899667,C102323,VA-SW-FIT,2025-10-06,vireo.in,1,1999,FIT-2508-4
VR900464,C105344,VA-EB-PL2,2025-10-06,vireo.in,1,3499,PL2-2508-1
VR900969,C101063,VA-SW-NX2,2025-10-06,vireo.in,1,5524,NX2-2507-4
VR901230,C104237,VA-SP-ORB,2025-10-06,Amazon,1,5099,ORB-2508-4
VR901647,C104065,VA-EB-PL2,2025-10-06,vireo.in,1,2974,PL2-2508-4
VR901923,C105952,VA-SP-ORB,2025-10-06,vireo.in,1,5399,ORB-2507-1
VR902120,C103349,VA-SW-NX2,2025-10-06,vireo.in,2,10398,NX2-2509-3
VR902479,C101237,VA-EB-PL2,2025-10-06,vireo.in,1,3499,PL2-2509-2
VR902811,C106463,VA-HP-ST2,2025-10-06,vireo.in,2,8998,ST2-2508-1
VR903509,C107535,VA-NB-ARC,2025-10-06,vireo.in,1,1234,ARC-2507-3
VR903588,C102819,VA-EB-PL2,2025-10-06,Amazon,1,3149,PL2-2507-2
VR904756,C103330,VA-EB-PL2,2025-10-06,vireo.in,1,3149,PL2-2508-2
VR905695,C103038,VA-EB-PL2,2025-10-06,vireo.in,1,2974,PL2-2508-1
VR906437,C105171,VA-EB-PL1,2025-10-06,vireo.in,1,2499,PL1-2509-4
VR906703,C105436,VA-HP-ST2,2025-10-06,Flipkart,1,4999,ST2-2508-1
VR907049,C109153,VA-EB-PL1,2025-10-06,vireo.in,1,2499,PL1-2508-4
VR907306,C109029,VA-EB-AIR,2025-10-06,Amazon,2,3598,AIR-2506-4
VR907719,C105775,VA-HP-ST3,2025-10-06,vireo.in,1,5599,ST3-2509-4
VR907731,C107296,VA-HP-ST2,2025-10-06,vireo.in,1,4999,ST2-2509-3
VR908079,C102543,VA-EB-PL2,2025-10-06,vireo.in,1,2799,PL2-2507-3
VR908242,C107802,VA-SP-ORB,2025-10-06,Flipkart,1,5999,ORB-2508-3
VR881768,C106466,VA-HP-ST3,2025-10-07,Amazon,1,6299,ST3-2506-2
VR882121,C105946,VA-EB-PL2,2025-10-07,vireo.in,1,2799,PL2-2508-1
VR882319,C100997,VA-HP-ST3,2025-10-07,vireo.in,2,13298,ST3-2508-2
VR883719,C106572,VA-SW-NX2,2025-10-07,Flipkart,1,5199,NX2-2508-2
VR885837,C107439,VA-SP-MINI,2025-10-07,vireo.in,1,2499,MINI-2508-2
VR888817,C106522,VA-EB-PL2,2025-10-07,vireo.in,1,3499,PL2-2508-1
VR889756,C106091,VA-NB-ARC,2025-10-07,Amazon,1,1039,ARC-2508-4
VR890397,C108491,VA-EB-PL2,2025-10-07,vireo.in,1,3499,PL2-2507-3
VR891639,C104659,VA-SP-MINI,2025-10-07,vireo.in,1,1999,MINI-2507-3
VR894571,C106869,VA-SP-MINI,2025-10-07,vireo.in,1,1999,MINI-2507-1
VR895292,C108322,VA-SW-FIT,2025-10-07,vireo.in,2,3998,FIT-2507-3
VR896386,C103037,VA-SW-NX1,2025-10-07,vireo.in,1,4249,NX1-2508-1
VR897217,C103911,VA-EB-PL1,2025-10-07,vireo.in,1,2499,PL1-2507-1
VR897279,C104165,VA-HP-ST3,2025-10-07,Flipkart,2,13998,ST3-2507-4
VR897997,C103198,VA-EB-PL2,2025-10-07,Amazon,1,3499,PL2-2509-2
VR898643,C103475,VA-EB-PL2,2025-10-07,vireo.in,2,5948,PL2-2506-3
VR898999,C100412,VA-NB-ARC,2025-10-07,vireo.in,1,1299,ARC-2507-4
VR899117,C103802,VA-EB-PL2,2025-10-07,vireo.in,1,2974,PL2-2508-1
VR899152,C103560,VA-SP-ORB,2025-10-07,vireo.in,1,5699,ORB-2509-1
VR900904,C100973,VA-EB-PL2,2025-10-07,Flipkart,1,3324,PL2-2506-1
VR900978,C106316,VA-EB-PL2,2025-10-07,vireo.in,2,5948,PL2-2507-4
VR901663,C102497,VA-NB-ARC,2025-10-07,vireo.in,1,1169,ARC-2507-4
VR902211,C102640,VA-AC-CASE,2025-10-07,Amazon,1,1104,CASE-2507-3
VR904316,C107151,VA-EB-AIR,2025-10-07,vireo.in,1,1799,AIR-2506-2
VR904854,C102239,VA-SW-NX2,2025-10-07,Flipkart,1,5849,NX2-2506-4
VR905701,C100675,VA-EB-PL2,2025-10-07,vireo.in,1,2974,PL2-2507-4
VR908028,C109058,VA-EB-AIR,2025-10-07,Amazon,1,1619,AIR-2509-1
VR908399,C106285,VA-HP-ST3,2025-10-07,vireo.in,1,5949,ST3-2506-1
VR909393,C105674,VA-EB-PL2,2025-10-07,Amazon,1,2799,PL2-2509-2
VR909744,C108151,VA-EB-PL2,2025-10-07,Amazon,1,2799,PL2-2509-4
VR909790,C107009,VA-HP-ST2,2025-10-07,vireo.in,1,4749,ST2-2507-2
VR880045,C100960,VA-EB-PL1,2025-10-08,vireo.in,1,2499,PL1-2508-1
VR880710,C102547,VA-EB-AIR,2025-10-08,vireo.in,1,1529,AIR-2507-3
VR881655,C104917,VA-EB-PL2,2025-10-08,Amazon,1,3149,PL2-2509-3
VR881700,C101591,VA-SW-FIT,2025-10-08,Amazon,1,1599,FIT-2508-3
VR881798,C101521,VA-SP-MINI,2025-10-08,vireo.in,1,2499,MINI-2508-1
VR882480,C106202,VA-EB-PL2,2025-10-08,vireo.in,1,3499,PL2-2509-1
VR882613,C108685,VA-SW-FIT,2025-10-08,vireo.in,1,1999,FIT-2508-3
VR883384,C105874,VA-HP-ST3,2025-10-08,Amazon,1,6999,ST3-2509-3
VR883838,C103618,VA-SP-MINI,2025-10-08,vireo.in,1,2249,MINI-2508-2
VR884624,C107418,VA-EB-PL2,2025-10-08,vireo.in,1,3499,PL2-2507-3
VR886578,C102434,VA-HP-ST3,2025-10-08,Amazon,1,5599,ST3-2509-4
VR886799,C105842,VA-SP-MINI,2025-10-08,vireo.in,1,2124,MINI-2506-1
VR887513,C106273,VA-EB-PL2,2025-10-08,vireo.in,1,3499,PL2-2508-1
VR887954,C100907,VA-EB-PL2,2025-10-08,Amazon,2,6998,PL2-2509-2
VR889769,C101642,VA-EB-PL2,2025-10-08,Flipkart,1,3149,PL2-2507-4
VR891628,C101145,VA-EB-PL2,2025-10-08,vireo.in,1,2799,PL2-2507-1
VR893817,C106445,VA-EB-PL2,2025-10-08,Amazon,1,2799,PL2-2507-1
VR894464,C107056,VA-EB-PL2,2025-10-08,vireo.in,1,3499,PL2-2508-3
VR895022,C109001,VA-EB-PL1,2025-10-08,Amazon,1,2499,PL1-2508-1
VR895768,C107297,VA-EB-PL2,2025-10-08,Flipkart,1,2799,PL2-2508-4
VR897060,C107987,VA-EB-PL1,2025-10-08,vireo.in,1,1999,PL1-2508-3
VR897662,C109051,VA-SP-MINI,2025-10-08,Amazon,1,1999,MINI-2509-4
VR897908,C108122,VA-SP-MINI,2025-10-08,vireo.in,1,2499,MINI-2507-3
VR898813,C108706,VA-EB-PL2,2025-10-08,Amazon,1,3499,PL2-2507-4
VR900676,C108743,VA-NB-ARC,2025-10-08,vireo.in,1,1299,ARC-2507-4
VR901803,C100500,VA-SW-NX2,2025-10-08,vireo.in,1,5524,NX2-2508-4
VR902052,C104955,VA-EB-PL2,2025-10-08,vireo.in,1,2799,PL2-2509-4
VR902756,C103835,VA-EB-PL2,2025-10-08,Amazon,1,3149,PL2-2509-1
VR904560,C106550,VA-EB-PL2,2025-10-08,vireo.in,2,6298,PL2-2509-1
VR904979,C106218,VA-SW-NX2,2025-10-08,vireo.in,1,5524,NX2-2508-1
VR905046,C100061,VA-EB-AIR,2025-10-08,Amazon,1,1709,AIR-2508-4
VR905375,C103756,VA-EB-AIR,2025-10-08,vireo.in,1,1709,AIR-2509-3
VR905973,C102449,VA-EB-AIR,2025-10-08,vireo.in,1,1799,AIR-2507-4
VR906041,C106594,VA-EB-AIR,2025-10-08,Amazon,1,1799,AIR-2508-2
VR906053,C107880,VA-HP-ST3,2025-10-08,vireo.in,1,5949,ST3-2506-3
VR906962,C106092,VA-EB-PL2,2025-10-08,Amazon,1,3499,PL2-2507-3
VR907378,C106971,VA-SW-NX1,2025-10-08,Flipkart,2,7998,NX1-2507-3
VR907624,C101815,VA-HP-ST3,2025-10-08,Flipkart,1,5599,ST3-2508-1
VR909639,C102505,VA-EB-PL2,2025-10-08,Flipkart,1,3149,PL2-2508-4
VR881982,C108150,VA-EB-PL2,2025-10-09,vireo.in,1,3149,PL2-2507-3
VR882862,C107160,VA-EB-PL1,2025-10-09,vireo.in,1,2124,PL1-2507-4
VR883285,C107705,VA-EB-PL2,2025-10-09,vireo.in,2,6648,PL2-2509-2
VR884212,C103278,VA-EB-PL2,2025-10-09,vireo.in,1,3324,PL2-2507-4
VR890732,C103858,VA-AC-CASE,2025-10-09,vireo.in,1,1299,CASE-2508-2
VR890857,C106093,VA-SP-MINI,2025-10-09,vireo.in,1,2499,MINI-2508-1
VR891231,C109456,VA-EB-PL2,2025-10-09,Amazon,1,2799,PL2-2508-3
VR892722,C105764,VA-EB-PL2,2025-10-09,Amazon,1,3499,PL2-2508-4
VR893177,C101500,VA-EB-PL2,2025-10-09,Flipkart,1,3499,PL2-2508-2
VR897783,C104247,VA-EB-PL2,2025-10-09,vireo.in,2,6998,PL2-2507-2
VR898308,C101898,VA-EB-PL2,2025-10-09,Flipkart,1,3324,PL2-2507-4
VR900286,C106994,VA-EB-PL2,2025-10-09,Flipkart,1,3499,PL2-2509-3
VR901023,C102013,VA-EB-AIR,2025-10-09,Amazon,1,1799,AIR-2506-2
VR902201,C108556,VA-EB-PL2,2025-10-09,Flipkart,2,6998,PL2-2508-1
VR902360,C100870,VA-EB-PL2,2025-10-09,vireo.in,1,2974,PL2-2507-2
VR902503,C106967,VA-EB-PL2,2025-10-09,Amazon,1,3499,PL2-2507-4
VR903341,C103092,VA-EB-PL1,2025-10-09,Amazon,1,2499,PL1-2508-3
VR903536,C100719,VA-EB-PL2,2025-10-09,vireo.in,1,3499,PL2-2508-2
VR903600,C105756,VA-EB-AIR,2025-10-09,vireo.in,1,1799,AIR-2507-2
VR903662,C106767,VA-EB-AIR,2025-10-09,vireo.in,2,3598,AIR-2509-3
VR905010,C104353,VA-EB-PL2,2025-10-09,vireo.in,1,3324,PL2-2508-2
VR905258,C102775,VA-EB-PL1,2025-10-09,vireo.in,1,2499,PL1-2509-1
VR906137,C106360,VA-EB-PL2,2025-10-09,vireo.in,2,6998,PL2-2509-1
VR907147,C102005,VA-EB-PL1,2025-10-09,Flipkart,1,2374,PL1-2508-3
VR908558,C100557,VA-EB-PL2,2025-10-09,vireo.in,1,2799,PL2-2508-3
VR909092,C105605,VA-EB-PL2,2025-10-09,Amazon,1,3499,PL2-2509-4
VR909479,C106772,VA-EB-PL2,2025-10-09,Flipkart,2,6998,PL2-2509-4
VR881116,C105888,VA-EB-PL1,2025-10-10,vireo.in,1,2499,PL1-2506-1
VR881629,C102592,VA-EB-PL2,2025-10-10,Amazon,1,3324,PL2-2509-4
VR881703,C107562,VA-EB-PL2,2025-10-10,vireo.in,1,3149,PL2-2508-4
VR882229,C108059,VA-EB-PL2,2025-10-10,Flipkart,1,2974,PL2-2507-4
VR882765,C107912,VA-EB-PL2,2025-10-10,Amazon,1,2974,PL2-2509-3
VR883898,C100853,VA-EB-PL1,2025-10-10,Flipkart,1,1999,PL1-2508-3
VR884044,C101699,VA-SP-ORB,2025-10-10,Amazon,1,4799,ORB-2507-2
VR884175,C105245,VA-EB-PL2,2025-10-10,vireo.in,1,3324,PL2-2507-1
VR884952,C101707,VA-EB-PL2,2025-10-10,vireo.in,1,2799,PL2-2506-2
VR885062,C104299,VA-EB-PL2,2025-10-10,Flipkart,1,2974,PL2-2507-4
VR885450,C100344,VA-EB-PL2,2025-10-10,Flipkart,1,3324,PL2-2509-4
VR886008,C106516,VA-EB-PL2,2025-10-10,vireo.in,1,2974,PL2-2507-4
VR886360,C108283,VA-EB-PL2,2025-10-10,vireo.in,1,3499,PL2-2507-3
VR887684,C107857,VA-EB-PL2,2025-10-10,Amazon,1,2974,PL2-2507-2
VR888069,C105827,VA-EB-PL1,2025-10-10,Flipkart,1,2499,PL1-2509-4
VR888269,C103155,VA-SW-NX2,2025-10-10,vireo.in,1,5524,NX2-2507-3
VR888510,C107339,VA-EB-PL2,2025-10-10,Flipkart,1,2974,PL2-2507-3
VR889261,C108179,VA-SW-NX2,2025-10-10,vireo.in,2,11048,NX2-2509-2
VR891570,C108296,VA-SP-ORB,2025-10-10,vireo.in,1,5999,ORB-2508-3
VR891778,C104669,VA-EB-PL2,2025-10-10,vireo.in,1,2799,PL2-2508-2
VR894770,C100193,VA-EB-PL1,2025-10-10,Amazon,1,2499,PL1-2507-2
VR896167,C107240,VA-SW-NX2,2025-10-10,vireo.in,1,6499,NX2-2506-4
VR896808,C105414,VA-HP-ST3,2025-10-10,vireo.in,1,6299,ST3-2508-3
VR897082,C101301,VA-EB-PL2,2025-10-10,vireo.in,1,2974,PL2-2508-3
VR898866,C107455,VA-SW-FIT,2025-10-10,Amazon,2,3398,FIT-2508-4
VR899648,C101192,VA-HP-ST3,2025-10-10,vireo.in,1,6999,ST3-2508-3
VR899701,C101007,VA-SP-MINI,2025-10-10,Amazon,1,2499,MINI-2508-1
VR900046,C104295,VA-EB-AIR,2025-10-10,vireo.in,1,1799,AIR-2508-1
VR900334,C101784,VA-SW-NX1,2025-10-10,Flipkart,1,4999,NX1-2509-3
VR901675,C103429,VA-SP-MINI,2025-10-10,Amazon,1,2499,MINI-2508-2
VR901899,C103506,VA-EB-AIR,2025-10-10,vireo.in,1,1799,AIR-2506-1
VR902226,C103630,VA-EB-PL2,2025-10-10,Amazon,1,3499,PL2-2508-3
VR903537,C107075,VA-SW-FIT,2025-10-10,vireo.in,1,1999,FIT-2506-3
VR904965,C104512,VA-HP-ST3,2025-10-10,Amazon,2,13998,ST3-2506-2
VR905554,C102833,VA-SP-MINI,2025-10-10,Amazon,1,2374,MINI-2508-4
VR905756,C104780,VA-EB-PL2,2025-10-10,Amazon,1,2974,PL2-2509-1
VR907124,C101410,VA-SW-NX1,2025-10-10,Amazon,1,4999,NX1-2509-3
VR907659,C105559,VA-SW-NX2,2025-10-10,Flipkart,1,5524,NX2-2508-1
VR880158,C100147,VA-SP-MINI,2025-10-11,vireo.in,1,2374,MINI-2508-4
VR880915,C104403,VA-EB-PL2,2025-10-11,vireo.in,1,3499,PL2-2509-1
VR880960,C101471,VA-EB-PL2,2025-10-11,vireo.in,1,2974,PL2-2508-1
VR882282,C103753,VA-EB-PL2,2025-10-11,Amazon,1,3499,PL2-2506-4
VR883634,C104673,VA-EB-AIR,2025-10-11,vireo.in,1,1529,AIR-2507-1
VR883923,C101872,VA-SW-NX2,2025-10-11,Flipkart,1,5524,NX2-2507-4
VR884151,C105011,VA-EB-AIR,2025-10-11,vireo.in,1,1529,AIR-2506-1
VR884225,C101627,VA-SW-FIT,2025-10-11,Amazon,1,1799,FIT-2508-4
VR886505,C103887,VA-EB-PL1,2025-10-11,Flipkart,1,2499,PL1-2508-1
VR887937,C105809,VA-EB-PL2,2025-10-11,vireo.in,1,2799,PL2-2508-4
VR889465,C105765,VA-EB-PL2,2025-10-11,Amazon,1,2974,PL2-2508-4
VR893777,C101573,VA-SP-MINI,2025-10-11,vireo.in,1,2499,MINI-2509-2
VR893795,C103054,VA-SP-MINI,2025-10-11,Amazon,1,2249,MINI-2509-1
VR894004,C101641,VA-EB-PL1,2025-10-11,Flipkart,1,1999,PL1-2508-2
VR894282,C102393,VA-EB-AIR,2025-10-11,Amazon,1,1529,AIR-2507-4
VR894704,C107120,VA-EB-PL2,2025-10-11,vireo.in,1,3499,PL2-2508-1
VR896105,C100872,VA-EB-AIR,2025-10-11,vireo.in,1,1529,AIR-2506-3
VR896165,C106836,VA-EB-PL2,2025-10-11,vireo.in,1,2799,PL2-2509-4
VR896452,C105870,VA-EB-AIR,2025-10-11,vireo.in,1,1799,AIR-2507-3
VR898089,C106988,VA-SW-NX2,2025-10-11,Amazon,1,6499,NX2-2507-1
VR898320,C102691,VA-EB-PL1,2025-10-11,Amazon,1,1999,PL1-2507-4
VR898712,C105970,VA-SW-FIT,2025-10-11,vireo.in,1,1999,FIT-2509-1
VR898970,C102164,VA-SW-FIT,2025-10-11,Amazon,1,1799,FIT-2507-4
VR899306,C101233,VA-AC-CASE,2025-10-11,vireo.in,1,1169,CASE-2509-3
VR901434,C100851,VA-EB-AIR,2025-10-11,Amazon,2,3238,AIR-2508-2
VR901613,C109393,VA-AC-CASE,2025-10-11,Flipkart,1,1299,CASE-2508-2
VR901851,C107140,VA-SW-NX1,2025-10-11,Flipkart,1,4999,NX1-2508-3
VR901985,C102513,VA-EB-PL1,2025-10-11,vireo.in,1,2374,PL1-2509-3
VR902526,C106173,VA-EB-PL1,2025-10-11,Amazon,1,2499,PL1-2507-3
VR903283,C107580,VA-SW-NX2,2025-10-11,Flipkart,1,6174,NX2-2507-2
VR903298,C100003,VA-SW-NX2,2025-10-11,Amazon,1,6499,NX2-2508-3
VR903896,C108972,VA-EB-PL1,2025-10-11,Flipkart,1,2124,PL1-2507-3
VR904773,C108001,VA-EB-PL2,2025-10-11,vireo.in,1,3499,PL2-2508-2
VR904902,C107469,VA-EB-PL1,2025-10-11,Flipkart,1,2374,PL1-2507-3
VR906746,C106766,VA-SW-NX2,2025-10-11,vireo.in,1,5524,NX2-2506-2
VR880584,C106902,VA-SW-NX2,2025-10-12,Amazon,1,5849,NX2-2507-4
VR882576,C106848,VA-HP-ST2,2025-10-12,Flipkart,1,4499,ST2-2508-3
VR883987,C103235,VA-SW-FIT,2025-10-12,vireo.in,1,1999,FIT-2508-4
VR884049,C105430,VA-SW-FIT,2025-10-12,Flipkart,1,1599,FIT-2509-3
VR884397,C106030,VA-SP-MINI,2025-10-12,vireo.in,1,2124,MINI-2508-4
VR886809,C100323,VA-EB-AIR,2025-10-12,vireo.in,1,1799,AIR-2509-3
VR887870,C102227,VA-HP-ST3,2025-10-12,vireo.in,1,6999,ST3-2509-2
VR889196,C105886,VA-HP-ST3,2025-10-12,vireo.in,1,5949,ST3-2508-4
VR889595,C105482,VA-EB-PL2,2025-10-12,vireo.in,1,2974,PL2-2508-1
VR889605,C100236,VA-EB-PL1,2025-10-12,vireo.in,1,2124,PL1-2509-2
VR889612,C108813,VA-NB-ARC,2025-10-12,vireo.in,2,2078,ARC-2507-3
VR889641,C106788,VA-NB-ARC,2025-10-12,Flipkart,1,1299,ARC-2507-1
VR889721,C104368,VA-EB-PL1,2025-10-12,Amazon,1,2499,PL1-2509-3
VR889787,C101430,VA-HP-ST3,2025-10-12,vireo.in,1,6299,ST3-2507-2
VR889961,C108383,VA-AC-CH65,2025-10-12,vireo.in,1,1199,CH65-2507-4
VR890224,C106322,VA-EB-PL2,2025-10-12,Amazon,1,2799,PL2-2508-4
VR890238,C106908,VA-EB-PL1,2025-10-12,vireo.in,2,3998,PL1-2507-4
VR891925,C104635,VA-EB-PL2,2025-10-12,vireo.in,2,5598,PL2-2507-3
VR892611,C103413,VA-SP-MINI,2025-10-12,vireo.in,1,2124,MINI-2509-1
VR894159,C101546,VA-SW-NX2,2025-10-12,vireo.in,1,6499,NX2-2507-2
VR894185,C107526,VA-EB-PL1,2025-10-12,vireo.in,1,2499,PL1-2508-3
VR894302,C107405,VA-EB-PL2,2025-10-12,Amazon,1,3499,PL2-2509-1
VR894340,C100798,VA-EB-PL1,2025-10-12,Amazon,1,2249,PL1-2508-2
VR894542,C101988,VA-HP-ST3,2025-10-12,vireo.in,1,6999,ST3-2509-3
VR895300,C104240,VA-AC-CASE,2025-10-12,vireo.in,1,1039,CASE-2509-2
VR895990,C102745,VA-EB-PL2,2025-10-12,Flipkart,1,3499,PL2-2508-1
VR896883,C105807,VA-HP-ST3,2025-10-12,Amazon,2,11198,ST3-2507-3
VR897014,C108026,VA-EB-AIR,2025-10-12,vireo.in,1,1799,AIR-2509-2
VR897365,C101412,VA-AC-CASE,2025-10-12,Flipkart,1,1299,CASE-2507-4
VR899352,C100872,VA-HP-ST2,2025-10-12,vireo.in,1,4749,ST2-2509-4
VR899479,C103908,VA-EB-PL2,2025-10-12,Amazon,1,3499,PL2-2508-3
VR899685,C102135,VA-EB-AIR,2025-10-12,Amazon,1,1799,AIR-2507-3
VR900462,C102250,VA-SW-NX1,2025-10-12,vireo.in,1,4499,NX1-2507-4
VR901594,C102524,VA-EB-PL1,2025-10-12,Amazon,1,2499,PL1-2507-4
VR902191,C108116,VA-EB-AIR,2025-10-12,vireo.in,1,1799,AIR-2508-3
VR902609,C108195,VA-AC-CASE,2025-10-12,Amazon,1,1299,CASE-2507-4
VR902740,C100650,VA-SP-MINI,2025-10-12,Amazon,1,2499,MINI-2509-3
VR902848,C102234,VA-EB-PL1,2025-10-12,vireo.in,1,2249,PL1-2508-2
VR902979,C105971,VA-EB-PL2,2025-10-12,Amazon,2,5948,PL2-2506-1
VR904294,C108832,VA-EB-PL2,2025-10-12,Amazon,1,2799,PL2-2508-1
VR905927,C106123,VA-EB-AIR,2025-10-12,vireo.in,1,1439,AIR-2507-3
VR906011,C101931,VA-EB-PL2,2025-10-12,vireo.in,2,5598,PL2-2508-3
VR906581,C103547,VA-SW-NX2,2025-10-12,vireo.in,2,11048,NX2-2507-2
VR907782,C101992,VA-EB-PL2,2025-10-12,Amazon,1,3499,PL2-2507-2
VR908137,C101094,VA-EB-PL2,2025-10-12,vireo.in,1,3499,PL2-2509-1
VR908796,C101287,VA-SP-MINI,2025-10-12,vireo.in,1,2499,MINI-2506-1
VR908860,C106161,VA-EB-PL1,2025-10-12,Flipkart,1,2499,PL1-2507-3
VR881107,C108426,VA-SW-FIT,2025-10-13,vireo.in,1,1899,FIT-2509-2
VR881147,C104905,VA-EB-AIR,2025-10-13,Amazon,2,3598,AIR-2508-3
VR881955,C103898,VA-EB-PL2,2025-10-13,vireo.in,1,3149,PL2-2508-1
VR882669,C102166,VA-EB-AIR,2025-10-13,vireo.in,1,1709,AIR-2508-3
VR883591,C102946,VA-EB-AIR,2025-10-13,vireo.in,1,1799,AIR-2509-4
VR883960,C104704,VA-EB-PL1,2025-10-13,Amazon,1,2499,PL1-2508-2
VR885175,C105047,VA-EB-PL2,2025-10-13,Amazon,1,3149,PL2-2509-1
VR885206,C100120,VA-EB-PL1,2025-10-13,Amazon,1,1999,PL1-2509-3
VR885583,C101029,VA-SW-FIT,2025-10-13,vireo.in,1,1699,FIT-2509-4
VR885773,C104431,VA-EB-PL1,2025-10-13,Flipkart,1,2499,PL1-2509-4
VR885800,C108641,VA-SP-MINI,2025-10-13,vireo.in,1,2124,MINI-2508-4
VR886120,C105848,VA-EB-PL2,2025-10-13,vireo.in,2,6998,PL2-2508-4
VR889034,C105989,VA-SW-NX2,2025-10-13,vireo.in,1,5199,NX2-2507-3
VR890798,C102081,VA-EB-PL2,2025-10-13,Flipkart,1,3149,PL2-2508-4
VR890891,C107297,VA-EB-PL2,2025-10-13,vireo.in,1,3149,PL2-2509-2
VR892417,C106744,VA-EB-PL2,2025-10-13,vireo.in,1,3499,PL2-2509-4
VR894415,C101653,VA-SW-NX2,2025-10-13,vireo.in,1,5524,NX2-2508-2
VR896380,C102673,VA-SP-ORB,2025-10-13,vireo.in,1,5099,ORB-2507-4
VR897696,C102083,VA-AC-CASE,2025-10-13,vireo.in,1,1039,CASE-2509-4
VR898301,C101238,VA-HP-ST3,2025-10-13,vireo.in,1,5599,ST3-2507-2
VR899396,C105666,VA-EB-PL2,2025-10-13,vireo.in,1,2799,PL2-2508-1
VR899433,C103279,VA-SW-NX1,2025-10-13,Amazon,2,9498,NX1-2506-1
VR899515,C104339,VA-NB-ARC,2025-10-13,Amazon,1,1169,ARC-2509-1
VR899783,C104497,VA-SP-MINI,2025-10-13,vireo.in,1,2249,MINI-2509-3
VR899945,C101504,VA-SP-MINI,2025-10-13,vireo.in,1,2499,MINI-2507-3
VR900305,C101858,VA-EB-PL2,2025-10-13,Amazon,1,2799,PL2-2509-4
VR900578,C105323,VA-SW-NX2,2025-10-13,vireo.in,1,6499,NX2-2509-3
VR901510,C103092,VA-EB-PL2,2025-10-13,vireo.in,1,2974,PL2-2509-1
VR901909,C100307,VA-EB-PL2,2025-10-13,Amazon,1,3149,PL2-2509-1
VR902432,C102380,VA-SW-NX2,2025-10-13,Amazon,1,6499,NX2-2509-4
VR902858,C104149,VA-EB-PL2,2025-10-13,Flipkart,1,3499,PL2-2507-3
VR902951,C102775,VA-EB-PL2,2025-10-13,vireo.in,1,3324,PL2-2506-1
VR903230,C106921,VA-EB-PL2,2025-10-13,vireo.in,2,6648,PL2-2508-2
VR904276,C105279,VA-EB-PL2,2025-10-13,Flipkart,1,3499,PL2-2509-4
VR905530,C104811,VA-EB-AIR,2025-10-13,vireo.in,1,1799,AIR-2509-1
VR905893,C103005,VA-SP-ORB,2025-10-13,Amazon,1,5399,ORB-2508-3
VR906396,C100016,VA-HP-ST2,2025-10-13,Amazon,1,4999,ST2-2508-4
VR907987,C101657,VA-EB-PL1,2025-10-13,Amazon,1,2499,PL1-2506-2
VR908232,C101544,VA-EB-PL2,2025-10-13,Amazon,1,3499,PL2-2508-1
VR908967,C104975,VA-EB-PL1,2025-10-13,Amazon,1,1999,PL1-2508-2
VR909125,C106938,VA-EB-AIR,2025-10-13,Amazon,1,1799,AIR-2508-4
VR909135,C104796,VA-EB-PL2,2025-10-13,vireo.in,1,3324,PL2-2507-4
VR909615,C108138,VA-SP-ORB,2025-10-13,vireo.in,2,10798,ORB-2506-1
VR909943,C104393,VA-SW-FIT,2025-10-13,Amazon,1,1999,FIT-2507-4
VR881094,C100649,VA-EB-AIR,2025-10-14,Flipkart,1,1709,AIR-2509-1
VR882617,C101211,VA-HP-ST3,2025-10-14,Amazon,1,6299,ST3-2509-4
VR883724,C100484,VA-SW-FIT,2025-10-14,vireo.in,1,1999,FIT-2508-1
VR884055,C105800,VA-AC-CBL,2025-10-14,vireo.in,1,399,CBL-2509-2
VR884355,C106979,VA-SP-MINI,2025-10-14,Flipkart,1,2124,MINI-2509-4
VR884473,C102781,VA-EB-PL1,2025-10-14,vireo.in,1,2124,PL1-2508-3
VR885613,C100562,VA-HP-ST3,2025-10-14,vireo.in,1,6649,ST3-2509-2
VR886040,C102211,VA-SP-MINI,2025-10-14,Flipkart,1,2374,MINI-2507-1
VR886829,C104315,VA-EB-PL2,2025-10-14,vireo.in,1,3149,PL2-2507-2
VR887202,C103307,VA-EB-AIR,2025-10-14,vireo.in,1,1799,AIR-2506-4
VR888304,C105811,VA-SW-NX2,2025-10-14,vireo.in,1,6499,NX2-2509-4
VR888875,C106220,VA-EB-PL2,2025-10-14,vireo.in,1,3499,PL2-2506-2
VR889615,C104154,VA-EB-AIR,2025-10-14,vireo.in,1,1529,AIR-2508-4
VR890378,C108426,VA-HP-ST3,2025-10-14,vireo.in,1,6299,ST3-2509-4
VR890680,C104292,VA-SW-FIT,2025-10-14,vireo.in,1,1899,FIT-2508-1
VR892018,C102728,VA-EB-PL1,2025-10-14,vireo.in,1,2374,PL1-2507-3
VR893517,C109284,VA-EB-PL1,2025-10-14,vireo.in,1,2249,PL1-2509-3
VR893542,C102773,VA-SW-FIT,2025-10-14,vireo.in,1,1599,FIT-2508-4
VR893594,C106113,VA-EB-PL1,2025-10-14,vireo.in,1,2499,PL1-2509-4
VR893644,C102052,VA-EB-PL1,2025-10-14,vireo.in,1,2124,PL1-2509-4
VR894268,C105021,VA-EB-PL2,2025-10-14,vireo.in,1,3499,PL2-2508-1
VR894604,C102535,VA-AC-CASE,2025-10-14,Flipkart,1,1104,CASE-2508-3
VR895456,C105625,VA-EB-PL1,2025-10-14,vireo.in,2,4998,PL1-2508-3
VR895460,C104121,VA-EB-PL2,2025-10-14,vireo.in,1,3149,PL2-2507-1
VR895987,C108077,VA-EB-AIR,2025-10-14,Amazon,1,1439,AIR-2508-4
VR898523,C108363,VA-AC-CASE,2025-10-14,vireo.in,1,1234,CASE-2507-1
VR898684,C107166,VA-EB-PL2,2025-10-14,Flipkart,1,2799,PL2-2509-3
VR899601,C101492,VA-EB-PL2,2025-10-14,vireo.in,1,2799,PL2-2509-1
VR899619,C102688,VA-HP-ST3,2025-10-14,Amazon,1,6999,ST3-2508-4
VR899978,C108410,VA-SP-MINI,2025-10-14,vireo.in,1,2499,MINI-2508-1
VR900338,C105577,VA-EB-PL2,2025-10-14,Amazon,1,3499,PL2-2507-2
VR900347,C101894,VA-EB-PL2,2025-10-14,vireo.in,1,3149,PL2-2508-2
VR902176,C101875,VA-EB-PL2,2025-10-14,Amazon,1,3149,PL2-2508-2
VR902682,C100070,VA-EB-PL2,2025-10-14,Amazon,1,3149,PL2-2508-2
VR902928,C102265,VA-EB-PL2,2025-10-14,Flipkart,1,2974,PL2-2507-4
VR904466,C106822,VA-HP-ST3,2025-10-14,vireo.in,1,6999,ST3-2509-2
VR904942,C107605,VA-EB-PL2,2025-10-14,vireo.in,1,3149,PL2-2509-1
VR905284,C106422,VA-EB-PL2,2025-10-14,Amazon,1,3499,PL2-2509-2
VR905411,C108267,VA-SP-ORB,2025-10-14,Amazon,1,4799,ORB-2508-2
VR906121,C108358,VA-EB-PL2,2025-10-14,Flipkart,1,2799,PL2-2508-3
VR906183,C100888,VA-EB-PL1,2025-10-14,Amazon,1,2499,PL1-2508-3
VR906834,C100788,VA-SP-MINI,2025-10-14,Amazon,2,4498,MINI-2509-2
VR907195,C102989,VA-HP-ST3,2025-10-14,vireo.in,1,5599,ST3-2509-1
VR907398,C106439,VA-EB-PL2,2025-10-14,vireo.in,1,3499,PL2-2508-1
VR880523,C102269,VA-EB-AIR,2025-10-15,vireo.in,1,1799,AIR-2509-2
VR880576,C101376,VA-SW-NX2,2025-10-15,vireo.in,1,6174,NX2-2508-4
VR881188,C107523,VA-EB-PL1,2025-10-15,vireo.in,1,2249,PL1-2509-3
VR881298,C109130,VA-NB-ARC,2025-10-15,Amazon,1,1104,ARC-2508-3
VR881310,C109145,VA-EB-PL2,2025-10-15,vireo.in,1,3324,PL2-2507-2
VR881399,C106832,VA-EB-PL2,2025-10-15,vireo.in,1,3499,PL2-2507-1
VR881431,C102984,VA-EB-PL2,2025-10-15,Amazon,1,3499,PL2-2507-2
VR882653,C106568,VA-EB-PL2,2025-10-15,Flipkart,1,3499,PL2-2509-4
VR882787,C105814,VA-NB-ARC,2025-10-15,vireo.in,1,1169,ARC-2508-1
VR883097,C101819,VA-EB-PL1,2025-10-15,vireo.in,1,2374,PL1-2508-3
VR883598,C108929,VA-EB-PL1,2025-10-15,vireo.in,1,2374,PL1-2506-2
VR883850,C107182,VA-EB-PL2,2025-10-15,Flipkart,1,2799,PL2-2506-3
VR884741,C102919,VA-HP-ST3,2025-10-15,vireo.in,1,5599,ST3-2507-4
VR886234,C102636,VA-SP-MINI,2025-10-15,Amazon,1,2374,MINI-2507-3
VR887971,C105828,VA-EB-PL2,2025-10-15,Amazon,1,3499,PL2-2507-3
VR888002,C108388,VA-EB-PL2,2025-10-15,Flipkart,1,3499,PL2-2509-3
VR888843,C105802,VA-EB-PL1,2025-10-15,vireo.in,1,2249,PL1-2507-1
VR889517,C101078,VA-SP-ORB,2025-10-15,vireo.in,1,5999,ORB-2507-1
VR889735,C103798,VA-EB-PL1,2025-10-15,vireo.in,2,4498,PL1-2507-2
VR890543,C101427,VA-EB-AIR,2025-10-15,Amazon,1,1619,AIR-2507-4
VR891447,C105914,VA-EB-AIR,2025-10-15,Amazon,1,1799,AIR-2507-1
VR891798,C104629,VA-HP-ST3,2025-10-15,vireo.in,1,6999,ST3-2507-2
VR893444,C108004,VA-EB-PL1,2025-10-15,Flipkart,1,2499,PL1-2507-4
VR894047,C108826,VA-EB-AIR,2025-10-15,Amazon,1,1799,AIR-2508-3
VR895518,C109256,VA-EB-PL2,2025-10-15,Amazon,1,3149,PL2-2507-4
VR899820,C101750,VA-EB-PL2,2025-10-15,vireo.in,1,2799,PL2-2507-4
VR900199,C104552,VA-SW-FIT,2025-10-15,vireo.in,1,1999,FIT-2509-2
VR900267,C104350,VA-SP-MINI,2025-10-15,vireo.in,1,2499,MINI-2509-4
VR902246,C100595,VA-HP-ST3,2025-10-15,vireo.in,1,6999,ST3-2508-4
VR902796,C100506,VA-NB-ARC,2025-10-15,vireo.in,1,1234,ARC-2507-4
VR904630,C106606,VA-EB-PL2,2025-10-15,Flipkart,1,3499,PL2-2508-3
VR905072,C100001,VA-HP-ST3,2025-10-15,Amazon,1,6999,ST3-2508-3
VR905946,C108563,VA-SP-MINI,2025-10-15,vireo.in,1,2249,MINI-2508-3
VR907454,C101154,VA-SP-ORB,2025-10-15,Flipkart,1,5999,ORB-2509-4
VR907762,C109265,VA-HP-ST2,2025-10-15,Flipkart,1,3999,ST2-2508-2
VR880650,C102719,VA-EB-PL2,2025-10-16,Amazon,1,3324,PL2-2507-4
VR881637,C108770,VA-SW-NX2,2025-10-16,vireo.in,1,5199,NX2-2508-4
VR882093,C107914,VA-EB-PL2,2025-10-16,vireo.in,1,2799,PL2-2508-2
VR883133,C105269,VA-HP-ST2,2025-10-16,vireo.in,1,3999,ST2-2509-2
VR883988,C105262,VA-EB-AIR,2025-10-16,vireo.in,1,1439,AIR-2508-3
VR884602,C107236,VA-EB-PL2,2025-10-16,Flipkart,1,3499,PL2-2509-1
VR884639,C101366,VA-EB-PL2,2025-10-16,Flipkart,2,6998,PL2-2509-3
VR884731,C103719,VA-EB-PL2,2025-10-16,vireo.in,1,3149,PL2-2506-1
VR885203,C102793,VA-SW-NX1,2025-10-16,Flipkart,1,4749,NX1-2508-1
VR885433,C100828,VA-SW-NX2,2025-10-16,vireo.in,1,6499,NX2-2507-3
VR886119,C108909,VA-SW-NX2,2025-10-16,vireo.in,1,5524,NX2-2507-2
VR886437,C108818,VA-SP-ORB,2025-10-16,vireo.in,1,5999,ORB-2507-4
VR887535,C109023,VA-EB-PL2,2025-10-16,Amazon,1,3499,PL2-2509-3
VR889881,C105932,VA-EB-AIR,2025-10-16,vireo.in,1,1799,AIR-2508-3
VR891424,C108087,VA-SP-ORB,2025-10-16,Amazon,1,5099,ORB-2507-1
VR891439,C102368,VA-HP-ST3,2025-10-16,vireo.in,1,5949,ST3-2508-1
VR892415,C102294,VA-SP-ORB,2025-10-16,vireo.in,1,5399,ORB-2509-3
VR893805,C107810,VA-EB-PL2,2025-10-16,vireo.in,1,3499,PL2-2508-1
VR894006,C105334,VA-SW-NX2,2025-10-16,Amazon,1,5524,NX2-2507-3
VR894203,C103588,VA-SW-FIT,2025-10-16,Amazon,2,3998,FIT-2507-1
VR895855,C105071,VA-SW-NX1,2025-10-16,vireo.in,1,4999,NX1-2509-1
VR896038,C106849,VA-SP-MINI,2025-10-16,Flipkart,1,1999,MINI-2507-3
VR898037,C103467,VA-SW-FIT,2025-10-16,vireo.in,1,1999,FIT-2507-3
VR900431,C100441,VA-EB-PL1,2025-10-16,vireo.in,1,2374,PL1-2509-1
VR901288,C100070,VA-EB-PL2,2025-10-16,Amazon,2,6998,PL2-2508-1
VR903324,C106795,VA-HP-ST3,2025-10-16,Flipkart,1,6999,ST3-2509-4
VR903870,C105370,VA-HP-ST3,2025-10-16,Flipkart,1,6999,ST3-2508-3
VR906219,C102166,VA-SW-NX2,2025-10-16,vireo.in,2,12998,NX2-2508-2
VR906536,C107854,VA-HP-ST3,2025-10-16,Flipkart,1,6999,ST3-2508-4
VR908589,C105055,VA-SW-NX2,2025-10-16,Amazon,1,5524,NX2-2507-3
VR908735,C109244,VA-EB-PL1,2025-10-16,Flipkart,1,1999,PL1-2509-2
VR909741,C101053,VA-EB-PL2,2025-10-16,vireo.in,2,6298,PL2-2508-3
VR881432,C103457,VA-EB-PL2,2025-10-17,vireo.in,1,3499,PL2-2507-3
VR882461,C102091,VA-EB-PL1,2025-10-17,Amazon,1,2499,PL1-2509-2
VR882965,C106601,VA-EB-PL2,2025-10-17,Amazon,1,3499,PL2-2507-2
VR884721,C108356,VA-EB-PL2,2025-10-17,Amazon,1,2799,PL2-2506-1
VR887733,C106509,VA-EB-PL2,2025-10-17,vireo.in,1,3149,PL2-2508-4
VR887734,C101158,VA-EB-PL2,2025-10-17,Flipkart,1,2974,PL2-2507-2
VR887916,C107098,VA-SW-NX1,2025-10-17,vireo.in,1,4999,NX1-2507-3
VR888307,C102198,VA-EB-PL2,2025-10-17,vireo.in,1,3324,PL2-2508-3
VR889622,C109412,VA-AC-CH65,2025-10-17,vireo.in,1,1499,CH65-2508-3
VR890357,C103635,VA-EB-PL2,2025-10-17,vireo.in,1,3149,PL2-2507-1
VR890486,C103485,VA-EB-PL1,2025-10-17,vireo.in,1,2374,PL1-2508-4
VR890674,C107308,VA-EB-PL2,2025-10-17,vireo.in,1,3149,PL2-2507-4
VR893986,C109136,VA-HP-ST2,2025-10-17,vireo.in,1,4749,ST2-2508-4
VR894389,C100399,VA-EB-PL2,2025-10-17,vireo.in,1,2974,PL2-2508-3
VR895332,C105593,VA-EB-PL2,2025-10-17,vireo.in,1,3324,PL2-2509-1
VR895894,C109109,VA-SW-NX2,2025-10-17,vireo.in,1,6499,NX2-2508-3
VR898224,C104983,VA-EB-PL2,2025-10-17,Flipkart,1,3149,PL2-2509-3
VR900114,C108215,VA-EB-PL2,2025-10-17,vireo.in,1,3499,PL2-2508-4
VR901866,C104798,VA-EB-PL2,2025-10-17,Flipkart,1,2799,PL2-2509-2
VR903850,C106135,VA-EB-PL1,2025-10-17,vireo.in,1,2499,PL1-2507-3
VR904268,C103278,VA-EB-PL2,2025-10-17,Amazon,1,2799,PL2-2507-3
VR905644,C106590,VA-HP-ST2,2025-10-17,Amazon,1,4999,ST2-2509-3
VR906177,C105681,VA-SW-NX2,2025-10-17,vireo.in,1,6499,NX2-2508-3
VR907546,C109399,VA-SP-MINI,2025-10-17,Amazon,1,2499,MINI-2507-3
VR908099,C108774,VA-EB-PL1,2025-10-17,vireo.in,1,2374,PL1-2509-1
VR909514,C108283,VA-SP-MINI,2025-10-17,Amazon,2,4498,MINI-2509-4
VR880129,C103734,VA-EB-PL2,2025-10-18,Flipkart,1,2974,PL2-2507-2
VR880270,C109488,VA-SW-NX2,2025-10-18,Amazon,1,6174,NX2-2508-4
VR880408,C105914,VA-SW-FIT,2025-10-18,Amazon,1,1699,FIT-2507-3
VR881367,C102150,VA-EB-AIR,2025-10-18,Amazon,1,1799,AIR-2509-1
VR881866,C104251,VA-EB-PL2,2025-10-18,Flipkart,1,3499,PL2-2509-4
VR882541,C105182,VA-HP-ST2,2025-10-18,vireo.in,1,4249,ST2-2508-1
VR883174,C106423,VA-SW-NX2,2025-10-18,Flipkart,1,5849,NX2-2509-4
VR883632,C107121,VA-EB-PL2,2025-10-18,vireo.in,1,3499,PL2-2508-2
VR885136,C108456,VA-EB-PL1,2025-10-18,vireo.in,1,1999,PL1-2509-2
VR885658,C105072,VA-HP-ST3,2025-10-18,Amazon,1,6649,ST3-2509-3
VR885974,C107444,VA-EB-PL2,2025-10-18,vireo.in,1,3149,PL2-2509-3
VR886016,C104177,VA-SW-FIT,2025-10-18,vireo.in,2,3998,FIT-2509-2
VR886318,C102699,VA-EB-PL2,2025-10-18,vireo.in,1,3149,PL2-2509-3
VR886358,C106551,VA-AC-CASE,2025-10-18,Amazon,1,1234,CASE-2508-3
VR886776,C108018,VA-SW-NX1,2025-10-18,Amazon,1,4249,NX1-2509-3
VR887270,C107845,VA-NB-ARC,2025-10-18,vireo.in,1,1169,ARC-2507-3
VR888536,C102038,VA-SW-NX2,2025-10-18,vireo.in,1,5199,NX2-2508-3
VR888580,C108282,VA-EB-PL2,2025-10-18,Amazon,1,3499,PL2-2509-1
VR889230,C101423,VA-EB-PL2,2025-10-18,vireo.in,1,3149,PL2-2507-1
VR889840,C104237,VA-NB-ARC,2025-10-18,Amazon,1,1299,ARC-2508-3
VR889891,C100582,VA-EB-PL2,2025-10-18,vireo.in,1,2974,PL2-2509-2
VR891120,C106815,VA-EB-AIR,2025-10-18,vireo.in,1,1439,AIR-2507-4
VR892072,C104989,VA-SW-NX2,2025-10-18,vireo.in,1,6499,NX2-2507-1
VR892846,C102140,VA-HP-ST3,2025-10-18,vireo.in,1,5949,ST3-2507-4
VR892997,C102799,VA-EB-PL2,2025-10-18,Flipkart,1,3499,PL2-2508-4
VR893509,C102279,VA-EB-PL2,2025-10-18,vireo.in,1,3499,PL2-2509-1
VR894293,C107070,VA-SW-NX2,2025-10-18,Amazon,1,6174,NX2-2509-3
VR894557,C105980,VA-SW-NX2,2025-10-18,vireo.in,1,6174,NX2-2506-1
VR896197,C109181,VA-EB-PL2,2025-10-18,vireo.in,1,3324,PL2-2508-1
VR896423,C106758,VA-EB-PL2,2025-10-18,vireo.in,1,2799,PL2-2507-3
VR897711,C103231,VA-SW-NX2,2025-10-18,Amazon,1,6499,NX2-2509-1
VR898348,C100323,VA-EB-PL2,2025-10-18,Amazon,1,3324,PL2-2507-1
VR898884,C105469,VA-EB-PL1,2025-10-18,vireo.in,1,2249,PL1-2507-1
VR899225,C107916,VA-HP-ST3,2025-10-18,Amazon,1,6299,ST3-2509-1
VR899447,C104443,VA-SP-MINI,2025-10-18,Flipkart,1,2499,MINI-2509-4
VR900079,C108908,VA-EB-PL2,2025-10-18,vireo.in,1,3499,PL2-2507-3
VR901523,C101232,VA-SP-ORB,2025-10-18,vireo.in,1,5699,ORB-2509-1
VR901888,C103217,VA-EB-PL2,2025-10-18,vireo.in,2,5948,PL2-2508-4
VR901900,C101190,VA-EB-PL1,2025-10-18,Amazon,1,2124,PL1-2507-2
VR902701,C104906,VA-EB-PL2,2025-10-18,vireo.in,1,3499,PL2-2507-2
VR904872,C106641,VA-EB-PL1,2025-10-18,vireo.in,1,2499,PL1-2508-2
VR907570,C101633,VA-EB-PL2,2025-10-18,vireo.in,1,3324,PL2-2507-2
VR908314,C108519,VA-SP-ORB,2025-10-18,vireo.in,1,4799,ORB-2508-3
VR909298,C105170,VA-EB-AIR,2025-10-18,vireo.in,1,1709,AIR-2507-4
VR880281,C108886,VA-EB-AIR,2025-10-19,Amazon,1,1529,AIR-2508-2
VR881562,C100793,VA-SP-MINI,2025-10-19,Amazon,1,2124,MINI-2507-3
VR881587,C102447,VA-EB-PL2,2025-10-19,vireo.in,1,2799,PL2-2507-2
VR884518,C107858,VA-SW-NX2,2025-10-19,vireo.in,2,12998,NX2-2509-4
VR885148,C104919,VA-EB-PL2,2025-10-19,Amazon,1,3499,PL2-2508-3
VR886572,C108079,VA-EB-PL2,2025-10-19,vireo.in,1,2799,PL2-2508-4
VR886886,C108336,VA-EB-PL2,2025-10-19,vireo.in,1,3499,PL2-2509-1
VR888215,C102217,VA-EB-AIR,2025-10-19,Flipkart,1,1799,AIR-2509-1
VR888899,C101151,VA-SW-FIT,2025-10-19,vireo.in,2,3998,FIT-2508-3
VR888945,C106174,VA-SP-MINI,2025-10-19,vireo.in,1,1999,MINI-2507-2
VR889165,C105637,VA-NB-ARC,2025-10-19,Flipkart,1,1299,ARC-2507-1
VR892059,C109417,VA-HP-ST3,2025-10-19,vireo.in,1,6999,ST3-2508-2
VR892148,C102369,VA-EB-PL2,2025-10-19,Flipkart,1,2974,PL2-2508-3
VR892269,C107409,VA-HP-ST2,2025-10-19,vireo.in,1,3999,ST2-2508-3
VR892661,C105027,VA-EB-AIR,2025-10-19,Amazon,1,1619,AIR-2507-4
VR894315,C103600,VA-EB-PL1,2025-10-19,Amazon,1,2124,PL1-2507-1
VR895016,C108183,VA-HP-ST3,2025-10-19,vireo.in,1,5599,ST3-2508-1
VR895781,C105473,VA-SW-NX2,2025-10-19,vireo.in,1,6499,NX2-2508-1
VR896607,C107277,VA-EB-PL2,2025-10-19,vireo.in,1,3499,PL2-2508-2
VR896611,C102692,VA-EB-PL2,2025-10-19,Amazon,1,2974,PL2-2507-3
VR896692,C103121,VA-EB-PL2,2025-10-19,Amazon,1,3324,PL2-2508-3
VR898622,C103967,VA-HP-ST3,2025-10-19,vireo.in,1,6999,ST3-2509-1
VR899200,C108053,VA-EB-PL2,2025-10-19,vireo.in,2,6648,PL2-2507-1
VR899424,C102311,VA-SW-NX2,2025-10-19,vireo.in,1,5199,NX2-2509-4
VR900715,C108620,VA-NB-ARC,2025-10-19,Flipkart,1,1299,ARC-2507-2
VR901346,C108329,VA-EB-PL2,2025-10-19,Amazon,1,2799,PL2-2508-2
VR904960,C100100,VA-EB-PL2,2025-10-19,vireo.in,1,2799,PL2-2509-3
VR906683,C104825,VA-SP-MINI,2025-10-19,vireo.in,1,2124,MINI-2509-2
VR906777,C109219,VA-SW-FIT,2025-10-19,vireo.in,1,1999,FIT-2507-4
VR908936,C104725,VA-HP-ST3,2025-10-19,Flipkart,1,6999,ST3-2509-2
VR908959,C101151,VA-HP-ST2,2025-10-19,Flipkart,1,3999,ST2-2508-4
VR909013,C105115,VA-EB-AIR,2025-10-19,vireo.in,1,1799,AIR-2509-4
VR880138,C103008,VA-HP-ST3,2025-10-20,Amazon,1,6999,ST3-2509-4
VR880894,C101558,VA-EB-PL2,2025-10-20,vireo.in,1,3499,PL2-2509-2
VR881238,C106052,VA-SW-NX1,2025-10-20,Amazon,1,4999,NX1-2508-3
VR882818,C107555,VA-EB-AIR,2025-10-20,vireo.in,1,1439,AIR-2509-2
VR883652,C106220,VA-EB-PL2,2025-10-20,Flipkart,1,3149,PL2-2507-1
VR886706,C101301,VA-EB-PL2,2025-10-20,Flipkart,1,3324,PL2-2509-1
VR887127,C102593,VA-EB-PL2,2025-10-20,Amazon,1,3149,PL2-2509-4
VR887236,C102188,VA-EB-PL2,2025-10-20,Flipkart,1,3499,PL2-2508-1
VR887925,C105126,VA-EB-PL2,2025-10-20,vireo.in,1,2799,PL2-2507-1
VR888182,C105448,VA-EB-PL2,2025-10-20,Amazon,1,2799,PL2-2508-4
VR888433,C103929,VA-SW-NX2,2025-10-20,Amazon,1,6499,NX2-2507-3
VR888829,C100960,VA-EB-PL2,2025-10-20,vireo.in,1,2799,PL2-2509-3
VR889653,C107425,VA-AC-CH65,2025-10-20,Amazon,1,1349,CH65-2508-1
VR892254,C106039,VA-EB-PL2,2025-10-20,vireo.in,1,3149,PL2-2509-4
VR893323,C102108,VA-HP-ST2,2025-10-20,vireo.in,1,4999,ST2-2507-4
VR893491,C108874,VA-EB-AIR,2025-10-20,Flipkart,1,1799,AIR-2509-4
VR896389,C106785,VA-EB-PL2,2025-10-20,vireo.in,1,2974,PL2-2508-2
VR896803,C106760,VA-SW-NX2,2025-10-20,Flipkart,1,5849,NX2-2509-2
VR897056,C108060,VA-EB-PL2,2025-10-20,Flipkart,1,3499,PL2-2508-1
VR897460,C104271,VA-EB-PL2,2025-10-20,Amazon,1,3324,PL2-2507-2
VR898033,C100856,VA-EB-AIR,2025-10-20,vireo.in,1,1439,AIR-2507-4
VR898980,C106655,VA-EB-PL2,2025-10-20,Amazon,1,3324,PL2-2507-4
VR899116,C106816,VA-EB-PL2,2025-10-20,vireo.in,1,3324,PL2-2509-4
VR900039,C105386,VA-SW-NX2,2025-10-20,vireo.in,1,6499,NX2-2509-1
VR900290,C101089,VA-EB-PL2,2025-10-20,Flipkart,1,3149,PL2-2509-3
VR901393,C104872,VA-EB-AIR,2025-10-20,vireo.in,1,1709,AIR-2507-3
VR901839,C102247,VA-EB-PL2,2025-10-20,Amazon,1,3324,PL2-2508-2
VR902447,C108808,VA-SW-NX2,2025-10-20,Flipkart,1,5199,NX2-2509-2
VR902453,C107340,VA-AC-CASE,2025-10-20,vireo.in,1,1299,CASE-2509-2
VR903059,C103213,VA-EB-AIR,2025-10-20,vireo.in,1,1709,AIR-2507-3
VR903771,C108961,VA-SP-MINI,2025-10-20,vireo.in,1,2499,MINI-2507-2
VR903802,C100474,VA-SW-NX1,2025-10-20,Amazon,1,4999,NX1-2507-3
VR904500,C102016,VA-EB-PL2,2025-10-20,Amazon,1,3149,PL2-2508-1
VR904582,C102349,VA-SP-MINI,2025-10-20,vireo.in,1,2249,MINI-2507-4
VR905352,C107820,VA-EB-PL2,2025-10-20,Amazon,1,3149,PL2-2509-3
VR905550,C108638,VA-EB-PL2,2025-10-20,vireo.in,1,2799,PL2-2507-4
VR908303,C102609,VA-SW-NX1,2025-10-20,Amazon,1,4999,NX1-2507-2
VR908612,C104323,VA-SP-ORB,2025-10-20,Flipkart,1,4799,ORB-2508-2
VR908631,C100578,VA-SP-ORB,2025-10-20,vireo.in,1,5999,ORB-2509-1
VR908641,C103503,VA-EB-PL2,2025-10-20,vireo.in,1,3499,PL2-2507-3
VR880519,C108404,VA-EB-PL1,2025-10-21,vireo.in,1,1999,PL1-2507-1
VR880599,C102659,VA-EB-PL2,2025-10-21,Flipkart,1,3324,PL2-2507-3
VR881644,C104075,VA-EB-PL1,2025-10-21,vireo.in,1,2499,PL1-2509-1
VR882508,C106164,VA-EB-PL2,2025-10-21,Amazon,1,3324,PL2-2507-4
VR882569,C108122,VA-HP-ST2,2025-10-21,vireo.in,1,4999,ST2-2509-4
VR883877,C101042,VA-EB-PL1,2025-10-21,Flipkart,1,2499,PL1-2509-4
VR884243,C100767,VA-HP-ST3,2025-10-21,vireo.in,2,12598,ST3-2507-2
VR886594,C101671,VA-EB-PL2,2025-10-21,vireo.in,1,3149,PL2-2509-1
VR889793,C104086,VA-EB-PL2,2025-10-21,vireo.in,1,3324,PL2-2507-4
VR891509,C106571,VA-EB-PL2,2025-10-21,vireo.in,1,3499,PL2-2507-2
VR891548,C108582,VA-SP-MINI,2025-10-21,vireo.in,1,2249,MINI-2507-4
VR892600,C104231,VA-SW-NX2,2025-10-21,Amazon,1,6499,NX2-2508-3
VR893063,C104792,VA-HP-ST3,2025-10-21,vireo.in,1,6999,ST3-2508-1
VR893904,C106585,VA-EB-AIR,2025-10-21,Amazon,1,1799,AIR-2509-3
VR895477,C108362,VA-HP-ST3,2025-10-21,vireo.in,1,6299,ST3-2509-3
VR896401,C105160,VA-HP-ST3,2025-10-21,Amazon,1,5599,ST3-2509-2
VR896826,C107281,VA-NB-ARC,2025-10-21,vireo.in,1,1039,ARC-2507-2
VR896993,C106884,VA-HP-ST3,2025-10-21,vireo.in,1,6649,ST3-2507-2
VR897401,C102671,VA-EB-PL2,2025-10-21,vireo.in,1,3149,PL2-2508-4
VR898403,C107124,VA-EB-PL2,2025-10-21,Amazon,1,3324,PL2-2507-3
VR899489,C101420,VA-EB-AIR,2025-10-21,Flipkart,1,1799,AIR-2508-4
VR899916,C104273,VA-EB-AIR,2025-10-21,vireo.in,1,1709,AIR-2509-1
VR900370,C101741,VA-EB-AIR,2025-10-21,vireo.in,1,1709,AIR-2509-3
VR900510,C103256,VA-HP-ST3,2025-10-21,vireo.in,1,6649,ST3-2508-2
VR902915,C107119,VA-SP-ORB,2025-10-21,Amazon,2,11998,ORB-2509-1
VR905367,C100047,VA-EB-PL2,2025-10-21,Flipkart,1,3499,PL2-2507-2
VR906913,C106745,VA-SP-MINI,2025-10-21,vireo.in,1,1999,MINI-2507-1
VR907078,C108794,VA-EB-PL2,2025-10-21,Amazon,1,2799,PL2-2508-1
VR907826,C107526,VA-SP-MINI,2025-10-21,vireo.in,1,2374,MINI-2508-4
VR909139,C101832,VA-EB-PL2,2025-10-21,Amazon,2,6998,PL2-2509-1
VR909620,C109464,VA-EB-PL2,2025-10-21,vireo.in,1,3499,PL2-2507-2
VR909727,C109003,VA-EB-PL1,2025-10-21,Amazon,1,1999,PL1-2510-2
VR909775,C108247,VA-EB-PL2,2025-10-21,Flipkart,1,3499,PL2-2509-1
VR880345,C105188,VA-SW-NX2,2025-10-22,vireo.in,1,5199,NX2-2509-4
VR880597,C100887,VA-EB-AIR,2025-10-22,vireo.in,2,3058,AIR-2508-4
VR881273,C104899,VA-HP-ST3,2025-10-22,vireo.in,1,6299,ST3-2507-1
VR881410,C106761,VA-EB-PL2,2025-10-22,vireo.in,1,3499,PL2-2507-3
VR881929,C105963,VA-AC-CASE,2025-10-22,vireo.in,1,1299,CASE-2508-1
VR882756,C102909,VA-SW-FIT,2025-10-22,vireo.in,2,3598,FIT-2508-2
VR882956,C107664,VA-HP-ST3,2025-10-22,vireo.in,1,6999,ST3-2509-3
VR883637,C101854,VA-HP-ST3,2025-10-22,vireo.in,1,6999,ST3-2510-2
VR884535,C109476,VA-EB-AIR,2025-10-22,Amazon,1,1799,AIR-2508-2
VR884607,C106742,VA-EB-PL1,2025-10-22,Amazon,1,2499,PL1-2507-3
VR885392,C102743,VA-SW-NX2,2025-10-22,Amazon,1,6499,NX2-2509-4
VR885910,C108299,VA-EB-PL2,2025-10-22,vireo.in,1,3499,PL2-2509-4
VR886061,C107444,VA-EB-PL2,2025-10-22,Amazon,1,3499,PL2-2507-3
VR886901,C102310,VA-AC-CASE,2025-10-22,vireo.in,1,1234,CASE-2509-3
VR887053,C104184,VA-EB-PL2,2025-10-22,Flipkart,1,3499,PL2-2507-3
VR887832,C102084,VA-SP-ORB,2025-10-22,Flipkart,1,5699,ORB-2507-2
VR888374,C100353,VA-HP-ST3,2025-10-22,vireo.in,1,6649,ST3-2508-3
VR889091,C109056,VA-SP-ORB,2025-10-22,Amazon,1,5999,ORB-2507-1
VR889581,C104731,VA-EB-AIR,2025-10-22,vireo.in,1,1439,AIR-2508-2
VR890563,C105158,VA-EB-PL2,2025-10-22,vireo.in,2,6998,PL2-2509-3
VR892139,C100376,VA-EB-AIR,2025-10-22,Amazon,1,1619,AIR-2507-3
VR892565,C103697,VA-EB-PL2,2025-10-22,vireo.in,1,3149,PL2-2508-2
VR892858,C103545,VA-SP-MINI,2025-10-22,Flipkart,1,1999,MINI-2507-1
VR893172,C105368,VA-EB-PL2,2025-10-22,Amazon,1,2974,PL2-2508-1
VR893396,C104962,VA-EB-PL1,2025-10-22,vireo.in,1,2499,PL1-2507-1
VR893715,C100814,VA-EB-PL2,2025-10-22,vireo.in,1,3149,PL2-2509-3
VR894782,C108256,VA-EB-PL2,2025-10-22,Amazon,1,3499,PL2-2509-3
VR896061,C101315,VA-EB-PL2,2025-10-22,Amazon,1,3149,PL2-2509-3
VR896063,C106286,VA-EB-PL2,2025-10-22,vireo.in,1,2799,PL2-2509-3
VR896314,C105230,VA-HP-ST3,2025-10-22,Amazon,1,5599,ST3-2508-2
VR896947,C100341,VA-EB-PL2,2025-10-22,vireo.in,1,3499,PL2-2509-4
VR897492,C107188,VA-EB-AIR,2025-10-22,vireo.in,1,1439,AIR-2509-1
VR898442,C101461,VA-AC-CH65,2025-10-22,vireo.in,1,1274,CH65-2510-1
VR898733,C106453,VA-SW-NX1,2025-10-22,Flipkart,1,4249,NX1-2508-2
VR899640,C106427,VA-EB-PL1,2025-10-22,vireo.in,1,2499,PL1-2508-1
VR900560,C103461,VA-EB-PL2,2025-10-22,vireo.in,1,3499,PL2-2509-1
VR904674,C103720,VA-SP-MINI,2025-10-22,vireo.in,1,2499,MINI-2508-3
VR904737,C102534,VA-EB-PL1,2025-10-22,vireo.in,1,2499,PL1-2508-1
VR905204,C103383,VA-EB-PL2,2025-10-22,vireo.in,1,3499,PL2-2508-1
VR905287,C108282,VA-AC-CASE,2025-10-22,vireo.in,1,1104,CASE-2509-1
VR905572,C105955,VA-EB-PL2,2025-10-22,Amazon,1,2974,PL2-2507-3
VR905861,C101370,VA-EB-PL2,2025-10-22,vireo.in,1,2974,PL2-2507-2
VR906303,C102197,VA-SP-MINI,2025-10-22,Amazon,1,1999,MINI-2507-3
VR907158,C100207,VA-SW-NX2,2025-10-22,vireo.in,1,6174,NX2-2508-1
VR907603,C100091,VA-SW-FIT,2025-10-22,Amazon,2,3798,FIT-2507-4
VR908038,C108356,VA-EB-PL2,2025-10-22,Flipkart,1,2974,PL2-2508-3
VR908514,C102435,VA-SW-NX2,2025-10-22,vireo.in,1,5199,NX2-2508-3
VR909946,C107407,VA-EB-AIR,2025-10-22,vireo.in,1,1619,AIR-2508-3
VR880966,C105758,VA-EB-PL2,2025-10-23,Amazon,1,3499,PL2-2509-4
VR881286,C108631,VA-AC-CASE,2025-10-23,vireo.in,1,1299,CASE-2508-4
VR881902,C101236,VA-EB-PL2,2025-10-23,vireo.in,1,3499,PL2-2507-4
VR882596,C103394,VA-EB-PL1,2025-10-23,Flipkart,1,1999,PL1-2507-3
VR882667,C108555,VA-HP-ST3,2025-10-23,Amazon,1,5599,ST3-2507-1
VR883645,C107450,VA-SW-NX1,2025-10-23,Flipkart,1,4999,NX1-2508-4
VR884408,C100769,VA-EB-PL1,2025-10-23,Amazon,1,2499,PL1-2509-2
VR885084,C100111,VA-EB-PL2,2025-10-23,Amazon,1,2799,PL2-2507-2
VR885681,C102766,VA-EB-PL2,2025-10-23,Flipkart,1,3324,PL2-2508-4
VR885782,C106001,VA-EB-PL2,2025-10-23,vireo.in,1,3499,PL2-2508-4
VR886401,C100812,VA-EB-PL2,2025-10-23,Amazon,1,3499,PL2-2508-4
VR886538,C100122,VA-HP-ST3,2025-10-23,vireo.in,1,6649,ST3-2507-1
VR887653,C107492,VA-SP-ORB,2025-10-23,vireo.in,2,10798,ORB-2508-4
VR887715,C105507,VA-EB-PL1,2025-10-23,Amazon,1,2499,PL1-2509-2
VR888087,C101297,VA-SP-ORB,2025-10-23,Amazon,1,5999,ORB-2508-3
VR888276,C108873,VA-EB-PL2,2025-10-23,vireo.in,1,3499,PL2-2509-1
VR888426,C107193,VA-EB-PL1,2025-10-23,Amazon,1,2249,PL1-2509-3
VR889873,C105264,VA-AC-CASE,2025-10-23,vireo.in,1,1039,CASE-2509-3
VR890660,C104390,VA-EB-PL2,2025-10-23,Amazon,1,3499,PL2-2509-3
VR892038,C103696,VA-AC-CH65,2025-10-23,Amazon,1,1199,CH65-2509-4
VR892704,C107277,VA-SP-ORB,2025-10-23,Flipkart,1,5999,ORB-2509-2
VR893493,C105751,VA-EB-AIR,2025-10-23,vireo.in,1,1529,AIR-2507-1
VR893584,C102060,VA-EB-PL2,2025-10-23,vireo.in,1,2974,PL2-2508-4
VR893615,C104183,VA-EB-PL1,2025-10-23,vireo.in,2,4498,PL1-2508-4
VR894378,C104712,VA-SW-NX1,2025-10-23,vireo.in,1,4749,NX1-2507-4
VR894999,C102711,VA-EB-PL2,2025-10-23,vireo.in,1,2799,PL2-2509-3
VR895373,C105048,VA-EB-PL2,2025-10-23,Flipkart,1,3499,PL2-2507-1
VR895702,C104475,VA-SP-MINI,2025-10-23,vireo.in,2,4998,MINI-2507-2
VR896058,C102340,VA-SW-FIT,2025-10-23,Amazon,1,1899,FIT-2508-1
VR897102,C108175,VA-EB-AIR,2025-10-23,vireo.in,1,1799,AIR-2509-3
VR899236,C106728,VA-EB-PL1,2025-10-23,Amazon,1,2499,PL1-2507-2
VR899387,C104235,VA-EB-PL2,2025-10-23,vireo.in,1,3499,PL2-2507-2
VR899613,C106103,VA-EB-PL1,2025-10-23,Amazon,1,2499,PL1-2509-4
VR901236,C101944,VA-EB-PL2,2025-10-23,Amazon,1,3324,PL2-2508-4
VR901641,C100674,VA-EB-PL2,2025-10-23,Amazon,1,3149,PL2-2509-2
VR902272,C102671,VA-EB-PL1,2025-10-23,Amazon,1,2249,PL1-2508-2
VR902491,C107097,VA-EB-PL2,2025-10-23,Flipkart,1,2974,PL2-2507-3
VR905568,C102857,VA-EB-PL2,2025-10-23,Amazon,1,3499,PL2-2510-4
VR906353,C101974,VA-EB-PL2,2025-10-23,Flipkart,1,2799,PL2-2508-1
VR908398,C101956,VA-SW-NX2,2025-10-23,vireo.in,1,6499,NX2-2508-2
VR909693,C104520,VA-NB-ARC,2025-10-23,vireo.in,1,1169,ARC-2509-4
VR909709,C103582,VA-SW-NX2,2025-10-23,Flipkart,1,6499,NX2-2507-2
VR909724,C109238,VA-SW-NX2,2025-10-23,vireo.in,1,5524,NX2-2507-4
VR880430,C101965,VA-EB-PL2,2025-10-24,Amazon,1,2974,PL2-2508-3
VR880991,C100706,VA-SW-NX1,2025-10-24,vireo.in,2,9998,NX1-2507-2
VR881838,C109058,VA-SP-ORB,2025-10-24,Amazon,1,5999,ORB-2508-4
VR881991,C102088,VA-EB-PL2,2025-10-24,Amazon,2,6648,PL2-2509-2
VR883417,C108797,VA-SP-MINI,2025-10-24,vireo.in,1,2499,MINI-2508-2
VR883747,C103419,VA-SW-FIT,2025-10-24,Amazon,1,1999,FIT-2508-2
VR883794,C106351,VA-AC-CBL,2025-10-24,Amazon,1,399,CBL-2509-4
VR884400,C107417,VA-EB-PL2,2025-10-24,vireo.in,1,3499,PL2-2508-4
VR884499,C101272,VA-EB-PL2,2025-10-24,Amazon,1,3499,PL2-2507-3
VR884746,C106725,VA-EB-PL2,2025-10-24,Amazon,1,3149,PL2-2509-4
VR885295,C104942,VA-HP-ST3,2025-10-24,vireo.in,1,6649,ST3-2508-2
VR885992,C106862,VA-EB-PL2,2025-10-24,Flipkart,1,3149,PL2-2507-2
VR886014,C105097,VA-EB-AIR,2025-10-24,Amazon,1,1619,AIR-2507-1
VR886936,C103848,VA-EB-PL2,2025-10-24,vireo.in,1,2974,PL2-2507-4
VR887122,C105723,VA-EB-PL2,2025-10-24,vireo.in,1,3499,PL2-2509-3
VR888125,C108939,VA-EB-PL2,2025-10-24,vireo.in,1,2799,PL2-2508-3
VR889524,C107186,VA-AC-CASE,2025-10-24,Flipkart,1,1234,CASE-2508-3
VR890572,C109051,VA-EB-PL2,2025-10-24,Flipkart,1,3499,PL2-2508-1
VR891489,C101092,VA-EB-AIR,2025-10-24,Amazon,1,1709,AIR-2507-2
VR892496,C104771,VA-EB-PL2,2025-10-24,Amazon,1,3499,PL2-2510-4
VR893011,C107280,VA-EB-PL2,2025-10-24,Flipkart,1,3149,PL2-2507-2
VR895571,C107628,VA-SW-NX2,2025-10-24,vireo.in,2,12998,NX2-2508-4
VR901944,C101855,VA-SW-NX2,2025-10-24,vireo.in,1,6499,NX2-2507-2
VR902638,C101591,VA-SW-NX2,2025-10-24,vireo.in,1,6499,NX2-2507-4
VR902976,C105281,VA-EB-PL2,2025-10-24,Flipkart,1,3149,PL2-2508-1
VR905327,C100993,VA-EB-AIR,2025-10-24,Flipkart,1,1799,AIR-2509-2
VR905506,C108938,VA-AC-CASE,2025-10-24,Flipkart,1,1169,CASE-2509-1
VR905916,C108563,VA-EB-PL2,2025-10-24,vireo.in,1,3324,PL2-2509-1
VR906097,C104259,VA-EB-PL2,2025-10-24,vireo.in,1,2799,PL2-2510-4
VR906902,C101368,VA-EB-PL2,2025-10-24,vireo.in,1,3499,PL2-2509-1
VR906980,C100722,VA-HP-ST3,2025-10-24,Amazon,1,6649,ST3-2509-1
VR907208,C102278,VA-EB-PL2,2025-10-24,Amazon,1,2799,PL2-2507-4
VR907284,C100480,VA-SW-NX2,2025-10-24,vireo.in,1,6499,NX2-2507-4
VR908597,C106467,VA-EB-PL2,2025-10-24,Amazon,1,2799,PL2-2508-4
VR909127,C108522,VA-EB-PL2,2025-10-24,Amazon,1,3324,PL2-2510-1
VR909740,C106924,VA-SW-NX2,2025-10-24,vireo.in,2,11698,NX2-2507-2
VR909929,C103794,VA-EB-AIR,2025-10-24,vireo.in,1,1799,AIR-2508-4
VR880151,C104672,VA-EB-PL1,2025-10-25,vireo.in,1,2499,PL1-2509-2
VR881071,C107146,VA-EB-PL2,2025-10-25,Flipkart,1,3324,PL2-2508-2
VR881189,C101889,VA-EB-AIR,2025-10-25,vireo.in,1,1709,AIR-2507-4
VR881428,C101831,VA-EB-PL2,2025-10-25,vireo.in,2,6998,PL2-2509-2
VR881471,C107036,VA-SW-NX2,2025-10-25,vireo.in,1,6174,NX2-2509-1
VR881771,C103425,VA-EB-PL2,2025-10-25,Amazon,1,2799,PL2-2509-4
VR882752,C107884,VA-EB-PL2,2025-10-25,vireo.in,1,3499,PL2-2509-3
VR883338,C103341,VA-EB-PL2,2025-10-25,Amazon,1,3149,PL2-2507-4
VR883607,C106216,VA-AC-CH65,2025-10-25,Flipkart,1,1499,CH65-2509-1
VR883619,C100999,VA-EB-PL2,2025-10-25,vireo.in,1,2974,PL2-2509-2
VR884371,C101107,VA-SW-FIT,2025-10-25,vireo.in,1,1999,FIT-2508-2
VR885695,C106705,VA-NB-ARC,2025-10-25,vireo.in,1,1299,ARC-2508-4
VR888850,C105003,VA-SW-NX2,2025-10-25,Flipkart,1,6174,NX2-2507-1
VR888964,C106838,VA-AC-CH65,2025-10-25,Flipkart,1,1499,CH65-2508-1
VR889159,C101939,VA-NB-ARC,2025-10-25,Flipkart,1,1234,ARC-2509-2
VR889460,C103544,VA-EB-PL2,2025-10-25,vireo.in,1,2974,PL2-2507-1
VR890067,C101926,VA-EB-PL2,2025-10-25,Flipkart,1,3149,PL2-2507-3
VR890180,C106311,VA-HP-ST3,2025-10-25,Amazon,1,5949,ST3-2509-2
VR890304,C106964,VA-EB-PL2,2025-10-25,Flipkart,1,3324,PL2-2509-4
VR891463,C100374,VA-EB-AIR,2025-10-25,vireo.in,1,1709,AIR-2509-1
VR892405,C102394,VA-EB-PL2,2025-10-25,Amazon,1,2799,PL2-2508-4
VR893207,C109472,VA-SW-NX2,2025-10-25,Flipkart,1,6174,NX2-2508-1
VR894195,C108551,VA-SW-FIT,2025-10-25,vireo.in,1,1699,FIT-2507-3
VR896985,C104716,VA-EB-PL2,2025-10-25,Flipkart,1,3499,PL2-2508-2
VR897285,C100810,VA-EB-PL2,2025-10-25,vireo.in,1,2974,PL2-2507-2
VR897537,C109170,VA-NB-ARC,2025-10-25,vireo.in,1,1299,ARC-2508-1
VR898988,C104236,VA-EB-PL2,2025-10-25,Amazon,1,3324,PL2-2508-2
VR899049,C108478,VA-EB-AIR,2025-10-25,vireo.in,1,1799,AIR-2507-2
VR900178,C107596,VA-EB-PL2,2025-10-25,vireo.in,1,3324,PL2-2510-2
VR900511,C104246,VA-EB-PL1,2025-10-25,Amazon,1,2124,PL1-2508-1
VR902767,C102205,VA-SW-NX2,2025-10-25,vireo.in,2,11698,NX2-2509-3
VR904384,C100653,VA-EB-PL2,2025-10-25,Flipkart,1,3149,PL2-2508-1
VR905201,C106223,VA-SW-FIT,2025-10-25,Amazon,1,1799,FIT-2509-2
VR905317,C102020,VA-EB-PL2,2025-10-25,vireo.in,1,3499,PL2-2507-4
VR906232,C101344,VA-HP-ST3,2025-10-25,vireo.in,1,6999,ST3-2508-4
VR908952,C104250,VA-EB-PL2,2025-10-25,Amazon,1,3499,PL2-2507-2
VR880437,C108223,VA-EB-PL1,2025-10-26,vireo.in,1,2374,PL1-2507-2
VR881398,C106882,VA-EB-PL1,2025-10-26,Amazon,1,2249,PL1-2510-3
VR881891,C100832,VA-SW-NX2,2025-10-26,vireo.in,1,5849,NX2-2508-1
VR882271,C100820,VA-EB-PL2,2025-10-26,Amazon,1,3499,PL2-2509-2
VR882294,C101101,VA-EB-PL2,2025-10-26,Amazon,1,3149,PL2-2507-2
VR882734,C107626,VA-EB-PL2,2025-10-26,vireo.in,1,3324,PL2-2508-4
VR882802,C104050,VA-EB-AIR,2025-10-26,vireo.in,1,1799,AIR-2509-3
VR883244,C100469,VA-EB-PL2,2025-10-26,vireo.in,1,3324,PL2-2509-1
VR883368,C103949,VA-EB-PL2,2025-10-26,vireo.in,1,3499,PL2-2509-2
VR883376,C106199,VA-EB-PL2,2025-10-26,vireo.in,1,3499,PL2-2507-1
VR883422,C109047,VA-EB-PL1,2025-10-26,Amazon,1,1999,PL1-2507-4
VR883829,C105971,VA-EB-PL2,2025-10-26,Amazon,1,2799,PL2-2508-4
VR883935,C104293,VA-EB-PL2,2025-10-26,vireo.in,1,3499,PL2-2510-1
VR885184,C105582,VA-EB-PL2,2025-10-26,Amazon,1,3499,PL2-2509-4
VR885348,C105977,VA-EB-PL2,2025-10-26,Amazon,2,5598,PL2-2509-2
VR885524,C103313,VA-EB-PL1,2025-10-26,Flipkart,1,2249,PL1-2508-2
VR886634,C107995,VA-EB-PL2,2025-10-26,vireo.in,1,2974,PL2-2509-2
VR887388,C107467,VA-EB-PL1,2025-10-26,Amazon,1,2499,PL1-2507-1
VR887548,C105566,VA-SW-NX2,2025-10-26,vireo.in,1,6499,NX2-2509-2
VR887604,C102070,VA-EB-PL2,2025-10-26,vireo.in,1,3499,PL2-2507-2
VR887978,C108395,VA-SW-NX2,2025-10-26,vireo.in,1,5524,NX2-2509-4
VR889146,C104330,VA-NB-ARC,2025-10-26,vireo.in,1,1234,ARC-2510-3
VR890331,C100670,VA-SP-MINI,2025-10-26,Amazon,1,2499,MINI-2508-2
VR891606,C107077,VA-EB-AIR,2025-10-26,vireo.in,1,1709,AIR-2508-3
VR891662,C106985,VA-EB-PL1,2025-10-26,vireo.in,1,2499,PL1-2509-4
VR893088,C102473,VA-EB-PL1,2025-10-26,Amazon,1,2374,PL1-2509-4
VR893275,C108236,VA-EB-PL2,2025-10-26,vireo.in,1,3499,PL2-2507-2
VR893390,C107700,VA-SW-NX2,2025-10-26,Flipkart,1,5849,NX2-2509-3
VR893695,C108888,VA-EB-PL2,2025-10-26,vireo.in,1,3499,PL2-2509-1
VR894158,C105466,VA-AC-CASE,2025-10-26,vireo.in,1,1169,CASE-2509-1
VR894720,C107603,VA-SW-NX2,2025-10-26,Flipkart,2,11048,NX2-2510-4
VR896151,C102682,VA-SW-NX2,2025-10-26,vireo.in,1,5199,NX2-2507-4
VR896572,C104264,VA-SW-FIT,2025-10-26,vireo.in,1,1599,FIT-2508-1
VR896744,C105620,VA-EB-PL2,2025-10-26,Amazon,1,3499,PL2-2509-2
VR898141,C103365,VA-EB-PL2,2025-10-26,Amazon,2,6298,PL2-2507-1
VR898466,C108374,VA-EB-PL2,2025-10-26,Amazon,1,3324,PL2-2507-1
VR899550,C105608,VA-NB-ARC,2025-10-26,Amazon,1,1104,ARC-2507-4
VR899642,C104944,VA-AC-CASE,2025-10-26,Flipkart,1,1299,CASE-2507-2
VR900994,C108113,VA-SW-FIT,2025-10-26,Amazon,1,1699,FIT-2508-1
VR901671,C105670,VA-EB-PL2,2025-10-26,vireo.in,1,3499,PL2-2507-4
VR902433,C101271,VA-EB-PL2,2025-10-26,Amazon,1,2799,PL2-2508-1
VR903031,C102327,VA-SP-MINI,2025-10-26,vireo.in,1,2374,MINI-2508-1
VR903046,C100106,VA-EB-PL2,2025-10-26,vireo.in,1,3149,PL2-2507-1
VR903787,C105390,VA-SW-NX2,2025-10-26,Amazon,1,6174,NX2-2507-1
VR904015,C103082,VA-EB-AIR,2025-10-26,Amazon,1,1799,AIR-2509-1
VR904970,C101634,VA-SP-ORB,2025-10-26,Flipkart,1,5999,ORB-2508-3
VR905301,C108869,VA-EB-PL2,2025-10-26,vireo.in,1,2974,PL2-2508-1
VR905643,C106452,VA-AC-CASE,2025-10-26,Amazon,1,1299,CASE-2509-4
VR907769,C106089,VA-EB-PL2,2025-10-26,Amazon,2,6648,PL2-2509-3
VR908530,C103751,VA-EB-AIR,2025-10-26,vireo.in,1,1619,AIR-2509-3
VR909562,C106146,VA-SP-ORB,2025-10-26,Flipkart,1,5099,ORB-2507-4
VR909895,C109143,VA-EB-PL2,2025-10-26,vireo.in,1,3324,PL2-2509-2
VR882105,C103236,VA-EB-PL2,2025-10-27,vireo.in,1,3499,PL2-2510-2
VR882903,C106880,VA-EB-PL2,2025-10-27,Flipkart,1,2974,PL2-2510-3
VR884018,C102494,VA-EB-PL2,2025-10-27,Amazon,2,6298,PL2-2508-3
VR884179,C107296,VA-EB-PL2,2025-10-27,vireo.in,1,3499,PL2-2509-3
VR886176,C109254,VA-EB-PL2,2025-10-27,Amazon,1,2974,PL2-2508-2
VR887273,C102983,VA-EB-PL2,2025-10-27,Flipkart,1,3499,PL2-2508-2
VR887626,C108954,VA-EB-PL2,2025-10-27,vireo.in,2,6998,PL2-2507-3
VR891094,C106869,VA-AC-CBL,2025-10-27,Amazon,1,399,CBL-2507-4
VR891775,C107742,VA-NB-ARC,2025-10-27,vireo.in,1,1039,ARC-2507-4
VR892555,C100398,VA-SP-MINI,2025-10-27,vireo.in,1,2249,MINI-2508-2
VR892800,C107122,VA-HP-ST2,2025-10-27,Flipkart,1,4749,ST2-2507-2
VR892948,C104126,VA-SW-FIT,2025-10-27,Amazon,1,1999,FIT-2508-4
VR893442,C102724,VA-AC-CASE,2025-10-27,Amazon,1,1169,CASE-2507-2
VR895625,C101601,VA-EB-PL2,2025-10-27,Amazon,1,2974,PL2-2509-1
VR896912,C105704,VA-EB-AIR,2025-10-27,vireo.in,1,1799,AIR-2507-3
VR897714,C102800,VA-EB-PL1,2025-10-27,vireo.in,1,2249,PL1-2508-3
VR898109,C106328,VA-HP-ST3,2025-10-27,vireo.in,1,6299,ST3-2507-4
VR899020,C100770,VA-EB-PL1,2025-10-27,Amazon,1,2124,PL1-2509-2
VR899320,C101703,VA-AC-CASE,2025-10-27,vireo.in,1,1234,CASE-2507-1
VR899846,C108266,VA-SW-NX2,2025-10-27,Amazon,1,5199,NX2-2508-4
VR900975,C108794,VA-SW-NX1,2025-10-27,vireo.in,1,3999,NX1-2508-3
VR901126,C109159,VA-SW-NX2,2025-10-27,vireo.in,2,12998,NX2-2510-1
VR901294,C104529,VA-SW-NX2,2025-10-27,vireo.in,1,6499,NX2-2509-4
VR901768,C105384,VA-EB-PL2,2025-10-27,Amazon,1,3149,PL2-2507-1
VR901832,C103882,VA-AC-CH65,2025-10-27,Amazon,1,1349,CH65-2508-3
VR902425,C103835,VA-EB-PL2,2025-10-27,Amazon,1,2974,PL2-2509-1
VR903317,C103125,VA-EB-PL2,2025-10-27,vireo.in,1,3149,PL2-2509-4
VR905465,C100105,VA-EB-PL1,2025-10-27,vireo.in,1,2499,PL1-2508-1
VR905608,C100312,VA-EB-PL2,2025-10-27,vireo.in,1,2974,PL2-2507-4
VR905660,C101433,VA-SW-NX2,2025-10-27,vireo.in,2,12998,NX2-2507-2
VR905763,C109298,VA-SW-NX2,2025-10-27,Amazon,1,6499,NX2-2509-3
VR909484,C100376,VA-EB-PL2,2025-10-27,vireo.in,1,3149,PL2-2509-3
VR882245,C108326,VA-EB-PL2,2025-10-28,Amazon,1,3499,PL2-2509-2
VR884549,C106946,VA-EB-PL2,2025-10-28,Amazon,1,3149,PL2-2508-3
VR885301,C102223,VA-EB-AIR,2025-10-28,Amazon,1,1799,AIR-2507-2
VR885350,C109057,VA-SW-NX1,2025-10-28,vireo.in,2,8498,NX1-2508-1
VR885381,C109462,VA-EB-PL1,2025-10-28,Amazon,1,2499,PL1-2509-2
VR886250,C104039,VA-HP-ST3,2025-10-28,vireo.in,1,5949,ST3-2508-4
VR886446,C101260,VA-EB-AIR,2025-10-28,vireo.in,1,1529,AIR-2507-3
VR886601,C102301,VA-NB-ARC,2025-10-28,vireo.in,1,1104,ARC-2507-4
VR887754,C104373,VA-NB-ARC,2025-10-28,vireo.in,1,1299,ARC-2509-1
VR889157,C108488,VA-SW-NX2,2025-10-28,Amazon,1,5849,NX2-2508-3
VR889376,C107241,VA-SW-NX2,2025-10-28,vireo.in,1,6499,NX2-2508-3
VR889491,C104523,VA-EB-PL1,2025-10-28,vireo.in,1,2499,PL1-2510-3
VR889934,C106882,VA-EB-PL1,2025-10-28,vireo.in,1,2499,PL1-2509-1
VR891169,C106378,VA-EB-PL2,2025-10-28,Amazon,1,3149,PL2-2507-1
VR892047,C108825,VA-AC-CBL,2025-10-28,vireo.in,1,379,CBL-2507-1
VR893257,C101136,VA-SW-NX1,2025-10-28,Flipkart,1,4999,NX1-2508-3
VR893662,C105538,VA-EB-PL2,2025-10-28,vireo.in,1,3499,PL2-2508-4
VR893911,C104125,VA-EB-PL2,2025-10-28,Amazon,1,2799,PL2-2508-1
VR894081,C100781,VA-EB-PL2,2025-10-28,Flipkart,1,3499,PL2-2509-3
VR894866,C105517,VA-EB-PL2,2025-10-28,Amazon,1,3499,PL2-2507-1
VR895474,C109181,VA-AC-CASE,2025-10-28,vireo.in,1,1104,CASE-2507-2
VR896658,C101904,VA-SP-MINI,2025-10-28,Amazon,2,4498,MINI-2509-1
VR897403,C105454,VA-HP-ST2,2025-10-28,vireo.in,1,4999,ST2-2509-4
VR899325,C105743,VA-AC-CH65,2025-10-28,Flipkart,1,1499,CH65-2508-3
VR899561,C104506,VA-EB-PL2,2025-10-28,Amazon,1,3324,PL2-2508-3
VR899710,C107903,VA-HP-ST3,2025-10-28,vireo.in,1,6299,ST3-2508-1
VR899788,C105317,VA-EB-PL2,2025-10-28,vireo.in,1,3324,PL2-2508-3
VR900426,C100911,VA-EB-PL2,2025-10-28,Amazon,1,2974,PL2-2509-3
VR900776,C105092,VA-AC-CH65,2025-10-28,vireo.in,1,1499,CH65-2507-2
VR901002,C106389,VA-SW-NX2,2025-10-28,vireo.in,1,6174,NX2-2509-4
VR902619,C107218,VA-SW-NX2,2025-10-28,vireo.in,1,5199,NX2-2507-4
VR902657,C100444,VA-EB-PL1,2025-10-28,Flipkart,2,4498,PL1-2510-2
VR902967,C108424,VA-EB-PL2,2025-10-28,vireo.in,1,3324,PL2-2509-1
VR903658,C106749,VA-SW-FIT,2025-10-28,vireo.in,1,1799,FIT-2508-3
VR903792,C103357,VA-SW-NX1,2025-10-28,Amazon,1,4499,NX1-2510-3
VR904455,C103164,VA-SW-NX2,2025-10-28,vireo.in,1,6499,NX2-2507-3
VR904836,C103418,VA-EB-AIR,2025-10-28,vireo.in,1,1799,AIR-2507-2
VR906196,C107000,VA-EB-PL2,2025-10-28,vireo.in,2,5948,PL2-2508-2
VR907000,C100467,VA-SW-NX2,2025-10-28,vireo.in,1,6499,NX2-2508-1
VR907621,C106757,VA-EB-PL2,2025-10-28,vireo.in,1,2799,PL2-2507-3
VR907641,C100989,VA-SP-ORB,2025-10-28,Amazon,1,5099,ORB-2507-2
VR908076,C108421,VA-EB-PL1,2025-10-28,vireo.in,1,2499,PL1-2507-4
VR881103,C109218,VA-EB-PL2,2025-10-29,vireo.in,2,6998,PL2-2508-1
VR881572,C109122,VA-EB-PL2,2025-10-29,vireo.in,1,3499,PL2-2510-3
VR881934,C107858,VA-HP-ST3,2025-10-29,vireo.in,1,6999,ST3-2508-3
VR882690,C102095,VA-AC-CASE,2025-10-29,vireo.in,1,1039,CASE-2509-1
VR883250,C106741,VA-SW-NX2,2025-10-29,Flipkart,1,5199,NX2-2509-2
VR883291,C106494,VA-EB-PL1,2025-10-29,Flipkart,1,2499,PL1-2509-1
VR883553,C102057,VA-EB-PL2,2025-10-29,vireo.in,1,2974,PL2-2509-4
VR884254,C102431,VA-EB-PL2,2025-10-29,vireo.in,1,3499,PL2-2509-2
VR884918,C107847,VA-EB-PL2,2025-10-29,Amazon,1,2974,PL2-2508-2
VR885379,C103734,VA-SW-NX2,2025-10-29,vireo.in,1,5199,NX2-2507-3
VR885445,C109030,VA-HP-ST3,2025-10-29,vireo.in,1,5949,ST3-2508-4
VR887490,C100184,VA-EB-PL2,2025-10-29,Flipkart,1,2974,PL2-2508-3
VR887785,C108143,VA-SP-MINI,2025-10-29,Amazon,1,1999,MINI-2508-2
VR888226,C103815,VA-EB-PL1,2025-10-29,vireo.in,1,2124,PL1-2509-2
VR888752,C106968,VA-SW-NX2,2025-10-29,vireo.in,1,5199,NX2-2509-2
VR889486,C109336,VA-SW-NX1,2025-10-29,vireo.in,1,4499,NX1-2509-4
VR889561,C102836,VA-EB-PL2,2025-10-29,Amazon,1,3149,PL2-2508-2
VR889763,C100064,VA-HP-ST3,2025-10-29,vireo.in,2,12598,ST3-2508-2
VR890194,C100171,VA-EB-PL2,2025-10-29,vireo.in,1,3499,PL2-2508-1
VR892989,C103380,VA-EB-PL2,2025-10-29,Amazon,1,3499,PL2-2509-2
VR895329,C106115,VA-HP-ST3,2025-10-29,Amazon,1,5599,ST3-2507-3
VR895761,C104961,VA-EB-PL1,2025-10-29,Amazon,1,2499,PL1-2510-2
VR896141,C108405,VA-EB-PL1,2025-10-29,vireo.in,1,2249,PL1-2510-2
VR896648,C106881,VA-EB-PL2,2025-10-29,Flipkart,1,3499,PL2-2509-1
VR897159,C108822,VA-EB-PL2,2025-10-29,Flipkart,1,3499,PL2-2507-1
VR899203,C103115,VA-HP-ST3,2025-10-29,Amazon,1,6649,ST3-2507-4
VR899880,C102523,VA-SW-FIT,2025-10-29,vireo.in,1,1899,FIT-2509-4
VR900015,C100747,VA-SP-MINI,2025-10-29,Flipkart,1,2124,MINI-2508-1
VR900471,C102780,VA-EB-AIR,2025-10-29,vireo.in,1,1799,AIR-2510-1
VR901353,C103278,VA-HP-ST3,2025-10-29,Amazon,1,5599,ST3-2507-4
VR902664,C100809,VA-SP-MINI,2025-10-29,Flipkart,1,2499,MINI-2510-2
VR902722,C106350,VA-SW-NX2,2025-10-29,vireo.in,1,5199,NX2-2508-1
VR902730,C100724,VA-EB-PL2,2025-10-29,vireo.in,1,3324,PL2-2508-3
VR902893,C102389,VA-NB-ARC,2025-10-29,vireo.in,1,1104,ARC-2508-4
VR903451,C105801,VA-EB-PL2,2025-10-29,Amazon,2,5598,PL2-2508-3
VR903583,C101749,VA-AC-CASE,2025-10-29,vireo.in,1,1169,CASE-2509-4
VR903665,C102415,VA-SW-NX2,2025-10-29,vireo.in,1,6174,NX2-2509-2
VR904187,C102357,VA-EB-PL2,2025-10-29,vireo.in,1,3324,PL2-2509-4
VR904509,C100304,VA-EB-AIR,2025-10-29,vireo.in,1,1439,AIR-2508-2
VR906398,C104923,VA-EB-PL2,2025-10-29,vireo.in,1,3499,PL2-2508-1
VR906484,C103170,VA-EB-PL2,2025-10-29,vireo.in,1,2974,PL2-2508-4
VR906621,C105221,VA-EB-PL2,2025-10-29,vireo.in,1,3499,PL2-2509-1
VR906707,C109400,VA-SP-MINI,2025-10-29,vireo.in,1,1999,MINI-2507-1
VR907710,C102264,VA-SP-MINI,2025-10-29,vireo.in,1,2249,MINI-2508-4
VR908839,C102278,VA-EB-PL2,2025-10-29,vireo.in,1,3324,PL2-2508-2
VR909248,C103646,VA-HP-ST2,2025-10-29,vireo.in,1,4999,ST2-2508-4
VR880145,C102867,VA-EB-PL2,2025-10-30,vireo.in,1,2799,PL2-2507-2
VR880351,C103809,VA-EB-PL1,2025-10-30,vireo.in,1,2499,PL1-2509-4
VR880923,C103822,VA-NB-ARC,2025-10-30,Amazon,1,1299,ARC-2507-2
VR882062,C102193,VA-SW-NX2,2025-10-30,vireo.in,1,6174,NX2-2507-1
VR882559,C102029,VA-EB-PL2,2025-10-30,Amazon,1,3499,PL2-2509-4
VR883901,C108220,VA-EB-PL2,2025-10-30,vireo.in,1,3149,PL2-2508-2
VR884654,C108626,VA-EB-PL1,2025-10-30,vireo.in,1,2499,PL1-2510-1
VR885402,C101905,VA-EB-PL2,2025-10-30,vireo.in,1,3149,PL2-2509-2
VR885466,C107565,VA-EB-AIR,2025-10-30,Amazon,1,1529,AIR-2509-4
VR886240,C103312,VA-SW-NX2,2025-10-30,vireo.in,1,6174,NX2-2509-4
VR886586,C109323,VA-EB-PL2,2025-10-30,vireo.in,1,2974,PL2-2509-2
VR886992,C102233,VA-HP-ST3,2025-10-30,vireo.in,1,6999,ST3-2508-4
VR887348,C105963,VA-EB-PL2,2025-10-30,vireo.in,1,2799,PL2-2508-3
VR888415,C108101,VA-HP-ST3,2025-10-30,Amazon,1,5949,ST3-2508-2
VR889424,C109176,VA-SP-MINI,2025-10-30,Amazon,1,2499,MINI-2508-1
VR889925,C105093,VA-EB-PL2,2025-10-30,vireo.in,1,3499,PL2-2508-3
VR890295,C102237,VA-SP-MINI,2025-10-30,Flipkart,1,2249,MINI-2509-4
VR890301,C105681,VA-HP-ST3,2025-10-30,Amazon,1,6999,ST3-2510-3
VR890344,C104435,VA-EB-PL2,2025-10-30,Flipkart,1,3324,PL2-2509-4
VR890650,C108844,VA-EB-PL2,2025-10-30,vireo.in,1,3499,PL2-2507-2
VR891054,C102194,VA-SW-FIT,2025-10-30,Amazon,1,1699,FIT-2510-3
VR891088,C103078,VA-EB-PL2,2025-10-30,vireo.in,1,3499,PL2-2509-4
VR891108,C103382,VA-EB-PL2,2025-10-30,Flipkart,1,3324,PL2-2509-3
VR892443,C101858,VA-EB-AIR,2025-10-30,vireo.in,1,1799,AIR-2509-3
VR892648,C106937,VA-EB-AIR,2025-10-30,vireo.in,1,1619,AIR-2509-4
VR893003,C100662,VA-EB-PL1,2025-10-30,Amazon,1,2249,PL1-2508-3
VR893455,C106578,VA-EB-PL2,2025-10-30,Amazon,1,3499,PL2-2509-2
VR893746,C106967,VA-SP-ORB,2025-10-30,Flipkart,1,5999,ORB-2507-3
VR894318,C100849,VA-SP-MINI,2025-10-30,vireo.in,1,2499,MINI-2508-4
VR894577,C102322,VA-EB-PL2,2025-10-30,vireo.in,1,3499,PL2-2510-3
VR895496,C106167,VA-EB-PL1,2025-10-30,Amazon,1,2249,PL1-2509-3
VR896515,C107714,VA-EB-PL2,2025-10-30,Amazon,1,3149,PL2-2510-4
VR897968,C107025,VA-EB-PL2,2025-10-30,Flipkart,1,3324,PL2-2508-1
VR898092,C104364,VA-EB-PL2,2025-10-30,Amazon,1,2974,PL2-2508-3
VR898250,C103975,VA-EB-AIR,2025-10-30,Amazon,1,1529,AIR-2507-4
VR900555,C103019,VA-EB-AIR,2025-10-30,Amazon,1,1799,AIR-2508-4
VR900929,C108048,VA-EB-AIR,2025-10-30,Amazon,1,1619,AIR-2509-4
VR901342,C106920,VA-HP-ST3,2025-10-30,vireo.in,1,5949,ST3-2507-2
VR903268,C108454,VA-EB-PL2,2025-10-30,vireo.in,1,3499,PL2-2509-4
VR903593,C100182,VA-EB-PL1,2025-10-30,vireo.in,1,2499,PL1-2508-1
VR903701,C107524,VA-EB-PL2,2025-10-30,Amazon,1,3499,PL2-2507-4
VR903737,C104276,VA-AC-CASE,2025-10-30,vireo.in,1,1039,CASE-2507-1
VR903972,C100798,VA-HP-ST3,2025-10-30,vireo.in,1,6649,ST3-2508-1
VR906158,C107171,VA-AC-CASE,2025-10-30,vireo.in,1,1169,CASE-2508-4
VR907949,C107923,VA-EB-PL2,2025-10-30,vireo.in,1,3499,PL2-2509-1
VR908385,C108715,VA-EB-PL2,2025-10-30,Amazon,1,2799,PL2-2508-2
VR908408,C103938,VA-SW-NX2,2025-10-30,Flipkart,1,6499,NX2-2509-3
VR909335,C109150,VA-EB-PL1,2025-10-30,Amazon,1,2374,PL1-2507-2
VR880691,C103190,VA-HP-ST3,2025-10-31,Amazon,1,6649,ST3-2509-3
VR881743,C103751,VA-HP-ST3,2025-10-31,vireo.in,1,6299,ST3-2508-4
VR882694,C102603,VA-EB-PL2,2025-10-31,vireo.in,1,3324,PL2-2509-4
VR882778,C106027,VA-AC-CASE,2025-10-31,Amazon,1,1169,CASE-2508-4
VR882953,C103799,VA-EB-PL2,2025-10-31,vireo.in,1,3499,PL2-2507-3
VR883118,C105700,VA-EB-PL2,2025-10-31,vireo.in,1,3324,PL2-2507-2
VR883398,C103484,VA-EB-PL2,2025-10-31,vireo.in,1,2974,PL2-2509-3
VR883848,C103582,VA-EB-PL2,2025-10-31,Amazon,1,3149,PL2-2508-2
VR884647,C105235,VA-HP-ST2,2025-10-31,vireo.in,1,3999,ST2-2508-4
VR885309,C104357,VA-SW-FIT,2025-10-31,Amazon,1,1799,FIT-2509-1
VR887466,C100964,VA-SW-FIT,2025-10-31,Amazon,1,1999,FIT-2507-1
VR890492,C108310,VA-SW-FIT,2025-10-31,Amazon,1,1899,FIT-2509-4
VR890854,C109447,VA-EB-AIR,2025-10-31,vireo.in,1,1529,AIR-2509-1
VR891560,C103797,VA-EB-PL2,2025-10-31,Amazon,1,2974,PL2-2509-1
VR891741,C102066,VA-AC-CH65,2025-10-31,Flipkart,1,1199,CH65-2507-1
VR892212,C108381,VA-EB-PL2,2025-10-31,vireo.in,1,2974,PL2-2508-2
VR892268,C108653,VA-EB-PL2,2025-10-31,vireo.in,1,3499,PL2-2507-2
VR893248,C105625,VA-SW-NX2,2025-10-31,Amazon,1,6499,NX2-2509-4
VR893588,C107756,VA-EB-AIR,2025-10-31,Amazon,1,1439,AIR-2509-3
VR893738,C106109,VA-NB-ARC,2025-10-31,vireo.in,1,1299,ARC-2509-1
VR894213,C100015,VA-EB-PL2,2025-10-31,Amazon,1,2974,PL2-2509-3
VR894601,C107984,VA-SP-ORB,2025-10-31,Flipkart,1,5999,ORB-2509-1
VR895459,C101321,VA-EB-PL1,2025-10-31,vireo.in,1,2249,PL1-2509-1
VR896307,C109469,VA-SP-MINI,2025-10-31,Flipkart,1,2499,MINI-2509-2
VR896501,C108553,VA-EB-PL2,2025-10-31,Amazon,2,6298,PL2-2509-2
VR897028,C106987,VA-AC-CASE,2025-10-31,Amazon,1,1299,CASE-2508-4
VR897388,C104927,VA-SW-NX2,2025-10-31,vireo.in,1,6499,NX2-2509-4
VR898594,C108163,VA-EB-AIR,2025-10-31,Flipkart,1,1799,AIR-2509-3
VR899150,C100914,VA-EB-AIR,2025-10-31,Amazon,1,1799,AIR-2508-2
VR899567,C107640,VA-EB-PL1,2025-10-31,vireo.in,1,2249,PL1-2508-3
VR901592,C102532,VA-EB-AIR,2025-10-31,vireo.in,1,1799,AIR-2509-3
VR902197,C105967,VA-EB-PL1,2025-10-31,vireo.in,1,2499,PL1-2509-1
VR902629,C102093,VA-EB-PL2,2025-10-31,vireo.in,1,3499,PL2-2509-4
VR902785,C103977,VA-EB-PL2,2025-10-31,vireo.in,1,3499,PL2-2509-1
VR904237,C101255,VA-EB-PL1,2025-10-31,Amazon,1,2374,PL1-2510-3
VR905966,C106651,VA-SW-FIT,2025-10-31,Amazon,1,1999,FIT-2508-4
VR906162,C101417,VA-EB-PL2,2025-10-31,Amazon,1,3499,PL2-2509-1
VR907414,C103234,VA-EB-PL2,2025-10-31,vireo.in,1,3149,PL2-2509-3
VR909291,C102394,VA-SP-ORB,2025-10-31,Amazon,1,5699,ORB-2508-2
VR909706,C102849,VA-NB-ARC,2025-10-31,Amazon,2,2598,ARC-2509-1
VR880586,C103937,VA-SP-ORB,2025-11-01,Amazon,1,5999,ORB-2509-2
VR881141,C103890,VA-EB-PL2,2025-11-01,vireo.in,2,5598,PL2-2507-3
VR881789,C104451,VA-EB-PL2,2025-11-01,vireo.in,1,3499,PL2-2508-2
VR883567,C104983,VA-EB-PL2,2025-11-01,Flipkart,1,3149,PL2-2510-1
VR884457,C101296,VA-SW-FIT,2025-11-01,Amazon,1,1899,FIT-2508-1
VR884782,C107237,VA-SW-NX2,2025-11-01,vireo.in,1,6499,NX2-2509-4
VR887991,C103401,VA-EB-PL2,2025-11-01,Flipkart,1,3499,PL2-2509-1
VR888394,C107598,VA-SW-NX2,2025-11-01,vireo.in,1,6499,NX2-2508-4
VR888534,C103226,VA-SW-FIT,2025-11-01,Flipkart,1,1699,FIT-2510-1
VR889282,C105977,VA-SP-ORB,2025-11-01,vireo.in,1,5999,ORB-2510-1
VR891078,C100515,VA-SW-NX2,2025-11-01,vireo.in,1,6499,NX2-2509-3
VR892635,C100178,VA-SW-FIT,2025-11-01,vireo.in,1,1799,FIT-2508-3
VR892732,C100182,VA-EB-PL2,2025-11-01,vireo.in,1,3499,PL2-2509-2
VR893326,C102754,VA-EB-PL2,2025-11-01,Amazon,1,3499,PL2-2507-1
VR895336,C103050,VA-HP-ST3,2025-11-01,vireo.in,1,6999,ST3-2510-1
VR897424,C102285,VA-EB-PL1,2025-11-01,Amazon,1,2499,PL1-2507-1
VR897455,C106928,VA-AC-CASE,2025-11-01,Amazon,1,1299,CASE-2509-3
VR898096,C100859,VA-SW-NX2,2025-11-01,vireo.in,1,5199,NX2-2510-3
VR898814,C104039,VA-SW-NX2,2025-11-01,vireo.in,1,5524,NX2-2507-3
VR902013,C102544,VA-EB-PL2,2025-11-01,vireo.in,1,3499,PL2-2508-1
VR902024,C108240,VA-EB-PL2,2025-11-01,Amazon,1,3499,PL2-2509-4
VR902167,C104563,VA-SW-NX2,2025-11-01,vireo.in,1,6499,NX2-2509-4
VR902536,C100447,VA-SP-ORB,2025-11-01,Flipkart,1,5699,ORB-2507-1
VR903286,C100876,VA-SW-NX2,2025-11-01,vireo.in,1,5849,NX2-2509-1
VR904515,C103729,VA-EB-PL2,2025-11-01,Amazon,1,3499,PL2-2510-4
VR906009,C100726,VA-EB-PL2,2025-11-01,Flipkart,1,3149,PL2-2509-3
VR907192,C100599,VA-NB-ARC,2025-11-01,Amazon,1,1299,ARC-2508-4
VR907991,C106768,VA-EB-PL1,2025-11-01,vireo.in,1,2249,PL1-2508-3
VR880058,C105976,VA-SW-NX2,2025-11-02,Flipkart,1,6174,NX2-2508-1
VR880876,C103314,VA-EB-AIR,2025-11-02,vireo.in,1,1529,AIR-2508-4
VR881734,C108358,VA-EB-PL1,2025-11-02,vireo.in,1,2374,PL1-2510-4
VR882361,C108407,VA-SP-ORB,2025-11-02,Amazon,1,5999,ORB-2509-2
VR883757,C105957,VA-EB-PL1,2025-11-02,vireo.in,1,2249,PL1-2507-2
VR888080,C100859,VA-SP-MINI,2025-11-02,vireo.in,1,2499,MINI-2508-2
VR889198,C102389,VA-SW-NX2,2025-11-02,vireo.in,1,6499,NX2-2509-3
VR892120,C108235,VA-EB-PL2,2025-11-02,vireo.in,1,3149,PL2-2508-1
VR893734,C106680,VA-SW-NX2,2025-11-02,vireo.in,2,12998,NX2-2509-4
VR894560,C108198,VA-NB-ARC,2025-11-02,Amazon,1,1234,ARC-2509-4
VR894820,C108088,VA-EB-PL1,2025-11-02,vireo.in,1,2499,PL1-2508-2
VR894854,C101995,VA-EB-PL2,2025-11-02,vireo.in,1,2974,PL2-2507-2
VR895090,C100098,VA-EB-PL2,2025-11-02,vireo.in,2,5598,PL2-2508-4
VR896111,C102243,VA-EB-AIR,2025-11-02,Amazon,1,1799,AIR-2509-2
VR896319,C104313,VA-EB-PL2,2025-11-02,Amazon,2,5948,PL2-2510-1
VR896514,C100885,VA-AC-CH65,2025-11-02,vireo.in,1,1199,CH65-2507-3
VR896782,C104945,VA-AC-CASE,2025-11-02,Amazon,1,1169,CASE-2507-4
VR897348,C106121,VA-EB-PL2,2025-11-02,Flipkart,1,2974,PL2-2509-1
VR897536,C100018,VA-EB-PL2,2025-11-02,vireo.in,1,3324,PL2-2507-1
VR897840,C108908,VA-NB-ARC,2025-11-02,vireo.in,1,1169,ARC-2509-4
VR898039,C104699,VA-EB-PL2,2025-11-02,vireo.in,1,2799,PL2-2507-1
VR898501,C105452,VA-EB-PL2,2025-11-02,Amazon,1,3499,PL2-2509-4
VR901674,C101297,VA-EB-PL2,2025-11-02,vireo.in,1,2974,PL2-2507-4
VR903705,C101068,VA-EB-AIR,2025-11-02,Amazon,1,1799,AIR-2509-2
VR904372,C103565,VA-EB-PL1,2025-11-02,Amazon,1,2499,PL1-2509-4
VR905066,C108922,VA-EB-PL2,2025-11-02,vireo.in,1,3499,PL2-2510-1
VR905817,C101002,VA-SW-NX1,2025-11-02,Flipkart,1,4499,NX1-2508-2
VR907764,C100078,VA-AC-CASE,2025-11-02,vireo.in,1,1299,CASE-2509-1
VR908431,C104842,VA-SW-FIT,2025-11-02,vireo.in,1,1999,FIT-2508-2
VR909822,C102667,VA-SW-NX2,2025-11-02,vireo.in,1,6499,NX2-2509-3
VR880491,C107562,VA-EB-AIR,2025-11-03,Flipkart,1,1709,AIR-2507-1
VR882876,C100945,VA-EB-PL2,2025-11-03,vireo.in,1,3324,PL2-2508-1
VR884699,C105629,VA-NB-ARC,2025-11-03,vireo.in,1,1234,ARC-2510-3
VR885703,C102355,VA-EB-PL2,2025-11-03,Amazon,1,3499,PL2-2508-2
VR888755,C103725,VA-EB-PL2,2025-11-03,Amazon,1,3324,PL2-2508-1
VR889350,C104451,VA-EB-PL2,2025-11-03,vireo.in,1,3149,PL2-2510-3
VR890932,C103059,VA-HP-ST3,2025-11-03,Amazon,1,6999,ST3-2507-2
VR890982,C108721,VA-EB-PL2,2025-11-03,vireo.in,1,2799,PL2-2510-1
VR892895,C107144,VA-EB-PL2,2025-11-03,vireo.in,1,2799,PL2-2508-2
VR893225,C102023,VA-EB-PL2,2025-11-03,vireo.in,1,2974,PL2-2507-4
VR893534,C106833,VA-NB-ARC,2025-11-03,Flipkart,1,1039,ARC-2509-1
VR895089,C107099,VA-SP-MINI,2025-11-03,vireo.in,1,2124,MINI-2509-4
VR895413,C106320,VA-HP-ST3,2025-11-03,vireo.in,1,6999,ST3-2508-2
VR896626,C101220,VA-EB-PL2,2025-11-03,vireo.in,1,3324,PL2-2509-4
VR899329,C101955,VA-SW-NX2,2025-11-03,Amazon,1,5199,NX2-2509-1
VR900144,C102470,VA-EB-AIR,2025-11-03,vireo.in,1,1619,AIR-2507-4
VR900520,C100252,VA-AC-CASE,2025-11-03,vireo.in,1,1299,CASE-2507-3
VR901469,C102483,VA-SP-MINI,2025-11-03,vireo.in,1,2374,MINI-2508-4
VR902320,C103494,VA-EB-PL2,2025-11-03,Amazon,1,2974,PL2-2509-2
VR902559,C102662,VA-SP-ORB,2025-11-03,vireo.in,1,5699,ORB-2510-4
VR903404,C108881,VA-EB-AIR,2025-11-03,Amazon,1,1799,AIR-2507-2
VR904351,C106130,VA-EB-PL2,2025-11-03,vireo.in,1,2974,PL2-2510-4
VR904542,C100756,VA-EB-PL2,2025-11-03,vireo.in,1,2974,PL2-2509-4
VR909062,C107967,VA-EB-PL1,2025-11-03,Flipkart,1,2499,PL1-2508-1
VR909173,C104059,VA-EB-PL2,2025-11-03,vireo.in,1,3499,PL2-2509-2
VR909296,C104463,VA-SW-NX2,2025-11-03,vireo.in,1,5849,NX2-2509-2
VR909855,C103214,VA-EB-PL1,2025-11-03,vireo.in,1,2499,PL1-2509-2
VR883136,C102036,VA-EB-PL2,2025-11-04,vireo.in,1,3324,PL2-2507-1
VR884372,C100966,VA-EB-PL2,2025-11-04,Amazon,2,5948,PL2-2508-2
VR884430,C103942,VA-EB-PL2,2025-11-04,vireo.in,1,3499,PL2-2508-4
VR887000,C101337,VA-SP-MINI,2025-11-04,Flipkart,1,2499,MINI-2508-3
VR889242,C108335,VA-EB-PL2,2025-11-04,vireo.in,1,2974,PL2-2510-4
VR889526,C109061,VA-EB-PL2,2025-11-04,vireo.in,1,3149,PL2-2509-4
VR890550,C104647,VA-EB-PL2,2025-11-04,Flipkart,1,3499,PL2-2507-1
VR891128,C106458,VA-EB-PL2,2025-11-04,vireo.in,1,3324,PL2-2509-3
VR891236,C107333,VA-SP-MINI,2025-11-04,Flipkart,1,2374,MINI-2508-2
VR891990,C107367,VA-HP-ST2,2025-11-04,Amazon,1,4749,ST2-2509-1
VR892431,C101382,VA-EB-AIR,2025-11-04,Flipkart,1,1799,AIR-2508-3
VR893835,C107314,VA-EB-PL2,2025-11-04,Amazon,1,3499,PL2-2510-2
VR894468,C100977,VA-EB-PL2,2025-11-04,Flipkart,1,3149,PL2-2508-2
VR894665,C103726,VA-HP-ST3,2025-11-04,vireo.in,1,6999,ST3-2510-1
VR895219,C106148,VA-AC-CASE,2025-11-04,vireo.in,1,1234,CASE-2508-2
VR899997,C104605,VA-EB-AIR,2025-11-04,vireo.in,1,1799,AIR-2508-1
VR900783,C107082,VA-EB-PL1,2025-11-04,vireo.in,1,2374,PL1-2508-1
VR900899,C101073,VA-SP-ORB,2025-11-04,Amazon,1,4799,ORB-2509-4
VR901096,C102913,VA-EB-PL2,2025-11-04,Amazon,1,2799,PL2-2508-2
VR901503,C102978,VA-EB-AIR,2025-11-04,vireo.in,1,1799,AIR-2508-1
VR901579,C106541,VA-SW-NX2,2025-11-04,vireo.in,1,6499,NX2-2509-3
VR903401,C102704,VA-EB-PL2,2025-11-04,vireo.in,1,2974,PL2-2510-1
VR903835,C101560,VA-EB-PL2,2025-11-04,vireo.in,1,3499,PL2-2509-4
VR903935,C105869,VA-SW-FIT,2025-11-04,Amazon,1,1699,FIT-2508-4
VR904552,C102517,VA-SP-MINI,2025-11-04,vireo.in,1,2124,MINI-2507-2
VR904561,C102411,VA-EB-PL2,2025-11-04,Amazon,1,3499,PL2-2507-2
VR905479,C103344,VA-EB-PL2,2025-11-04,vireo.in,1,3499,PL2-2508-4
VR905569,C102778,VA-EB-PL2,2025-11-04,vireo.in,1,2974,PL2-2508-4
VR906112,C100636,VA-EB-PL2,2025-11-04,vireo.in,1,3149,PL2-2509-4
VR906406,C105388,VA-EB-PL1,2025-11-04,vireo.in,1,1999,PL1-2510-3
VR907447,C101048,VA-HP-ST3,2025-11-04,Amazon,1,6649,ST3-2509-2
VR909287,C107330,VA-EB-PL2,2025-11-04,vireo.in,1,3324,PL2-2510-2
VR909435,C106947,VA-EB-AIR,2025-11-04,vireo.in,2,2878,AIR-2507-1
VR880065,C100362,VA-EB-PL2,2025-11-05,Flipkart,1,2799,PL2-2507-4
VR880157,C103093,VA-EB-PL2,2025-11-05,vireo.in,1,3324,PL2-2507-1
VR881705,C105865,VA-EB-PL2,2025-11-05,vireo.in,1,3149,PL2-2507-3
VR881717,C107000,VA-EB-PL2,2025-11-05,Amazon,1,3149,PL2-2509-3
VR881786,C101323,VA-SP-MINI,2025-11-05,Amazon,1,2499,MINI-2509-2
VR884861,C100577,VA-AC-CASE,2025-11-05,vireo.in,1,1234,CASE-2509-4
VR886838,C105782,VA-EB-PL2,2025-11-05,Flipkart,1,3324,PL2-2509-1
VR888176,C107717,VA-EB-PL2,2025-11-05,vireo.in,1,3149,PL2-2508-3
VR888377,C102339,VA-SW-NX1,2025-11-05,Flipkart,1,4249,NX1-2509-2
VR888503,C108623,VA-EB-PL1,2025-11-05,vireo.in,1,2499,PL1-2508-2
VR889363,C102660,VA-AC-CH65,2025-11-05,vireo.in,1,1499,CH65-2508-1
VR889500,C105740,VA-EB-PL2,2025-11-05,vireo.in,2,6998,PL2-2510-3
VR889784,C108381,VA-SW-NX2,2025-11-05,vireo.in,1,5199,NX2-2509-1
VR889844,C106617,VA-EB-PL2,2025-11-05,Amazon,1,3499,PL2-2508-3
VR890434,C104013,VA-AC-CBL,2025-11-05,vireo.in,1,399,CBL-2509-1
VR891771,C100786,VA-EB-PL1,2025-11-05,Amazon,1,2499,PL1-2510-2
VR891984,C101467,VA-EB-PL2,2025-11-05,vireo.in,1,3499,PL2-2509-1
VR894168,C102442,VA-EB-PL2,2025-11-05,Amazon,1,2799,PL2-2510-3
VR895197,C106070,VA-EB-PL2,2025-11-05,vireo.in,1,2974,PL2-2507-1
VR895491,C105549,VA-EB-PL2,2025-11-05,Amazon,1,3324,PL2-2507-1
VR897067,C108161,VA-SW-NX1,2025-11-05,vireo.in,1,4749,NX1-2509-2
VR897863,C101713,VA-EB-PL2,2025-11-05,vireo.in,1,3324,PL2-2509-4
VR898126,C104733,VA-EB-PL2,2025-11-05,vireo.in,1,3499,PL2-2508-1
VR898490,C108378,VA-EB-PL2,2025-11-05,Amazon,1,3324,PL2-2510-1
VR898651,C101146,VA-SP-ORB,2025-11-05,Flipkart,1,5699,ORB-2510-1
VR900417,C106662,VA-SP-MINI,2025-11-05,vireo.in,1,2249,MINI-2507-4
VR901499,C108883,VA-SW-FIT,2025-11-05,Flipkart,1,1799,FIT-2507-2
VR901656,C107275,VA-EB-AIR,2025-11-05,vireo.in,1,1709,AIR-2508-1
VR902004,C104698,VA-HP-ST2,2025-11-05,Amazon,1,4749,ST2-2509-1
VR903991,C103489,VA-EB-AIR,2025-11-05,Flipkart,1,1799,AIR-2508-3
VR904284,C106034,VA-EB-AIR,2025-11-05,Amazon,1,1709,AIR-2508-2
VR904387,C109469,VA-SW-NX2,2025-11-05,vireo.in,1,5199,NX2-2509-3
VR904406,C102971,VA-SP-MINI,2025-11-05,vireo.in,2,4998,MINI-2508-3
VR906762,C102011,VA-EB-AIR,2025-11-05,Amazon,2,3598,AIR-2508-3
VR906796,C108501,VA-HP-ST3,2025-11-05,vireo.in,1,6999,ST3-2509-4
VR907130,C107998,VA-EB-PL2,2025-11-05,Amazon,1,3499,PL2-2509-1
VR907628,C103158,VA-EB-AIR,2025-11-05,vireo.in,1,1439,AIR-2508-1
VR907865,C101124,VA-HP-ST3,2025-11-05,Amazon,1,6299,ST3-2510-4
VR908273,C102873,VA-EB-PL2,2025-11-05,Amazon,1,3499,PL2-2509-2
VR909074,C108547,VA-EB-PL2,2025-11-05,Flipkart,1,3499,PL2-2508-2
VR909390,C106325,VA-EB-PL2,2025-11-05,vireo.in,1,2974,PL2-2510-1
VR880030,C105528,VA-AC-CBL,2025-11-06,vireo.in,1,359,CBL-2507-1
VR880506,C104808,VA-EB-PL1,2025-11-06,vireo.in,1,2499,PL1-2508-4
VR880945,C104736,VA-EB-PL2,2025-11-06,vireo.in,1,3499,PL2-2509-3
VR882215,C108991,VA-HP-ST3,2025-11-06,Flipkart,1,6999,ST3-2508-3
VR882824,C108046,VA-EB-PL2,2025-11-06,Flipkart,1,3499,PL2-2508-4
VR883718,C109244,VA-HP-ST3,2025-11-06,vireo.in,1,6999,ST3-2508-2
VR884315,C103884,VA-EB-PL2,2025-11-06,vireo.in,1,3324,PL2-2509-2
VR884379,C104102,VA-EB-PL2,2025-11-06,vireo.in,1,3149,PL2-2509-2
VR885134,C102128,VA-EB-PL1,2025-11-06,Amazon,1,2499,PL1-2508-3
VR885734,C105103,VA-EB-PL2,2025-11-06,vireo.in,1,2974,PL2-2508-4
VR887004,C109346,VA-HP-ST3,2025-11-06,Amazon,2,12598,ST3-2508-2
VR887565,C104668,VA-SW-NX1,2025-11-06,vireo.in,1,4749,NX1-2508-1
VR887680,C103098,VA-EB-PL2,2025-11-06,Flipkart,1,3499,PL2-2507-2
VR887825,C101674,VA-EB-PL2,2025-11-06,vireo.in,2,5598,PL2-2508-1
VR888495,C104835,VA-SW-NX2,2025-11-06,vireo.in,1,6499,NX2-2509-1
VR889227,C106578,VA-HP-ST2,2025-11-06,vireo.in,1,4749,ST2-2508-3
VR889970,C106210,VA-EB-PL2,2025-11-06,vireo.in,1,3149,PL2-2510-2
VR890615,C102131,VA-EB-PL2,2025-11-06,vireo.in,1,2799,PL2-2510-4
VR891166,C104631,VA-EB-AIR,2025-11-06,vireo.in,1,1799,AIR-2508-1
VR894123,C107214,VA-EB-PL2,2025-11-06,vireo.in,1,3149,PL2-2508-3
VR894166,C104106,VA-HP-ST3,2025-11-06,vireo.in,1,6299,ST3-2509-1
VR895452,C108989,VA-EB-PL2,2025-11-06,Amazon,1,3324,PL2-2509-1
VR895903,C109468,VA-EB-AIR,2025-11-06,vireo.in,1,1799,AIR-2510-1
VR896194,C107382,VA-EB-PL2,2025-11-06,vireo.in,1,2974,PL2-2508-1
VR896972,C109082,VA-EB-PL2,2025-11-06,vireo.in,1,2974,PL2-2508-1
VR897213,C102056,VA-SW-NX1,2025-11-06,Flipkart,1,4999,NX1-2508-4
VR898810,C106178,VA-EB-AIR,2025-11-06,vireo.in,1,1799,AIR-2509-1
VR899584,C101166,VA-EB-PL2,2025-11-06,vireo.in,1,3499,PL2-2509-4
VR900102,C102555,VA-EB-PL2,2025-11-06,Amazon,1,3499,PL2-2508-4
VR900474,C106087,VA-EB-PL2,2025-11-06,vireo.in,1,3149,PL2-2510-1
VR901734,C105710,VA-EB-PL2,2025-11-06,Flipkart,1,2799,PL2-2509-1
VR902296,C102524,VA-EB-PL2,2025-11-06,vireo.in,1,3499,PL2-2510-2
VR902331,C102654,VA-EB-PL2,2025-11-06,vireo.in,1,3499,PL2-2507-3
VR902464,C105619,VA-NB-ARC,2025-11-06,vireo.in,1,1039,ARC-2508-4
VR904127,C101682,VA-AC-CH65,2025-11-06,vireo.in,1,1499,CH65-2507-3
VR906271,C108408,VA-SW-FIT,2025-11-06,Amazon,1,1599,FIT-2510-1
VR906735,C101947,VA-EB-AIR,2025-11-06,vireo.in,1,1619,AIR-2508-4
VR908954,C109258,VA-SP-MINI,2025-11-06,Amazon,1,2499,MINI-2510-4
VR909239,C100294,VA-EB-AIR,2025-11-06,vireo.in,2,3238,AIR-2508-4
VR880858,C108434,VA-SP-MINI,2025-11-07,vireo.in,1,2499,MINI-2507-1
VR882394,C101547,VA-EB-PL1,2025-11-07,Flipkart,1,2499,PL1-2509-1
VR882877,C104373,VA-SP-MINI,2025-11-07,vireo.in,1,2499,MINI-2509-2
VR884138,C108862,VA-AC-CASE,2025-11-07,Amazon,1,1039,CASE-2509-2
VR885983,C107103,VA-EB-PL1,2025-11-07,Amazon,1,2499,PL1-2510-1
VR886408,C107643,VA-EB-PL2,2025-11-07,vireo.in,1,3324,PL2-2507-2
VR887059,C104560,VA-SW-NX2,2025-11-07,Amazon,1,6174,NX2-2508-3
VR887571,C101624,VA-SP-MINI,2025-11-07,Flipkart,1,2249,MINI-2509-4
VR888041,C100726,VA-EB-PL2,2025-11-07,Flipkart,2,6998,PL2-2510-3
VR888619,C101423,VA-EB-PL2,2025-11-07,vireo.in,1,2799,PL2-2507-3
VR888702,C100049,VA-SP-MINI,2025-11-07,Amazon,1,2499,MINI-2508-3
VR889256,C100275,VA-SW-NX2,2025-11-07,vireo.in,2,11698,NX2-2508-2
VR889365,C101017,VA-EB-PL1,2025-11-07,Flipkart,1,2499,PL1-2508-2
VR889744,C108152,VA-EB-AIR,2025-11-07,vireo.in,1,1439,AIR-2509-4
VR890805,C104997,VA-EB-PL2,2025-11-07,Amazon,1,2974,PL2-2508-2
VR892240,C107414,VA-SW-NX2,2025-11-07,Flipkart,1,5199,NX2-2509-2
VR892492,C105590,VA-SW-NX2,2025-11-07,Amazon,1,6499,NX2-2509-3
VR892718,C108323,VA-EB-PL2,2025-11-07,Amazon,1,3499,PL2-2509-4
VR892766,C104703,VA-EB-PL2,2025-11-07,Amazon,1,3149,PL2-2509-1
VR893947,C106556,VA-EB-AIR,2025-11-07,vireo.in,1,1709,AIR-2509-1
VR894622,C105359,VA-EB-PL2,2025-11-07,Amazon,1,3149,PL2-2508-4
VR896294,C105883,VA-HP-ST3,2025-11-07,vireo.in,1,6999,ST3-2510-2
VR896878,C107204,VA-EB-PL2,2025-11-07,Amazon,1,3499,PL2-2508-1
VR897350,C107409,VA-EB-PL1,2025-11-07,vireo.in,1,2499,PL1-2508-3
VR898593,C104066,VA-EB-PL1,2025-11-07,vireo.in,1,2249,PL1-2510-3
VR899931,C103412,VA-AC-CASE,2025-11-07,vireo.in,1,1169,CASE-2507-3
VR900565,C102136,VA-SW-NX2,2025-11-07,Amazon,1,6499,NX2-2510-3
VR901607,C104168,VA-EB-PL1,2025-11-07,Flipkart,1,2499,PL1-2509-2
VR902373,C107887,VA-EB-PL2,2025-11-07,vireo.in,1,3499,PL2-2507-4
VR903926,C107198,VA-EB-PL2,2025-11-07,vireo.in,1,2799,PL2-2508-2
VR904891,C104506,VA-EB-PL1,2025-11-07,Amazon,1,1999,PL1-2508-3
VR904933,C100735,VA-SW-NX2,2025-11-07,vireo.in,2,12998,NX2-2507-3
VR907740,C105772,VA-SW-NX2,2025-11-07,Amazon,1,5199,NX2-2509-2
VR908180,C109166,VA-EB-PL2,2025-11-07,Flipkart,1,2974,PL2-2508-4
VR908345,C105161,VA-SW-NX2,2025-11-07,vireo.in,1,6499,NX2-2509-2
VR909472,C103956,VA-EB-PL1,2025-11-07,Amazon,1,2499,PL1-2510-4
VR881357,C107245,VA-EB-PL1,2025-11-08,vireo.in,1,2124,PL1-2510-3
VR882000,C108696,VA-EB-PL2,2025-11-08,Amazon,1,2799,PL2-2508-1
VR882080,C108870,VA-EB-PL1,2025-11-08,vireo.in,1,2499,PL1-2510-1
VR882242,C101477,VA-EB-PL2,2025-11-08,Flipkart,1,3499,PL2-2510-2
VR882346,C106010,VA-EB-PL1,2025-11-08,Amazon,1,2124,PL1-2509-4
VR883836,C106718,VA-HP-ST3,2025-11-08,Flipkart,1,5599,ST3-2509-3
VR883864,C105620,VA-EB-PL2,2025-11-08,Flipkart,1,3149,PL2-2509-2
VR883920,C102508,VA-EB-PL2,2025-11-08,Flipkart,1,3324,PL2-2508-2
VR884376,C100670,VA-EB-AIR,2025-11-08,Amazon,1,1619,AIR-2509-1
VR884769,C107693,VA-SP-ORB,2025-11-08,Amazon,2,11398,ORB-2509-1
VR885452,C107511,VA-EB-PL2,2025-11-08,Amazon,1,3499,PL2-2508-2
VR885984,C104354,VA-EB-AIR,2025-11-08,vireo.in,2,3058,AIR-2508-1
VR887602,C101874,VA-AC-CASE,2025-11-08,vireo.in,1,1104,CASE-2508-4
VR887651,C106967,VA-SP-MINI,2025-11-08,Amazon,1,2374,MINI-2509-1
VR889475,C100378,VA-EB-PL1,2025-11-08,vireo.in,1,2249,PL1-2510-2
VR890981,C102824,VA-SW-NX2,2025-11-08,vireo.in,1,5199,NX2-2510-4
VR891392,C107458,VA-HP-ST3,2025-11-08,vireo.in,1,5949,ST3-2509-4
VR891913,C108200,VA-EB-PL2,2025-11-08,vireo.in,1,2974,PL2-2509-3
VR892161,C103158,VA-SW-NX2,2025-11-08,Amazon,1,6174,NX2-2509-1
VR892419,C107149,VA-SP-MINI,2025-11-08,vireo.in,1,2124,MINI-2509-4
VR894236,C105028,VA-EB-PL1,2025-11-08,vireo.in,1,2499,PL1-2509-1
VR894784,C101285,VA-EB-AIR,2025-11-08,Amazon,1,1619,AIR-2510-4
VR895709,C104860,VA-SP-ORB,2025-11-08,Flipkart,1,5999,ORB-2507-1
VR896788,C102786,VA-EB-PL2,2025-11-08,vireo.in,1,3324,PL2-2508-4
VR897596,C102221,VA-NB-ARC,2025-11-08,vireo.in,1,1299,ARC-2510-3
VR898680,C105790,VA-SW-NX2,2025-11-08,vireo.in,1,5199,NX2-2508-2
VR898789,C102765,VA-EB-PL2,2025-11-08,Flipkart,1,3499,PL2-2509-3
VR898843,C103066,VA-EB-PL1,2025-11-08,vireo.in,1,2124,PL1-2509-2
VR900185,C100410,VA-SP-MINI,2025-11-08,vireo.in,1,2374,MINI-2510-3
VR900737,C109081,VA-SP-ORB,2025-11-08,Flipkart,1,4799,ORB-2509-3
VR901033,C106236,VA-SW-NX2,2025-11-08,Amazon,1,6174,NX2-2508-3
VR901715,C102321,VA-SW-NX2,2025-11-08,Amazon,1,5199,NX2-2510-3
VR902982,C102281,VA-EB-AIR,2025-11-08,vireo.in,1,1529,AIR-2509-1
VR903006,C103124,VA-EB-PL2,2025-11-08,vireo.in,1,2799,PL2-2507-2
VR908944,C106918,VA-SW-NX1,2025-11-08,Amazon,1,4249,NX1-2508-4
VR880434,C107450,VA-SP-ORB,2025-11-09,vireo.in,1,4799,ORB-2510-1
VR881603,C107304,VA-EB-PL2,2025-11-09,vireo.in,1,2799,PL2-2508-3
VR881883,C106900,VA-SW-NX1,2025-11-09,vireo.in,1,4999,NX1-2508-2
VR882549,C108031,VA-EB-PL2,2025-11-09,vireo.in,1,3149,PL2-2508-3
VR883138,C108007,VA-EB-PL1,2025-11-09,vireo.in,1,2374,PL1-2508-1
VR883917,C108476,VA-EB-PL2,2025-11-09,vireo.in,1,3324,PL2-2507-3
VR884688,C100473,VA-SW-NX2,2025-11-09,vireo.in,1,5849,NX2-2508-1
VR885172,C107708,VA-EB-PL2,2025-11-09,Flipkart,2,5598,PL2-2510-3
VR886104,C106896,VA-SW-NX2,2025-11-09,Flipkart,1,5199,NX2-2509-2
VR886301,C105461,VA-AC-CASE,2025-11-09,vireo.in,1,1234,CASE-2509-2
VR886378,C105862,VA-HP-ST3,2025-11-09,Flipkart,1,5949,ST3-2510-3
VR887975,C107083,VA-SP-MINI,2025-11-09,vireo.in,1,2249,MINI-2509-2
VR890742,C103436,VA-EB-AIR,2025-11-09,vireo.in,1,1799,AIR-2509-4
VR890961,C101714,VA-SW-FIT,2025-11-09,vireo.in,1,1599,FIT-2507-3
VR891218,C105205,VA-SW-FIT,2025-11-09,Flipkart,1,1599,FIT-2508-3
VR894471,C103820,VA-EB-PL1,2025-11-09,vireo.in,1,2249,PL1-2510-3
VR894521,C104540,VA-EB-AIR,2025-11-09,vireo.in,1,1799,AIR-2510-1
VR895100,C103196,VA-AC-CH65,2025-11-09,Amazon,1,1349,CH65-2508-1
VR895151,C103119,VA-SW-NX2,2025-11-09,vireo.in,1,5849,NX2-2507-3
VR895174,C104032,VA-NB-ARC,2025-11-09,vireo.in,1,1039,ARC-2509-3
VR895958,C108878,VA-AC-CH65,2025-11-09,vireo.in,1,1349,CH65-2508-2
VR897341,C100509,VA-EB-PL2,2025-11-09,vireo.in,1,3149,PL2-2509-1
VR897779,C108926,VA-EB-PL2,2025-11-09,vireo.in,1,2799,PL2-2509-4
VR898176,C104952,VA-SP-MINI,2025-11-09,Amazon,1,2499,MINI-2508-4
VR898423,C107479,VA-SP-ORB,2025-11-09,Amazon,1,4799,ORB-2509-3
VR899089,C104605,VA-SW-NX1,2025-11-09,Amazon,1,3999,NX1-2510-2
VR899482,C101446,VA-EB-PL2,2025-11-09,Amazon,1,3149,PL2-2509-1
VR899862,C104833,VA-EB-PL2,2025-11-09,Flipkart,1,3499,PL2-2508-1
VR901295,C101238,VA-EB-PL1,2025-11-09,Amazon,1,2499,PL1-2510-1
VR902708,C100033,VA-EB-PL2,2025-11-09,Flipkart,1,3324,PL2-2508-2
VR903752,C100684,VA-SP-MINI,2025-11-09,Flipkart,1,2249,MINI-2510-2
VR904558,C107654,VA-EB-PL2,2025-11-09,vireo.in,1,2974,PL2-2510-2
VR905002,C100973,VA-SP-MINI,2025-11-09,vireo.in,1,2499,MINI-2509-1
VR906555,C101016,VA-SW-NX1,2025-11-09,vireo.in,1,4249,NX1-2508-2
VR907229,C101721,VA-EB-PL1,2025-11-09,Amazon,1,2249,PL1-2509-2
VR907485,C105275,VA-EB-PL2,2025-11-09,vireo.in,1,3324,PL2-2509-4
VR907966,C102374,VA-SW-NX2,2025-11-09,vireo.in,1,6499,NX2-2507-1
VR908740,C103374,VA-EB-PL2,2025-11-09,vireo.in,1,3499,PL2-2508-3
VR909181,C109252,VA-SW-FIT,2025-11-09,vireo.in,1,1599,FIT-2509-2
VR880350,C101643,VA-EB-PL2,2025-11-10,Amazon,1,2799,PL2-2507-1
VR881194,C105074,VA-EB-PL2,2025-11-10,vireo.in,1,2799,PL2-2509-3
VR882232,C106848,VA-SP-ORB,2025-11-10,vireo.in,1,5999,ORB-2510-3
VR882329,C103527,VA-HP-ST3,2025-11-10,Amazon,1,5599,ST3-2509-3
VR883556,C103436,VA-EB-PL2,2025-11-10,vireo.in,1,2799,PL2-2509-2
VR884803,C107008,VA-EB-PL2,2025-11-10,vireo.in,1,3499,PL2-2508-2
VR886004,C109249,VA-SW-FIT,2025-11-10,vireo.in,1,1999,FIT-2508-1
VR886796,C109446,VA-AC-CASE,2025-11-10,vireo.in,1,1299,CASE-2509-1
VR888316,C105603,VA-HP-ST2,2025-11-10,vireo.in,1,4999,ST2-2508-1
VR888507,C107450,VA-HP-ST3,2025-11-10,vireo.in,1,5949,ST3-2508-2
VR888614,C102415,VA-EB-PL2,2025-11-10,vireo.in,1,3324,PL2-2508-3
VR889382,C105596,VA-EB-PL2,2025-11-10,Flipkart,2,6998,PL2-2509-3
VR889609,C103461,VA-EB-PL2,2025-11-10,vireo.in,1,3499,PL2-2508-3
VR889771,C103923,VA-EB-PL2,2025-11-10,vireo.in,1,3499,PL2-2510-3
VR889818,C103505,VA-SP-MINI,2025-11-10,vireo.in,1,2124,MINI-2509-4
VR890172,C108994,VA-SW-NX2,2025-11-10,vireo.in,2,12998,NX2-2508-2
VR891006,C107689,VA-EB-PL2,2025-11-10,vireo.in,1,3499,PL2-2508-4
VR891586,C108920,VA-AC-CBL,2025-11-10,vireo.in,1,359,CBL-2510-1
VR892586,C109121,VA-SP-ORB,2025-11-10,vireo.in,2,11998,ORB-2508-3
VR894140,C102926,VA-HP-ST2,2025-11-10,vireo.in,1,4999,ST2-2507-4
VR895863,C103983,VA-HP-ST2,2025-11-10,vireo.in,1,4499,ST2-2509-1
VR896562,C107845,VA-EB-AIR,2025-11-10,vireo.in,1,1439,AIR-2507-1
VR897380,C108826,VA-SP-ORB,2025-11-10,Amazon,1,5999,ORB-2509-1
VR897745,C109139,VA-SP-MINI,2025-11-10,Flipkart,1,1999,MINI-2509-2
VR898283,C104186,VA-EB-AIR,2025-11-10,Flipkart,1,1529,AIR-2508-1
VR898773,C107179,VA-EB-PL2,2025-11-10,vireo.in,1,3324,PL2-2508-2
VR898809,C106173,VA-SW-NX1,2025-11-10,vireo.in,1,4999,NX1-2510-2
VR899220,C105652,VA-EB-PL2,2025-11-10,Flipkart,1,3149,PL2-2510-4
VR900711,C104920,VA-EB-AIR,2025-11-10,Amazon,1,1529,AIR-2507-4
VR900909,C104253,VA-HP-ST2,2025-11-10,vireo.in,1,3999,ST2-2508-3
VR901624,C101661,VA-EB-PL2,2025-11-10,vireo.in,1,3149,PL2-2508-4
VR902474,C100677,VA-AC-CASE,2025-11-10,Flipkart,1,1169,CASE-2508-4
VR903336,C103408,VA-SW-FIT,2025-11-10,Amazon,1,1699,FIT-2509-2
VR904094,C102626,VA-EB-PL2,2025-11-10,Amazon,1,3149,PL2-2509-4
VR904655,C102216,VA-SW-NX2,2025-11-10,vireo.in,1,6499,NX2-2509-4
VR906951,C104836,VA-SW-NX2,2025-11-10,vireo.in,1,5524,NX2-2510-3
VR907211,C106924,VA-EB-PL2,2025-11-10,Amazon,1,3324,PL2-2508-3
VR909101,C102166,VA-HP-ST2,2025-11-10,vireo.in,1,4999,ST2-2507-1
VR881481,C101836,VA-AC-CASE,2025-11-11,Amazon,1,1169,CASE-2509-1
VR881542,C108640,VA-EB-PL2,2025-11-11,Amazon,1,3149,PL2-2508-4
VR882144,C100751,VA-AC-CBL,2025-11-11,vireo.in,1,399,CBL-2509-2
VR882595,C109013,VA-AC-CBL,2025-11-11,vireo.in,1,379,CBL-2510-3
VR883037,C103936,VA-EB-PL1,2025-11-11,vireo.in,1,2249,PL1-2508-1
VR883312,C101756,VA-HP-ST3,2025-11-11,vireo.in,1,6299,ST3-2508-4
VR883582,C104373,VA-EB-PL1,2025-11-11,Amazon,1,2499,PL1-2508-1
VR884156,C105868,VA-HP-ST2,2025-11-11,vireo.in,1,4749,ST2-2507-4
VR885208,C108202,VA-HP-ST3,2025-11-11,vireo.in,1,6649,ST3-2508-3
VR886053,C103514,VA-EB-PL2,2025-11-11,vireo.in,1,3499,PL2-2507-1
VR886637,C106919,VA-HP-ST3,2025-11-11,vireo.in,1,6999,ST3-2510-2
VR887453,C105022,VA-EB-PL2,2025-11-11,vireo.in,1,2799,PL2-2509-4
VR887996,C102379,VA-SW-NX2,2025-11-11,Amazon,1,5849,NX2-2509-3
VR888083,C102066,VA-EB-PL2,2025-11-11,Amazon,1,3499,PL2-2510-4
VR888569,C109423,VA-AC-CASE,2025-11-11,Amazon,1,1039,CASE-2510-1
VR888734,C107277,VA-SP-MINI,2025-11-11,vireo.in,1,2499,MINI-2510-4
VR888926,C104971,VA-SP-MINI,2025-11-11,Amazon,2,4998,MINI-2509-2
VR892014,C104492,VA-EB-PL2,2025-11-11,vireo.in,1,3499,PL2-2509-3
VR893859,C108547,VA-SW-NX2,2025-11-11,vireo.in,1,5524,NX2-2510-4
VR893956,C104357,VA-EB-PL2,2025-11-11,vireo.in,1,3324,PL2-2510-2
VR895177,C104206,VA-SP-ORB,2025-11-11,Amazon,1,5699,ORB-2509-1
VR895678,C109341,VA-EB-PL2,2025-11-11,vireo.in,1,2974,PL2-2508-2
VR895825,C103114,VA-EB-PL2,2025-11-11,vireo.in,1,3499,PL2-2508-4
VR897497,C103072,VA-EB-PL1,2025-11-11,vireo.in,1,2499,PL1-2507-2
VR897632,C100401,VA-SW-NX2,2025-11-11,Amazon,1,6499,NX2-2508-1
VR898352,C100847,VA-EB-PL2,2025-11-11,vireo.in,1,2799,PL2-2508-2
VR899073,C103234,VA-HP-ST2,2025-11-11,Flipkart,1,4249,ST2-2509-3
VR899426,C100141,VA-SW-NX2,2025-11-11,vireo.in,1,6499,NX2-2510-1
VR900189,C101561,VA-SP-MINI,2025-11-11,vireo.in,1,2374,MINI-2510-3
VR900775,C100911,VA-EB-PL2,2025-11-11,vireo.in,1,2799,PL2-2509-3
VR902278,C105524,VA-EB-PL2,2025-11-11,vireo.in,1,3499,PL2-2508-2
VR902673,C107717,VA-EB-AIR,2025-11-11,vireo.in,1,1709,AIR-2509-2
VR904536,C105357,VA-EB-PL2,2025-11-11,Amazon,1,3324,PL2-2508-4
VR905477,C100043,VA-EB-PL1,2025-11-11,vireo.in,1,2124,PL1-2510-4
VR905897,C100939,VA-EB-PL2,2025-11-11,Flipkart,1,3499,PL2-2509-3
VR906695,C100186,VA-EB-PL1,2025-11-11,vireo.in,1,2499,PL1-2510-2
VR906842,C106216,VA-EB-PL2,2025-11-11,vireo.in,1,2799,PL2-2507-4
VR907860,C107272,VA-SW-FIT,2025-11-11,vireo.in,1,1999,FIT-2508-4
VR880399,C100619,VA-SP-ORB,2025-11-12,vireo.in,1,4799,ORB-2510-1
VR880910,C102934,VA-SP-MINI,2025-11-12,vireo.in,1,2499,MINI-2509-2
VR883364,C103363,VA-EB-PL2,2025-11-12,Flipkart,1,3324,PL2-2508-3
VR884719,C107838,VA-SW-NX2,2025-11-12,Amazon,1,6499,NX2-2509-4
VR885632,C100698,VA-EB-PL1,2025-11-12,vireo.in,1,2249,PL1-2508-3
VR888498,C109480,VA-SW-NX2,2025-11-12,Amazon,1,6499,NX2-2509-1
VR889666,C105604,VA-EB-PL2,2025-11-12,Flipkart,1,3499,PL2-2507-4
VR890254,C106632,VA-SW-NX2,2025-11-12,vireo.in,1,6174,NX2-2508-1
VR890565,C107589,VA-HP-ST3,2025-11-12,Flipkart,1,5599,ST3-2509-2
VR891132,C102292,VA-EB-PL1,2025-11-12,vireo.in,1,2374,PL1-2510-3
VR891393,C105714,VA-SW-NX2,2025-11-12,Amazon,1,5849,NX2-2508-3
VR891429,C100586,VA-EB-PL2,2025-11-12,Flipkart,1,3499,PL2-2510-4
VR893226,C100455,VA-EB-PL2,2025-11-12,vireo.in,1,3499,PL2-2508-2
VR894143,C100988,VA-EB-PL2,2025-11-12,Amazon,1,3324,PL2-2509-2
VR894819,C106719,VA-SW-FIT,2025-11-12,vireo.in,1,1599,FIT-2508-1
VR894898,C102256,VA-EB-PL2,2025-11-12,Flipkart,1,2799,PL2-2508-3
VR897145,C101554,VA-SW-NX2,2025-11-12,Flipkart,1,6499,NX2-2510-2
VR897466,C108231,VA-EB-PL2,2025-11-12,Amazon,1,3499,PL2-2509-1
VR897989,C101437,VA-EB-PL1,2025-11-12,vireo.in,1,2374,PL1-2509-2
VR898557,C106950,VA-EB-PL2,2025-11-12,Amazon,1,3499,PL2-2508-1
VR898893,C106930,VA-NB-ARC,2025-11-12,Flipkart,1,1234,ARC-2510-4
VR902230,C100482,VA-EB-PL2,2025-11-12,Amazon,1,3499,PL2-2508-1
VR903181,C104126,VA-SW-NX2,2025-11-12,vireo.in,1,5199,NX2-2509-1
VR904172,C101114,VA-EB-PL2,2025-11-12,Amazon,1,3149,PL2-2509-2
VR904400,C102536,VA-EB-PL2,2025-11-12,Amazon,1,3149,PL2-2510-3
VR909329,C105784,VA-SP-MINI,2025-11-12,Amazon,1,2499,MINI-2509-2
VR909952,C109464,VA-AC-CH65,2025-11-12,vireo.in,1,1499,CH65-2509-3
VR881083,C109382,VA-EB-PL1,2025-11-13,Amazon,1,1999,PL1-2509-2
VR881135,C102479,VA-SW-NX2,2025-11-13,Amazon,1,5524,NX2-2508-3
VR881736,C101547,VA-EB-PL2,2025-11-13,Amazon,1,3499,PL2-2509-4
VR883288,C107217,VA-EB-PL2,2025-11-13,Amazon,1,3324,PL2-2510-1
VR884032,C100118,VA-NB-ARC,2025-11-13,vireo.in,1,1299,ARC-2509-2
VR884588,C100748,VA-SW-NX2,2025-11-13,vireo.in,1,5199,NX2-2507-4
VR885158,C102604,VA-NB-ARC,2025-11-13,vireo.in,1,1299,ARC-2510-1
VR885662,C106979,VA-EB-PL2,2025-11-13,Flipkart,1,3149,PL2-2510-3
VR886457,C106794,VA-SW-NX2,2025-11-13,Amazon,1,5849,NX2-2510-4
VR886975,C103669,VA-EB-AIR,2025-11-13,vireo.in,1,1799,AIR-2509-4
VR887709,C107975,VA-SW-NX1,2025-11-13,vireo.in,1,4249,NX1-2508-3
VR888582,C106551,VA-EB-PL2,2025-11-13,vireo.in,1,3499,PL2-2510-2
VR889314,C106654,VA-SW-NX2,2025-11-13,vireo.in,1,5849,NX2-2510-3
VR889546,C106414,VA-EB-PL2,2025-11-13,Flipkart,1,3499,PL2-2509-4
VR889862,C105013,VA-EB-PL1,2025-11-13,Amazon,1,2249,PL1-2509-1
VR890594,C100251,VA-EB-PL2,2025-11-13,vireo.in,1,3499,PL2-2507-2
VR893005,C102837,VA-HP-ST3,2025-11-13,Amazon,1,6999,ST3-2509-2
VR893721,C103954,VA-SP-ORB,2025-11-13,vireo.in,1,5999,ORB-2510-1
VR893757,C105644,VA-SW-NX2,2025-11-13,vireo.in,1,5524,NX2-2508-3
VR895421,C104415,VA-EB-PL2,2025-11-13,Amazon,1,2799,PL2-2510-2
VR899407,C108204,VA-EB-PL2,2025-11-13,vireo.in,1,3499,PL2-2510-1
VR899920,C109314,VA-EB-PL2,2025-11-13,Amazon,1,3499,PL2-2509-4
VR900682,C100272,VA-EB-PL2,2025-11-13,Flipkart,1,3499,PL2-2510-1
VR901771,C105162,VA-EB-PL2,2025-11-13,vireo.in,1,3499,PL2-2510-3
VR902021,C109373,VA-AC-CASE,2025-11-13,vireo.in,1,1039,CASE-2509-3
VR902759,C108969,VA-AC-CASE,2025-11-13,Amazon,1,1039,CASE-2509-4
VR902789,C103366,VA-EB-PL1,2025-11-13,Flipkart,1,2124,PL1-2508-1
VR904801,C100962,VA-EB-PL2,2025-11-13,Amazon,1,3499,PL2-2510-2
VR905022,C101489,VA-EB-PL1,2025-11-13,vireo.in,1,2499,PL1-2509-1
VR905422,C100355,VA-EB-PL2,2025-11-13,Amazon,1,3149,PL2-2508-2
VR905779,C107418,VA-EB-PL1,2025-11-13,vireo.in,1,2124,PL1-2510-1
VR906105,C105174,VA-EB-PL1,2025-11-13,Flipkart,1,2249,PL1-2508-2
VR907610,C104345,VA-EB-PL2,2025-11-13,Flipkart,1,3499,PL2-2510-1
VR907618,C105979,VA-SW-NX2,2025-11-13,Flipkart,1,6499,NX2-2509-2
VR907871,C103723,VA-SW-FIT,2025-11-13,Flipkart,1,1699,FIT-2508-2
VR908609,C106453,VA-EB-PL2,2025-11-13,vireo.in,1,3499,PL2-2510-3
VR909518,C109040,VA-EB-PL2,2025-11-13,Flipkart,1,3499,PL2-2509-1
VR880967,C106034,VA-SW-NX2,2025-11-14,vireo.in,1,6174,NX2-2510-1
VR883171,C107604,VA-EB-PL2,2025-11-14,vireo.in,1,3499,PL2-2510-1
VR883875,C100560,VA-HP-ST3,2025-11-14,vireo.in,1,5599,ST3-2510-3
VR884111,C105230,VA-SW-NX2,2025-11-14,Amazon,1,5524,NX2-2510-3
VR885276,C107711,VA-SW-NX2,2025-11-14,vireo.in,1,6499,NX2-2509-1
VR886103,C100988,VA-EB-PL2,2025-11-14,vireo.in,1,3499,PL2-2509-4
VR886451,C106564,VA-EB-PL2,2025-11-14,Amazon,2,6998,PL2-2507-3
VR886757,C103052,VA-EB-PL2,2025-11-14,Flipkart,1,3499,PL2-2509-3
VR887220,C100528,VA-SP-MINI,2025-11-14,Amazon,1,1999,MINI-2509-3
VR888483,C105579,VA-SW-NX2,2025-11-14,vireo.in,1,5849,NX2-2510-1
VR889845,C101828,VA-EB-PL1,2025-11-14,Amazon,1,2124,PL1-2509-3
VR890199,C103288,VA-EB-PL2,2025-11-14,vireo.in,1,3499,PL2-2508-1
VR892224,C101450,VA-SW-FIT,2025-11-14,Flipkart,1,1799,FIT-2509-3
VR894009,C101250,VA-EB-PL2,2025-11-14,vireo.in,1,2799,PL2-2510-4
VR894656,C102753,VA-SW-FIT,2025-11-14,Amazon,1,1799,FIT-2509-2
VR894789,C105190,VA-EB-AIR,2025-11-14,Flipkart,1,1799,AIR-2508-2
VR895306,C103434,VA-EB-PL2,2025-11-14,vireo.in,1,3324,PL2-2508-2
VR898035,C108888,VA-SP-MINI,2025-11-14,Amazon,1,2374,MINI-2509-4
VR898157,C106976,VA-EB-PL2,2025-11-14,vireo.in,1,3499,PL2-2509-4
VR900309,C107844,VA-EB-PL2,2025-11-14,Flipkart,2,6998,PL2-2510-2
VR900516,C102285,VA-SW-NX2,2025-11-14,vireo.in,1,6499,NX2-2510-2
VR904635,C108026,VA-AC-CASE,2025-11-14,vireo.in,1,1299,CASE-2510-2
VR906225,C101929,VA-EB-PL2,2025-11-14,vireo.in,1,2799,PL2-2509-3
VR906341,C105688,VA-EB-PL2,2025-11-14,Amazon,1,3499,PL2-2509-1
VR906685,C100960,VA-EB-PL2,2025-11-14,Flipkart,1,2799,PL2-2510-2
VR907245,C105926,VA-EB-PL1,2025-11-14,vireo.in,1,2499,PL1-2509-4
VR908789,C102270,VA-EB-PL2,2025-11-14,vireo.in,1,3499,PL2-2510-2
VR909310,C101875,VA-SW-NX1,2025-11-14,Amazon,1,4999,NX1-2510-4
VR909666,C105716,VA-SW-NX1,2025-11-14,vireo.in,1,4499,NX1-2510-2
VR909826,C108958,VA-HP-ST3,2025-11-14,vireo.in,2,12598,ST3-2509-3
VR909896,C106328,VA-HP-ST3,2025-11-14,vireo.in,1,5949,ST3-2510-3
VR880112,C104831,VA-EB-PL2,2025-11-15,vireo.in,1,3149,PL2-2508-3
VR880285,C100801,VA-EB-PL1,2025-11-15,Amazon,1,2374,PL1-2507-4
VR880863,C103967,VA-EB-PL2,2025-11-15,vireo.in,1,3499,PL2-2510-3
VR880869,C101537,VA-SW-NX1,2025-11-15,Amazon,1,4749,NX1-2509-1
VR880905,C105198,VA-EB-PL2,2025-11-15,Amazon,1,3499,PL2-2510-2
VR880959,C106843,VA-EB-PL2,2025-11-15,Amazon,1,3324,PL2-2510-3
VR881324,C103958,VA-EB-PL1,2025-11-15,Flipkart,1,2374,PL1-2510-2
VR882096,C105327,VA-SW-NX1,2025-11-15,Flipkart,1,4249,NX1-2510-3
VR885189,C105653,VA-EB-PL2,2025-11-15,vireo.in,1,2974,PL2-2508-1
VR885706,C104882,VA-EB-PL2,2025-11-15,Amazon,1,2974,PL2-2508-3
VR885866,C101875,VA-EB-PL2,2025-11-15,Flipkart,2,6998,PL2-2510-2
VR886084,C102859,VA-EB-AIR,2025-11-15,Amazon,1,1439,AIR-2510-1
VR887788,C108114,VA-EB-PL2,2025-11-15,vireo.in,1,3324,PL2-2509-1
VR888225,C104867,VA-SW-NX2,2025-11-15,vireo.in,1,5524,NX2-2510-4
VR891057,C102495,VA-EB-PL1,2025-11-15,Amazon,1,2499,PL1-2510-4
VR891238,C101072,VA-EB-AIR,2025-11-15,vireo.in,1,1799,AIR-2509-4
VR892437,C102003,VA-SW-NX2,2025-11-15,vireo.in,2,12348,NX2-2510-3
VR893039,C100631,VA-SW-NX2,2025-11-15,vireo.in,1,6499,NX2-2509-4
VR894065,C109305,VA-EB-PL2,2025-11-15,vireo.in,1,3149,PL2-2508-4
VR894253,C102428,VA-EB-PL2,2025-11-15,Amazon,1,3499,PL2-2510-3
VR894277,C108345,VA-HP-ST2,2025-11-15,Amazon,1,4999,ST2-2509-1
VR895455,C101807,VA-SW-NX2,2025-11-15,vireo.in,1,6499,NX2-2510-2
VR896060,C100792,VA-EB-PL1,2025-11-15,Amazon,1,2499,PL1-2509-3
VR896820,C108473,VA-EB-AIR,2025-11-15,Amazon,1,1799,AIR-2510-1
VR897569,C104567,VA-NB-ARC,2025-11-15,vireo.in,1,1299,ARC-2509-1
VR897723,C102048,VA-SP-MINI,2025-11-15,vireo.in,1,2374,MINI-2507-2
VR897904,C102324,VA-EB-PL2,2025-11-15,Amazon,1,3499,PL2-2508-2
VR898514,C102049,VA-SW-FIT,2025-11-15,vireo.in,1,1999,FIT-2508-4
VR899414,C102901,VA-SW-FIT,2025-11-15,Amazon,1,1799,FIT-2509-1
VR900011,C101720,VA-EB-PL2,2025-11-15,Amazon,2,6298,PL2-2508-1
VR900251,C106986,VA-EB-PL1,2025-11-15,vireo.in,1,2124,PL1-2508-3
VR900770,C105194,VA-HP-ST3,2025-11-15,vireo.in,1,6299,ST3-2509-3
VR901576,C102017,VA-SP-MINI,2025-11-15,vireo.in,1,1999,MINI-2508-4
VR903569,C108506,VA-NB-ARC,2025-11-15,Flipkart,1,1169,ARC-2509-1
VR903803,C105917,VA-SW-FIT,2025-11-15,Amazon,1,1799,FIT-2509-3
VR904580,C101986,VA-HP-ST3,2025-11-15,vireo.in,1,5949,ST3-2509-1
VR905511,C100885,VA-HP-ST3,2025-11-15,Flipkart,1,6649,ST3-2509-3
VR905912,C104222,VA-SW-NX2,2025-11-15,vireo.in,1,6499,NX2-2508-2
VR907109,C103034,VA-EB-PL1,2025-11-15,vireo.in,1,2499,PL1-2510-1
VR907509,C102007,VA-SW-NX2,2025-11-15,Amazon,1,6499,NX2-2508-1
VR908023,C102059,VA-EB-PL2,2025-11-15,Flipkart,1,2799,PL2-2508-4
VR908674,C104744,VA-SW-FIT,2025-11-15,vireo.in,1,1899,FIT-2509-3
VR909548,C108582,VA-EB-PL1,2025-11-15,Amazon,1,2499,PL1-2509-2
VR880223,C105940,VA-EB-PL2,2025-11-16,vireo.in,1,2974,PL2-2509-4
VR881079,C108731,VA-EB-PL2,2025-11-16,Flipkart,1,3499,PL2-2509-4
VR881347,C102263,VA-EB-PL2,2025-11-16,vireo.in,1,3499,PL2-2509-3
VR882290,C108046,VA-SW-NX2,2025-11-16,vireo.in,1,6174,NX2-2508-4
VR882775,C104556,VA-SW-NX2,2025-11-16,vireo.in,1,6174,NX2-2508-4
VR884373,C105116,VA-EB-PL2,2025-11-16,vireo.in,1,3499,PL2-2508-3
VR886500,C107050,VA-EB-PL2,2025-11-16,vireo.in,1,3149,PL2-2510-4
VR887079,C103238,VA-EB-AIR,2025-11-16,vireo.in,1,1799,AIR-2508-4
VR888021,C106602,VA-EB-PL2,2025-11-16,Amazon,1,2974,PL2-2508-1
VR888026,C107219,VA-EB-PL2,2025-11-16,Flipkart,1,2799,PL2-2509-3
VR888347,C107217,VA-EB-PL2,2025-11-16,Amazon,1,3499,PL2-2510-1
VR889024,C107071,VA-EB-PL2,2025-11-16,vireo.in,1,3499,PL2-2509-2
VR889143,C105855,VA-SP-ORB,2025-11-16,Flipkart,1,4799,ORB-2508-2
VR889823,C100215,VA-SW-NX2,2025-11-16,vireo.in,1,6499,NX2-2508-4
VR893665,C101019,VA-SP-MINI,2025-11-16,vireo.in,1,1999,MINI-2510-1
VR893892,C107966,VA-EB-PL2,2025-11-16,Amazon,1,3499,PL2-2509-3
VR893969,C102677,VA-HP-ST3,2025-11-16,vireo.in,2,13998,ST3-2510-4
VR894038,C101968,VA-EB-PL1,2025-11-16,vireo.in,1,2499,PL1-2509-3
VR895415,C103089,VA-NB-ARC,2025-11-16,vireo.in,1,1104,ARC-2509-3
VR895562,C101030,VA-SW-NX2,2025-11-16,vireo.in,2,11698,NX2-2510-1
VR895566,C102504,VA-EB-PL2,2025-11-16,vireo.in,1,2974,PL2-2508-2
VR896304,C105121,VA-EB-PL2,2025-11-16,vireo.in,1,3499,PL2-2508-1
VR896994,C106921,VA-EB-PL1,2025-11-16,vireo.in,1,2499,PL1-2509-3
VR898173,C108316,VA-SP-MINI,2025-11-16,Amazon,1,1999,MINI-2510-2
VR899657,C108261,VA-HP-ST3,2025-11-16,Amazon,1,6999,ST3-2508-2
VR900212,C104914,VA-HP-ST3,2025-11-16,Amazon,1,6649,ST3-2507-3
VR900947,C106430,VA-EB-PL1,2025-11-16,Amazon,1,2499,PL1-2508-1
VR901068,C102492,VA-SP-ORB,2025-11-16,vireo.in,1,4799,ORB-2510-2
VR901935,C100155,VA-EB-PL1,2025-11-16,Amazon,1,2249,PL1-2508-3
VR902009,C106831,VA-SP-MINI,2025-11-16,Amazon,1,2499,MINI-2510-4
VR902949,C104449,VA-EB-PL1,2025-11-16,Amazon,1,1999,PL1-2509-2
VR907311,C100898,VA-SP-MINI,2025-11-16,vireo.in,1,2124,MINI-2509-2
VR908098,C107245,VA-SP-MINI,2025-11-16,vireo.in,1,2499,MINI-2508-4
VR908215,C105982,VA-AC-CH65,2025-11-16,Flipkart,1,1349,CH65-2508-3
VR908405,C104199,VA-SW-NX1,2025-11-16,vireo.in,1,4249,NX1-2510-4
VR909178,C101514,VA-SW-NX2,2025-11-16,Amazon,1,6499,NX2-2508-4
VR909670,C107892,VA-EB-PL2,2025-11-16,Amazon,1,3324,PL2-2510-4
VR909759,C106572,VA-EB-PL2,2025-11-16,Flipkart,1,2974,PL2-2508-1
VR883623,C108589,VA-EB-PL2,2025-11-17,Amazon,1,3499,PL2-2508-2
VR884856,C105739,VA-AC-CASE,2025-11-17,Amazon,2,2598,CASE-2510-3
VR884981,C108401,VA-HP-ST3,2025-11-17,vireo.in,1,5599,ST3-2510-1
VR886673,C108953,VA-EB-PL2,2025-11-17,Flipkart,1,3499,PL2-2509-1
VR888660,C109260,VA-SW-NX1,2025-11-17,vireo.in,1,4749,NX1-2508-3
VR888872,C103112,VA-EB-PL1,2025-11-17,Flipkart,1,2374,PL1-2510-3
VR888978,C107712,VA-EB-PL2,2025-11-17,Amazon,1,2799,PL2-2508-2
VR890431,C106711,VA-SW-NX2,2025-11-17,Flipkart,1,5849,NX2-2509-1
VR890828,C105501,VA-EB-PL2,2025-11-17,Flipkart,1,2974,PL2-2510-3
VR891400,C107828,VA-EB-PL2,2025-11-17,vireo.in,1,3149,PL2-2508-2
VR892089,C108939,VA-NB-ARC,2025-11-17,vireo.in,1,1299,ARC-2508-1
VR893653,C102357,VA-EB-PL2,2025-11-17,Flipkart,1,2799,PL2-2510-1
VR893672,C104703,VA-EB-PL1,2025-11-17,vireo.in,1,2374,PL1-2509-2
VR895953,C102720,VA-EB-PL1,2025-11-17,vireo.in,2,4998,PL1-2510-3
VR896732,C103582,VA-HP-ST3,2025-11-17,vireo.in,1,6649,ST3-2508-4
VR897064,C103057,VA-EB-PL1,2025-11-17,vireo.in,1,2124,PL1-2510-4
VR897134,C102269,VA-SW-NX2,2025-11-17,vireo.in,1,6499,NX2-2510-4
VR898616,C101787,VA-SW-FIT,2025-11-17,vireo.in,1,1799,FIT-2510-4
VR899767,C100847,VA-EB-PL2,2025-11-17,Amazon,2,6998,PL2-2509-3
VR899918,C103109,VA-EB-PL2,2025-11-17,Amazon,1,3499,PL2-2509-1
VR900935,C101852,VA-EB-PL2,2025-11-17,Flipkart,1,2974,PL2-2508-3
VR902023,C103938,VA-HP-ST2,2025-11-17,vireo.in,1,4999,ST2-2508-3
VR902624,C106107,VA-EB-PL1,2025-11-17,vireo.in,1,2124,PL1-2509-3
VR904529,C101353,VA-EB-PL1,2025-11-17,Amazon,1,2499,PL1-2510-2
VR905321,C109319,VA-EB-PL2,2025-11-17,Amazon,1,3499,PL2-2510-3
VR907112,C107275,VA-EB-PL2,2025-11-17,vireo.in,1,3149,PL2-2508-3
VR907615,C104220,VA-NB-ARC,2025-11-17,Amazon,1,1169,ARC-2509-2
VR907859,C108348,VA-SW-FIT,2025-11-17,vireo.in,1,1999,FIT-2508-3
VR908293,C104788,VA-EB-AIR,2025-11-17,Flipkart,1,1799,AIR-2509-2
VR909044,C103522,VA-EB-PL2,2025-11-17,vireo.in,1,2974,PL2-2510-4
VR880796,C105005,VA-EB-PL2,2025-11-18,vireo.in,1,2974,PL2-2509-2
VR881680,C107477,VA-EB-AIR,2025-11-18,vireo.in,1,1799,AIR-2510-4
VR882240,C107659,VA-HP-ST3,2025-11-18,Amazon,1,6999,ST3-2508-3
VR882656,C101442,VA-EB-PL2,2025-11-18,vireo.in,1,3324,PL2-2508-2
VR883071,C100533,VA-EB-PL2,2025-11-18,vireo.in,1,3324,PL2-2508-1
VR883709,C105405,VA-SW-FIT,2025-11-18,vireo.in,1,1999,FIT-2508-3
VR883883,C109387,VA-SP-MINI,2025-11-18,vireo.in,1,2249,MINI-2508-4
VR885249,C105096,VA-SP-MINI,2025-11-18,Amazon,1,2374,MINI-2510-2
VR885527,C107988,VA-SW-NX2,2025-11-18,vireo.in,1,6499,NX2-2510-3
VR887109,C100771,VA-EB-PL2,2025-11-18,Flipkart,1,2799,PL2-2508-1
VR887204,C103542,VA-EB-PL2,2025-11-18,Flipkart,1,3499,PL2-2510-3
VR887361,C104312,VA-SW-FIT,2025-11-18,Amazon,1,1699,FIT-2508-1
VR887704,C107171,VA-EB-PL1,2025-11-18,Flipkart,1,2249,PL1-2510-1
VR888313,C103898,VA-EB-PL1,2025-11-18,Amazon,1,2124,PL1-2509-2
VR888438,C108821,VA-EB-PL1,2025-11-18,Amazon,1,2374,PL1-2510-3
VR890135,C102227,VA-NB-ARC,2025-11-18,Flipkart,1,1299,ARC-2510-1
VR890548,C103648,VA-SP-MINI,2025-11-18,Amazon,1,2249,MINI-2509-4
VR891765,C109468,VA-EB-PL2,2025-11-18,vireo.in,1,2799,PL2-2510-4
VR891953,C104580,VA-EB-AIR,2025-11-18,Amazon,2,3418,AIR-2509-4
VR892461,C101758,VA-EB-PL2,2025-11-18,vireo.in,1,3149,PL2-2508-2
VR892596,C108461,VA-SW-NX1,2025-11-18,vireo.in,1,4999,NX1-2509-2
VR893120,C101819,VA-EB-PL2,2025-11-18,Amazon,1,3324,PL2-2510-4
VR893839,C102568,VA-EB-AIR,2025-11-18,vireo.in,1,1799,AIR-2510-3
VR893921,C103748,VA-EB-PL1,2025-11-18,vireo.in,1,2499,PL1-2508-3
VR896780,C103310,VA-EB-PL2,2025-11-18,vireo.in,1,3324,PL2-2510-2
VR898287,C105569,VA-NB-ARC,2025-11-18,Amazon,1,1104,ARC-2510-3
VR899521,C104883,VA-EB-PL2,2025-11-18,Flipkart,1,3149,PL2-2508-1
VR900526,C108558,VA-SW-NX2,2025-11-18,vireo.in,1,5524,NX2-2509-2
VR902088,C100251,VA-EB-PL1,2025-11-18,vireo.in,1,2499,PL1-2508-4
VR902125,C101767,VA-SW-NX1,2025-11-18,Flipkart,1,4999,NX1-2509-3
VR904042,C100820,VA-EB-AIR,2025-11-18,vireo.in,1,1709,AIR-2508-3
VR904469,C101214,VA-EB-PL2,2025-11-18,Amazon,1,3499,PL2-2508-4
VR906407,C101348,VA-EB-PL2,2025-11-18,vireo.in,1,3499,PL2-2508-1
VR907046,C102338,VA-AC-CASE,2025-11-18,vireo.in,1,1234,CASE-2508-2
VR909678,C108894,VA-EB-PL2,2025-11-18,Amazon,1,3499,PL2-2508-2
VR880028,C105631,VA-HP-ST3,2025-11-19,vireo.in,1,6999,ST3-2508-2
VR882066,C101659,VA-SW-FIT,2025-11-19,Amazon,1,1799,FIT-2508-4
VR885459,C102589,VA-SW-NX2,2025-11-19,vireo.in,1,6499,NX2-2510-1
VR885670,C102825,VA-EB-PL2,2025-11-19,vireo.in,1,3499,PL2-2509-1
VR886788,C108208,VA-EB-PL2,2025-11-19,Amazon,1,3499,PL2-2509-2
VR889841,C105158,VA-EB-PL2,2025-11-19,vireo.in,1,3499,PL2-2510-3
VR891969,C103370,VA-SW-NX2,2025-11-19,Flipkart,1,6499,NX2-2509-2
VR893066,C108466,VA-SW-FIT,2025-11-19,Amazon,1,1699,FIT-2509-3
VR893627,C105090,VA-EB-PL2,2025-11-19,vireo.in,1,3324,PL2-2509-3
VR893883,C103528,VA-SW-NX1,2025-11-19,vireo.in,1,4249,NX1-2508-4
VR894285,C103349,VA-SW-NX1,2025-11-19,vireo.in,1,4999,NX1-2508-2
VR895129,C107563,VA-SP-MINI,2025-11-19,Amazon,1,1999,MINI-2510-4
VR895510,C109495,VA-SP-ORB,2025-11-19,Amazon,1,5699,ORB-2508-2
VR895630,C105078,VA-EB-PL2,2025-11-19,vireo.in,2,6648,PL2-2510-2
VR895637,C100555,VA-EB-PL2,2025-11-19,vireo.in,1,3499,PL2-2510-3
VR896289,C102654,VA-AC-CBL,2025-11-19,Amazon,1,319,CBL-2510-4
VR896641,C105816,VA-SW-NX2,2025-11-19,vireo.in,1,6499,NX2-2508-2
VR897358,C108566,VA-SW-FIT,2025-11-19,vireo.in,1,1999,FIT-2510-1
VR898047,C107661,VA-SW-FIT,2025-11-19,Amazon,1,1599,FIT-2510-4
VR898214,C101577,VA-EB-PL2,2025-11-19,vireo.in,1,3149,PL2-2509-1
VR898640,C102943,VA-AC-CH65,2025-11-19,Amazon,1,1349,CH65-2510-4
VR898974,C106421,VA-HP-ST2,2025-11-19,vireo.in,1,4749,ST2-2509-4
VR901384,C106685,VA-EB-AIR,2025-11-19,vireo.in,1,1619,AIR-2508-4
VR901767,C108365,VA-SP-MINI,2025-11-19,vireo.in,1,2374,MINI-2510-4
VR902500,C103301,VA-EB-PL2,2025-11-19,vireo.in,1,3324,PL2-2509-4
VR904416,C104293,VA-EB-PL2,2025-11-19,vireo.in,1,2974,PL2-2509-4
VR905899,C106664,VA-EB-PL2,2025-11-19,vireo.in,1,3499,PL2-2510-4
VR906192,C101067,VA-SW-FIT,2025-11-19,vireo.in,1,1599,FIT-2510-2
VR906713,C107335,VA-EB-PL2,2025-11-19,Flipkart,1,2799,PL2-2510-2
VR909426,C106912,VA-EB-PL2,2025-11-19,Flipkart,1,3149,PL2-2509-2
VR881331,C101751,VA-EB-PL2,2025-11-20,Amazon,1,2799,PL2-2508-2
VR881535,C104602,VA-EB-PL2,2025-11-20,Amazon,1,3324,PL2-2508-1
VR881557,C102872,VA-AC-CH65,2025-11-20,Flipkart,1,1274,CH65-2510-3
VR882623,C102064,VA-EB-PL2,2025-11-20,Amazon,1,3499,PL2-2509-2
VR885382,C102695,VA-EB-PL2,2025-11-20,vireo.in,2,6998,PL2-2509-3
VR886440,C108412,VA-EB-AIR,2025-11-20,vireo.in,1,1439,AIR-2508-1
VR886899,C109019,VA-NB-ARC,2025-11-20,Amazon,1,1234,ARC-2509-1
VR887506,C106556,VA-EB-PL2,2025-11-20,Flipkart,1,2799,PL2-2510-1
VR888475,C103688,VA-HP-ST2,2025-11-20,Flipkart,1,4999,ST2-2510-2
VR888671,C101744,VA-EB-PL2,2025-11-20,vireo.in,1,3499,PL2-2508-4
VR888692,C100280,VA-AC-CBL,2025-11-20,Amazon,1,319,CBL-2509-4
VR889928,C101081,VA-EB-PL2,2025-11-20,Flipkart,1,3499,PL2-2510-2
VR890461,C105852,VA-HP-ST3,2025-11-20,Amazon,1,6999,ST3-2509-3
VR890618,C101568,VA-SW-NX2,2025-11-20,Amazon,1,5524,NX2-2508-4
VR891135,C101199,VA-EB-PL2,2025-11-20,vireo.in,1,3499,PL2-2508-3
VR891700,C100847,VA-HP-ST3,2025-11-20,Flipkart,2,11198,ST3-2509-1
VR892434,C108989,VA-EB-PL2,2025-11-20,vireo.in,2,6998,PL2-2508-2
VR893490,C107253,VA-AC-CASE,2025-11-20,Flipkart,1,1039,CASE-2509-2
VR895039,C108211,VA-EB-PL2,2025-11-20,vireo.in,1,3324,PL2-2508-3
VR895588,C103700,VA-SW-NX1,2025-11-20,vireo.in,1,4249,NX1-2510-1
VR897164,C104670,VA-EB-PL1,2025-11-20,Amazon,1,2374,PL1-2509-1
VR898138,C104480,VA-EB-AIR,2025-11-20,vireo.in,1,1619,AIR-2509-4
VR898429,C103838,VA-SP-MINI,2025-11-20,Flipkart,1,2374,MINI-2508-3
VR899045,C102230,VA-SP-MINI,2025-11-20,Amazon,1,1999,MINI-2508-2
VR899633,C106876,VA-EB-PL2,2025-11-20,Amazon,1,3324,PL2-2509-1
VR899778,C109436,VA-AC-CASE,2025-11-20,vireo.in,1,1039,CASE-2508-4
VR902353,C100253,VA-EB-PL2,2025-11-20,vireo.in,1,3149,PL2-2510-1
VR902830,C104589,VA-EB-AIR,2025-11-20,vireo.in,1,1709,AIR-2508-2
VR902875,C102411,VA-AC-CASE,2025-11-20,vireo.in,1,1169,CASE-2508-1
VR904103,C105074,VA-EB-PL1,2025-11-20,Flipkart,1,2249,PL1-2509-4
VR904321,C105984,VA-SP-ORB,2025-11-20,Amazon,1,5399,ORB-2509-2
VR905247,C108445,VA-EB-PL2,2025-11-20,vireo.in,1,3499,PL2-2510-2
VR906204,C100018,VA-EB-PL2,2025-11-20,vireo.in,1,3324,PL2-2509-2
VR906618,C108743,VA-EB-PL2,2025-11-20,Flipkart,1,3324,PL2-2508-3
VR907477,C100434,VA-EB-PL2,2025-11-20,Flipkart,2,5948,PL2-2508-2
VR909275,C102016,VA-AC-CASE,2025-11-20,vireo.in,1,1299,CASE-2508-4
VR880097,C106873,VA-EB-AIR,2025-11-21,vireo.in,1,1529,AIR-2508-4
VR880630,C101209,VA-HP-ST3,2025-11-21,vireo.in,1,6649,ST3-2508-4
VR882894,C101041,VA-EB-PL2,2025-11-21,vireo.in,1,2799,PL2-2510-1
VR883013,C102855,VA-EB-PL2,2025-11-21,vireo.in,1,3499,PL2-2509-1
VR883102,C103793,VA-EB-AIR,2025-11-21,Amazon,1,1439,AIR-2510-4
VR883657,C103137,VA-EB-PL2,2025-11-21,Amazon,1,3324,PL2-2509-4
VR885435,C102554,VA-HP-ST3,2025-11-21,vireo.in,1,5949,ST3-2510-4
VR885636,C106818,VA-SW-NX2,2025-11-21,vireo.in,1,6499,NX2-2509-4
VR885755,C106535,VA-EB-PL1,2025-11-21,vireo.in,1,2249,PL1-2509-3
VR886771,C103293,VA-EB-PL2,2025-11-21,vireo.in,1,3324,PL2-2508-2
VR887469,C103230,VA-EB-PL2,2025-11-21,Flipkart,1,3324,PL2-2510-4
VR887502,C104640,VA-EB-PL2,2025-11-21,vireo.in,2,5948,PL2-2508-3
VR888342,C102350,VA-SW-FIT,2025-11-21,Amazon,1,1799,FIT-2510-4
VR890014,C101660,VA-EB-PL2,2025-11-21,vireo.in,1,3324,PL2-2510-3
VR890442,C103319,VA-SW-NX1,2025-11-21,vireo.in,1,4999,NX1-2508-3
VR890943,C109208,VA-EB-PL2,2025-11-21,vireo.in,1,3499,PL2-2509-1
VR891200,C102948,VA-EB-PL2,2025-11-21,Amazon,1,3499,PL2-2510-4
VR891545,C100472,VA-SP-ORB,2025-11-21,Amazon,2,10798,ORB-2509-4
VR892551,C107585,VA-SW-NX2,2025-11-21,vireo.in,1,6499,NX2-2508-4
VR893310,C101194,VA-EB-PL2,2025-11-21,Amazon,1,3499,PL2-2509-2
VR894136,C102558,VA-SW-NX1,2025-11-21,vireo.in,1,4999,NX1-2508-4
VR895407,C108701,VA-EB-PL1,2025-11-21,vireo.in,1,2374,PL1-2509-4
VR896264,C108073,VA-AC-CBL,2025-11-21,Amazon,1,399,CBL-2509-2
VR896276,C104999,VA-EB-PL2,2025-11-21,Amazon,1,3499,PL2-2510-4
VR899037,C102295,VA-EB-PL1,2025-11-21,Amazon,1,2249,PL1-2508-2
VR899542,C107439,VA-HP-ST2,2025-11-21,vireo.in,1,4249,ST2-2509-4
VR901569,C103422,VA-EB-PL1,2025-11-21,Amazon,1,2249,PL1-2509-4
VR902151,C101126,VA-SP-MINI,2025-11-21,Amazon,1,2499,MINI-2510-3
VR903152,C108533,VA-HP-ST3,2025-11-21,vireo.in,1,6299,ST3-2510-3
VR903740,C107347,VA-SW-NX2,2025-11-21,Amazon,1,6499,NX2-2511-4
VR903961,C101128,VA-SW-NX2,2025-11-21,vireo.in,1,6499,NX2-2508-1
VR904007,C103660,VA-EB-PL2,2025-11-21,vireo.in,1,2799,PL2-2510-4
VR904974,C108520,VA-EB-PL2,2025-11-21,vireo.in,1,3499,PL2-2509-1
VR905848,C103574,VA-EB-PL2,2025-11-21,Amazon,1,3324,PL2-2509-1
VR905930,C102818,VA-NB-ARC,2025-11-21,vireo.in,1,1104,ARC-2510-1
VR907037,C105910,VA-HP-ST2,2025-11-21,Amazon,1,4499,ST2-2508-3
VR907431,C108548,VA-HP-ST3,2025-11-21,Amazon,1,6999,ST3-2509-2
VR907805,C106671,VA-SW-NX2,2025-11-21,Amazon,1,6174,NX2-2509-1
VR909689,C104159,VA-AC-CASE,2025-11-21,vireo.in,1,1039,CASE-2510-1
VR880398,C100196,VA-NB-ARC,2025-11-22,vireo.in,1,1299,ARC-2510-3
VR882803,C107010,VA-EB-PL2,2025-11-22,Flipkart,1,3499,PL2-2508-3
VR883440,C103222,VA-SW-NX2,2025-11-22,Amazon,1,6499,NX2-2508-2
VR884017,C101931,VA-SW-FIT,2025-11-22,Amazon,1,1599,FIT-2510-4
VR886039,C108164,VA-EB-PL2,2025-11-22,vireo.in,1,3324,PL2-2509-2
VR886092,C104564,VA-EB-PL2,2025-11-22,vireo.in,1,3499,PL2-2509-4
VR886277,C102535,VA-HP-ST2,2025-11-22,vireo.in,1,4999,ST2-2508-4
VR887285,C109308,VA-SP-ORB,2025-11-22,vireo.in,1,5099,ORB-2509-3
VR890496,C101426,VA-EB-PL2,2025-11-22,Amazon,1,3499,PL2-2510-1
VR892349,C108972,VA-AC-CASE,2025-11-22,Amazon,1,1234,CASE-2508-4
VR892719,C105264,VA-HP-ST3,2025-11-22,vireo.in,1,6999,ST3-2510-4
VR892833,C104039,VA-EB-PL2,2025-11-22,vireo.in,1,3499,PL2-2508-3
VR893087,C107805,VA-SW-NX2,2025-11-22,vireo.in,1,6499,NX2-2509-2
VR893197,C107052,VA-NB-ARC,2025-11-22,vireo.in,1,1299,ARC-2508-1
VR895213,C106339,VA-EB-PL2,2025-11-22,Flipkart,1,3149,PL2-2509-2
VR898262,C103864,VA-EB-PL2,2025-11-22,vireo.in,1,3324,PL2-2508-3
VR898606,C107823,VA-EB-AIR,2025-11-22,vireo.in,1,1439,AIR-2509-4
VR898685,C108474,VA-SW-FIT,2025-11-22,vireo.in,1,1599,FIT-2509-2
VR901994,C105025,VA-SW-FIT,2025-11-22,vireo.in,1,1699,FIT-2509-2
VR902932,C104436,VA-EB-PL1,2025-11-22,Flipkart,1,2499,PL1-2508-4
VR903073,C109145,VA-EB-PL2,2025-11-22,Amazon,1,3324,PL2-2510-3
VR904313,C107497,VA-EB-PL2,2025-11-22,vireo.in,1,3499,PL2-2509-2
VR904337,C109389,VA-EB-PL2,2025-11-22,vireo.in,1,3499,PL2-2508-2
VR907301,C101171,VA-SW-NX2,2025-11-22,vireo.in,1,6499,NX2-2509-2
VR909406,C109274,VA-EB-PL2,2025-11-22,vireo.in,1,3324,PL2-2509-4
VR909870,C101248,VA-EB-PL2,2025-11-22,vireo.in,1,3149,PL2-2509-1
VR909886,C109364,VA-EB-PL2,2025-11-22,Flipkart,1,2974,PL2-2509-3
VR881340,C105537,VA-EB-PL2,2025-11-23,vireo.in,1,2799,PL2-2510-1
VR882384,C104250,VA-HP-ST2,2025-11-23,Amazon,1,4249,ST2-2510-3
VR883540,C108626,VA-EB-PL2,2025-11-23,vireo.in,2,6998,PL2-2510-4
VR884088,C105426,VA-EB-PL2,2025-11-23,vireo.in,1,3499,PL2-2509-4
VR885344,C104606,VA-EB-PL2,2025-11-23,Amazon,1,3499,PL2-2510-4
VR885455,C100630,VA-EB-PL2,2025-11-23,Flipkart,1,3149,PL2-2508-2
VR886568,C103727,VA-EB-PL2,2025-11-23,vireo.in,1,3499,PL2-2508-3
VR888241,C108187,VA-NB-ARC,2025-11-23,vireo.in,1,1169,ARC-2508-1
VR888950,C103648,VA-SW-FIT,2025-11-23,Amazon,1,1599,FIT-2511-1
VR889185,C107115,VA-EB-PL2,2025-11-23,vireo.in,1,3499,PL2-2510-4
VR889233,C104931,VA-SW-NX2,2025-11-23,vireo.in,1,6499,NX2-2509-4
VR890385,C103548,VA-SP-MINI,2025-11-23,Amazon,1,2249,MINI-2509-4
VR891575,C102830,VA-EB-PL2,2025-11-23,vireo.in,1,3149,PL2-2508-3
VR892671,C102532,VA-EB-AIR,2025-11-23,vireo.in,1,1709,AIR-2510-4
VR892720,C102221,VA-EB-PL1,2025-11-23,Amazon,1,2124,PL1-2510-4
VR894715,C105730,VA-EB-AIR,2025-11-23,vireo.in,1,1619,AIR-2510-4
VR894776,C103891,VA-SW-NX2,2025-11-23,vireo.in,1,6499,NX2-2508-4
VR897293,C100637,VA-EB-AIR,2025-11-23,vireo.in,1,1709,AIR-2509-2
VR898454,C105798,VA-EB-PL2,2025-11-23,vireo.in,1,3499,PL2-2508-4
VR899107,C106634,VA-SW-NX1,2025-11-23,Amazon,1,4499,NX1-2508-3
VR901064,C104864,VA-SP-MINI,2025-11-23,Amazon,1,2374,MINI-2508-1
VR902049,C109065,VA-EB-PL2,2025-11-23,vireo.in,1,3499,PL2-2508-1
VR902590,C100393,VA-SP-ORB,2025-11-23,Amazon,1,5699,ORB-2509-1
VR903809,C106767,VA-EB-PL2,2025-11-23,Flipkart,1,3499,PL2-2510-2
VR904128,C103464,VA-EB-AIR,2025-11-23,Amazon,1,1799,AIR-2509-3
VR904196,C105029,VA-EB-PL1,2025-11-23,vireo.in,1,2124,PL1-2508-2
VR904553,C108844,VA-EB-PL2,2025-11-23,vireo.in,1,3499,PL2-2510-1
VR904812,C106049,VA-EB-PL2,2025-11-23,vireo.in,1,3324,PL2-2509-4
VR905457,C107634,VA-SW-FIT,2025-11-23,Amazon,1,1699,FIT-2508-3
VR906925,C108913,VA-EB-PL2,2025-11-23,vireo.in,1,2799,PL2-2509-2
VR908624,C100278,VA-EB-PL2,2025-11-23,vireo.in,1,2799,PL2-2509-4
VR908947,C106835,VA-EB-PL2,2025-11-23,vireo.in,1,3499,PL2-2511-4
VR909022,C107871,VA-HP-ST3,2025-11-23,vireo.in,1,6649,ST3-2509-2
VR909578,C109428,VA-EB-PL2,2025-11-23,Amazon,1,2799,PL2-2510-2
VR881159,C100833,VA-EB-AIR,2025-11-24,vireo.in,1,1439,AIR-2509-4
VR881778,C106934,VA-EB-PL2,2025-11-24,vireo.in,2,6998,PL2-2510-4
VR881842,C104125,VA-AC-CASE,2025-11-24,Amazon,1,1299,CASE-2508-4
VR885235,C100277,VA-SW-NX2,2025-11-24,vireo.in,1,6174,NX2-2508-3
VR885462,C105922,VA-SP-ORB,2025-11-24,Flipkart,2,10798,ORB-2509-3
VR887237,C107879,VA-EB-PL2,2025-11-24,Flipkart,1,3499,PL2-2509-2
VR887913,C109440,VA-EB-PL2,2025-11-24,Amazon,1,2974,PL2-2509-4
VR889726,C103291,VA-SW-FIT,2025-11-24,vireo.in,1,1999,FIT-2509-4
VR890452,C102422,VA-EB-PL2,2025-11-24,vireo.in,1,3499,PL2-2510-4
VR890784,C107797,VA-SW-NX2,2025-11-24,Amazon,1,5849,NX2-2508-1
VR891352,C103088,VA-HP-ST3,2025-11-24,Amazon,1,6649,ST3-2510-1
VR891732,C106822,VA-HP-ST2,2025-11-24,vireo.in,1,3999,ST2-2509-4
VR895069,C108047,VA-EB-PL2,2025-11-24,vireo.in,1,2974,PL2-2508-3
VR895324,C101454,VA-SP-ORB,2025-11-24,Amazon,1,4799,ORB-2508-2
VR897633,C101116,VA-HP-ST3,2025-11-24,vireo.in,1,6999,ST3-2508-1
VR898226,C101793,VA-EB-PL2,2025-11-24,vireo.in,1,3499,PL2-2508-2
VR898543,C107439,VA-EB-PL2,2025-11-24,vireo.in,1,3499,PL2-2510-2
VR898904,C108919,VA-EB-PL2,2025-11-24,vireo.in,1,3499,PL2-2508-1
VR899006,C105599,VA-SW-NX2,2025-11-24,vireo.in,1,6499,NX2-2508-4
VR899301,C101371,VA-HP-ST3,2025-11-24,vireo.in,1,6299,ST3-2509-1
VR901135,C103693,VA-SP-ORB,2025-11-24,Amazon,1,4799,ORB-2509-1
VR901904,C109033,VA-EB-AIR,2025-11-24,vireo.in,1,1439,AIR-2510-2
VR902193,C102917,VA-EB-PL1,2025-11-24,Flipkart,2,4998,PL1-2508-3
VR903040,C103581,VA-EB-AIR,2025-11-24,Flipkart,1,1799,AIR-2508-2
VR905742,C104248,VA-SW-NX2,2025-11-24,vireo.in,1,6499,NX2-2509-2
VR906145,C103331,VA-HP-ST3,2025-11-24,vireo.in,1,6299,ST3-2509-2
VR906203,C105505,VA-HP-ST2,2025-11-24,vireo.in,1,4749,ST2-2508-4
VR907118,C109280,VA-EB-PL2,2025-11-24,vireo.in,1,3499,PL2-2509-2
VR907694,C105504,VA-EB-PL2,2025-11-24,vireo.in,1,2799,PL2-2510-3
VR907732,C109341,VA-EB-PL2,2025-11-24,vireo.in,1,2799,PL2-2509-1
VR908136,C109159,VA-EB-PL2,2025-11-24,Flipkart,1,3499,PL2-2509-3
VR880258,C106555,VA-EB-PL2,2025-11-25,vireo.in,1,3499,PL2-2511-1
VR880587,C107277,VA-EB-PL2,2025-11-25,Flipkart,1,3149,PL2-2508-4
VR881136,C102246,VA-EB-PL2,2025-11-25,vireo.in,1,2799,PL2-2509-2
VR881292,C108779,VA-SP-MINI,2025-11-25,vireo.in,1,2499,MINI-2510-4
VR882044,C108038,VA-AC-CASE,2025-11-25,Amazon,1,1299,CASE-2509-2
VR882203,C105384,VA-EB-PL2,2025-11-25,Flipkart,1,2974,PL2-2511-3
VR882292,C101942,VA-SW-NX2,2025-11-25,vireo.in,1,5199,NX2-2510-3
VR882437,C100311,VA-EB-PL2,2025-11-25,vireo.in,1,2799,PL2-2508-1
VR882573,C101815,VA-EB-PL1,2025-11-25,vireo.in,1,2499,PL1-2511-1
VR882817,C107855,VA-EB-PL2,2025-11-25,Amazon,1,3499,PL2-2509-2
VR885079,C105005,VA-EB-PL2,2025-11-25,Amazon,1,3499,PL2-2508-1
VR885111,C100239,VA-EB-PL2,2025-11-25,Amazon,1,3499,PL2-2508-1
VR886022,C105299,VA-EB-AIR,2025-11-25,Amazon,1,1619,AIR-2509-3
VR886855,C102442,VA-EB-PL2,2025-11-25,vireo.in,1,2799,PL2-2510-2
VR887011,C109391,VA-HP-ST3,2025-11-25,vireo.in,1,5949,ST3-2509-3
VR888965,C104672,VA-AC-CASE,2025-11-25,Amazon,1,1104,CASE-2511-4
VR889429,C102783,VA-EB-PL2,2025-11-25,Amazon,1,3499,PL2-2508-2
VR890152,C100436,VA-EB-PL2,2025-11-25,vireo.in,1,3499,PL2-2509-4
VR890265,C106031,VA-NB-ARC,2025-11-25,vireo.in,1,1299,ARC-2508-1
VR891013,C101797,VA-SP-MINI,2025-11-25,Flipkart,2,4748,MINI-2510-3
VR892573,C101602,VA-NB-ARC,2025-11-25,vireo.in,1,1104,ARC-2509-2
VR893216,C105055,VA-EB-PL1,2025-11-25,vireo.in,1,2499,PL1-2511-1
VR893907,C106572,VA-HP-ST3,2025-11-25,vireo.in,1,5949,ST3-2510-1
VR894840,C109138,VA-SW-NX2,2025-11-25,vireo.in,1,6499,NX2-2508-2
VR895380,C107412,VA-SP-MINI,2025-11-25,vireo.in,1,2499,MINI-2508-1
VR895790,C103651,VA-EB-PL1,2025-11-25,Amazon,1,1999,PL1-2509-3
VR896245,C104386,VA-SP-ORB,2025-11-25,vireo.in,1,5999,ORB-2510-1
VR897835,C109272,VA-SW-NX2,2025-11-25,Amazon,1,6499,NX2-2509-3
VR898215,C106694,VA-SW-NX2,2025-11-25,vireo.in,1,5524,NX2-2510-3
VR898613,C100448,VA-EB-AIR,2025-11-25,vireo.in,1,1799,AIR-2510-3
VR899457,C104879,VA-EB-PL2,2025-11-25,vireo.in,1,3149,PL2-2509-4
VR900986,C109285,VA-HP-ST2,2025-11-25,vireo.in,1,4749,ST2-2509-3
VR901198,C102520,VA-SW-NX2,2025-11-25,vireo.in,2,12998,NX2-2508-4
VR901298,C107632,VA-EB-AIR,2025-11-25,vireo.in,1,1709,AIR-2508-1
VR903035,C104240,VA-SP-ORB,2025-11-25,vireo.in,1,5999,ORB-2509-4
VR903141,C108186,VA-EB-PL2,2025-11-25,vireo.in,1,3499,PL2-2510-1
VR903258,C108675,VA-EB-PL1,2025-11-25,vireo.in,2,4998,PL1-2511-1
VR904353,C100290,VA-EB-PL2,2025-11-25,vireo.in,1,3149,PL2-2508-4
VR905728,C107542,VA-SP-MINI,2025-11-25,vireo.in,2,4998,MINI-2510-3
VR906314,C101342,VA-EB-PL2,2025-11-25,vireo.in,1,2799,PL2-2509-1
VR907036,C107363,VA-HP-ST3,2025-11-25,vireo.in,1,6999,ST3-2510-3
VR907404,C102642,VA-EB-PL2,2025-11-25,Flipkart,1,2799,PL2-2508-3
VR907532,C102450,VA-EB-PL2,2025-11-25,vireo.in,1,3499,PL2-2509-4
VR907594,C101183,VA-EB-AIR,2025-11-25,vireo.in,1,1799,AIR-2510-1
VR907634,C105478,VA-SW-NX2,2025-11-25,Amazon,1,5199,NX2-2509-1
VR908720,C108321,VA-SP-ORB,2025-11-25,vireo.in,1,5999,ORB-2509-1
VR908854,C105706,VA-AC-CASE,2025-11-25,Flipkart,1,1299,CASE-2510-2
VR909039,C106775,VA-EB-PL1,2025-11-25,vireo.in,1,2124,PL1-2509-4
VR909304,C101618,VA-EB-PL2,2025-11-25,Amazon,1,3149,PL2-2510-3
VR909418,C108857,VA-EB-PL2,2025-11-25,Amazon,1,2974,PL2-2510-3
VR909422,C106855,VA-EB-PL2,2025-11-25,Flipkart,2,6298,PL2-2510-4
VR909459,C104077,VA-EB-PL2,2025-11-25,vireo.in,1,3324,PL2-2510-2
VR909738,C106787,VA-SW-NX1,2025-11-25,vireo.in,1,4999,NX1-2508-1
VR880090,C107997,VA-SW-NX2,2025-11-26,vireo.in,2,12348,NX2-2509-1
VR881972,C107140,VA-SW-NX2,2025-11-26,Amazon,1,6499,NX2-2509-2
VR882536,C108392,VA-HP-ST3,2025-11-26,Amazon,1,6999,ST3-2508-1
VR882737,C104803,VA-SW-NX2,2025-11-26,vireo.in,1,5524,NX2-2509-4
VR883199,C105450,VA-EB-PL2,2025-11-26,vireo.in,1,3499,PL2-2509-1
VR883735,C103960,VA-SP-MINI,2025-11-26,vireo.in,1,2499,MINI-2510-4
VR884571,C100121,VA-EB-AIR,2025-11-26,vireo.in,1,1709,AIR-2510-3
VR884758,C103319,VA-EB-PL1,2025-11-26,Amazon,1,2499,PL1-2509-4
VR887539,C100518,VA-SW-NX2,2025-11-26,Amazon,1,6499,NX2-2509-2
VR887989,C101221,VA-EB-PL2,2025-11-26,vireo.in,1,3149,PL2-2509-1
VR891726,C104193,VA-EB-PL2,2025-11-26,Flipkart,1,3324,PL2-2508-3
VR891824,C103273,VA-EB-PL2,2025-11-26,vireo.in,1,2974,PL2-2510-1
VR892164,C106514,VA-SW-NX1,2025-11-26,vireo.in,1,4999,NX1-2511-3
VR893228,C101075,VA-EB-PL2,2025-11-26,vireo.in,1,2799,PL2-2509-3
VR894080,C108706,VA-EB-PL1,2025-11-26,vireo.in,1,1999,PL1-2508-1
VR894438,C105299,VA-EB-PL2,2025-11-26,vireo.in,1,3499,PL2-2511-2
VR895845,C105617,VA-EB-PL2,2025-11-26,vireo.in,1,3324,PL2-2508-4
VR896661,C107785,VA-SP-MINI,2025-11-26,Amazon,1,1999,MINI-2508-4
VR897359,C100126,VA-SW-NX1,2025-11-26,vireo.in,1,4999,NX1-2510-2
VR898913,C101398,VA-SW-FIT,2025-11-26,vireo.in,1,1999,FIT-2508-2
VR899370,C105024,VA-SW-NX2,2025-11-26,Amazon,1,5524,NX2-2510-3
VR899900,C107831,VA-EB-PL1,2025-11-26,Amazon,1,2374,PL1-2511-1
VR900376,C103052,VA-EB-PL2,2025-11-26,vireo.in,1,3499,PL2-2509-1
VR900749,C105149,VA-SW-NX2,2025-11-26,vireo.in,1,6499,NX2-2509-2
VR904383,C102432,VA-EB-PL2,2025-11-26,vireo.in,1,3149,PL2-2510-4
VR904517,C103178,VA-SP-MINI,2025-11-26,vireo.in,1,2374,MINI-2509-2
VR907190,C107483,VA-SW-NX2,2025-11-26,Amazon,1,6499,NX2-2509-1
VR908665,C100700,VA-EB-PL2,2025-11-26,Amazon,1,2799,PL2-2509-1
VR908859,C101028,VA-EB-PL2,2025-11-26,vireo.in,1,3149,PL2-2509-4
VR909041,C106224,VA-EB-PL2,2025-11-26,vireo.in,1,3324,PL2-2508-2
VR909568,C100222,VA-NB-ARC,2025-11-26,Amazon,1,1299,ARC-2511-2
VR909585,C101250,VA-AC-CASE,2025-11-26,vireo.in,1,1104,CASE-2510-3
VR880219,C102834,VA-EB-PL2,2025-11-27,vireo.in,1,3499,PL2-2510-1
VR880606,C108112,VA-SP-MINI,2025-11-27,Flipkart,1,2499,MINI-2511-3
VR882173,C100840,VA-SW-NX2,2025-11-27,vireo.in,1,5849,NX2-2510-1
VR882579,C109102,VA-EB-PL2,2025-11-27,Amazon,1,3499,PL2-2509-2
VR882952,C104997,VA-EB-PL2,2025-11-27,vireo.in,1,3149,PL2-2510-4
VR884324,C100045,VA-SW-FIT,2025-11-27,vireo.in,1,1899,FIT-2509-4
VR884365,C100942,VA-EB-PL2,2025-11-27,vireo.in,1,2799,PL2-2509-3
VR884667,C107007,VA-SP-MINI,2025-11-27,vireo.in,1,2499,MINI-2510-2
VR885407,C100615,VA-SP-ORB,2025-11-27,vireo.in,1,5699,ORB-2508-2
VR885595,C101278,VA-SP-MINI,2025-11-27,Flipkart,1,2249,MINI-2508-2
VR887195,C101941,VA-EB-PL2,2025-11-27,Amazon,1,3149,PL2-2511-2
VR887264,C102360,VA-SW-NX1,2025-11-27,Amazon,1,4999,NX1-2511-4
VR887636,C107727,VA-EB-PL1,2025-11-27,Amazon,1,2124,PL1-2509-2
VR888038,C104830,VA-EB-PL2,2025-11-27,Flipkart,1,3499,PL2-2510-2
VR888232,C100543,VA-SW-NX2,2025-11-27,Amazon,1,6499,NX2-2510-1
VR891567,C104889,VA-HP-ST3,2025-11-27,vireo.in,1,5949,ST3-2508-4
VR891820,C100591,VA-SP-MINI,2025-11-27,vireo.in,1,2499,MINI-2508-1
VR892186,C104677,VA-EB-PL2,2025-11-27,vireo.in,1,3499,PL2-2509-4
VR892734,C102773,VA-SW-NX2,2025-11-27,Flipkart,1,5199,NX2-2508-4
VR894105,C105790,VA-EB-PL2,2025-11-27,vireo.in,1,3324,PL2-2510-2
VR894420,C105991,VA-HP-ST2,2025-11-27,Flipkart,1,4999,ST2-2510-2
VR896269,C102416,VA-EB-AIR,2025-11-27,Amazon,1,1799,AIR-2509-3
VR897573,C101007,VA-SW-NX2,2025-11-27,Flipkart,1,6174,NX2-2510-1
VR898182,C100802,VA-NB-ARC,2025-11-27,vireo.in,1,1299,ARC-2510-1
VR899499,C103714,VA-EB-PL2,2025-11-27,vireo.in,1,3499,PL2-2510-3
VR900529,C101671,VA-EB-PL2,2025-11-27,vireo.in,1,3499,PL2-2510-2
VR900848,C105913,VA-EB-PL1,2025-11-27,vireo.in,1,2249,PL1-2510-3
VR901099,C107867,VA-EB-PL2,2025-11-27,vireo.in,1,3499,PL2-2510-1
VR902369,C104009,VA-EB-AIR,2025-11-27,vireo.in,1,1799,AIR-2510-1
VR902633,C107266,VA-EB-PL2,2025-11-27,vireo.in,1,2974,PL2-2510-3
VR902792,C103551,VA-EB-PL2,2025-11-27,Amazon,1,3324,PL2-2509-4
VR902895,C104105,VA-EB-PL2,2025-11-27,Amazon,1,3149,PL2-2510-4
VR903309,C100686,VA-EB-PL2,2025-11-27,vireo.in,1,3499,PL2-2510-3
VR903923,C100277,VA-EB-PL2,2025-11-27,vireo.in,1,3499,PL2-2510-1
VR904433,C105904,VA-HP-ST3,2025-11-27,Amazon,1,6999,ST3-2510-2
VR904686,C108801,VA-HP-ST3,2025-11-27,vireo.in,1,6999,ST3-2509-1
VR905589,C108504,VA-EB-PL2,2025-11-27,Amazon,2,6998,PL2-2508-3
VR905943,C107852,VA-EB-PL2,2025-11-27,vireo.in,1,2799,PL2-2509-1
VR908353,C107832,VA-EB-PL2,2025-11-27,Amazon,1,3499,PL2-2509-1
VR909662,C107852,VA-SP-MINI,2025-11-27,Amazon,2,4998,MINI-2510-1
VR909984,C108654,VA-NB-ARC,2025-11-27,Amazon,1,1169,ARC-2508-2
VR880047,C105880,VA-EB-PL2,2025-11-28,vireo.in,1,2974,PL2-2509-2
VR880376,C109178,VA-HP-ST3,2025-11-28,vireo.in,1,6999,ST3-2510-2
VR880570,C103787,VA-SP-MINI,2025-11-28,vireo.in,1,1999,MINI-2508-2
VR881391,C101447,VA-AC-CASE,2025-11-28,vireo.in,2,2338,CASE-2511-3
VR882060,C100979,VA-EB-PL2,2025-11-28,Amazon,1,3499,PL2-2511-4
VR882309,C105907,VA-EB-AIR,2025-11-28,Amazon,1,1799,AIR-2508-4
VR882560,C100905,VA-SW-NX2,2025-11-28,vireo.in,1,6174,NX2-2510-3
VR882826,C103137,VA-HP-ST2,2025-11-28,Flipkart,1,4499,ST2-2511-2
VR883147,C102823,VA-HP-ST3,2025-11-28,vireo.in,1,6999,ST3-2508-3
VR883403,C102060,VA-SW-NX2,2025-11-28,vireo.in,1,5849,NX2-2508-2
VR884022,C102897,VA-EB-PL2,2025-11-28,vireo.in,1,2974,PL2-2510-1
VR886528,C103440,VA-EB-PL1,2025-11-28,vireo.in,1,2499,PL1-2508-4
VR887969,C101990,VA-EB-PL2,2025-11-28,Amazon,1,2974,PL2-2508-3
VR888363,C103291,VA-EB-PL2,2025-11-28,Amazon,1,3499,PL2-2509-2
VR890939,C107538,VA-EB-PL2,2025-11-28,vireo.in,1,3499,PL2-2509-1
VR890989,C107166,VA-SP-MINI,2025-11-28,vireo.in,1,2499,MINI-2510-3
VR892458,C105305,VA-EB-PL2,2025-11-28,vireo.in,1,3149,PL2-2508-1
VR892714,C108976,VA-SP-ORB,2025-11-28,vireo.in,1,5099,ORB-2509-2
VR895146,C103336,VA-SW-FIT,2025-11-28,vireo.in,1,1999,FIT-2510-4
VR896148,C100412,VA-EB-PL2,2025-11-28,Amazon,1,2799,PL2-2511-4
VR897558,C101932,VA-SP-ORB,2025-11-28,Amazon,1,5399,ORB-2510-4
VR898172,C102252,VA-AC-CASE,2025-11-28,Flipkart,1,1104,CASE-2508-1
VR898855,C101465,VA-HP-ST3,2025-11-28,Amazon,1,5599,ST3-2509-1
VR901240,C105266,VA-EB-PL2,2025-11-28,vireo.in,1,3499,PL2-2508-4
VR901284,C101877,VA-AC-CH65,2025-11-28,vireo.in,2,2998,CH65-2509-1
VR903596,C106867,VA-EB-PL2,2025-11-28,vireo.in,1,3324,PL2-2510-2
VR904717,C107222,VA-SW-NX2,2025-11-28,Amazon,1,5524,NX2-2510-2
VR904899,C107676,VA-SW-NX2,2025-11-28,Amazon,1,6499,NX2-2510-3
VR905641,C103667,VA-EB-PL2,2025-11-28,Flipkart,1,3149,PL2-2508-1
VR905800,C100133,VA-EB-AIR,2025-11-28,vireo.in,1,1799,AIR-2509-1
VR907488,C107874,VA-SW-FIT,2025-11-28,vireo.in,1,1999,FIT-2509-4
VR908421,C103720,VA-EB-PL2,2025-11-28,vireo.in,1,3149,PL2-2510-1
VR908451,C104893,VA-EB-PL2,2025-11-28,Flipkart,1,3499,PL2-2509-3
VR909913,C107478,VA-HP-ST2,2025-11-28,vireo.in,1,4999,ST2-2511-2
VR881337,C101749,VA-EB-PL2,2025-11-29,Flipkart,1,2799,PL2-2509-4
VR881640,C101658,VA-EB-AIR,2025-11-29,Amazon,1,1799,AIR-2508-1
VR882790,C107546,VA-EB-PL2,2025-11-29,vireo.in,2,5948,PL2-2510-2
VR882869,C108670,VA-SP-ORB,2025-11-29,Amazon,1,5999,ORB-2509-2
VR884404,C102889,VA-SW-NX2,2025-11-29,Amazon,1,6174,NX2-2509-2
VR884439,C107439,VA-EB-PL2,2025-11-29,Flipkart,1,3499,PL2-2510-1
VR884868,C105813,VA-EB-AIR,2025-11-29,vireo.in,1,1799,AIR-2509-2
VR885505,C108036,VA-HP-ST3,2025-11-29,Amazon,1,6649,ST3-2510-3
VR886122,C105840,VA-EB-PL2,2025-11-29,Amazon,1,3499,PL2-2508-1
VR887584,C108903,VA-EB-PL2,2025-11-29,Amazon,1,3499,PL2-2510-4
VR887640,C100581,VA-NB-ARC,2025-11-29,Amazon,1,1299,ARC-2511-2
VR887911,C106163,VA-SW-NX2,2025-11-29,Amazon,1,5199,NX2-2508-4
VR888602,C106031,VA-SP-MINI,2025-11-29,vireo.in,1,2499,MINI-2509-1
VR889387,C104094,VA-AC-CASE,2025-11-29,vireo.in,1,1299,CASE-2508-4
VR890315,C102598,VA-EB-AIR,2025-11-29,vireo.in,1,1799,AIR-2509-3
VR890651,C108529,VA-NB-ARC,2025-11-29,Flipkart,1,1169,ARC-2509-4
VR890824,C102232,VA-SW-NX1,2025-11-29,vireo.in,1,4999,NX1-2509-3
VR891879,C104911,VA-EB-PL2,2025-11-29,vireo.in,1,3499,PL2-2511-1
VR893153,C100904,VA-EB-PL2,2025-11-29,Flipkart,1,3499,PL2-2509-3
VR894164,C109023,VA-EB-PL2,2025-11-29,Amazon,1,3324,PL2-2511-1
VR894216,C107482,VA-AC-CASE,2025-11-29,Amazon,1,1039,CASE-2510-3
VR896026,C106622,VA-EB-PL1,2025-11-29,Amazon,1,2499,PL1-2509-2
VR896071,C102681,VA-NB-ARC,2025-11-29,vireo.in,1,1234,ARC-2509-1
VR897896,C102321,VA-AC-CASE,2025-11-29,Amazon,1,1299,CASE-2510-2
VR898098,C105921,VA-EB-PL2,2025-11-29,vireo.in,1,3324,PL2-2511-3
VR898293,C104275,VA-SP-MINI,2025-11-29,Amazon,1,2124,MINI-2510-3
VR898294,C107438,VA-SW-FIT,2025-11-29,Amazon,1,1599,FIT-2508-2
VR899030,C105897,VA-SP-MINI,2025-11-29,Flipkart,1,2499,MINI-2509-4
VR899717,C106968,VA-EB-PL2,2025-11-29,Amazon,1,3499,PL2-2509-4
VR901227,C108854,VA-HP-ST3,2025-11-29,vireo.in,1,5949,ST3-2509-2
VR904086,C103526,VA-EB-PL2,2025-11-29,vireo.in,1,2974,PL2-2509-4
VR904375,C100256,VA-SP-MINI,2025-11-29,Amazon,1,2499,MINI-2509-2
VR905854,C106163,VA-SW-NX1,2025-11-29,vireo.in,1,4499,NX1-2511-4
VR906013,C101735,VA-SW-FIT,2025-11-29,vireo.in,1,1999,FIT-2509-1
VR906959,C103537,VA-SW-FIT,2025-11-29,vireo.in,1,1799,FIT-2509-1
VR907811,C101477,VA-EB-PL2,2025-11-29,Amazon,1,2799,PL2-2508-3
VR908375,C103343,VA-EB-PL1,2025-11-29,vireo.in,1,2124,PL1-2508-4
VR880171,C103647,VA-EB-PL2,2025-11-30,vireo.in,1,3324,PL2-2510-3
VR881211,C102275,VA-EB-PL1,2025-11-30,Amazon,1,2249,PL1-2509-4
VR881226,C107738,VA-HP-ST3,2025-11-30,vireo.in,2,12598,ST3-2508-3
VR882509,C101131,VA-SW-NX2,2025-11-30,vireo.in,1,5524,NX2-2508-2
VR882725,C109045,VA-HP-ST3,2025-11-30,Flipkart,1,6649,ST3-2509-1
VR883495,C100911,VA-EB-AIR,2025-11-30,Amazon,1,1439,AIR-2509-1
VR884422,C103220,VA-EB-PL2,2025-11-30,vireo.in,1,3324,PL2-2511-3
VR884790,C105516,VA-EB-PL2,2025-11-30,vireo.in,1,3499,PL2-2510-2
VR884795,C100105,VA-EB-PL2,2025-11-30,vireo.in,1,2974,PL2-2508-4
VR885120,C103680,VA-EB-PL1,2025-11-30,vireo.in,1,2499,PL1-2508-4
VR885169,C107026,VA-AC-CASE,2025-11-30,Amazon,1,1299,CASE-2511-2
VR885236,C105818,VA-SW-NX1,2025-11-30,Flipkart,1,4999,NX1-2510-4
VR885923,C100513,VA-SW-NX2,2025-11-30,Flipkart,1,5849,NX2-2510-4
VR886076,C103379,VA-AC-CASE,2025-11-30,Amazon,1,1299,CASE-2509-3
VR886651,C106874,VA-SW-NX2,2025-11-30,Amazon,1,5524,NX2-2508-3
VR886996,C102859,VA-SP-ORB,2025-11-30,vireo.in,1,5999,ORB-2509-2
VR887373,C105505,VA-EB-PL1,2025-11-30,Amazon,1,2374,PL1-2509-2
VR887770,C107184,VA-EB-PL2,2025-11-30,vireo.in,1,3499,PL2-2509-1
VR890411,C104040,VA-EB-PL2,2025-11-30,vireo.in,1,3149,PL2-2508-2
VR890526,C108881,VA-SW-FIT,2025-11-30,Amazon,2,3998,FIT-2508-4
VR890867,C101870,VA-EB-PL2,2025-11-30,Amazon,1,2974,PL2-2510-3
VR895679,C107051,VA-SW-NX2,2025-11-30,Amazon,1,6174,NX2-2508-2
VR895873,C102391,VA-SW-FIT,2025-11-30,Amazon,1,1799,FIT-2511-4
VR896688,C106608,VA-EB-PL2,2025-11-30,Amazon,1,3324,PL2-2509-3
VR896900,C108016,VA-EB-AIR,2025-11-30,vireo.in,1,1529,AIR-2508-1
VR897590,C109178,VA-SP-MINI,2025-11-30,vireo.in,1,2249,MINI-2510-2
VR897826,C101195,VA-EB-PL2,2025-11-30,Amazon,1,3149,PL2-2508-4
VR899291,C101377,VA-SW-NX2,2025-11-30,Amazon,1,5524,NX2-2509-4
VR899402,C106693,VA-EB-AIR,2025-11-30,Amazon,1,1799,AIR-2509-2
VR900354,C104587,VA-SW-NX2,2025-11-30,Amazon,1,5199,NX2-2510-1
VR901129,C109439,VA-EB-PL2,2025-11-30,vireo.in,1,3499,PL2-2510-2
VR901966,C104109,VA-EB-PL2,2025-11-30,Amazon,1,3499,PL2-2511-3
VR903481,C101545,VA-EB-PL1,2025-11-30,Amazon,1,2499,PL1-2510-3
VR903697,C102637,VA-EB-PL2,2025-11-30,vireo.in,1,3499,PL2-2510-1
VR905153,C104787,VA-SW-NX1,2025-11-30,Amazon,1,3999,NX1-2509-4
VR905171,C101542,VA-SP-ORB,2025-11-30,vireo.in,1,5999,ORB-2509-4
VR906288,C101586,VA-HP-ST3,2025-11-30,Flipkart,1,6999,ST3-2508-4
VR906495,C105639,VA-EB-PL2,2025-11-30,Amazon,1,3324,PL2-2509-1
VR908892,C105286,VA-SW-FIT,2025-11-30,vireo.in,2,3598,FIT-2511-1
VR909221,C101556,VA-SP-MINI,2025-11-30,vireo.in,1,2124,MINI-2510-1
VR880197,C100793,VA-SP-MINI,2025-12-01,vireo.in,1,1999,MINI-2508-4
VR880313,C100381,VA-EB-PL2,2025-12-01,Amazon,2,6648,PL2-2510-1
VR880479,C102858,VA-EB-PL1,2025-12-01,vireo.in,1,2249,PL1-2509-1
VR880856,C102479,VA-EB-PL2,2025-12-01,vireo.in,1,2974,PL2-2509-4
VR881186,C104749,VA-EB-PL2,2025-12-01,vireo.in,1,2799,PL2-2510-1
VR881870,C108872,VA-EB-PL2,2025-12-01,Amazon,2,6998,PL2-2509-4
VR883532,C105278,VA-EB-PL2,2025-12-01,vireo.in,1,2799,PL2-2511-4
VR887162,C105228,VA-EB-PL2,2025-12-01,vireo.in,1,2799,PL2-2509-4
VR889348,C100120,VA-HP-ST2,2025-12-01,Amazon,2,9998,ST2-2508-2
VR894967,C107366,VA-SP-MINI,2025-12-01,Flipkart,1,2124,MINI-2510-1
VR896791,C100712,VA-AC-CASE,2025-12-01,vireo.in,1,1104,CASE-2509-2
VR897407,C108021,VA-SW-FIT,2025-12-01,vireo.in,1,1799,FIT-2511-4
VR897604,C100070,VA-HP-ST3,2025-12-01,vireo.in,1,6649,ST3-2510-3
VR898784,C102898,VA-NB-ARC,2025-12-01,vireo.in,1,1299,ARC-2510-4
VR899826,C103782,VA-EB-PL2,2025-12-01,vireo.in,1,2799,PL2-2510-2
VR903100,C109228,VA-EB-PL2,2025-12-01,Amazon,1,3149,PL2-2511-1
VR903198,C101222,VA-SW-NX2,2025-12-01,vireo.in,1,6499,NX2-2508-3
VR905724,C103885,VA-NB-ARC,2025-12-01,vireo.in,1,1234,ARC-2509-4
VR905814,C108222,VA-SW-FIT,2025-12-01,vireo.in,1,1999,FIT-2509-4
VR907411,C100896,VA-SW-NX1,2025-12-01,Amazon,1,4249,NX1-2509-2
VR907786,C105134,VA-EB-PL2,2025-12-01,vireo.in,1,3324,PL2-2511-4
VR907982,C108864,VA-EB-PL2,2025-12-01,Amazon,1,2974,PL2-2508-4
VR908323,C106397,VA-EB-PL2,2025-12-01,Amazon,1,3499,PL2-2510-4
VR880675,C100816,VA-EB-PL2,2025-12-02,Amazon,1,3499,PL2-2511-4
VR881478,C103678,VA-EB-PL2,2025-12-02,vireo.in,1,3149,PL2-2508-1
VR881823,C104873,VA-EB-PL2,2025-12-02,Amazon,1,3499,PL2-2508-3
VR888166,C100084,VA-EB-PL2,2025-12-02,vireo.in,1,2799,PL2-2511-2
VR888599,C104206,VA-EB-PL2,2025-12-02,vireo.in,1,3324,PL2-2511-4
VR889753,C106461,VA-HP-ST2,2025-12-02,Amazon,1,4749,ST2-2510-2
VR890864,C105594,VA-SP-MINI,2025-12-02,vireo.in,1,2124,MINI-2510-3
VR891164,C108126,VA-EB-PL2,2025-12-02,vireo.in,1,3499,PL2-2510-2
VR892351,C105537,VA-EB-AIR,2025-12-02,vireo.in,1,1439,AIR-2508-4
VR892542,C100187,VA-EB-PL1,2025-12-02,vireo.in,1,1999,PL1-2508-1
VR892803,C109146,VA-HP-ST3,2025-12-02,vireo.in,2,11898,ST3-2509-2
VR895579,C109289,VA-EB-PL2,2025-12-02,Amazon,1,3324,PL2-2510-2
VR896186,C105503,VA-EB-PL2,2025-12-02,vireo.in,1,3499,PL2-2509-4
VR896381,C102105,VA-HP-ST2,2025-12-02,vireo.in,1,4249,ST2-2510-3
VR896417,C103083,VA-EB-PL2,2025-12-02,Flipkart,1,3499,PL2-2510-2
VR900667,C104980,VA-EB-PL2,2025-12-02,vireo.in,1,3324,PL2-2510-4
VR901081,C108855,VA-EB-PL2,2025-12-02,vireo.in,1,3149,PL2-2511-1
VR901678,C106491,VA-EB-PL1,2025-12-02,vireo.in,1,2499,PL1-2509-4
VR901717,C107520,VA-SP-MINI,2025-12-02,Amazon,1,2374,MINI-2511-1
VR902091,C107068,VA-SP-MINI,2025-12-02,Amazon,1,2374,MINI-2511-3
VR902323,C108123,VA-EB-PL2,2025-12-02,vireo.in,1,3499,PL2-2510-4
VR902602,C106660,VA-SP-ORB,2025-12-02,vireo.in,1,4799,ORB-2510-4
VR903246,C100702,VA-SW-NX2,2025-12-02,vireo.in,1,5199,NX2-2510-2
VR905107,C106870,VA-EB-AIR,2025-12-02,vireo.in,1,1709,AIR-2511-1
VR905319,C105890,VA-SW-FIT,2025-12-02,Amazon,1,1999,FIT-2509-1
VR908970,C108395,VA-EB-PL2,2025-12-02,Amazon,1,3499,PL2-2510-3
VR909170,C104996,VA-EB-PL2,2025-12-02,vireo.in,1,2799,PL2-2510-2
VR883412,C101205,VA-EB-PL2,2025-12-03,Amazon,1,2799,PL2-2509-4
VR884166,C108049,VA-SP-ORB,2025-12-03,Amazon,1,5399,ORB-2508-3
VR884500,C105095,VA-EB-PL2,2025-12-03,vireo.in,1,2799,PL2-2510-1
VR884592,C107637,VA-HP-ST3,2025-12-03,vireo.in,1,6999,ST3-2509-4
VR885391,C101818,VA-SP-MINI,2025-12-03,Amazon,1,2124,MINI-2508-2
VR885558,C104407,VA-HP-ST2,2025-12-03,vireo.in,1,4999,ST2-2511-2
VR885818,C106451,VA-EB-PL2,2025-12-03,Flipkart,1,3499,PL2-2509-4
VR886387,C104632,VA-EB-PL2,2025-12-03,vireo.in,1,3149,PL2-2510-2
VR886455,C107855,VA-SW-FIT,2025-12-03,Amazon,1,1999,FIT-2510-2
VR886681,C102162,VA-SP-MINI,2025-12-03,Amazon,2,4498,MINI-2509-1
VR886935,C101527,VA-AC-CASE,2025-12-03,vireo.in,1,1299,CASE-2510-4
VR887020,C103720,VA-SW-NX2,2025-12-03,vireo.in,1,5524,NX2-2508-2
VR887331,C102591,VA-EB-PL1,2025-12-03,Amazon,1,2499,PL1-2509-4
VR887360,C100069,VA-HP-ST3,2025-12-03,vireo.in,1,6999,ST3-2510-2
VR891382,C101072,VA-EB-PL2,2025-12-03,Flipkart,1,3149,PL2-2509-4
VR893034,C109019,VA-AC-CH65,2025-12-03,Amazon,1,1274,CH65-2509-3
VR896395,C100963,VA-SW-NX1,2025-12-03,vireo.in,1,3999,NX1-2510-3
VR896843,C106193,VA-SP-ORB,2025-12-03,Amazon,1,4799,ORB-2510-4
VR897121,C102619,VA-EB-PL2,2025-12-03,Amazon,1,3499,PL2-2510-2
VR897328,C104700,VA-EB-PL2,2025-12-03,vireo.in,1,3324,PL2-2508-2
VR897354,C102496,VA-SP-MINI,2025-12-03,vireo.in,1,2499,MINI-2509-4
VR897948,C107665,VA-EB-AIR,2025-12-03,Flipkart,1,1799,AIR-2509-3
VR900452,C101708,VA-NB-ARC,2025-12-03,Amazon,1,1234,ARC-2508-3
VR901053,C103238,VA-AC-CBL,2025-12-03,vireo.in,1,399,CBL-2510-3
VR905160,C101260,VA-EB-PL2,2025-12-03,vireo.in,1,3499,PL2-2511-3
VR905831,C104637,VA-HP-ST3,2025-12-03,vireo.in,1,6649,ST3-2508-2
VR905944,C104799,VA-SP-MINI,2025-12-03,Amazon,1,2499,MINI-2510-2
VR906390,C103888,VA-EB-PL1,2025-12-03,Amazon,1,1999,PL1-2511-3
VR907125,C106182,VA-HP-ST3,2025-12-03,vireo.in,1,6999,ST3-2509-1
VR909751,C107013,VA-SW-NX2,2025-12-03,vireo.in,1,5849,NX2-2510-4
VR882543,C106163,VA-EB-PL2,2025-12-04,vireo.in,1,3499,PL2-2509-3
VR884105,C106288,VA-EB-PL2,2025-12-04,vireo.in,2,6998,PL2-2511-3
VR888988,C106822,VA-EB-AIR,2025-12-04,vireo.in,1,1799,AIR-2510-2
VR889651,C108980,VA-SW-FIT,2025-12-04,vireo.in,1,1899,FIT-2509-2
VR890554,C108119,VA-AC-CH65,2025-12-04,vireo.in,1,1499,CH65-2508-4
VR890683,C103146,VA-EB-PL1,2025-12-04,Amazon,1,2124,PL1-2509-4
VR894970,C107316,VA-SP-MINI,2025-12-04,Amazon,1,2499,MINI-2510-3
VR895006,C100683,VA-SW-NX2,2025-12-04,Amazon,1,6174,NX2-2509-2
VR895019,C103314,VA-EB-PL2,2025-12-04,vireo.in,1,2974,PL2-2510-1
VR896018,C106373,VA-SP-MINI,2025-12-04,vireo.in,1,2499,MINI-2510-4
VR896031,C106780,VA-EB-PL2,2025-12-04,Amazon,1,3324,PL2-2509-2
VR898498,C107796,VA-EB-PL2,2025-12-04,Amazon,1,3499,PL2-2510-3
VR899531,C109386,VA-EB-PL2,2025-12-04,Flipkart,1,3324,PL2-2509-1
VR903127,C105509,VA-EB-PL1,2025-12-04,Amazon,1,2374,PL1-2510-4
VR903754,C103441,VA-SP-ORB,2025-12-04,vireo.in,1,5699,ORB-2510-3
VR904002,C102920,VA-SP-ORB,2025-12-04,Amazon,1,5999,ORB-2508-1
VR904142,C106894,VA-EB-PL2,2025-12-04,Amazon,1,3324,PL2-2509-2
VR904583,C105713,VA-SW-FIT,2025-12-04,vireo.in,1,1599,FIT-2509-2
VR904628,C102461,VA-HP-ST3,2025-12-04,Amazon,1,5949,ST3-2509-3
VR906256,C100623,VA-EB-PL2,2025-12-04,vireo.in,1,2974,PL2-2510-1
VR906813,C104291,VA-SP-ORB,2025-12-04,vireo.in,1,5999,ORB-2509-4
VR906820,C108488,VA-HP-ST2,2025-12-04,Amazon,1,3999,ST2-2511-1
VR908321,C103786,VA-SW-NX2,2025-12-04,Amazon,1,5849,NX2-2510-2
VR908584,C102412,VA-SW-FIT,2025-12-04,vireo.in,1,1699,FIT-2510-3
VR908608,C100900,VA-EB-PL2,2025-12-04,vireo.in,2,5598,PL2-2508-4
VR880082,C103366,VA-EB-PL1,2025-12-05,Amazon,1,1999,PL1-2509-4
VR881176,C106807,VA-SW-NX1,2025-12-05,Amazon,1,3999,NX1-2510-1
VR881307,C101511,VA-EB-PL2,2025-12-05,vireo.in,1,2974,PL2-2509-3
VR882414,C101704,VA-SW-NX1,2025-12-05,vireo.in,1,4499,NX1-2509-2
VR882562,C105197,VA-EB-PL2,2025-12-05,vireo.in,1,2799,PL2-2509-2
VR884930,C107131,VA-SW-NX1,2025-12-05,vireo.in,1,4999,NX1-2511-4
VR885338,C105570,VA-AC-CASE,2025-12-05,Amazon,1,1104,CASE-2508-1
VR887585,C102031,VA-SP-MINI,2025-12-05,vireo.in,1,2374,MINI-2508-4
VR890639,C108308,VA-SW-NX2,2025-12-05,vireo.in,1,6499,NX2-2509-4
VR891179,C101496,VA-EB-PL2,2025-12-05,Amazon,1,3324,PL2-2510-3
VR892274,C104457,VA-EB-PL2,2025-12-05,Amazon,1,2974,PL2-2508-1
VR893686,C108279,VA-EB-PL1,2025-12-05,Amazon,1,2249,PL1-2511-2
VR894450,C105087,VA-EB-AIR,2025-12-05,vireo.in,1,1799,AIR-2510-1
VR895926,C102407,VA-SP-MINI,2025-12-05,Amazon,1,2124,MINI-2509-3
VR897310,C107495,VA-EB-PL2,2025-12-05,vireo.in,1,2799,PL2-2508-2
VR898198,C101343,VA-EB-PL2,2025-12-05,vireo.in,1,2974,PL2-2508-4
VR900603,C100216,VA-EB-PL2,2025-12-05,vireo.in,1,3499,PL2-2510-4
VR900819,C107069,VA-EB-PL2,2025-12-05,vireo.in,1,2974,PL2-2510-1
VR901317,C103615,VA-EB-PL2,2025-12-05,vireo.in,1,3324,PL2-2509-4
VR901420,C105476,VA-HP-ST3,2025-12-05,Flipkart,1,6999,ST3-2508-4
VR903930,C100193,VA-EB-PL2,2025-12-05,Flipkart,2,6298,PL2-2510-4
VR905052,C107834,VA-AC-CH65,2025-12-05,Amazon,1,1499,CH65-2509-3
VR906419,C103505,VA-EB-PL1,2025-12-05,vireo.in,1,2374,PL1-2510-2
VR906604,C106736,VA-SP-MINI,2025-12-05,vireo.in,1,2499,MINI-2510-4
VR907913,C109105,VA-SW-FIT,2025-12-05,Amazon,1,1699,FIT-2509-2
VR908021,C105060,VA-SP-MINI,2025-12-05,vireo.in,1,1999,MINI-2510-3
VR908311,C108443,VA-EB-PL2,2025-12-05,Amazon,1,2974,PL2-2510-1
VR909410,C108856,VA-EB-PL1,2025-12-05,Amazon,1,2124,PL1-2510-4
VR909614,C100611,VA-SW-NX2,2025-12-05,vireo.in,1,6174,NX2-2510-2
VR883279,C107750,VA-NB-ARC,2025-12-06,Amazon,1,1104,ARC-2509-4
VR883601,C109423,VA-EB-PL2,2025-12-06,Amazon,1,3149,PL2-2509-3
VR887149,C103733,VA-SP-ORB,2025-12-06,vireo.in,1,4799,ORB-2511-3
VR888054,C105453,VA-EB-PL2,2025-12-06,Amazon,1,3499,PL2-2510-4
VR888564,C100228,VA-SP-MINI,2025-12-06,vireo.in,1,2499,MINI-2510-4
VR889687,C106721,VA-EB-PL2,2025-12-06,vireo.in,1,3499,PL2-2508-4
VR890094,C103050,VA-EB-PL2,2025-12-06,vireo.in,1,2799,PL2-2509-2
VR891744,C103250,VA-EB-PL2,2025-12-06,vireo.in,1,2974,PL2-2508-3
VR891851,C106776,VA-EB-PL2,2025-12-06,vireo.in,1,3149,PL2-2508-2
VR892700,C106472,VA-EB-PL2,2025-12-06,Amazon,1,3499,PL2-2509-1
VR892750,C109149,VA-SW-NX2,2025-12-06,vireo.in,1,5199,NX2-2508-3
VR897693,C101915,VA-EB-PL2,2025-12-06,vireo.in,1,3499,PL2-2508-1
VR897834,C106057,VA-HP-ST2,2025-12-06,vireo.in,1,3999,ST2-2509-4
VR899404,C101575,VA-EB-AIR,2025-12-06,Flipkart,1,1799,AIR-2511-4
VR899415,C103983,VA-EB-PL2,2025-12-06,vireo.in,1,2974,PL2-2508-3
VR903986,C102467,VA-EB-PL2,2025-12-06,vireo.in,1,3149,PL2-2509-4
VR906450,C104510,VA-EB-PL2,2025-12-06,Amazon,1,3499,PL2-2511-4
VR907817,C107685,VA-EB-PL2,2025-12-06,vireo.in,1,3149,PL2-2510-1
VR881935,C104329,VA-EB-PL1,2025-12-07,Amazon,1,1999,PL1-2510-4
VR882925,C101659,VA-SW-FIT,2025-12-07,vireo.in,1,1999,FIT-2510-3
VR883083,C102750,VA-EB-PL2,2025-12-07,vireo.in,1,3499,PL2-2510-3
VR885814,C103768,VA-SW-FIT,2025-12-07,Amazon,1,1799,FIT-2508-1
VR886336,C104039,VA-EB-PL2,2025-12-07,Amazon,1,3499,PL2-2508-1
VR888361,C104586,VA-NB-ARC,2025-12-07,Flipkart,1,1169,ARC-2509-1
VR888422,C107101,VA-AC-CH65,2025-12-07,vireo.in,1,1499,CH65-2511-3
VR889259,C106110,VA-EB-PL2,2025-12-07,vireo.in,1,3149,PL2-2511-3
VR889671,C104648,VA-EB-PL1,2025-12-07,Amazon,1,2124,PL1-2510-2
VR890794,C107100,VA-EB-PL2,2025-12-07,Amazon,1,2799,PL2-2511-1
VR892065,C103830,VA-SW-NX2,2025-12-07,Flipkart,1,6499,NX2-2511-3
VR892451,C103294,VA-EB-PL2,2025-12-07,Flipkart,1,3499,PL2-2508-2
VR894636,C107957,VA-SP-ORB,2025-12-07,Flipkart,1,5999,ORB-2511-2
VR895843,C102288,VA-NB-ARC,2025-12-07,Flipkart,1,1169,ARC-2510-1
VR896137,C108291,VA-EB-PL1,2025-12-07,Flipkart,1,1999,PL1-2509-3
VR896999,C101130,VA-AC-CBL,2025-12-07,vireo.in,1,399,CBL-2509-2
VR897921,C107472,VA-EB-AIR,2025-12-07,vireo.in,2,3058,AIR-2511-4
VR898796,C104722,VA-EB-PL1,2025-12-07,Amazon,1,2499,PL1-2509-2
VR899410,C107665,VA-EB-PL2,2025-12-07,vireo.in,1,3499,PL2-2509-4
VR899418,C101849,VA-EB-AIR,2025-12-07,Flipkart,1,1619,AIR-2508-3
VR899813,C107572,VA-EB-PL2,2025-12-07,Flipkart,1,3499,PL2-2509-1
VR900228,C103673,VA-EB-PL2,2025-12-07,Amazon,1,3149,PL2-2509-3
VR900343,C106517,VA-NB-ARC,2025-12-07,vireo.in,1,1234,ARC-2511-3
VR901915,C107179,VA-EB-PL2,2025-12-07,vireo.in,1,2974,PL2-2508-1
VR906635,C107952,VA-EB-PL1,2025-12-07,Amazon,1,2249,PL1-2511-1
VR909036,C105740,VA-AC-CASE,2025-12-07,Amazon,1,1039,CASE-2509-2
VR909326,C102021,VA-EB-PL2,2025-12-07,vireo.in,1,3324,PL2-2508-4
VR880203,C108630,VA-SP-MINI,2025-12-08,Amazon,1,2499,MINI-2508-4
VR885547,C108891,VA-EB-PL2,2025-12-08,Amazon,1,3324,PL2-2511-1
VR888642,C101965,VA-SW-NX2,2025-12-08,vireo.in,1,6499,NX2-2511-4
VR888993,C102791,VA-EB-PL2,2025-12-08,vireo.in,1,2799,PL2-2510-4
VR889712,C102837,VA-NB-ARC,2025-12-08,Amazon,1,1169,ARC-2509-1
VR893191,C104670,VA-EB-PL1,2025-12-08,Flipkart,1,2499,PL1-2509-1
VR893367,C102402,VA-NB-ARC,2025-12-08,Amazon,1,1039,ARC-2510-4
VR893387,C103006,VA-EB-PL2,2025-12-08,Amazon,1,3324,PL2-2509-3
VR893731,C105722,VA-EB-PL1,2025-12-08,Flipkart,1,2374,PL1-2508-3
VR893853,C104464,VA-EB-AIR,2025-12-08,vireo.in,1,1799,AIR-2509-1
VR894155,C105460,VA-SW-NX2,2025-12-08,vireo.in,1,6174,NX2-2511-1
VR895096,C108161,VA-EB-PL1,2025-12-08,vireo.in,1,1999,PL1-2510-4
VR895163,C106997,VA-SP-ORB,2025-12-08,Amazon,1,4799,ORB-2509-3
VR895447,C102443,VA-SW-FIT,2025-12-08,vireo.in,1,1699,FIT-2509-3
VR895706,C105438,VA-EB-AIR,2025-12-08,Flipkart,1,1709,AIR-2508-2
VR896637,C103626,VA-EB-AIR,2025-12-08,vireo.in,1,1529,AIR-2510-2
VR897640,C108696,VA-NB-ARC,2025-12-08,vireo.in,1,1169,ARC-2509-4
VR900155,C108080,VA-AC-CH65,2025-12-08,Amazon,1,1424,CH65-2510-2
VR901789,C108763,VA-HP-ST3,2025-12-08,Amazon,1,6999,ST3-2510-4
VR902786,C103576,VA-NB-ARC,2025-12-08,Amazon,2,2208,ARC-2508-4
VR903301,C100700,VA-EB-PL2,2025-12-08,Amazon,1,2799,PL2-2509-4
VR904831,C106793,VA-EB-PL2,2025-12-08,vireo.in,1,3324,PL2-2510-2
VR905397,C108525,VA-EB-PL2,2025-12-08,vireo.in,1,3324,PL2-2509-1
VR908012,C108032,VA-SW-FIT,2025-12-08,Amazon,1,1799,FIT-2509-3
VR908881,C107220,VA-EB-PL2,2025-12-08,vireo.in,1,3499,PL2-2510-4
VR908938,C106379,VA-HP-ST2,2025-12-08,Amazon,1,4999,ST2-2510-4
VR909086,C105486,VA-EB-PL2,2025-12-08,Amazon,1,2799,PL2-2511-4
VR880237,C108962,VA-HP-ST2,2025-12-09,vireo.in,1,4999,ST2-2508-3
VR880460,C101677,VA-EB-PL2,2025-12-09,vireo.in,1,3149,PL2-2510-4
VR880804,C106661,VA-EB-PL2,2025-12-09,Amazon,1,3324,PL2-2509-2
VR881271,C106746,VA-SW-NX1,2025-12-09,Flipkart,1,4999,NX1-2511-3
VR881916,C108099,VA-HP-ST3,2025-12-09,Flipkart,1,6999,ST3-2511-1
VR884596,C103024,VA-SP-MINI,2025-12-09,Flipkart,1,2499,MINI-2509-4
VR884696,C102204,VA-EB-PL1,2025-12-09,Amazon,1,2124,PL1-2509-1
VR884836,C103632,VA-EB-PL2,2025-12-09,vireo.in,1,3324,PL2-2510-1
VR885105,C104789,VA-EB-PL2,2025-12-09,Amazon,1,3324,PL2-2509-2
VR886821,C100271,VA-SW-NX1,2025-12-09,vireo.in,1,4999,NX1-2509-4
VR887790,C100925,VA-EB-PL2,2025-12-09,Amazon,1,3499,PL2-2509-4
VR888109,C107232,VA-EB-PL2,2025-12-09,Flipkart,1,3324,PL2-2508-4
VR888746,C105301,VA-EB-PL2,2025-12-09,vireo.in,1,3499,PL2-2510-3
VR891415,C100533,VA-EB-PL2,2025-12-09,Flipkart,1,3499,PL2-2511-4
VR892079,C101441,VA-SW-NX2,2025-12-09,Amazon,1,6174,NX2-2511-1
VR892706,C105084,VA-SW-NX2,2025-12-09,Amazon,1,5849,NX2-2510-4
VR893110,C107978,VA-EB-PL2,2025-12-09,Amazon,1,3499,PL2-2510-3
VR893401,C107416,VA-EB-PL2,2025-12-09,vireo.in,1,3499,PL2-2509-1
VR896493,C106115,VA-EB-PL1,2025-12-09,vireo.in,1,2499,PL1-2510-2
VR898006,C100814,VA-SW-NX1,2025-12-09,vireo.in,1,4249,NX1-2511-2
VR900091,C100811,VA-EB-PL1,2025-12-09,Amazon,1,2249,PL1-2511-1
VR901608,C104016,VA-SW-NX2,2025-12-09,vireo.in,1,6499,NX2-2511-1
VR904244,C108747,VA-EB-PL2,2025-12-09,vireo.in,1,3499,PL2-2508-2
VR904744,C101911,VA-EB-PL2,2025-12-09,vireo.in,1,3499,PL2-2509-1
VR905265,C101466,VA-EB-PL2,2025-12-09,Amazon,1,3149,PL2-2510-2
VR905345,C100651,VA-EB-PL2,2025-12-09,vireo.in,1,3149,PL2-2508-4
VR905549,C107869,VA-NB-ARC,2025-12-09,vireo.in,1,1299,ARC-2511-4
VR909760,C102046,VA-NB-ARC,2025-12-09,Amazon,1,1169,ARC-2508-2
VR880883,C100123,VA-EB-AIR,2025-12-10,Flipkart,1,1529,AIR-2509-1
VR882335,C105144,VA-HP-ST3,2025-12-10,vireo.in,1,6999,ST3-2510-1
VR884023,C100509,VA-AC-CH65,2025-12-10,Flipkart,1,1349,CH65-2511-1
VR884716,C104205,VA-SW-NX1,2025-12-10,vireo.in,1,4499,NX1-2510-1
VR885401,C106014,VA-SP-ORB,2025-12-10,vireo.in,1,5099,ORB-2509-2
VR885588,C105969,VA-EB-PL2,2025-12-10,Flipkart,1,3324,PL2-2509-2
VR885998,C102136,VA-EB-AIR,2025-12-10,vireo.in,1,1709,AIR-2510-4
VR888337,C101612,VA-EB-PL2,2025-12-10,vireo.in,1,3499,PL2-2509-1
VR891525,C109284,VA-SW-FIT,2025-12-10,Amazon,2,3998,FIT-2508-2
VR893787,C105159,VA-EB-PL1,2025-12-10,vireo.in,1,2374,PL1-2508-2
VR893807,C102347,VA-EB-PL2,2025-12-10,Amazon,1,3499,PL2-2510-3
VR894616,C103498,VA-EB-PL2,2025-12-10,Amazon,1,3499,PL2-2511-1
VR898484,C108529,VA-NB-ARC,2025-12-10,Amazon,2,2078,ARC-2509-1
VR898563,C108799,VA-EB-PL2,2025-12-10,Flipkart,2,6298,PL2-2509-3
VR898896,C100513,VA-EB-PL1,2025-12-10,vireo.in,1,2499,PL1-2511-4
VR899547,C104063,VA-SW-NX2,2025-12-10,vireo.in,1,6174,NX2-2510-3
VR900938,C103546,VA-SW-NX2,2025-12-10,Amazon,1,5524,NX2-2511-4
VR901009,C102037,VA-EB-PL1,2025-12-10,vireo.in,1,2499,PL1-2509-1
VR903003,C109454,VA-SP-ORB,2025-12-10,vireo.in,1,5999,ORB-2510-2
VR907545,C100740,VA-HP-ST3,2025-12-10,vireo.in,1,6649,ST3-2511-1
VR909008,C104972,VA-EB-PL2,2025-12-10,Amazon,2,6298,PL2-2511-2
VR880482,C109035,VA-EB-PL2,2025-12-11,Amazon,1,3499,PL2-2511-4
VR882159,C109190,VA-HP-ST3,2025-12-11,vireo.in,1,6999,ST3-2508-1
VR883788,C101479,VA-EB-PL2,2025-12-11,vireo.in,1,2974,PL2-2509-4
VR884141,C109459,VA-EB-PL1,2025-12-11,vireo.in,1,2374,PL1-2509-2
VR885220,C103278,VA-EB-PL2,2025-12-11,Flipkart,1,2799,PL2-2511-3
VR885737,C105194,VA-SP-ORB,2025-12-11,vireo.in,1,5999,ORB-2511-4
VR885980,C102347,VA-EB-PL1,2025-12-11,vireo.in,1,1999,PL1-2509-4
VR886151,C105428,VA-HP-ST3,2025-12-11,Amazon,1,5599,ST3-2510-3
VR886896,C107614,VA-HP-ST2,2025-12-11,Flipkart,1,4999,ST2-2509-2
VR888371,C103434,VA-EB-PL2,2025-12-11,vireo.in,1,3324,PL2-2510-3
VR889194,C103715,VA-AC-CASE,2025-12-11,Amazon,1,1169,CASE-2508-1
VR890791,C101297,VA-EB-PL2,2025-12-11,vireo.in,1,3324,PL2-2508-2
VR891769,C102756,VA-EB-PL1,2025-12-11,vireo.in,1,2499,PL1-2509-3
VR891805,C108323,VA-HP-ST3,2025-12-11,vireo.in,1,6999,ST3-2508-2
VR892469,C107947,VA-SW-FIT,2025-12-11,vireo.in,1,1599,FIT-2509-2
VR893462,C101290,VA-SW-NX1,2025-12-11,vireo.in,1,4499,NX1-2511-3
VR893728,C102310,VA-AC-CASE,2025-12-11,vireo.in,1,1299,CASE-2509-4
VR896833,C105640,VA-EB-PL1,2025-12-11,Amazon,1,2249,PL1-2510-4
VR897247,C108162,VA-NB-ARC,2025-12-11,Flipkart,1,1169,ARC-2510-1
VR897550,C104610,VA-NB-ARC,2025-12-11,vireo.in,1,1299,ARC-2510-3
VR898599,C103414,VA-HP-ST2,2025-12-11,vireo.in,1,4499,ST2-2511-4
VR899445,C106636,VA-EB-AIR,2025-12-11,vireo.in,1,1439,AIR-2509-3
VR900809,C107808,VA-EB-PL2,2025-12-11,Amazon,1,3324,PL2-2509-1
VR901082,C101350,VA-SW-FIT,2025-12-11,Flipkart,1,1699,FIT-2508-4
VR901924,C105570,VA-EB-PL2,2025-12-11,vireo.in,1,3149,PL2-2509-1
VR902039,C108559,VA-EB-PL2,2025-12-11,vireo.in,1,2799,PL2-2510-2
VR902706,C104907,VA-AC-CASE,2025-12-11,vireo.in,1,1299,CASE-2509-3
VR902960,C106227,VA-EB-PL1,2025-12-11,vireo.in,1,2124,PL1-2508-2
VR903088,C101346,VA-EB-PL2,2025-12-11,Amazon,1,2974,PL2-2510-4
VR906679,C105233,VA-EB-PL2,2025-12-11,Amazon,1,3499,PL2-2510-4
VR908783,C102758,VA-SP-ORB,2025-12-11,vireo.in,1,5999,ORB-2509-4
VR881727,C108102,VA-AC-CASE,2025-12-12,Amazon,1,1299,CASE-2509-3
VR882348,C105697,VA-SW-NX2,2025-12-12,Amazon,1,6499,NX2-2509-4
VR883743,C108288,VA-AC-CH65,2025-12-12,vireo.in,1,1274,CH65-2510-2
VR883952,C108450,VA-EB-PL1,2025-12-12,Amazon,1,2249,PL1-2508-3
VR884248,C101196,VA-EB-PL2,2025-12-12,Amazon,1,2974,PL2-2510-1
VR884321,C102561,VA-EB-PL2,2025-12-12,Amazon,1,3499,PL2-2511-4
VR885803,C101441,VA-EB-PL2,2025-12-12,Flipkart,1,3324,PL2-2510-3
VR886167,C103257,VA-EB-AIR,2025-12-12,vireo.in,1,1799,AIR-2511-4
VR887819,C102814,VA-SP-MINI,2025-12-12,vireo.in,1,2499,MINI-2509-3
VR887936,C102962,VA-SW-NX2,2025-12-12,Flipkart,1,6499,NX2-2511-1
VR888256,C102638,VA-SW-NX2,2025-12-12,vireo.in,1,5199,NX2-2510-4
VR888482,C105442,VA-EB-PL2,2025-12-12,vireo.in,1,2974,PL2-2509-1
VR889050,C100131,VA-EB-PL2,2025-12-12,vireo.in,1,3499,PL2-2511-3
VR893141,C104019,VA-EB-PL2,2025-12-12,Amazon,1,3324,PL2-2511-4
VR893981,C100193,VA-NB-ARC,2025-12-12,vireo.in,1,1299,ARC-2509-4
VR895172,C105442,VA-EB-PL2,2025-12-12,vireo.in,1,3499,PL2-2511-3
VR897115,C108334,VA-EB-PL1,2025-12-12,vireo.in,1,1999,PL1-2509-4
VR899070,C109202,VA-EB-PL2,2025-12-12,Amazon,1,3149,PL2-2508-1
VR899340,C102216,VA-EB-PL2,2025-12-12,vireo.in,1,3499,PL2-2510-2
VR900166,C102139,VA-EB-PL2,2025-12-12,vireo.in,1,3149,PL2-2509-3
VR901337,C107989,VA-EB-PL2,2025-12-12,Amazon,1,3324,PL2-2509-1
VR902209,C107169,VA-EB-AIR,2025-12-12,vireo.in,1,1799,AIR-2510-3
VR903634,C100985,VA-EB-PL2,2025-12-12,vireo.in,1,3149,PL2-2509-2
VR904219,C103935,VA-EB-AIR,2025-12-12,Flipkart,1,1799,AIR-2509-4
VR904241,C108295,VA-EB-PL1,2025-12-12,vireo.in,1,2499,PL1-2511-3
VR905786,C108034,VA-NB-ARC,2025-12-12,Amazon,1,1169,ARC-2510-4
VR906069,C104133,VA-EB-PL2,2025-12-12,vireo.in,1,2974,PL2-2508-3
VR906265,C100786,VA-EB-PL2,2025-12-12,Amazon,1,3499,PL2-2511-1
VR906689,C106953,VA-SP-MINI,2025-12-12,vireo.in,1,2374,MINI-2511-1
VR906794,C108892,VA-EB-PL2,2025-12-12,Amazon,1,3149,PL2-2510-1
VR907652,C105126,VA-EB-PL1,2025-12-12,vireo.in,1,2499,PL1-2511-1
VR908725,C103247,VA-EB-PL2,2025-12-12,Amazon,1,2799,PL2-2510-1
VR881903,C104513,VA-EB-PL2,2025-12-13,Amazon,1,3499,PL2-2511-1
VR881946,C102104,VA-EB-PL2,2025-12-13,Amazon,1,3499,PL2-2510-4
VR882125,C100793,VA-SW-NX1,2025-12-13,Amazon,1,3999,NX1-2510-3
VR882858,C101926,VA-EB-PL2,2025-12-13,vireo.in,1,3499,PL2-2509-2
VR882975,C104572,VA-EB-PL1,2025-12-13,vireo.in,1,2499,PL1-2509-4
VR883909,C105165,VA-EB-AIR,2025-12-13,Amazon,1,1529,AIR-2509-2
VR885842,C102833,VA-AC-CASE,2025-12-13,Flipkart,1,1299,CASE-2510-4
VR887641,C109284,VA-EB-PL2,2025-12-13,Amazon,1,3499,PL2-2511-2
VR888368,C106829,VA-EB-AIR,2025-12-13,Flipkart,1,1619,AIR-2509-2
VR891365,C100138,VA-EB-PL2,2025-12-13,Flipkart,1,3149,PL2-2511-4
VR891495,C101489,VA-EB-PL1,2025-12-13,vireo.in,1,2249,PL1-2509-3
VR891595,C103675,VA-EB-PL1,2025-12-13,Amazon,1,2499,PL1-2510-3
VR892085,C104768,VA-EB-PL2,2025-12-13,vireo.in,1,3499,PL2-2511-1
VR894435,C100235,VA-EB-PL2,2025-12-13,vireo.in,1,3499,PL2-2509-4
VR898364,C104334,VA-NB-ARC,2025-12-13,vireo.in,1,1299,ARC-2509-2
VR899651,C109032,VA-EB-PL1,2025-12-13,Amazon,1,1999,PL1-2509-4
VR901631,C105195,VA-NB-ARC,2025-12-13,vireo.in,1,1299,ARC-2511-1
VR901963,C105147,VA-EB-AIR,2025-12-13,vireo.in,1,1799,AIR-2511-3
VR904058,C108397,VA-EB-PL1,2025-12-13,vireo.in,1,2249,PL1-2508-3
VR905206,C100491,VA-EB-PL1,2025-12-13,vireo.in,1,1999,PL1-2511-3
VR905956,C105475,VA-EB-PL1,2025-12-13,vireo.in,2,4998,PL1-2511-2
VR906861,C103312,VA-HP-ST3,2025-12-13,vireo.in,1,6299,ST3-2509-3
VR907995,C100856,VA-HP-ST2,2025-12-13,vireo.in,1,3999,ST2-2509-2
VR908152,C103219,VA-EB-PL2,2025-12-13,vireo.in,1,3499,PL2-2510-1
VR908521,C109384,VA-EB-PL2,2025-12-13,vireo.in,1,3324,PL2-2510-3
VR908990,C107851,VA-EB-PL2,2025-12-13,vireo.in,1,3499,PL2-2509-1
VR880562,C109452,VA-SW-FIT,2025-12-14,vireo.in,1,1599,FIT-2510-3
VR881019,C101953,VA-EB-AIR,2025-12-14,Amazon,1,1799,AIR-2509-3
VR881516,C102693,VA-EB-AIR,2025-12-14,vireo.in,1,1799,AIR-2510-1
VR881896,C101957,VA-EB-PL2,2025-12-14,vireo.in,2,6298,PL2-2509-4
VR882098,C108526,VA-EB-PL2,2025-12-14,vireo.in,1,3499,PL2-2510-4
VR883122,C104250,VA-EB-PL2,2025-12-14,vireo.in,1,3324,PL2-2509-3
VR885021,C107579,VA-EB-PL2,2025-12-14,Amazon,2,6998,PL2-2509-4
VR885242,C104197,VA-EB-PL2,2025-12-14,vireo.in,1,3149,PL2-2511-2
VR887446,C103685,VA-EB-PL2,2025-12-14,vireo.in,1,3499,PL2-2509-2
VR890341,C109313,VA-EB-PL2,2025-12-14,Amazon,1,3499,PL2-2511-3
VR890892,C109413,VA-HP-ST3,2025-12-14,Amazon,1,5599,ST3-2509-3
VR891043,C102053,VA-EB-PL2,2025-12-14,vireo.in,1,3324,PL2-2511-2
VR891721,C102738,VA-EB-AIR,2025-12-14,Amazon,1,1799,AIR-2511-3
VR893308,C100152,VA-EB-PL2,2025-12-14,vireo.in,1,3499,PL2-2511-2
VR894157,C109463,VA-EB-PL2,2025-12-14,vireo.in,1,3499,PL2-2509-1
VR894296,C107757,VA-EB-PL2,2025-12-14,vireo.in,1,3324,PL2-2510-1
VR895386,C103549,VA-EB-PL1,2025-12-14,vireo.in,1,2499,PL1-2508-1
VR897919,C106375,VA-SW-NX2,2025-12-14,vireo.in,1,5849,NX2-2509-1
VR899718,C106235,VA-AC-CASE,2025-12-14,vireo.in,1,1299,CASE-2509-1
VR899958,C104691,VA-AC-CH65,2025-12-14,vireo.in,1,1349,CH65-2511-4
VR900724,C102919,VA-EB-AIR,2025-12-14,vireo.in,1,1709,AIR-2510-4
VR902243,C105002,VA-EB-PL1,2025-12-14,Flipkart,1,2499,PL1-2511-4
VR902467,C105520,VA-SP-ORB,2025-12-14,vireo.in,1,4799,ORB-2510-3
VR903144,C101395,VA-EB-PL2,2025-12-14,vireo.in,1,3149,PL2-2510-4
VR905213,C105704,VA-EB-AIR,2025-12-14,Amazon,1,1799,AIR-2511-2
VR907368,C102534,VA-EB-PL2,2025-12-14,vireo.in,1,3149,PL2-2509-2
VR908007,C107520,VA-HP-ST3,2025-12-14,vireo.in,1,6299,ST3-2511-1
VR909102,C109115,VA-EB-PL1,2025-12-14,vireo.in,1,2249,PL1-2510-1
VR909948,C107732,VA-EB-PL2,2025-12-14,Amazon,1,3499,PL2-2509-3
VR880714,C105111,VA-SW-NX2,2025-12-15,Flipkart,1,6499,NX2-2511-4
VR880753,C109102,VA-EB-PL1,2025-12-15,vireo.in,1,2499,PL1-2511-2
VR883982,C106182,VA-SW-FIT,2025-12-15,Amazon,1,1899,FIT-2508-1
VR884352,C104866,VA-SW-FIT,2025-12-15,vireo.in,1,1699,FIT-2509-1
VR885238,C108372,VA-EB-PL2,2025-12-15,Flipkart,1,3149,PL2-2510-1
VR886369,C106686,VA-EB-AIR,2025-12-15,vireo.in,1,1439,AIR-2509-3
VR888149,C100974,VA-EB-AIR,2025-12-15,vireo.in,1,1799,AIR-2510-2
VR889658,C108853,VA-EB-AIR,2025-12-15,Amazon,1,1529,AIR-2509-3
VR889703,C109281,VA-EB-PL2,2025-12-15,vireo.in,1,3499,PL2-2509-4
VR891038,C100650,VA-EB-PL2,2025-12-15,Amazon,1,3324,PL2-2509-4
VR891664,C102745,VA-EB-PL2,2025-12-15,vireo.in,1,3499,PL2-2510-2
VR892082,C104736,VA-EB-AIR,2025-12-15,Flipkart,1,1619,AIR-2511-1
VR892765,C108453,VA-AC-CH65,2025-12-15,vireo.in,2,2998,CH65-2508-3
VR893029,C109104,VA-EB-PL1,2025-12-15,Flipkart,1,2499,PL1-2511-4
VR893771,C108756,VA-EB-PL2,2025-12-15,Amazon,1,2974,PL2-2509-2
VR895232,C102452,VA-EB-PL1,2025-12-15,vireo.in,1,2249,PL1-2509-1
VR897043,C102041,VA-EB-PL2,2025-12-15,Amazon,1,3149,PL2-2510-2
VR897517,C102605,VA-SW-NX2,2025-12-15,vireo.in,1,6499,NX2-2511-2
VR898244,C103030,VA-EB-AIR,2025-12-15,Amazon,1,1619,AIR-2510-1
VR899230,C105704,VA-AC-CASE,2025-12-15,Amazon,1,1039,CASE-2510-4
VR899664,C104146,VA-SP-ORB,2025-12-15,vireo.in,1,5999,ORB-2509-4
VR900744,C103863,VA-AC-CH65,2025-12-15,Amazon,1,1274,CH65-2511-4
VR900993,C102694,VA-AC-CH65,2025-12-15,vireo.in,1,1274,CH65-2511-1
VR902985,C109037,VA-SW-FIT,2025-12-15,vireo.in,1,1699,FIT-2509-1
VR903116,C104308,VA-EB-PL2,2025-12-15,vireo.in,1,2974,PL2-2510-1
VR904190,C106767,VA-EB-PL2,2025-12-15,Flipkart,1,2799,PL2-2510-2
VR906823,C101425,VA-NB-ARC,2025-12-15,vireo.in,2,2338,ARC-2509-1
VR906866,C102070,VA-SW-NX2,2025-12-15,vireo.in,2,12348,NX2-2511-1
VR907017,C102313,VA-EB-AIR,2025-12-15,Amazon,1,1529,AIR-2509-2
VR907101,C101667,VA-EB-PL2,2025-12-15,Flipkart,1,3324,PL2-2509-1
VR908033,C102867,VA-HP-ST2,2025-12-15,vireo.in,1,4749,ST2-2511-4
VR881714,C101826,VA-EB-AIR,2025-12-16,vireo.in,1,1709,AIR-2511-1
VR883264,C101056,VA-AC-CASE,2025-12-16,Flipkart,1,1299,CASE-2511-1
VR883904,C106131,VA-EB-PL2,2025-12-16,Amazon,1,3499,PL2-2511-1
VR887031,C105506,VA-SP-MINI,2025-12-16,vireo.in,1,2499,MINI-2511-2
VR889515,C105103,VA-SP-ORB,2025-12-16,vireo.in,1,5999,ORB-2511-2
VR890970,C105929,VA-SP-MINI,2025-12-16,Amazon,1,1999,MINI-2509-2
VR892102,C100223,VA-EB-PL2,2025-12-16,vireo.in,1,2799,PL2-2511-2
VR894555,C102866,VA-AC-CASE,2025-12-16,Amazon,1,1299,CASE-2509-3
VR896369,C108529,VA-NB-ARC,2025-12-16,vireo.in,1,1299,ARC-2509-2
VR896800,C101677,VA-EB-PL2,2025-12-16,Amazon,1,3324,PL2-2511-4
VR897229,C100998,VA-EB-PL2,2025-12-16,Amazon,1,3499,PL2-2508-3
VR897747,C100446,VA-SW-NX2,2025-12-16,Amazon,1,6499,NX2-2511-2
VR903121,C101292,VA-EB-AIR,2025-12-16,vireo.in,1,1619,AIR-2509-2
VR904765,C102993,VA-EB-PL2,2025-12-16,vireo.in,1,2974,PL2-2510-3
VR908913,C108337,VA-EB-PL2,2025-12-16,Flipkart,1,2799,PL2-2511-2
VR909015,C108304,VA-EB-AIR,2025-12-16,vireo.in,1,1439,AIR-2509-4
VR880443,C100347,VA-EB-PL2,2025-12-17,Flipkart,1,3324,PL2-2510-2
VR880703,C101086,VA-EB-PL2,2025-12-17,vireo.in,1,2974,PL2-2508-4
VR881584,C101307,VA-EB-PL2,2025-12-17,Amazon,1,2799,PL2-2510-1
VR881712,C105191,VA-EB-PL1,2025-12-17,Amazon,1,2499,PL1-2509-1
VR881921,C103214,VA-EB-PL2,2025-12-17,vireo.in,1,3499,PL2-2509-1
VR882208,C103549,VA-SW-NX2,2025-12-17,Amazon,1,6499,NX2-2509-3
VR885050,C106329,VA-SW-NX1,2025-12-17,Amazon,1,3999,NX1-2511-4
VR886099,C100348,VA-EB-PL2,2025-12-17,Flipkart,1,3499,PL2-2511-4
VR887394,C100884,VA-EB-PL1,2025-12-17,Amazon,1,2249,PL1-2511-1
VR887761,C107120,VA-SP-ORB,2025-12-17,vireo.in,1,5399,ORB-2511-1
VR889312,C104105,VA-SP-ORB,2025-12-17,Amazon,1,5099,ORB-2510-3
VR890688,C100359,VA-EB-PL2,2025-12-17,vireo.in,1,3499,PL2-2511-1
VR892603,C105499,VA-EB-PL1,2025-12-17,Amazon,1,2499,PL1-2511-1
VR893021,C103646,VA-EB-PL2,2025-12-17,vireo.in,1,3499,PL2-2510-4
VR896891,C107781,VA-NB-ARC,2025-12-17,vireo.in,2,2598,ARC-2511-1
VR898772,C109071,VA-SW-NX1,2025-12-17,Amazon,1,4999,NX1-2510-4
VR901019,C106201,VA-AC-CASE,2025-12-17,vireo.in,1,1234,CASE-2510-4
VR901435,C108405,VA-EB-PL1,2025-12-17,vireo.in,1,2499,PL1-2511-4
VR901901,C106190,VA-EB-PL1,2025-12-17,vireo.in,1,1999,PL1-2510-3
VR902679,C102852,VA-SW-NX2,2025-12-17,vireo.in,1,5199,NX2-2510-1
VR903187,C102920,VA-EB-PL1,2025-12-17,vireo.in,1,2499,PL1-2508-1
VR904163,C100941,VA-EB-PL2,2025-12-17,Amazon,1,3499,PL2-2509-1
VR906512,C100646,VA-EB-PL2,2025-12-17,vireo.in,1,2974,PL2-2511-3
VR907535,C102813,VA-EB-PL2,2025-12-17,vireo.in,1,2974,PL2-2510-3
VR909099,C100089,VA-EB-PL2,2025-12-17,vireo.in,1,3324,PL2-2509-2
VR909223,C106812,VA-HP-ST2,2025-12-17,Amazon,1,4999,ST2-2509-3
VR880040,C103545,VA-AC-CASE,2025-12-18,Amazon,1,1104,CASE-2510-4
VR880950,C105832,VA-HP-ST3,2025-12-18,vireo.in,2,13998,ST3-2510-2
VR881376,C107746,VA-SP-MINI,2025-12-18,vireo.in,1,2499,MINI-2510-1
VR881647,C106990,VA-SP-MINI,2025-12-18,Amazon,1,2499,MINI-2510-4
VR881668,C104626,VA-HP-ST3,2025-12-18,vireo.in,1,6649,ST3-2511-4
VR883210,C102898,VA-EB-PL1,2025-12-18,Amazon,1,2499,PL1-2510-3
VR883443,C106766,VA-HP-ST2,2025-12-18,Flipkart,1,4499,ST2-2511-4
VR883550,C104879,VA-HP-ST3,2025-12-18,vireo.in,2,11198,ST3-2509-3
VR884899,C103937,VA-EB-AIR,2025-12-18,Amazon,1,1799,AIR-2511-2
VR886942,C101244,VA-EB-PL2,2025-12-18,Flipkart,2,5598,PL2-2509-4
VR887345,C101461,VA-EB-PL2,2025-12-18,vireo.in,1,3499,PL2-2510-2
VR887617,C103266,VA-EB-PL2,2025-12-18,vireo.in,1,3499,PL2-2509-2
VR888691,C102254,VA-EB-AIR,2025-12-18,Flipkart,1,1709,AIR-2509-4
VR890017,C107282,VA-EB-PL2,2025-12-18,vireo.in,1,3499,PL2-2509-1
VR890504,C102943,VA-EB-PL2,2025-12-18,Flipkart,1,2799,PL2-2509-1
VR890521,C100645,VA-EB-PL2,2025-12-18,Amazon,1,3499,PL2-2511-3
VR890583,C102945,VA-NB-ARC,2025-12-18,Flipkart,1,1104,ARC-2511-2
VR890888,C109361,VA-NB-ARC,2025-12-18,Amazon,1,1234,ARC-2508-3
VR891357,C103566,VA-SW-NX2,2025-12-18,vireo.in,1,6499,NX2-2509-3
VR891751,C106670,VA-SW-NX2,2025-12-18,Flipkart,1,5199,NX2-2510-4
VR892028,C100494,VA-EB-PL1,2025-12-18,Amazon,1,2374,PL1-2511-4
VR892571,C101461,VA-SW-NX2,2025-12-18,Amazon,1,6499,NX2-2510-4
VR894535,C104392,VA-SP-ORB,2025-12-18,Amazon,1,5999,ORB-2509-1
VR894890,C101688,VA-EB-PL1,2025-12-18,vireo.in,1,2499,PL1-2511-2
VR894896,C107280,VA-AC-CBL,2025-12-18,vireo.in,1,319,CBL-2510-3
VR895593,C102459,VA-HP-ST3,2025-12-18,Amazon,2,13998,ST3-2509-1
VR896742,C107710,VA-EB-PL2,2025-12-18,vireo.in,1,3499,PL2-2510-4
VR899257,C107026,VA-SW-FIT,2025-12-18,vireo.in,1,1599,FIT-2509-2
VR900117,C100138,VA-HP-ST3,2025-12-18,vireo.in,1,6299,ST3-2509-3
VR900521,C101708,VA-SW-NX2,2025-12-18,vireo.in,1,6174,NX2-2509-3
VR901330,C100306,VA-HP-ST2,2025-12-18,vireo.in,1,4249,ST2-2509-3
VR901797,C106602,VA-EB-PL2,2025-12-18,vireo.in,1,2799,PL2-2509-1
VR903816,C107651,VA-SW-NX2,2025-12-18,Amazon,2,11698,NX2-2511-2
VR904430,C104711,VA-EB-PL2,2025-12-18,vireo.in,1,3324,PL2-2511-2
VR904661,C100625,VA-EB-PL1,2025-12-18,Flipkart,1,2249,PL1-2508-2
VR905242,C103399,VA-SW-NX2,2025-12-18,vireo.in,2,11048,NX2-2509-2
VR905747,C104697,VA-EB-PL2,2025-12-18,vireo.in,1,2974,PL2-2510-3
VR906414,C108926,VA-EB-PL2,2025-12-18,Amazon,1,3324,PL2-2509-2
VR882501,C102446,VA-HP-ST2,2025-12-19,vireo.in,1,4999,ST2-2510-1
VR882645,C101940,VA-EB-PL1,2025-12-19,vireo.in,1,2374,PL1-2511-1
VR884859,C108077,VA-SW-NX2,2025-12-19,Flipkart,1,5524,NX2-2509-2
VR884871,C103818,VA-EB-PL2,2025-12-19,Flipkart,1,2974,PL2-2511-1
VR884912,C107232,VA-SW-NX2,2025-12-19,vireo.in,1,6499,NX2-2511-2
VR885096,C100083,VA-SW-NX1,2025-12-19,vireo.in,2,8998,NX1-2511-2
VR885222,C101013,VA-AC-CASE,2025-12-19,vireo.in,1,1299,CASE-2509-3
VR886866,C105292,VA-SP-ORB,2025-12-19,Amazon,1,5999,ORB-2509-2
VR887007,C101358,VA-EB-PL2,2025-12-19,vireo.in,1,3499,PL2-2510-1
VR888766,C103672,VA-SW-NX2,2025-12-19,vireo.in,1,6499,NX2-2511-4
VR892913,C100037,VA-SW-NX2,2025-12-19,vireo.in,1,5199,NX2-2509-4
VR892928,C104653,VA-EB-PL2,2025-12-19,vireo.in,2,6648,PL2-2511-3
VR893578,C105331,VA-EB-PL2,2025-12-19,Amazon,1,3499,PL2-2510-2
VR893648,C108396,VA-EB-PL2,2025-12-19,vireo.in,1,3499,PL2-2511-3
VR894097,C104742,VA-EB-AIR,2025-12-19,vireo.in,1,1709,AIR-2510-1
VR895242,C107203,VA-SW-NX2,2025-12-19,Amazon,1,6499,NX2-2511-3
VR895541,C106382,VA-HP-ST3,2025-12-19,vireo.in,1,5599,ST3-2510-4
VR895591,C101999,VA-SW-FIT,2025-12-19,vireo.in,1,1999,FIT-2510-2
VR896358,C101771,VA-SW-NX2,2025-12-19,vireo.in,1,6499,NX2-2511-1
VR896919,C108963,VA-EB-AIR,2025-12-19,vireo.in,1,1799,AIR-2511-2
VR899085,C106985,VA-SW-FIT,2025-12-19,vireo.in,1,1999,FIT-2511-1
VR899295,C100870,VA-SP-MINI,2025-12-19,vireo.in,1,2499,MINI-2509-1
VR904793,C102981,VA-EB-PL2,2025-12-19,Amazon,1,3499,PL2-2511-2
VR907249,C106309,VA-EB-PL2,2025-12-19,vireo.in,1,3149,PL2-2510-1
VR907395,C107369,VA-EB-PL2,2025-12-19,Amazon,1,2799,PL2-2509-2
VR908077,C100600,VA-EB-AIR,2025-12-19,Flipkart,1,1799,AIR-2511-2
VR880186,C107480,VA-HP-ST3,2025-12-20,vireo.in,1,6649,ST3-2510-4
VR881849,C107253,VA-HP-ST3,2025-12-20,vireo.in,1,6999,ST3-2511-4
VR883914,C108830,VA-EB-PL2,2025-12-20,vireo.in,2,6998,PL2-2509-1
VR883925,C108476,VA-SW-FIT,2025-12-20,Amazon,1,1999,FIT-2511-2
VR884566,C108534,VA-SP-ORB,2025-12-20,vireo.in,1,5699,ORB-2511-4
VR885561,C104737,VA-NB-ARC,2025-12-20,vireo.in,1,1039,ARC-2509-1
VR886110,C103502,VA-EB-PL2,2025-12-20,vireo.in,1,2799,PL2-2511-4
VR886149,C107564,VA-HP-ST3,2025-12-20,Amazon,1,6649,ST3-2511-3
VR888837,C105102,VA-SW-FIT,2025-12-20,vireo.in,1,1999,FIT-2509-3
VR889204,C109242,VA-EB-AIR,2025-12-20,vireo.in,1,1799,AIR-2509-1
VR890573,C108004,VA-SP-MINI,2025-12-20,vireo.in,1,2499,MINI-2509-3
VR891433,C109429,VA-EB-PL2,2025-12-20,vireo.in,1,2974,PL2-2511-3
VR892064,C105628,VA-HP-ST3,2025-12-20,vireo.in,1,6999,ST3-2510-4
VR894743,C105123,VA-EB-AIR,2025-12-20,vireo.in,1,1799,AIR-2511-1
VR894861,C106503,VA-SW-NX2,2025-12-20,Flipkart,1,6499,NX2-2509-3
VR895238,C101478,VA-EB-PL2,2025-12-20,vireo.in,1,3499,PL2-2511-1
VR896130,C103797,VA-EB-PL1,2025-12-20,Amazon,1,2124,PL1-2511-4
VR899614,C108355,VA-SW-NX2,2025-12-20,vireo.in,1,6499,NX2-2509-2
VR901391,C104353,VA-SW-FIT,2025-12-20,vireo.in,1,1699,FIT-2511-4
VR902041,C100845,VA-EB-AIR,2025-12-20,Amazon,1,1439,AIR-2509-3
VR902188,C104003,VA-HP-ST3,2025-12-20,vireo.in,1,6999,ST3-2510-1
VR902385,C107787,VA-SW-NX2,2025-12-20,Flipkart,1,6499,NX2-2510-4
VR902582,C107769,VA-EB-PL2,2025-12-20,vireo.in,2,5598,PL2-2511-1
VR902955,C105288,VA-EB-PL2,2025-12-20,vireo.in,1,3499,PL2-2509-3
VR904340,C105598,VA-SW-NX2,2025-12-20,Amazon,1,5199,NX2-2510-2
VR904945,C103279,VA-EB-PL2,2025-12-20,vireo.in,1,3324,PL2-2509-2
VR904992,C108974,VA-EB-PL1,2025-12-20,Flipkart,1,1999,PL1-2511-2
VR906258,C104001,VA-SW-NX2,2025-12-20,vireo.in,1,5524,NX2-2511-2
VR881663,C107844,VA-EB-PL2,2025-12-21,Flipkart,1,2974,PL2-2511-2
VR881953,C100678,VA-HP-ST3,2025-12-21,Flipkart,1,5949,ST3-2510-3
VR883689,C108842,VA-SW-NX2,2025-12-21,vireo.in,1,6499,NX2-2510-3
VR887014,C103823,VA-EB-PL2,2025-12-21,Amazon,1,3324,PL2-2509-2
VR892872,C102665,VA-EB-PL2,2025-12-21,vireo.in,2,6998,PL2-2512-1
VR893753,C101385,VA-EB-AIR,2025-12-21,vireo.in,1,1799,AIR-2510-2
VR896580,C105393,VA-EB-PL2,2025-12-21,vireo.in,1,3499,PL2-2510-3
VR897291,C103400,VA-SP-MINI,2025-12-21,Amazon,1,2499,MINI-2510-1
VR898577,C106322,VA-EB-PL2,2025-12-21,vireo.in,1,3499,PL2-2511-4
VR899247,C100276,VA-EB-PL2,2025-12-21,vireo.in,1,2799,PL2-2511-1
VR899297,C108182,VA-EB-PL2,2025-12-21,Flipkart,1,3499,PL2-2512-3
VR899322,C103582,VA-EB-PL1,2025-12-21,Flipkart,1,1999,PL1-2510-3
VR900569,C104839,VA-EB-PL1,2025-12-21,vireo.in,2,4748,PL1-2511-4
VR902816,C105670,VA-HP-ST3,2025-12-21,vireo.in,1,6999,ST3-2510-1
VR902957,C106062,VA-HP-ST3,2025-12-21,Amazon,1,6299,ST3-2509-2
VR903863,C105321,VA-EB-PL2,2025-12-21,Flipkart,1,3499,PL2-2511-2
VR904279,C107470,VA-SW-NX2,2025-12-21,vireo.in,1,5524,NX2-2510-3
VR904632,C107490,VA-EB-PL1,2025-12-21,vireo.in,1,2374,PL1-2509-4
VR904720,C100639,VA-SW-NX2,2025-12-21,Amazon,1,6174,NX2-2511-4
VR906394,C108634,VA-EB-PL2,2025-12-21,vireo.in,1,2799,PL2-2509-3
VR906533,C100095,VA-SP-MINI,2025-12-21,vireo.in,1,1999,MINI-2511-2
VR907102,C102133,VA-SW-NX1,2025-12-21,Amazon,1,4999,NX1-2509-1
VR909321,C102406,VA-SW-NX2,2025-12-21,vireo.in,1,5199,NX2-2512-2
VR880119,C104128,VA-EB-PL2,2025-12-22,Flipkart,1,3499,PL2-2509-3
VR880152,C101806,VA-EB-AIR,2025-12-22,Flipkart,1,1799,AIR-2511-3
VR880216,C108029,VA-EB-PL1,2025-12-22,vireo.in,1,2499,PL1-2511-1
VR882054,C103968,VA-EB-PL1,2025-12-22,vireo.in,1,2499,PL1-2509-1
VR882216,C103909,VA-EB-PL2,2025-12-22,Flipkart,1,3149,PL2-2509-1
VR886265,C101593,VA-EB-AIR,2025-12-22,vireo.in,1,1799,AIR-2509-1
VR887802,C103676,VA-EB-PL2,2025-12-22,Amazon,1,3149,PL2-2509-3
VR889232,C100336,VA-EB-PL2,2025-12-22,Amazon,1,3499,PL2-2511-3
VR889569,C104555,VA-SP-ORB,2025-12-22,vireo.in,1,5099,ORB-2511-2
VR890560,C104851,VA-AC-CASE,2025-12-22,Flipkart,1,1234,CASE-2511-4
VR891172,C106501,VA-EB-PL2,2025-12-22,Flipkart,1,2799,PL2-2511-4
VR891910,C105233,VA-EB-PL2,2025-12-22,vireo.in,1,3149,PL2-2511-1
VR892127,C100301,VA-EB-AIR,2025-12-22,Amazon,1,1799,AIR-2509-3
VR892659,C100369,VA-SW-FIT,2025-12-22,vireo.in,1,1999,FIT-2509-3
VR893964,C104777,VA-SP-MINI,2025-12-22,Amazon,1,1999,MINI-2510-2
VR894112,C103161,VA-EB-PL2,2025-12-22,Amazon,2,6998,PL2-2509-3
VR895309,C102435,VA-EB-PL2,2025-12-22,Amazon,1,3499,PL2-2511-3
VR895733,C100242,VA-EB-PL2,2025-12-22,Flipkart,1,3149,PL2-2511-1
VR896168,C103936,VA-EB-PL2,2025-12-22,vireo.in,1,3499,PL2-2509-2
VR896621,C100084,VA-EB-PL2,2025-12-22,Amazon,1,3149,PL2-2510-3
VR897120,C103397,VA-NB-ARC,2025-12-22,Flipkart,1,1299,ARC-2511-4
VR898095,C101336,VA-EB-PL1,2025-12-22,vireo.in,1,2499,PL1-2510-1
VR900477,C108809,VA-EB-AIR,2025-12-22,vireo.in,1,1619,AIR-2509-1
VR901692,C106183,VA-HP-ST3,2025-12-22,Flipkart,1,6299,ST3-2510-2
VR901869,C100454,VA-EB-PL2,2025-12-22,vireo.in,2,5598,PL2-2510-1
VR902161,C104593,VA-SW-NX2,2025-12-22,Amazon,1,5524,NX2-2509-2
VR902824,C109156,VA-EB-AIR,2025-12-22,vireo.in,1,1529,AIR-2511-3
VR903538,C101657,VA-EB-PL2,2025-12-22,vireo.in,2,5598,PL2-2510-2
VR905185,C105311,VA-EB-PL2,2025-12-22,Amazon,1,3324,PL2-2510-1
VR906165,C100961,VA-SW-NX2,2025-12-22,vireo.in,2,11048,NX2-2509-3
VR907088,C104835,VA-EB-AIR,2025-12-22,vireo.in,1,1799,AIR-2510-3
VR907108,C101767,VA-EB-PL2,2025-12-22,vireo.in,1,2799,PL2-2510-3
VR907543,C107680,VA-EB-PL1,2025-12-22,Amazon,1,2249,PL1-2511-2
VR907796,C105261,VA-SW-FIT,2025-12-22,Amazon,1,1999,FIT-2511-2
VR907870,C102130,VA-EB-PL1,2025-12-22,vireo.in,1,2249,PL1-2509-1
VR880998,C105446,VA-NB-ARC,2025-12-23,Amazon,1,1104,ARC-2509-4
VR883296,C108775,VA-SW-NX2,2025-12-23,vireo.in,1,6174,NX2-2511-3
VR883950,C103390,VA-SW-NX2,2025-12-23,vireo.in,1,6499,NX2-2511-1
VR884643,C105631,VA-HP-ST3,2025-12-23,Amazon,1,5599,ST3-2509-3
VR885950,C104336,VA-EB-AIR,2025-12-23,vireo.in,1,1799,AIR-2511-2
VR886395,C104451,VA-EB-PL1,2025-12-23,Amazon,1,2499,PL1-2510-3
VR886470,C105887,VA-EB-PL2,2025-12-23,vireo.in,1,3499,PL2-2509-2
VR887841,C101358,VA-SW-NX1,2025-12-23,vireo.in,1,4499,NX1-2511-2
VR888749,C100614,VA-EB-PL2,2025-12-23,vireo.in,1,3499,PL2-2511-3
VR890999,C104675,VA-AC-CH65,2025-12-23,vireo.in,1,1499,CH65-2510-2
VR892663,C101360,VA-SP-MINI,2025-12-23,Flipkart,1,2249,MINI-2509-4
VR893051,C101021,VA-SW-NX2,2025-12-23,vireo.in,2,10398,NX2-2511-4
VR893132,C101930,VA-SW-NX2,2025-12-23,vireo.in,1,5199,NX2-2512-2
VR893190,C100781,VA-EB-PL2,2025-12-23,Amazon,1,3499,PL2-2511-3
VR893382,C101968,VA-EB-AIR,2025-12-23,vireo.in,1,1529,AIR-2511-4
VR893949,C100290,VA-EB-AIR,2025-12-23,vireo.in,1,1709,AIR-2509-3
VR895091,C104273,VA-EB-PL2,2025-12-23,Amazon,1,3324,PL2-2511-1
VR896801,C104716,VA-EB-PL1,2025-12-23,vireo.in,2,3998,PL1-2509-1
VR896806,C106257,VA-EB-PL2,2025-12-23,Amazon,1,3499,PL2-2511-4
VR897017,C103218,VA-EB-PL2,2025-12-23,vireo.in,1,3499,PL2-2510-4
VR898760,C104626,VA-EB-PL2,2025-12-23,vireo.in,1,3499,PL2-2511-1
VR900961,C102028,VA-EB-PL2,2025-12-23,vireo.in,1,3499,PL2-2510-4
VR901029,C107081,VA-AC-CASE,2025-12-23,vireo.in,1,1234,CASE-2509-2
VR901584,C106683,VA-EB-PL2,2025-12-23,Amazon,1,2799,PL2-2511-1
VR901658,C105459,VA-EB-PL1,2025-12-23,vireo.in,1,2499,PL1-2509-1
VR905839,C107809,VA-EB-PL1,2025-12-23,vireo.in,1,2249,PL1-2510-2
VR906073,C101477,VA-EB-AIR,2025-12-23,vireo.in,2,3418,AIR-2510-4
VR909203,C102901,VA-EB-PL1,2025-12-23,Flipkart,1,2499,PL1-2510-1
VR909843,C101818,VA-AC-CH65,2025-12-23,vireo.in,1,1499,CH65-2510-1
VR881378,C109169,VA-EB-PL2,2025-12-24,vireo.in,1,3499,PL2-2509-1
VR881819,C104708,VA-EB-PL2,2025-12-24,vireo.in,1,3499,PL2-2511-4
VR883204,C103066,VA-EB-PL1,2025-12-24,vireo.in,1,2249,PL1-2510-3
VR885278,C101073,VA-SW-NX2,2025-12-24,vireo.in,1,5199,NX2-2511-4
VR885964,C108300,VA-AC-CASE,2025-12-24,vireo.in,1,1299,CASE-2511-1
VR887041,C102330,VA-EB-PL2,2025-12-24,vireo.in,1,3324,PL2-2509-3
VR887656,C100436,VA-EB-PL2,2025-12-24,vireo.in,1,2799,PL2-2511-3
VR887775,C100977,VA-SW-NX2,2025-12-24,Amazon,1,6174,NX2-2512-2
VR888834,C104344,VA-SP-MINI,2025-12-24,Flipkart,1,2374,MINI-2509-1
VR890077,C101736,VA-EB-PL2,2025-12-24,vireo.in,1,3149,PL2-2509-4
VR890318,C107662,VA-EB-PL2,2025-12-24,Amazon,1,3324,PL2-2509-2
VR890894,C107288,VA-SW-NX2,2025-12-24,vireo.in,1,6499,NX2-2510-1
VR891555,C106891,VA-SW-NX1,2025-12-24,Amazon,2,7998,NX1-2510-4
VR893384,C106713,VA-EB-PL2,2025-12-24,vireo.in,1,3499,PL2-2509-4
VR893926,C107620,VA-SP-ORB,2025-12-24,Flipkart,1,4799,ORB-2510-4
VR894532,C107985,VA-EB-PL1,2025-12-24,Amazon,1,2499,PL1-2510-3
VR895348,C106022,VA-EB-PL2,2025-12-24,Amazon,1,3324,PL2-2511-4
VR903265,C105945,VA-EB-PL2,2025-12-24,vireo.in,1,2799,PL2-2509-1
VR903332,C104791,VA-EB-PL2,2025-12-24,vireo.in,1,3499,PL2-2509-4
VR906421,C104827,VA-EB-PL2,2025-12-24,vireo.in,1,2974,PL2-2511-3
VR907346,C106287,VA-EB-PL2,2025-12-24,Amazon,1,3499,PL2-2511-3
VR908001,C106528,VA-EB-PL2,2025-12-24,Amazon,1,2974,PL2-2509-3
VR880107,C108219,VA-EB-PL2,2025-12-25,Flipkart,1,3499,PL2-2510-2
VR881465,C106144,VA-EB-PL2,2025-12-25,vireo.in,1,3499,PL2-2509-1
VR886351,C104479,VA-EB-PL2,2025-12-25,Amazon,1,3499,PL2-2510-4
VR888093,C108754,VA-SW-NX2,2025-12-25,vireo.in,1,5524,NX2-2510-3
VR890327,C100507,VA-SW-NX1,2025-12-25,vireo.in,1,4749,NX1-2512-4
VR893667,C100965,VA-EB-PL2,2025-12-25,vireo.in,1,3149,PL2-2510-2
VR895751,C100344,VA-EB-PL2,2025-12-25,vireo.in,1,3499,PL2-2511-4
VR896257,C105304,VA-EB-PL2,2025-12-25,Amazon,1,2799,PL2-2512-2
VR899999,C105917,VA-SP-ORB,2025-12-25,vireo.in,1,5699,ORB-2511-3
VR901618,C104329,VA-EB-PL1,2025-12-25,vireo.in,1,2249,PL1-2509-3
VR902060,C108798,VA-AC-CASE,2025-12-25,Flipkart,1,1299,CASE-2509-4
VR904497,C105033,VA-SP-ORB,2025-12-25,Amazon,1,5399,ORB-2510-3
VR905894,C107969,VA-EB-PL1,2025-12-25,Flipkart,1,2374,PL1-2511-1
VR906838,C100814,VA-EB-PL1,2025-12-25,vireo.in,1,2124,PL1-2511-2
VR908827,C100351,VA-EB-AIR,2025-12-25,Amazon,1,1799,AIR-2509-3
VR909196,C103138,VA-NB-ARC,2025-12-25,Amazon,1,1039,ARC-2509-2
VR881096,C104526,VA-AC-CASE,2025-12-26,vireo.in,1,1299,CASE-2511-1
VR881156,C100414,VA-EB-PL1,2025-12-26,Amazon,2,3998,PL1-2509-1
VR882047,C109337,VA-EB-PL2,2025-12-26,Amazon,1,2974,PL2-2510-3
VR882743,C100228,VA-EB-PL2,2025-12-26,vireo.in,1,3324,PL2-2510-4
VR883207,C102737,VA-AC-CASE,2025-12-26,Amazon,1,1039,CASE-2509-2
VR884182,C108146,VA-SW-FIT,2025-12-26,Amazon,1,1799,FIT-2510-2
VR884412,C105346,VA-EB-PL2,2025-12-26,Amazon,1,2799,PL2-2509-4
VR884830,C100529,VA-EB-PL2,2025-12-26,vireo.in,1,3499,PL2-2510-4
VR886275,C101735,VA-EB-PL2,2025-12-26,vireo.in,1,2799,PL2-2509-1
VR889446,C107351,VA-EB-PL2,2025-12-26,vireo.in,1,3499,PL2-2510-2
VR893246,C106900,VA-EB-PL2,2025-12-26,vireo.in,1,2799,PL2-2509-2
VR893763,C101864,VA-EB-PL1,2025-12-26,Amazon,1,2499,PL1-2509-2
VR894691,C109155,VA-HP-ST3,2025-12-26,Amazon,1,5949,ST3-2511-3
VR897622,C103088,VA-SP-ORB,2025-12-26,vireo.in,1,5099,ORB-2511-1
VR897785,C102659,VA-SW-NX2,2025-12-26,vireo.in,1,6499,NX2-2511-4
VR898337,C105852,VA-HP-ST2,2025-12-26,vireo.in,1,4749,ST2-2511-2
VR898350,C102254,VA-EB-PL2,2025-12-26,vireo.in,1,2799,PL2-2511-1
VR898446,C105134,VA-NB-ARC,2025-12-26,Amazon,1,1169,ARC-2509-2
VR900021,C108917,VA-SP-ORB,2025-12-26,vireo.in,1,5099,ORB-2510-3
VR900211,C106177,VA-EB-PL2,2025-12-26,Amazon,1,3149,PL2-2511-4
VR902772,C103818,VA-EB-PL2,2025-12-26,vireo.in,1,3149,PL2-2511-4
VR903382,C108613,VA-SP-MINI,2025-12-26,vireo.in,2,4748,MINI-2511-3
VR904779,C106607,VA-SP-MINI,2025-12-26,Amazon,1,2499,MINI-2510-3
VR907687,C104036,VA-EB-PL1,2025-12-26,vireo.in,1,1999,PL1-2509-3
VR908034,C100079,VA-EB-PL2,2025-12-26,vireo.in,1,3499,PL2-2509-3
VR908702,C105820,VA-SW-FIT,2025-12-26,vireo.in,1,1799,FIT-2510-2
VR908912,C103108,VA-SW-NX2,2025-12-26,vireo.in,1,5199,NX2-2510-1
VR880132,C109132,VA-SW-NX2,2025-12-27,vireo.in,1,5199,NX2-2511-3
VR881620,C106042,VA-SW-NX2,2025-12-27,vireo.in,1,6499,NX2-2511-1
VR882332,C102060,VA-SP-MINI,2025-12-27,Flipkart,1,2499,MINI-2510-1
VR883389,C107108,VA-SP-ORB,2025-12-27,vireo.in,1,5699,ORB-2511-4
VR883807,C103222,VA-EB-PL2,2025-12-27,vireo.in,1,2974,PL2-2511-2
VR884359,C103406,VA-EB-PL2,2025-12-27,Amazon,1,2974,PL2-2509-3
VR884890,C104545,VA-EB-AIR,2025-12-27,Amazon,1,1619,AIR-2509-3
VR887381,C106133,VA-SW-NX2,2025-12-27,Amazon,1,5199,NX2-2511-3
VR889248,C105400,VA-SP-MINI,2025-12-27,Flipkart,1,2499,MINI-2510-3
VR889608,C102825,VA-SW-FIT,2025-12-27,vireo.in,1,1899,FIT-2511-3
VR890193,C103781,VA-SW-NX2,2025-12-27,Amazon,1,6174,NX2-2511-4
VR891031,C103045,VA-EB-PL2,2025-12-27,Amazon,1,3499,PL2-2509-3
VR891083,C107129,VA-EB-PL2,2025-12-27,Amazon,1,3499,PL2-2510-2
VR892589,C108072,VA-HP-ST3,2025-12-27,Amazon,1,6299,ST3-2510-1
VR896946,C108840,VA-SW-NX2,2025-12-27,Amazon,1,6499,NX2-2510-3
VR899009,C104620,VA-EB-PL1,2025-12-27,Flipkart,1,1999,PL1-2510-2
VR899040,C107340,VA-SW-NX2,2025-12-27,vireo.in,1,5199,NX2-2511-4
VR899197,C107959,VA-SP-MINI,2025-12-27,Flipkart,1,2499,MINI-2510-3
VR900066,C103567,VA-AC-CBL,2025-12-27,vireo.in,1,339,CBL-2510-2
VR900355,C108038,VA-EB-PL2,2025-12-27,vireo.in,1,2799,PL2-2511-2
VR901731,C102226,VA-EB-PL2,2025-12-27,Amazon,1,3324,PL2-2509-2
VR901757,C109063,VA-EB-AIR,2025-12-27,vireo.in,1,1439,AIR-2510-2
VR903280,C103649,VA-NB-ARC,2025-12-27,vireo.in,1,1104,ARC-2509-3
VR903731,C103929,VA-SP-MINI,2025-12-27,vireo.in,1,2374,MINI-2511-3
VR904449,C102406,VA-EB-AIR,2025-12-27,Amazon,1,1799,AIR-2511-2
VR905770,C102034,VA-EB-PL1,2025-12-27,vireo.in,1,2499,PL1-2510-2
VR906776,C105945,VA-AC-CASE,2025-12-27,vireo.in,1,1299,CASE-2512-2
VR909721,C109338,VA-EB-PL1,2025-12-27,vireo.in,1,2374,PL1-2509-2
VR909793,C105746,VA-EB-PL2,2025-12-27,Amazon,1,3499,PL2-2510-4
VR880291,C105389,VA-EB-AIR,2025-12-28,vireo.in,1,1619,AIR-2510-1
VR881634,C103489,VA-EB-PL2,2025-12-28,Flipkart,1,3499,PL2-2512-1
VR881752,C101911,VA-SW-NX2,2025-12-28,vireo.in,1,6174,NX2-2509-4
VR882154,C104841,VA-EB-PL2,2025-12-28,vireo.in,1,2799,PL2-2510-2
VR883189,C100392,VA-EB-PL2,2025-12-28,vireo.in,1,3499,PL2-2511-2
VR883804,C104301,VA-EB-PL2,2025-12-28,Amazon,1,3499,PL2-2511-1
VR886273,C106233,VA-EB-AIR,2025-12-28,Flipkart,1,1799,AIR-2509-2
VR886315,C108951,VA-HP-ST3,2025-12-28,vireo.in,1,6649,ST3-2511-1
VR890816,C104265,VA-HP-ST2,2025-12-28,Amazon,1,4499,ST2-2509-4
VR891962,C100908,VA-EB-PL2,2025-12-28,vireo.in,1,3499,PL2-2510-3
VR892781,C106918,VA-EB-PL2,2025-12-28,vireo.in,1,2974,PL2-2510-1
VR893918,C108110,VA-SP-MINI,2025-12-28,vireo.in,1,2499,MINI-2511-1
VR895574,C103623,VA-SP-MINI,2025-12-28,Amazon,1,2374,MINI-2509-1
VR899534,C104960,VA-EB-PL2,2025-12-28,vireo.in,1,3324,PL2-2511-4
VR900987,C105223,VA-EB-PL1,2025-12-28,Amazon,1,2124,PL1-2510-1
VR902267,C104040,VA-SW-NX1,2025-12-28,vireo.in,1,4749,NX1-2512-3
VR902375,C101212,VA-EB-PL1,2025-12-28,vireo.in,1,2124,PL1-2512-2
VR902596,C103812,VA-AC-CASE,2025-12-28,Amazon,1,1104,CASE-2512-4
VR904651,C106484,VA-EB-PL2,2025-12-28,vireo.in,1,3149,PL2-2510-3
VR906779,C108234,VA-EB-AIR,2025-12-28,vireo.in,1,1439,AIR-2510-3
VR907361,C105714,VA-EB-PL2,2025-12-28,Amazon,1,3499,PL2-2511-3
VR907973,C108856,VA-SW-NX2,2025-12-28,vireo.in,1,6499,NX2-2511-3
VR882398,C100545,VA-SW-NX2,2025-12-29,vireo.in,1,6174,NX2-2510-4
VR882465,C106316,VA-HP-ST2,2025-12-29,vireo.in,1,4499,ST2-2511-2
VR883195,C100219,VA-EB-PL2,2025-12-29,vireo.in,1,3324,PL2-2510-4
VR883470,C100584,VA-HP-ST3,2025-12-29,vireo.in,1,6999,ST3-2511-1
VR884754,C101885,VA-SP-ORB,2025-12-29,Amazon,1,5999,ORB-2512-3
VR886348,C100011,VA-EB-PL2,2025-12-29,Amazon,1,3149,PL2-2510-1
VR886911,C107212,VA-EB-PL2,2025-12-29,Amazon,1,3149,PL2-2509-4
VR887308,C104597,VA-HP-ST3,2025-12-29,vireo.in,1,6299,ST3-2509-3
VR889909,C100828,VA-EB-PL2,2025-12-29,vireo.in,1,3149,PL2-2510-1
VR890769,C105590,VA-EB-PL2,2025-12-29,vireo.in,1,3499,PL2-2509-1
VR894684,C108213,VA-EB-PL2,2025-12-29,Amazon,1,3499,PL2-2511-2
VR895929,C103099,VA-SP-ORB,2025-12-29,vireo.in,1,4799,ORB-2511-1
VR896099,C108806,VA-EB-PL2,2025-12-29,Amazon,1,2799,PL2-2509-4
VR896915,C107523,VA-SW-FIT,2025-12-29,vireo.in,1,1699,FIT-2510-1
VR900967,C109442,VA-HP-ST3,2025-12-29,vireo.in,1,6299,ST3-2510-1
VR901171,C102126,VA-EB-PL2,2025-12-29,vireo.in,1,3324,PL2-2511-1
VR901254,C104764,VA-SW-FIT,2025-12-29,vireo.in,1,1999,FIT-2510-4
VR902616,C104203,VA-NB-ARC,2025-12-29,Amazon,2,2598,ARC-2511-2
VR902943,C105144,VA-EB-PL2,2025-12-29,Amazon,1,3499,PL2-2511-3
VR903010,C106275,VA-HP-ST2,2025-12-29,vireo.in,1,4249,ST2-2509-4
VR904888,C105059,VA-EB-PL2,2025-12-29,Amazon,1,3499,PL2-2510-4
VR907161,C104924,VA-EB-PL2,2025-12-29,Amazon,1,2799,PL2-2509-3
VR907176,C102843,VA-EB-PL1,2025-12-29,vireo.in,1,2499,PL1-2512-2
VR907797,C104837,VA-SW-FIT,2025-12-29,vireo.in,1,1999,FIT-2511-3
VR908540,C101570,VA-EB-PL2,2025-12-29,vireo.in,1,3499,PL2-2509-2
VR909605,C103484,VA-SW-FIT,2025-12-29,Amazon,1,1999,FIT-2511-3
VR880267,C101073,VA-EB-PL2,2025-12-30,vireo.in,1,3499,PL2-2510-3
VR881833,C101342,VA-EB-PL1,2025-12-30,Flipkart,1,1999,PL1-2510-4
VR885107,C105417,VA-EB-PL2,2025-12-30,Flipkart,1,2974,PL2-2511-2
VR886164,C104361,VA-EB-PL2,2025-12-30,Flipkart,1,2974,PL2-2509-1
VR887956,C107142,VA-EB-PL2,2025-12-30,Amazon,1,2974,PL2-2511-2
VR888187,C107629,VA-EB-PL2,2025-12-30,Flipkart,1,2799,PL2-2511-1
VR889606,C107159,VA-SW-FIT,2025-12-30,vireo.in,1,1999,FIT-2510-1
VR890178,C103817,VA-EB-PL2,2025-12-30,vireo.in,1,3499,PL2-2510-1
VR891514,C109444,VA-EB-PL2,2025-12-30,vireo.in,1,2974,PL2-2510-4
VR894518,C108238,VA-AC-CASE,2025-12-30,vireo.in,1,1169,CASE-2511-4
VR895756,C101436,VA-EB-PL1,2025-12-30,vireo.in,1,2249,PL1-2509-1
VR896671,C106506,VA-EB-PL2,2025-12-30,Flipkart,1,3499,PL2-2510-2
VR898903,C108879,VA-EB-PL2,2025-12-30,vireo.in,1,3149,PL2-2512-2
VR899595,C104690,VA-SW-NX2,2025-12-30,Amazon,2,12998,NX2-2510-2
VR900745,C106740,VA-EB-PL2,2025-12-30,Amazon,1,2974,PL2-2512-4
VR900791,C109480,VA-HP-ST3,2025-12-30,vireo.in,1,6299,ST3-2510-4
VR901458,C103465,VA-EB-PL2,2025-12-30,Flipkart,1,3499,PL2-2511-4
VR902318,C100791,VA-SP-MINI,2025-12-30,Flipkart,1,2249,MINI-2511-3
VR902573,C109088,VA-AC-CBL,2025-12-30,Amazon,1,339,CBL-2510-2
VR902806,C101894,VA-SW-NX2,2025-12-30,vireo.in,1,6499,NX2-2511-4
VR904091,C108875,VA-HP-ST3,2025-12-30,vireo.in,1,6649,ST3-2511-4
VR904784,C103949,VA-SW-NX2,2025-12-30,Amazon,1,6174,NX2-2511-2
VR905792,C103812,VA-EB-AIR,2025-12-30,vireo.in,1,1799,AIR-2510-4
VR906363,C102241,VA-SP-ORB,2025-12-30,vireo.in,1,5699,ORB-2509-3
VR906612,C109200,VA-EB-PL2,2025-12-30,vireo.in,1,3499,PL2-2511-3
VR907253,C105177,VA-SW-NX2,2025-12-30,vireo.in,1,6174,NX2-2510-4
VR907474,C103839,VA-EB-AIR,2025-12-30,vireo.in,1,1799,AIR-2509-4
VR908167,C102016,VA-EB-PL2,2025-12-30,Amazon,1,3499,PL2-2511-3
VR908492,C104512,VA-EB-AIR,2025-12-30,vireo.in,2,3598,AIR-2510-4
VR909926,C104374,VA-EB-AIR,2025-12-30,Amazon,1,1799,AIR-2511-2
VR881373,C108684,VA-SP-MINI,2025-12-31,vireo.in,2,4998,MINI-2509-1
VR883702,C106937,VA-EB-AIR,2025-12-31,Flipkart,1,1709,AIR-2510-3
VR884637,C109462,VA-EB-PL2,2025-12-31,Amazon,1,3499,PL2-2510-2
VR884804,C101183,VA-EB-PL2,2025-12-31,vireo.in,1,3499,PL2-2511-2
VR886424,C101065,VA-SW-FIT,2025-12-31,Amazon,1,1999,FIT-2510-1
VR886614,C105397,VA-EB-PL2,2025-12-31,vireo.in,1,3499,PL2-2511-3
VR887152,C105615,VA-EB-PL2,2025-12-31,vireo.in,1,2799,PL2-2510-1
VR888327,C100088,VA-EB-PL2,2025-12-31,vireo.in,1,3324,PL2-2509-2
VR890091,C104403,VA-EB-PL1,2025-12-31,Amazon,1,2499,PL1-2509-1
VR891909,C108195,VA-EB-PL2,2025-12-31,vireo.in,1,3499,PL2-2509-3
VR892022,C107560,VA-EB-PL2,2025-12-31,Flipkart,1,3324,PL2-2511-1
VR892471,C101017,VA-EB-PL2,2025-12-31,Amazon,1,2799,PL2-2510-1
VR892593,C106230,VA-HP-ST3,2025-12-31,vireo.in,1,5949,ST3-2510-2
VR893718,C108892,VA-EB-PL2,2025-12-31,Flipkart,1,3499,PL2-2509-4
VR895652,C106952,VA-SW-FIT,2025-12-31,Flipkart,1,1699,FIT-2509-4
VR896596,C107864,VA-EB-AIR,2025-12-31,Flipkart,1,1799,AIR-2511-4
VR896723,C106754,VA-SW-NX2,2025-12-31,vireo.in,1,5199,NX2-2510-1
VR898876,C108066,VA-EB-PL2,2025-12-31,vireo.in,1,3324,PL2-2511-3
VR899934,C109305,VA-EB-PL2,2025-12-31,Amazon,1,2974,PL2-2511-3
VR901137,C107701,VA-AC-CASE,2025-12-31,vireo.in,2,2208,CASE-2509-2
VR905106,C109030,VA-EB-PL2,2025-12-31,vireo.in,1,3499,PL2-2509-3
VR905819,C102313,VA-HP-ST3,2025-12-31,Flipkart,1,6999,ST3-2510-1
VR906316,C100212,VA-SP-MINI,2025-12-31,vireo.in,1,1999,MINI-2510-1
VR907586,C104952,VA-SP-ORB,2025-12-31,vireo.in,1,5399,ORB-2510-2
VR909331,C103959,VA-EB-PL2,2025-12-31,vireo.in,1,3149,PL2-2509-4
VR880022,C103430,VA-SW-NX2,2026-01-01,Amazon,1,5199,NX2-2512-4
VR882768,C101854,VA-SW-FIT,2026-01-01,Amazon,1,1999,FIT-2509-2
VR883971,C103147,VA-SW-NX1,2026-01-01,vireo.in,1,4999,NX1-2510-1
VR884228,C101757,VA-HP-ST2,2026-01-01,Amazon,1,4999,ST2-2510-4
VR884504,C105347,VA-EB-PL2,2026-01-01,Amazon,1,3499,PL2-2511-2
VR888409,C101266,VA-EB-PL2,2026-01-01,Flipkart,1,3324,PL2-2511-1
VR888429,C102327,VA-EB-PL2,2026-01-01,Flipkart,1,3499,PL2-2510-2
VR890196,C102163,VA-SP-MINI,2026-01-01,vireo.in,1,1999,MINI-2510-2
VR890328,C104622,VA-EB-PL2,2026-01-01,Amazon,1,3499,PL2-2511-1
VR891398,C105347,VA-EB-PL2,2026-01-01,vireo.in,1,3499,PL2-2510-3
VR892805,C104093,VA-EB-PL2,2026-01-01,vireo.in,1,2799,PL2-2509-4
VR893215,C107442,VA-EB-PL2,2026-01-01,Flipkart,1,3499,PL2-2512-3
VR893832,C104431,VA-SW-NX2,2026-01-01,Amazon,1,5524,NX2-2512-2
VR895225,C108854,VA-EB-PL2,2026-01-01,Amazon,1,3324,PL2-2511-2
VR895316,C105637,VA-SP-MINI,2026-01-01,vireo.in,1,2499,MINI-2511-2
VR896496,C105470,VA-EB-PL2,2026-01-01,Flipkart,1,3149,PL2-2510-3
VR897995,C107130,VA-HP-ST3,2026-01-01,Flipkart,1,6999,ST3-2510-2
VR898414,C102075,VA-EB-PL2,2026-01-01,Amazon,1,2974,PL2-2510-3
VR899758,C103269,VA-EB-PL2,2026-01-01,Amazon,1,2974,PL2-2510-4
VR901930,C107934,VA-SW-NX2,2026-01-01,vireo.in,2,12998,NX2-2509-2
VR902100,C106095,VA-AC-CASE,2026-01-01,Amazon,1,1299,CASE-2509-1
VR902636,C107311,VA-SP-MINI,2026-01-01,vireo.in,1,2499,MINI-2512-4
VR905638,C105098,VA-EB-AIR,2026-01-01,vireo.in,1,1709,AIR-2512-4
VR906328,C108547,VA-SW-NX2,2026-01-01,vireo.in,1,5849,NX2-2511-4
VR907460,C105288,VA-EB-PL2,2026-01-01,vireo.in,1,3499,PL2-2509-2
VR907497,C108103,VA-EB-AIR,2026-01-01,vireo.in,1,1619,AIR-2511-1
VR908218,C108928,VA-EB-PL2,2026-01-01,vireo.in,1,3499,PL2-2510-2
VR908307,C105336,VA-NB-ARC,2026-01-01,Amazon,1,1299,ARC-2511-3
VR909343,C100929,VA-EB-AIR,2026-01-01,vireo.in,1,1709,AIR-2510-1
VR909524,C107209,VA-SP-MINI,2026-01-01,vireo.in,1,2499,MINI-2512-3
VR880117,C102663,VA-SW-FIT,2026-01-02,Amazon,1,1699,FIT-2510-4
VR880298,C103253,VA-EB-PL1,2026-01-02,Flipkart,2,4748,PL1-2510-3
VR880423,C100373,VA-EB-PL1,2026-01-02,Amazon,1,2499,PL1-2511-1
VR881201,C108561,VA-SW-FIT,2026-01-02,Amazon,1,1699,FIT-2512-4
VR881456,C101579,VA-SW-FIT,2026-01-02,vireo.in,1,1899,FIT-2510-4
VR882164,C104004,VA-EB-PL1,2026-01-02,vireo.in,1,2499,PL1-2511-4
VR883043,C104300,VA-EB-PL1,2026-01-02,vireo.in,1,2499,PL1-2510-4
VR890072,C104521,VA-SP-MINI,2026-01-02,Amazon,1,2499,MINI-2510-1
VR892438,C107404,VA-SW-NX1,2026-01-02,vireo.in,1,4999,NX1-2511-4
VR892636,C107315,VA-EB-PL2,2026-01-02,vireo.in,1,3499,PL2-2510-4
VR893266,C103069,VA-EB-PL1,2026-01-02,vireo.in,1,2124,PL1-2510-1
VR895482,C102659,VA-EB-AIR,2026-01-02,Amazon,2,3598,AIR-2509-1
VR898468,C103787,VA-SP-MINI,2026-01-02,vireo.in,1,2499,MINI-2511-3
VR898517,C108623,VA-EB-AIR,2026-01-02,vireo.in,1,1529,AIR-2512-2
VR900147,C103426,VA-SW-NX2,2026-01-02,vireo.in,1,6499,NX2-2509-3
VR900649,C106774,VA-EB-PL2,2026-01-02,vireo.in,1,3149,PL2-2511-1
VR901186,C104587,VA-EB-PL2,2026-01-02,vireo.in,1,3499,PL2-2509-1
VR901351,C106558,VA-HP-ST2,2026-01-02,Amazon,1,4999,ST2-2511-3
VR902991,C106653,VA-SP-MINI,2026-01-02,vireo.in,2,4998,MINI-2511-1
VR904008,C100619,VA-SP-ORB,2026-01-02,Amazon,1,5399,ORB-2510-2
VR904088,C101356,VA-EB-PL2,2026-01-02,vireo.in,1,3324,PL2-2512-4
VR904302,C108228,VA-SW-FIT,2026-01-02,Flipkart,2,3398,FIT-2510-3
VR904421,C104694,VA-SP-ORB,2026-01-02,Amazon,1,5699,ORB-2511-1
VR909768,C104741,VA-SP-MINI,2026-01-02,vireo.in,1,2499,MINI-2512-3
VR909888,C107084,VA-HP-ST2,2026-01-02,Amazon,1,4999,ST2-2510-4
VR883027,C102214,VA-SW-NX2,2026-01-03,vireo.in,1,6499,NX2-2510-1
VR883775,C106965,VA-HP-ST3,2026-01-03,Flipkart,1,6999,ST3-2511-2
VR886409,C101435,VA-EB-PL2,2026-01-03,vireo.in,2,6648,PL2-2511-1
VR888208,C106281,VA-EB-PL1,2026-01-03,vireo.in,1,2499,PL1-2510-3
VR888244,C109430,VA-EB-AIR,2026-01-03,vireo.in,1,1439,AIR-2510-1
VR889848,C104193,VA-SW-NX2,2026-01-03,Amazon,1,5524,NX2-2511-3
VR890546,C106777,VA-EB-PL2,2026-01-03,Amazon,1,3499,PL2-2510-1
VR891339,C101905,VA-EB-PL2,2026-01-03,vireo.in,1,2799,PL2-2510-4
VR894202,C103860,VA-EB-PL2,2026-01-03,vireo.in,1,2974,PL2-2511-3
VR894492,C104265,VA-EB-AIR,2026-01-03,Flipkart,2,3238,AIR-2512-4
VR896613,C100662,VA-EB-PL2,2026-01-03,vireo.in,1,3499,PL2-2511-4
VR896973,C105989,VA-SW-NX2,2026-01-03,vireo.in,1,6499,NX2-2509-1
VR902920,C103015,VA-EB-PL2,2026-01-03,vireo.in,1,3499,PL2-2510-2
VR903069,C106313,VA-EB-PL2,2026-01-03,vireo.in,2,6998,PL2-2510-2
VR903377,C101019,VA-SW-FIT,2026-01-03,vireo.in,1,1699,FIT-2511-3
VR903498,C104036,VA-EB-PL2,2026-01-03,vireo.in,1,2974,PL2-2511-1
VR906029,C108513,VA-HP-ST2,2026-01-03,Amazon,2,9498,ST2-2510-3
VR880198,C103935,VA-AC-CASE,2026-01-04,vireo.in,2,2598,CASE-2511-2
VR880422,C108209,VA-SP-ORB,2026-01-04,Amazon,1,5999,ORB-2512-2
VR883208,C106622,VA-AC-CASE,2026-01-04,Amazon,1,1299,CASE-2512-3
VR883346,C102871,VA-EB-PL1,2026-01-04,vireo.in,1,2499,PL1-2509-1
VR883801,C105183,VA-EB-PL2,2026-01-04,vireo.in,1,2799,PL2-2509-3
VR884021,C106484,VA-SP-ORB,2026-01-04,vireo.in,1,4799,ORB-2511-3
VR885843,C105685,VA-EB-AIR,2026-01-04,Amazon,1,1799,AIR-2512-3
VR886402,C100443,VA-SW-NX2,2026-01-04,Flipkart,1,5524,NX2-2509-1
VR887253,C108981,VA-NB-ARC,2026-01-04,Amazon,1,1299,ARC-2511-2
VR888532,C108392,VA-SW-NX2,2026-01-04,vireo.in,1,5199,NX2-2510-2
VR890148,C106146,VA-EB-PL2,2026-01-04,Amazon,1,3499,PL2-2512-1
VR890533,C106857,VA-HP-ST3,2026-01-04,Amazon,1,6999,ST3-2512-3
VR891223,C105759,VA-EB-AIR,2026-01-04,vireo.in,1,1439,AIR-2510-3
VR891264,C107551,VA-NB-ARC,2026-01-04,vireo.in,1,1234,ARC-2509-3
VR892487,C103010,VA-HP-ST3,2026-01-04,Flipkart,1,5949,ST3-2512-2
VR893590,C106636,VA-SP-MINI,2026-01-04,vireo.in,1,2249,MINI-2512-4
VR895578,C106044,VA-SP-MINI,2026-01-04,Amazon,1,2124,MINI-2511-4
VR898648,C104153,VA-SW-NX2,2026-01-04,Amazon,1,5849,NX2-2511-1
VR901149,C102540,VA-EB-PL2,2026-01-04,Amazon,1,3324,PL2-2510-4
VR904023,C100980,VA-SW-NX2,2026-01-04,vireo.in,1,6499,NX2-2512-1
VR905542,C102923,VA-HP-ST3,2026-01-04,vireo.in,1,6999,ST3-2509-1
VR907503,C101527,VA-EB-PL2,2026-01-04,vireo.in,1,3499,PL2-2512-2
VR907978,C103171,VA-EB-PL2,2026-01-04,vireo.in,1,2974,PL2-2511-2
VR908653,C102734,VA-SW-NX2,2026-01-04,vireo.in,1,6499,NX2-2512-3
VR909263,C107773,VA-SP-ORB,2026-01-04,Amazon,1,4799,ORB-2511-3
VR880164,C101097,VA-EB-PL1,2026-01-05,Amazon,1,2374,PL1-2510-1
VR882327,C106022,VA-EB-PL1,2026-01-05,Amazon,1,2499,PL1-2511-2
VR884368,C108045,VA-HP-ST3,2026-01-05,vireo.in,1,6999,ST3-2510-2
VR884594,C100176,VA-EB-PL2,2026-01-05,Amazon,1,3499,PL2-2511-4
VR884610,C102648,VA-EB-AIR,2026-01-05,vireo.in,1,1529,AIR-2509-3
VR886823,C100019,VA-EB-PL1,2026-01-05,vireo.in,1,2499,PL1-2512-2
VR887055,C107691,VA-EB-PL2,2026-01-05,Amazon,1,3499,PL2-2510-4
VR887809,C103791,VA-EB-PL2,2026-01-05,vireo.in,1,3499,PL2-2512-2
VR889369,C107877,VA-SW-NX1,2026-01-05,Flipkart,1,4999,NX1-2511-2
VR890779,C105828,VA-SW-NX2,2026-01-05,Flipkart,1,6499,NX2-2509-4
VR895996,C107416,VA-EB-PL2,2026-01-05,Flipkart,1,3499,PL2-2511-4
VR897657,C102220,VA-EB-PL2,2026-01-05,Amazon,1,3499,PL2-2510-3
VR898621,C102416,VA-AC-CH65,2026-01-05,Amazon,1,1424,CH65-2511-1
VR899100,C109350,VA-EB-PL2,2026-01-05,Amazon,1,3324,PL2-2511-3
VR899120,C105002,VA-SW-FIT,2026-01-05,Amazon,1,1999,FIT-2509-3
VR899996,C107528,VA-EB-PL1,2026-01-05,vireo.in,1,2499,PL1-2510-1
VR900688,C109422,VA-EB-PL2,2026-01-05,Amazon,1,3149,PL2-2510-4
VR901636,C108887,VA-AC-CASE,2026-01-05,vireo.in,1,1104,CASE-2510-1
VR902423,C108608,VA-EB-PL2,2026-01-05,Amazon,1,3149,PL2-2511-2
VR905209,C107405,VA-HP-ST3,2026-01-05,Amazon,1,6999,ST3-2511-3
VR905910,C103459,VA-HP-ST3,2026-01-05,vireo.in,1,5599,ST3-2512-2
VR906126,C102517,VA-EB-AIR,2026-01-05,vireo.in,1,1439,AIR-2509-1
VR908013,C105845,VA-EB-PL2,2026-01-05,vireo.in,1,3499,PL2-2509-3
VR908144,C103633,VA-EB-PL2,2026-01-05,Amazon,1,2974,PL2-2511-3
VR908554,C109235,VA-SW-NX2,2026-01-05,Flipkart,1,6499,NX2-2511-4
VR908838,C103878,VA-EB-PL1,2026-01-05,vireo.in,1,2249,PL1-2511-1
VR909016,C101510,VA-SW-NX2,2026-01-05,vireo.in,1,6174,NX2-2510-3
VR909094,C104499,VA-EB-AIR,2026-01-05,vireo.in,1,1619,AIR-2509-4
VR909318,C100069,VA-EB-PL2,2026-01-05,vireo.in,1,2799,PL2-2511-3
VR909503,C104867,VA-EB-PL2,2026-01-05,vireo.in,1,2799,PL2-2511-4
VR880075,C108129,VA-EB-PL2,2026-01-06,vireo.in,1,3499,PL2-2511-1
VR881247,C103441,VA-EB-PL2,2026-01-06,vireo.in,1,3149,PL2-2510-3
VR883865,C102850,VA-EB-PL2,2026-01-06,vireo.in,1,2974,PL2-2511-2
VR883991,C106524,VA-EB-PL2,2026-01-06,vireo.in,1,3149,PL2-2511-2
VR884528,C102565,VA-EB-PL2,2026-01-06,Amazon,1,3499,PL2-2509-2
VR886286,C104985,VA-SW-NX2,2026-01-06,vireo.in,1,5524,NX2-2509-3
VR887731,C102353,VA-SW-NX2,2026-01-06,vireo.in,1,6499,NX2-2511-1
VR888787,C108292,VA-SW-NX2,2026-01-06,vireo.in,1,6499,NX2-2510-4
VR888868,C105585,VA-EB-PL1,2026-01-06,Flipkart,1,2499,PL1-2512-3
VR888889,C101205,VA-EB-PL1,2026-01-06,Amazon,1,1999,PL1-2511-3
VR891826,C103230,VA-HP-ST2,2026-01-06,vireo.in,1,4249,ST2-2512-2
VR895672,C104985,VA-SP-ORB,2026-01-06,vireo.in,1,5999,ORB-2510-2
VR896421,C109382,VA-SW-NX2,2026-01-06,Amazon,1,6499,NX2-2510-1
VR896521,C109424,VA-SW-NX2,2026-01-06,Amazon,1,6499,NX2-2509-4
VR899390,C105478,VA-SP-MINI,2026-01-06,vireo.in,1,2499,MINI-2509-1
VR899993,C108164,VA-EB-PL1,2026-01-06,vireo.in,1,2499,PL1-2509-2
VR901003,C102340,VA-EB-PL2,2026-01-06,vireo.in,1,2799,PL2-2510-2
VR906198,C107505,VA-HP-ST3,2026-01-06,Flipkart,1,6649,ST3-2509-2
VR906320,C105126,VA-SW-NX2,2026-01-06,vireo.in,2,12348,NX2-2509-2
VR907270,C105230,VA-EB-PL2,2026-01-06,vireo.in,1,3324,PL2-2510-4
VR908291,C103278,VA-HP-ST2,2026-01-06,vireo.in,1,3999,ST2-2511-4
VR881045,C107075,VA-EB-PL2,2026-01-07,vireo.in,1,3149,PL2-2511-2
VR881217,C105380,VA-EB-PL2,2026-01-07,Amazon,1,3499,PL2-2510-4
VR883983,C108785,VA-SW-NX2,2026-01-07,Amazon,1,6174,NX2-2511-3
VR884938,C103617,VA-HP-ST3,2026-01-07,Flipkart,1,6999,ST3-2510-1
VR887713,C108163,VA-AC-CBL,2026-01-07,Amazon,1,399,CBL-2510-4
VR888029,C100514,VA-AC-CBL,2026-01-07,vireo.in,1,339,CBL-2510-1
VR889316,C101684,VA-SW-NX2,2026-01-07,Amazon,1,6499,NX2-2510-3
VR889676,C102827,VA-EB-PL2,2026-01-07,vireo.in,1,3499,PL2-2511-4
VR890474,C101906,VA-SW-NX2,2026-01-07,vireo.in,1,6499,NX2-2511-4
VR890627,C100470,VA-EB-AIR,2026-01-07,vireo.in,1,1799,AIR-2510-4
VR891203,C106564,VA-EB-PL2,2026-01-07,vireo.in,1,3149,PL2-2511-1
VR897160,C104509,VA-SW-FIT,2026-01-07,vireo.in,1,1699,FIT-2512-3
VR897962,C108746,VA-EB-PL1,2026-01-07,vireo.in,1,2499,PL1-2511-1
VR902695,C108218,VA-EB-PL2,2026-01-07,Flipkart,1,3499,PL2-2509-3
VR902844,C101099,VA-SP-ORB,2026-01-07,Amazon,1,5099,ORB-2512-4
VR905134,C103073,VA-EB-PL2,2026-01-07,vireo.in,1,2974,PL2-2510-2
VR905233,C107278,VA-SW-NX1,2026-01-07,Amazon,1,4999,NX1-2510-3
VR905455,C108920,VA-EB-PL2,2026-01-07,vireo.in,1,3149,PL2-2510-3
VR907073,C107225,VA-SW-FIT,2026-01-07,vireo.in,1,1699,FIT-2510-1
VR908627,C106195,VA-HP-ST3,2026-01-07,vireo.in,1,5599,ST3-2510-2
VR881283,C100248,VA-EB-PL2,2026-01-08,vireo.in,1,3324,PL2-2510-1
VR883200,C103410,VA-EB-PL2,2026-01-08,Flipkart,1,2974,PL2-2510-3
VR883580,C102785,VA-EB-PL2,2026-01-08,Amazon,1,2799,PL2-2511-1
VR883974,C104209,VA-HP-ST3,2026-01-08,Amazon,1,5949,ST3-2512-1
VR884024,C101714,VA-EB-PL2,2026-01-08,vireo.in,1,3499,PL2-2512-2
VR886465,C106480,VA-EB-PL2,2026-01-08,vireo.in,1,3499,PL2-2511-2
VR887758,C102790,VA-HP-ST2,2026-01-08,Flipkart,1,4999,ST2-2511-4
VR889310,C100519,VA-EB-AIR,2026-01-08,vireo.in,1,1439,AIR-2510-4
VR890649,C101740,VA-SP-ORB,2026-01-08,vireo.in,1,5399,ORB-2510-4
VR891154,C101927,VA-EB-PL2,2026-01-08,Amazon,1,3499,PL2-2510-1
VR894348,C107861,VA-EB-PL2,2026-01-08,Amazon,1,2799,PL2-2509-3
VR894383,C103250,VA-EB-PL2,2026-01-08,Amazon,1,3499,PL2-2510-4
VR894649,C102245,VA-SW-NX2,2026-01-08,Amazon,1,6499,NX2-2511-2
VR895837,C107020,VA-EB-PL2,2026-01-08,vireo.in,1,2799,PL2-2511-1
VR898614,C100259,VA-EB-PL2,2026-01-08,Amazon,2,6998,PL2-2510-2
VR901850,C104594,VA-EB-AIR,2026-01-08,vireo.in,1,1799,AIR-2512-1
VR903788,C109092,VA-EB-PL2,2026-01-08,vireo.in,1,3149,PL2-2512-4
VR909098,C100562,VA-EB-AIR,2026-01-08,vireo.in,1,1529,AIR-2510-3
VR909884,C100561,VA-EB-PL1,2026-01-08,Flipkart,1,2499,PL1-2511-3
VR881536,C101396,VA-SW-NX2,2026-01-09,vireo.in,1,6499,NX2-2510-3
VR883387,C103756,VA-EB-PL1,2026-01-09,Amazon,1,2124,PL1-2511-1
VR883448,C105318,VA-SW-NX1,2026-01-09,vireo.in,1,4999,NX1-2510-4
VR884698,C103091,VA-EB-PL2,2026-01-09,vireo.in,1,3499,PL2-2510-4
VR884713,C102257,VA-EB-PL2,2026-01-09,vireo.in,1,2799,PL2-2511-1
VR885660,C105534,VA-EB-PL2,2026-01-09,vireo.in,1,3499,PL2-2511-2
VR886203,C100487,VA-EB-PL2,2026-01-09,vireo.in,1,2799,PL2-2510-3
VR886599,C103854,VA-EB-AIR,2026-01-09,vireo.in,1,1439,AIR-2510-3
VR887209,C108730,VA-EB-PL2,2026-01-09,Amazon,1,2974,PL2-2512-2
VR887560,C102871,VA-SW-NX2,2026-01-09,vireo.in,1,6174,NX2-2510-3
VR888400,C107943,VA-SP-MINI,2026-01-09,Flipkart,1,2124,MINI-2511-2
VR889702,C101108,VA-EB-PL2,2026-01-09,vireo.in,1,2799,PL2-2512-3
VR890976,C106411,VA-SW-NX2,2026-01-09,vireo.in,1,5199,NX2-2509-1
VR891949,C102488,VA-HP-ST3,2026-01-09,vireo.in,1,6649,ST3-2510-2
VR892134,C105364,VA-SW-NX2,2026-01-09,vireo.in,1,6174,NX2-2511-1
VR893154,C107612,VA-EB-PL1,2026-01-09,vireo.in,1,2499,PL1-2510-3
VR895196,C104030,VA-EB-PL2,2026-01-09,Amazon,1,3499,PL2-2512-3
VR895401,C104009,VA-EB-PL1,2026-01-09,vireo.in,1,2499,PL1-2511-4
VR895875,C108085,VA-AC-CH65,2026-01-09,vireo.in,1,1499,CH65-2509-4
VR896716,C102165,VA-EB-PL2,2026-01-09,vireo.in,2,5598,PL2-2511-1
VR896794,C102232,VA-EB-PL1,2026-01-09,vireo.in,1,2499,PL1-2510-2
VR897449,C100509,VA-EB-PL1,2026-01-09,vireo.in,1,2249,PL1-2511-4
VR897652,C109452,VA-EB-PL2,2026-01-09,Flipkart,1,3499,PL2-2509-4
VR898248,C107672,VA-SP-ORB,2026-01-09,Amazon,1,4799,ORB-2511-2
VR898485,C107319,VA-EB-PL2,2026-01-09,Amazon,1,3499,PL2-2512-1
VR898540,C109050,VA-EB-PL2,2026-01-09,vireo.in,1,3499,PL2-2510-4
VR899169,C104921,VA-EB-PL2,2026-01-09,Flipkart,1,3499,PL2-2509-1
VR899928,C102354,VA-EB-PL2,2026-01-09,Amazon,1,3499,PL2-2510-4
VR901375,C105227,VA-EB-PL1,2026-01-09,Amazon,1,2374,PL1-2509-2
VR901763,C103052,VA-HP-ST3,2026-01-09,Flipkart,1,6299,ST3-2511-3
VR901854,C104764,VA-EB-PL2,2026-01-09,vireo.in,1,3499,PL2-2509-2
VR902654,C105366,VA-SW-FIT,2026-01-09,Amazon,1,1799,FIT-2510-2
VR903957,C108999,VA-AC-CH65,2026-01-09,vireo.in,1,1499,CH65-2512-1
VR906880,C102982,VA-EB-PL2,2026-01-09,Flipkart,1,3499,PL2-2512-1
VR906958,C104528,VA-SP-MINI,2026-01-09,vireo.in,1,1999,MINI-2511-2
VR909540,C108528,VA-SW-NX2,2026-01-09,Amazon,1,6174,NX2-2510-4
VR881257,C102765,VA-EB-PL2,2026-01-10,Amazon,1,3324,PL2-2512-1
VR881276,C104409,VA-SP-MINI,2026-01-10,Amazon,1,1999,MINI-2511-2
VR881452,C101555,VA-SW-NX1,2026-01-10,Flipkart,1,3999,NX1-2510-1
VR881880,C106345,VA-EB-AIR,2026-01-10,Flipkart,1,1619,AIR-2510-4
VR883811,C100936,VA-EB-AIR,2026-01-10,vireo.in,1,1709,AIR-2511-3
VR883819,C108244,VA-EB-PL2,2026-01-10,vireo.in,1,3149,PL2-2511-4
VR884702,C109116,VA-SW-NX2,2026-01-10,Amazon,1,5849,NX2-2510-4
VR884843,C107162,VA-EB-PL2,2026-01-10,Amazon,2,6998,PL2-2509-3
VR885501,C108258,VA-SW-NX1,2026-01-10,Amazon,1,4499,NX1-2510-3
VR886021,C106443,VA-EB-PL2,2026-01-10,Amazon,1,3499,PL2-2511-1
VR886642,C100742,VA-EB-PL2,2026-01-10,Flipkart,1,3149,PL2-2510-1
VR888781,C101306,VA-EB-PL2,2026-01-10,vireo.in,1,3499,PL2-2512-1
VR889480,C105138,VA-EB-PL2,2026-01-10,Amazon,1,2799,PL2-2510-4
VR891636,C109367,VA-AC-CH65,2026-01-10,vireo.in,2,2848,CH65-2510-3
VR891938,C107748,VA-SW-NX2,2026-01-10,vireo.in,1,5524,NX2-2511-1
VR892756,C102062,VA-EB-PL2,2026-01-10,Amazon,2,6998,PL2-2509-2
VR898057,C107143,VA-EB-PL2,2026-01-10,Amazon,1,3324,PL2-2510-2
VR899602,C104025,VA-HP-ST2,2026-01-10,vireo.in,1,4249,ST2-2509-3
VR899937,C103681,VA-SW-NX2,2026-01-10,vireo.in,2,12998,NX2-2512-1
VR902741,C101051,VA-EB-PL2,2026-01-10,vireo.in,1,3499,PL2-2511-4
VR906304,C109203,VA-EB-PL2,2026-01-10,vireo.in,1,3499,PL2-2511-4
VR906493,C100996,VA-EB-PL2,2026-01-10,vireo.in,1,2974,PL2-2509-3
VR907272,C109372,VA-EB-PL2,2026-01-10,vireo.in,2,6998,PL2-2511-1
VR881165,C101286,VA-EB-PL2,2026-01-11,vireo.in,1,2974,PL2-2510-4
VR881439,C103291,VA-EB-PL2,2026-01-11,vireo.in,1,3499,PL2-2510-4
VR883259,C105171,VA-EB-AIR,2026-01-11,vireo.in,1,1709,AIR-2510-4
VR883571,C107088,VA-SW-NX2,2026-01-11,vireo.in,1,6499,NX2-2511-1
VR885224,C104079,VA-HP-ST3,2026-01-11,Amazon,1,6649,ST3-2510-4
VR888488,C102766,VA-SW-FIT,2026-01-11,Amazon,1,1599,FIT-2511-1
VR888808,C104431,VA-EB-PL2,2026-01-11,vireo.in,1,2974,PL2-2512-1
VR890360,C102063,VA-EB-PL1,2026-01-11,vireo.in,1,2374,PL1-2511-2
VR890654,C100421,VA-EB-PL2,2026-01-11,vireo.in,1,2799,PL2-2511-3
VR895148,C104027,VA-EB-PL1,2026-01-11,Flipkart,1,2374,PL1-2509-4
VR896335,C101726,VA-SW-FIT,2026-01-11,vireo.in,1,1899,FIT-2510-4
VR896815,C108816,VA-SW-NX2,2026-01-11,vireo.in,1,6499,NX2-2509-3
VR903618,C100335,VA-HP-ST3,2026-01-11,Amazon,1,6999,ST3-2510-2
VR903944,C103368,VA-EB-PL2,2026-01-11,Amazon,1,3499,PL2-2511-4
VR904887,C100987,VA-EB-AIR,2026-01-11,vireo.in,1,1799,AIR-2511-1
VR908963,C104011,VA-EB-PL2,2026-01-11,vireo.in,1,3499,PL2-2511-4
VR909063,C101519,VA-EB-PL2,2026-01-11,vireo.in,1,3499,PL2-2510-2
VR880469,C106178,VA-EB-PL2,2026-01-12,vireo.in,1,3499,PL2-2511-3
VR881730,C108529,VA-EB-PL2,2026-01-12,Amazon,1,3499,PL2-2510-2
VR882431,C103068,VA-EB-PL2,2026-01-12,vireo.in,1,3499,PL2-2512-4
VR883271,C103310,VA-EB-PL2,2026-01-12,vireo.in,1,3499,PL2-2511-4
VR883491,C102736,VA-EB-PL2,2026-01-12,vireo.in,1,3499,PL2-2511-4
VR883713,C106778,VA-EB-PL2,2026-01-12,vireo.in,1,3499,PL2-2511-1
VR883999,C109113,VA-SW-NX2,2026-01-12,Flipkart,1,6174,NX2-2510-4
VR885053,C101674,VA-EB-AIR,2026-01-12,Amazon,1,1709,AIR-2512-4
VR887016,C107729,VA-HP-ST3,2026-01-12,Amazon,1,5949,ST3-2512-2
VR887256,C101495,VA-EB-PL2,2026-01-12,vireo.in,1,2974,PL2-2510-1
VR888966,C105151,VA-EB-AIR,2026-01-12,vireo.in,1,1439,AIR-2509-3
VR889419,C103582,VA-EB-PL2,2026-01-12,vireo.in,1,3499,PL2-2509-2
VR891520,C103406,VA-SW-NX1,2026-01-12,Amazon,1,4749,NX1-2510-1
VR895483,C109012,VA-AC-CASE,2026-01-12,vireo.in,1,1104,CASE-2512-4
VR896228,C104270,VA-EB-PL2,2026-01-12,Amazon,1,2974,PL2-2512-2
VR896333,C100157,VA-EB-AIR,2026-01-12,Amazon,1,1529,AIR-2510-1
VR896477,C103878,VA-EB-PL2,2026-01-12,vireo.in,1,2974,PL2-2511-3
VR896636,C108314,VA-SP-MINI,2026-01-12,vireo.in,2,4998,MINI-2511-1
VR898052,C100464,VA-EB-PL2,2026-01-12,Amazon,1,3149,PL2-2510-4
VR899189,C107079,VA-EB-PL2,2026-01-12,vireo.in,1,3499,PL2-2512-4
VR899665,C101626,VA-EB-PL2,2026-01-12,Amazon,1,2974,PL2-2510-2
VR900303,C104760,VA-SW-NX1,2026-01-12,Flipkart,1,4749,NX1-2509-2
VR901120,C104589,VA-EB-PL1,2026-01-12,vireo.in,1,2249,PL1-2510-3
VR901343,C100378,VA-EB-PL2,2026-01-12,Amazon,2,6648,PL2-2511-3
VR903642,C101875,VA-SW-FIT,2026-01-12,vireo.in,1,1799,FIT-2510-2
VR904074,C105100,VA-SP-MINI,2026-01-12,Amazon,1,1999,MINI-2511-3
VR906432,C106627,VA-SP-ORB,2026-01-12,Flipkart,1,5999,ORB-2512-2
VR907566,C104480,VA-HP-ST2,2026-01-12,Flipkart,1,4999,ST2-2511-2
VR908998,C102125,VA-NB-ARC,2026-01-12,vireo.in,1,1104,ARC-2512-1
VR883084,C104536,VA-EB-PL2,2026-01-13,Amazon,1,2799,PL2-2512-2
VR885389,C107108,VA-EB-PL2,2026-01-13,vireo.in,1,3499,PL2-2512-2
VR885523,C106272,VA-EB-PL2,2026-01-13,vireo.in,1,2974,PL2-2512-1
VR886284,C107752,VA-SW-NX1,2026-01-13,vireo.in,1,4749,NX1-2512-3
VR886321,C108656,VA-HP-ST2,2026-01-13,Flipkart,1,4499,ST2-2512-3
VR886708,C104309,VA-EB-AIR,2026-01-13,Amazon,1,1799,AIR-2511-3
VR888463,C100435,VA-SW-NX2,2026-01-13,Amazon,1,6174,NX2-2512-1
VR888670,C100339,VA-EB-PL2,2026-01-13,vireo.in,1,2799,PL2-2511-1
VR889455,C105785,VA-SP-ORB,2026-01-13,Amazon,1,5399,ORB-2512-4
VR896367,C102906,VA-EB-PL2,2026-01-13,Amazon,1,2974,PL2-2510-2
VR896372,C105186,VA-EB-PL2,2026-01-13,Amazon,1,3499,PL2-2511-3
VR896534,C101245,VA-SW-NX2,2026-01-13,vireo.in,1,6499,NX2-2510-4
VR896846,C108735,VA-HP-ST3,2026-01-13,vireo.in,1,6999,ST3-2510-2
VR899865,C107063,VA-EB-PL2,2026-01-13,vireo.in,1,3149,PL2-2511-3
VR901707,C102561,VA-EB-AIR,2026-01-13,vireo.in,1,1799,AIR-2511-3
VR902334,C106827,VA-SW-NX1,2026-01-13,vireo.in,1,4999,NX1-2512-1
VR905275,C100613,VA-SW-FIT,2026-01-13,vireo.in,1,1599,FIT-2511-2
VR906774,C103780,VA-HP-ST3,2026-01-13,Amazon,1,5599,ST3-2510-3
VR907963,C102696,VA-SW-NX2,2026-01-13,Amazon,1,6499,NX2-2512-4
VR908139,C109216,VA-EB-AIR,2026-01-13,Amazon,1,1799,AIR-2512-3
VR909966,C104488,VA-HP-ST2,2026-01-13,Flipkart,1,4749,ST2-2512-1
VR880750,C108885,VA-SW-NX1,2026-01-14,Amazon,1,4999,NX1-2512-2
VR885762,C108384,VA-SW-FIT,2026-01-14,vireo.in,1,1599,FIT-2512-2
VR888700,C100919,VA-HP-ST3,2026-01-14,Flipkart,1,6999,ST3-2510-1
VR889869,C105320,VA-EB-PL2,2026-01-14,vireo.in,1,3499,PL2-2510-3
VR890813,C107711,VA-EB-PL2,2026-01-14,vireo.in,1,3499,PL2-2512-3
VR894629,C108542,VA-HP-ST3,2026-01-14,vireo.in,1,6649,ST3-2510-4
VR894877,C101987,VA-EB-PL2,2026-01-14,Amazon,1,3499,PL2-2509-1
VR896206,C105512,VA-SW-NX2,2026-01-14,vireo.in,1,6174,NX2-2512-1
VR896331,C108516,VA-SP-MINI,2026-01-14,vireo.in,1,2249,MINI-2511-2
VR897269,C101763,VA-EB-PL2,2026-01-14,vireo.in,1,3499,PL2-2510-3
VR899339,C103977,VA-SW-FIT,2026-01-14,Amazon,1,1999,FIT-2510-4
VR899832,C109468,VA-SW-NX2,2026-01-14,Amazon,1,6174,NX2-2511-4
VR900366,C101813,VA-NB-ARC,2026-01-14,vireo.in,1,1169,ARC-2511-3
VR900637,C106762,VA-NB-ARC,2026-01-14,Flipkart,2,2598,ARC-2510-4
VR900882,C106416,VA-EB-PL2,2026-01-14,Amazon,1,3499,PL2-2512-2
VR901161,C105675,VA-SP-MINI,2026-01-14,Amazon,1,2499,MINI-2510-3
VR901747,C104229,VA-SW-NX2,2026-01-14,vireo.in,1,5849,NX2-2511-1
VR902692,C103425,VA-SW-NX1,2026-01-14,Flipkart,1,4249,NX1-2510-4
VR903033,C104177,VA-SW-NX2,2026-01-14,Flipkart,1,5849,NX2-2512-1
VR906005,C103217,VA-EB-PL2,2026-01-14,vireo.in,1,2799,PL2-2511-2
VR906380,C108040,VA-SP-MINI,2026-01-14,vireo.in,1,2499,MINI-2511-4
VR907133,C105579,VA-SW-NX1,2026-01-14,vireo.in,1,3999,NX1-2512-1
VR907473,C104394,VA-EB-PL2,2026-01-14,Flipkart,1,3149,PL2-2512-1
VR908919,C108142,VA-SP-MINI,2026-01-14,vireo.in,1,2499,MINI-2511-2
VR909257,C103331,VA-EB-PL2,2026-01-14,vireo.in,1,3499,PL2-2511-3
VR880013,C102591,VA-AC-CASE,2026-01-15,vireo.in,1,1299,CASE-2512-4
VR880144,C105070,VA-EB-PL1,2026-01-15,Flipkart,1,2499,PL1-2510-2
VR880328,C102747,VA-SW-NX2,2026-01-15,vireo.in,1,6499,NX2-2511-2
VR883088,C106559,VA-SP-ORB,2026-01-15,vireo.in,1,4799,ORB-2510-1
VR884264,C104209,VA-SW-NX2,2026-01-15,vireo.in,1,6499,NX2-2512-4
VR887211,C100569,VA-AC-CASE,2026-01-15,vireo.in,1,1234,CASE-2510-1
VR887919,C108542,VA-EB-PL2,2026-01-15,Amazon,1,3324,PL2-2512-3
VR888697,C109193,VA-EB-PL2,2026-01-15,Amazon,1,3499,PL2-2510-1
VR889706,C101974,VA-EB-PL2,2026-01-15,vireo.in,1,3324,PL2-2511-3
VR890171,C107209,VA-EB-AIR,2026-01-15,Amazon,1,1619,AIR-2510-2
VR892500,C106008,VA-NB-ARC,2026-01-15,vireo.in,1,1299,ARC-2512-1
VR892561,C105169,VA-EB-PL2,2026-01-15,vireo.in,1,2799,PL2-2512-4
VR897119,C101008,VA-SP-MINI,2026-01-15,Amazon,2,4498,MINI-2510-4
VR900018,C103935,VA-AC-CASE,2026-01-15,vireo.in,1,1039,CASE-2512-4
VR900594,C108790,VA-SP-MINI,2026-01-15,Amazon,1,2374,MINI-2510-2
VR901246,C105990,VA-AC-CH65,2026-01-15,vireo.in,1,1499,CH65-2512-3
VR901666,C108356,VA-EB-PL2,2026-01-15,vireo.in,1,3499,PL2-2511-4
VR902220,C100069,VA-SP-ORB,2026-01-15,Amazon,1,5399,ORB-2512-1
VR904079,C106977,VA-SW-FIT,2026-01-15,Flipkart,1,1699,FIT-2512-2
VR905545,C102984,VA-SW-NX2,2026-01-15,vireo.in,1,6499,NX2-2512-3
VR906905,C104071,VA-EB-PL1,2026-01-15,vireo.in,1,2124,PL1-2511-3
VR907262,C105174,VA-NB-ARC,2026-01-15,vireo.in,1,1299,ARC-2512-1
VR907898,C101980,VA-SP-MINI,2026-01-15,vireo.in,1,1999,MINI-2511-1
VR908644,C105619,VA-EB-AIR,2026-01-15,vireo.in,1,1709,AIR-2511-2
VR883684,C105353,VA-EB-PL2,2026-01-16,vireo.in,1,3149,PL2-2510-3
VR883824,C104922,VA-EB-PL2,2026-01-16,vireo.in,1,3499,PL2-2509-3
VR885036,C104603,VA-EB-PL2,2026-01-16,Flipkart,1,2799,PL2-2510-2
VR885665,C103427,VA-EB-PL2,2026-01-16,Amazon,1,3324,PL2-2510-2
VR886448,C103280,VA-AC-CASE,2026-01-16,vireo.in,1,1169,CASE-2512-3
VR887430,C101927,VA-EB-PL2,2026-01-16,Flipkart,1,3499,PL2-2510-4
VR888759,C106744,VA-SP-MINI,2026-01-16,Amazon,1,2499,MINI-2509-1
VR888795,C106482,VA-EB-PL2,2026-01-16,Flipkart,1,3499,PL2-2512-3
VR889406,C106726,VA-SP-ORB,2026-01-16,Amazon,1,5399,ORB-2510-2
VR889914,C107553,VA-EB-AIR,2026-01-16,vireo.in,1,1439,AIR-2512-4
VR890111,C105806,VA-EB-PL1,2026-01-16,vireo.in,1,1999,PL1-2510-2
VR890916,C108009,VA-EB-PL1,2026-01-16,Flipkart,1,2124,PL1-2511-1
VR893270,C100845,VA-EB-PL1,2026-01-16,Amazon,1,2249,PL1-2512-1
VR893575,C108524,VA-EB-PL2,2026-01-16,vireo.in,1,3499,PL2-2512-4
VR893668,C101402,VA-EB-AIR,2026-01-16,Flipkart,1,1529,AIR-2512-4
VR894928,C109465,VA-SW-FIT,2026-01-16,Amazon,2,3998,FIT-2512-1
VR898743,C102662,VA-AC-CASE,2026-01-16,Amazon,1,1299,CASE-2511-1
VR901279,C104288,VA-EB-PL2,2026-01-16,vireo.in,1,3149,PL2-2512-2
VR902652,C100793,VA-SW-FIT,2026-01-16,vireo.in,1,1899,FIT-2511-3
VR902900,C104846,VA-EB-PL2,2026-01-16,Amazon,1,3149,PL2-2511-1
VR903483,C107532,VA-SW-NX2,2026-01-16,Flipkart,1,6174,NX2-2512-1
VR903545,C104603,VA-EB-PL2,2026-01-16,vireo.in,1,3149,PL2-2512-4
VR906956,C107020,VA-SW-NX2,2026-01-16,Amazon,1,6499,NX2-2511-4
VR880394,C109274,VA-EB-PL2,2026-01-17,vireo.in,1,2799,PL2-2512-1
VR882107,C107145,VA-EB-AIR,2026-01-17,vireo.in,1,1529,AIR-2510-2
VR885098,C108059,VA-SP-ORB,2026-01-17,vireo.in,1,5999,ORB-2511-4
VR886026,C100611,VA-EB-PL2,2026-01-17,vireo.in,1,3499,PL2-2510-2
VR889192,C109292,VA-EB-PL2,2026-01-17,vireo.in,1,3149,PL2-2511-4
VR889472,C103882,VA-SP-MINI,2026-01-17,vireo.in,1,2249,MINI-2512-3
VR897295,C101416,VA-EB-PL2,2026-01-17,vireo.in,1,3149,PL2-2511-2
VR897482,C105815,VA-SW-NX2,2026-01-17,vireo.in,1,6499,NX2-2512-1
VR897880,C106221,VA-EB-PL1,2026-01-17,vireo.in,1,1999,PL1-2511-4
VR898015,C106312,VA-AC-CH65,2026-01-17,Flipkart,1,1499,CH65-2511-4
VR900606,C100257,VA-EB-PL2,2026-01-17,vireo.in,1,2974,PL2-2510-1
VR900820,C101347,VA-EB-PL2,2026-01-17,vireo.in,1,3324,PL2-2511-2
VR902086,C102243,VA-EB-PL2,2026-01-17,Flipkart,1,3499,PL2-2512-3
VR902410,C107174,VA-EB-PL2,2026-01-17,Amazon,1,3499,PL2-2510-2
VR902992,C108110,VA-EB-PL2,2026-01-17,Amazon,1,3149,PL2-2512-1
VR903446,C107841,VA-SW-FIT,2026-01-17,Amazon,1,1599,FIT-2510-1
VR904908,C105496,VA-SW-NX2,2026-01-17,vireo.in,1,5524,NX2-2510-2
VR905013,C100906,VA-SP-MINI,2026-01-17,vireo.in,1,2499,MINI-2511-3
VR906928,C104419,VA-EB-PL2,2026-01-17,Amazon,1,2974,PL2-2511-4
VR907401,C107340,VA-EB-PL2,2026-01-17,vireo.in,1,2799,PL2-2511-4
VR909372,C105369,VA-AC-CH65,2026-01-17,Amazon,1,1424,CH65-2511-2
VR881469,C107203,VA-EB-PL2,2026-01-18,Amazon,1,3149,PL2-2511-3
VR882284,C105929,VA-EB-PL2,2026-01-18,Flipkart,1,3149,PL2-2510-3
VR882581,C100488,VA-SW-NX2,2026-01-18,Amazon,1,6499,NX2-2511-2
VR882583,C103448,VA-SW-NX1,2026-01-18,Amazon,1,4749,NX1-2511-2
VR883481,C106682,VA-EB-PL2,2026-01-18,Flipkart,1,2974,PL2-2510-1
VR886948,C107696,VA-EB-PL2,2026-01-18,vireo.in,1,3499,PL2-2512-4
VR887036,C105741,VA-EB-PL2,2026-01-18,vireo.in,1,3499,PL2-2510-2
VR887637,C101895,VA-SP-MINI,2026-01-18,vireo.in,1,2249,MINI-2510-3
VR887671,C102210,VA-SP-MINI,2026-01-18,vireo.in,1,2499,MINI-2511-2
VR888049,C108778,VA-EB-PL2,2026-01-18,vireo.in,1,2974,PL2-2511-3
VR889228,C106935,VA-EB-PL2,2026-01-18,vireo.in,1,3324,PL2-2511-2
VR889751,C103834,VA-EB-PL2,2026-01-18,vireo.in,1,3149,PL2-2512-1
VR890250,C104069,VA-EB-PL2,2026-01-18,vireo.in,1,3499,PL2-2511-4
VR890381,C103084,VA-EB-PL2,2026-01-18,Flipkart,1,3324,PL2-2511-3
VR890394,C104349,VA-EB-PL2,2026-01-18,vireo.in,1,2799,PL2-2510-4
VR893104,C109143,VA-SW-NX2,2026-01-18,vireo.in,1,6499,NX2-2512-3
VR893549,C106513,VA-EB-PL2,2026-01-18,vireo.in,1,3324,PL2-2512-3
VR893882,C107974,VA-HP-ST3,2026-01-18,Amazon,2,12598,ST3-2512-1
VR895682,C108718,VA-EB-PL2,2026-01-18,vireo.in,1,2799,PL2-2511-3
VR897925,C108674,VA-EB-PL2,2026-01-18,Flipkart,2,6648,PL2-2510-3
VR899233,C100304,VA-EB-PL2,2026-01-18,vireo.in,1,3499,PL2-2511-3
VR900270,C104566,VA-SW-NX2,2026-01-18,vireo.in,1,6174,NX2-2512-1
VR900547,C106788,VA-EB-AIR,2026-01-18,Flipkart,1,1709,AIR-2511-3
VR901616,C100317,VA-EB-PL2,2026-01-18,vireo.in,1,3499,PL2-2511-2
VR903823,C107400,VA-AC-CH65,2026-01-18,Amazon,1,1499,CH65-2511-3
VR904236,C104331,VA-SW-NX2,2026-01-18,vireo.in,1,6499,NX2-2511-4
VR904941,C108510,VA-AC-CASE,2026-01-18,vireo.in,1,1169,CASE-2512-1
VR907016,C106160,VA-NB-ARC,2026-01-18,vireo.in,1,1234,ARC-2510-4
VR909778,C100262,VA-SP-MINI,2026-01-18,Amazon,1,2499,MINI-2512-3
VR880507,C103954,VA-EB-AIR,2026-01-19,vireo.in,1,1799,AIR-2512-2
VR880779,C100871,VA-EB-PL2,2026-01-19,vireo.in,1,3324,PL2-2512-1
VR881544,C102340,VA-EB-PL1,2026-01-19,Amazon,1,2374,PL1-2512-3
VR881851,C107612,VA-AC-CASE,2026-01-19,vireo.in,1,1169,CASE-2510-3
VR881858,C102775,VA-AC-CH65,2026-01-19,vireo.in,1,1274,CH65-2510-1
VR884337,C104357,VA-SW-NX2,2026-01-19,Flipkart,1,6174,NX2-2512-3
VR887161,C103466,VA-EB-PL1,2026-01-19,vireo.in,1,1999,PL1-2510-2
VR887688,C105297,VA-EB-PL1,2026-01-19,Amazon,1,2499,PL1-2510-2
VR890510,C103056,VA-EB-PL2,2026-01-19,vireo.in,2,6998,PL2-2510-3
VR891807,C102835,VA-HP-ST2,2026-01-19,vireo.in,1,4249,ST2-2512-3
VR894223,C108850,VA-SP-MINI,2026-01-19,Amazon,1,2499,MINI-2512-2
VR897172,C105860,VA-EB-PL2,2026-01-19,vireo.in,1,2974,PL2-2512-1
VR900111,C102300,VA-SW-NX2,2026-01-19,vireo.in,1,6174,NX2-2510-1
VR904081,C104829,VA-SP-MINI,2026-01-19,Flipkart,1,2124,MINI-2510-1
VR904526,C108638,VA-SP-MINI,2026-01-19,vireo.in,2,4498,MINI-2511-1
VR904759,C108046,VA-EB-PL1,2026-01-19,Amazon,1,1999,PL1-2510-1
VR906585,C105043,VA-HP-ST3,2026-01-19,Amazon,1,5599,ST3-2510-1
VR908651,C103544,VA-SW-FIT,2026-01-19,Amazon,1,1699,FIT-2512-4
VR909258,C107103,VA-EB-PL2,2026-01-19,Amazon,1,2974,PL2-2510-4
VR909403,C106041,VA-EB-PL2,2026-01-19,vireo.in,1,3324,PL2-2511-2
VR880761,C106348,VA-EB-PL2,2026-01-20,vireo.in,1,3324,PL2-2510-2
VR880942,C100455,VA-EB-PL2,2026-01-20,Flipkart,1,2799,PL2-2511-3
VR881515,C107686,VA-EB-AIR,2026-01-20,vireo.in,1,1619,AIR-2511-2
VR881978,C108093,VA-EB-PL2,2026-01-20,Flipkart,1,3324,PL2-2510-1
VR884920,C105604,VA-SP-ORB,2026-01-20,Amazon,1,4799,ORB-2510-1
VR885405,C102930,VA-EB-PL2,2026-01-20,Flipkart,1,3499,PL2-2511-4
VR889017,C100179,VA-EB-PL2,2026-01-20,vireo.in,1,3324,PL2-2510-3
VR890187,C104458,VA-HP-ST2,2026-01-20,Amazon,1,4249,ST2-2510-3
VR891932,C103152,VA-HP-ST3,2026-01-20,vireo.in,1,6649,ST3-2510-3
VR893692,C107836,VA-SW-FIT,2026-01-20,vireo.in,1,1799,FIT-2510-3
VR893849,C100683,VA-EB-PL1,2026-01-20,vireo.in,1,2124,PL1-2511-1
VR896733,C103152,VA-HP-ST3,2026-01-20,vireo.in,1,6999,ST3-2512-3
VR897923,C105991,VA-EB-PL2,2026-01-20,vireo.in,1,3499,PL2-2511-1
VR897937,C102060,VA-EB-PL2,2026-01-20,vireo.in,1,3499,PL2-2511-3
VR898404,C108746,VA-AC-CASE,2026-01-20,Amazon,1,1299,CASE-2511-4
VR899355,C100584,VA-SW-NX2,2026-01-20,Amazon,1,6499,NX2-2510-4
VR899972,C106590,VA-SP-ORB,2026-01-20,Flipkart,2,10198,ORB-2512-3
VR900447,C101584,VA-EB-PL2,2026-01-20,vireo.in,1,2974,PL2-2512-2
VR903886,C107028,VA-SW-NX2,2026-01-20,vireo.in,2,12998,NX2-2512-4
VR903993,C105068,VA-SW-FIT,2026-01-20,vireo.in,1,1799,FIT-2511-4
VR904156,C104955,VA-SW-FIT,2026-01-20,Amazon,2,3198,FIT-2510-4
VR904578,C107752,VA-EB-PL2,2026-01-20,Amazon,1,3324,PL2-2510-3
VR906488,C104923,VA-EB-PL2,2026-01-20,vireo.in,2,6648,PL2-2511-1
VR907282,C102104,VA-SW-FIT,2026-01-20,Amazon,1,1999,FIT-2511-4
VR907951,C101017,VA-HP-ST3,2026-01-20,Flipkart,1,6299,ST3-2512-3
VR908325,C104234,VA-SP-MINI,2026-01-20,vireo.in,1,1999,MINI-2511-1
VR908873,C105871,VA-EB-PL2,2026-01-20,Flipkart,1,3499,PL2-2511-2
VR909143,C103764,VA-EB-PL2,2026-01-20,vireo.in,1,2974,PL2-2512-4
VR881539,C107345,VA-EB-PL1,2026-01-21,Flipkart,1,1999,PL1-2510-1
VR882412,C108931,VA-EB-PL2,2026-01-21,vireo.in,1,3499,PL2-2512-3
VR882631,C102547,VA-SW-NX1,2026-01-21,vireo.in,1,4249,NX1-2512-4
VR882675,C103217,VA-EB-PL2,2026-01-21,Flipkart,1,2799,PL2-2511-2
VR883305,C101650,VA-HP-ST2,2026-01-21,vireo.in,1,3999,ST2-2511-1
VR883614,C106522,VA-EB-PL2,2026-01-21,Flipkart,1,2799,PL2-2511-2
VR884734,C103356,VA-EB-PL2,2026-01-21,Amazon,1,2799,PL2-2512-1
VR885274,C101999,VA-EB-AIR,2026-01-21,vireo.in,1,1439,AIR-2512-1
VR885810,C103437,VA-SW-NX2,2026-01-21,Flipkart,1,5524,NX2-2510-1
VR887699,C107638,VA-AC-CH65,2026-01-21,Flipkart,1,1199,CH65-2510-1
VR887708,C107675,VA-EB-PL2,2026-01-21,Flipkart,1,3499,PL2-2510-3
VR890755,C103880,VA-EB-PL1,2026-01-21,Amazon,1,2499,PL1-2512-1
VR890775,C106930,VA-SW-FIT,2026-01-21,vireo.in,1,1899,FIT-2511-1
VR893281,C103981,VA-SP-MINI,2026-01-21,vireo.in,1,2499,MINI-2512-1
VR893559,C108421,VA-HP-ST3,2026-01-21,vireo.in,1,6999,ST3-2510-3
VR894832,C100619,VA-SW-NX2,2026-01-21,vireo.in,1,6499,NX2-2512-4
VR895012,C103809,VA-HP-ST2,2026-01-21,Amazon,1,4999,ST2-2511-1
VR896471,C103977,VA-NB-ARC,2026-01-21,Amazon,1,1299,ARC-2512-3
VR897261,C103445,VA-HP-ST3,2026-01-21,Amazon,1,5949,ST3-2511-3
VR903169,C103380,VA-SW-NX2,2026-01-21,Flipkart,2,12998,NX2-2510-2
VR903197,C108666,VA-SW-NX2,2026-01-21,vireo.in,2,11698,NX2-2512-3
VR906416,C100890,VA-HP-ST3,2026-01-21,vireo.in,1,5599,ST3-2512-1
VR907020,C103666,VA-AC-CBL,2026-01-21,Amazon,1,399,CBL-2511-1
VR880467,C102041,VA-EB-PL1,2026-01-22,Amazon,1,2124,PL1-2512-2
VR880627,C101812,VA-HP-ST3,2026-01-22,vireo.in,1,6649,ST3-2510-2
VR881253,C103933,VA-EB-PL2,2026-01-22,vireo.in,1,3324,PL2-2512-2
VR881262,C101118,VA-EB-PL2,2026-01-22,vireo.in,1,3324,PL2-2511-2
VR882612,C105351,VA-EB-PL2,2026-01-22,Flipkart,1,3149,PL2-2512-1
VR884279,C100661,VA-EB-PL2,2026-01-22,vireo.in,1,2799,PL2-2511-1
VR884915,C104761,VA-NB-ARC,2026-01-22,Amazon,1,1104,ARC-2511-2
VR885507,C104583,VA-SW-NX1,2026-01-22,vireo.in,1,3999,NX1-2601-4
VR886773,C106387,VA-EB-PL2,2026-01-22,Amazon,1,3499,PL2-2511-1
VR887154,C103817,VA-EB-PL2,2026-01-22,Amazon,1,3499,PL2-2510-4
VR887702,C105164,VA-EB-PL2,2026-01-22,vireo.in,1,3499,PL2-2510-1
VR888171,C103146,VA-EB-PL2,2026-01-22,vireo.in,1,3499,PL2-2512-2
VR890054,C103261,VA-EB-PL2,2026-01-22,Flipkart,1,3499,PL2-2512-3
VR891323,C101887,VA-EB-PL1,2026-01-22,Amazon,1,2499,PL1-2511-1
VR892894,C105739,VA-EB-PL2,2026-01-22,vireo.in,1,3149,PL2-2510-4
VR893237,C103931,VA-HP-ST3,2026-01-22,vireo.in,1,6999,ST3-2510-2
VR895045,C107807,VA-SW-NX1,2026-01-22,Amazon,2,9498,NX1-2512-4
VR895472,C100593,VA-HP-ST3,2026-01-22,vireo.in,1,6999,ST3-2510-2
VR895880,C107038,VA-EB-PL1,2026-01-22,Amazon,1,2249,PL1-2511-4
VR895945,C109226,VA-EB-PL2,2026-01-22,Amazon,1,2799,PL2-2512-1
VR896311,C103916,VA-EB-PL2,2026-01-22,vireo.in,1,3499,PL2-2511-1
VR898387,C107857,VA-EB-PL2,2026-01-22,vireo.in,1,3149,PL2-2510-1
VR899128,C102339,VA-EB-AIR,2026-01-22,vireo.in,2,2878,AIR-2510-4
VR900787,C108863,VA-SP-ORB,2026-01-22,Amazon,1,5699,ORB-2510-1
VR901400,C107934,VA-EB-PL2,2026-01-22,Amazon,1,2799,PL2-2512-1
VR903115,C104508,VA-HP-ST2,2026-01-22,Amazon,1,4749,ST2-2512-3
VR903348,C103132,VA-EB-PL2,2026-01-22,vireo.in,1,2799,PL2-2512-4
VR905670,C108616,VA-SW-NX1,2026-01-22,Amazon,1,4749,NX1-2511-2
VR906538,C103505,VA-EB-PL1,2026-01-22,Amazon,1,2374,PL1-2512-3
VR907213,C103415,VA-EB-PL2,2026-01-22,vireo.in,1,3324,PL2-2510-3
VR908472,C105699,VA-SW-NX2,2026-01-22,vireo.in,1,6499,NX2-2510-3
VR909597,C102444,VA-EB-PL2,2026-01-22,vireo.in,1,3499,PL2-2512-3
VR880262,C103888,VA-EB-PL2,2026-01-23,Amazon,1,3499,PL2-2512-4
VR882191,C108444,VA-EB-PL1,2026-01-23,vireo.in,1,2499,PL1-2511-3
VR884159,C107744,VA-EB-PL2,2026-01-23,vireo.in,1,3499,PL2-2511-2
VR885855,C100480,VA-EB-PL2,2026-01-23,vireo.in,1,2974,PL2-2511-2
VR888065,C100127,VA-EB-PL2,2026-01-23,vireo.in,1,3499,PL2-2510-2
VR889776,C106921,VA-SW-NX2,2026-01-23,Amazon,1,5199,NX2-2510-3
VR891347,C107406,VA-EB-PL2,2026-01-23,vireo.in,1,3324,PL2-2510-2
VR891720,C107254,VA-SP-ORB,2026-01-23,Amazon,1,5099,ORB-2512-1
VR892736,C102843,VA-EB-PL2,2026-01-23,Flipkart,2,6998,PL2-2512-1
VR893181,C103445,VA-SP-ORB,2026-01-23,Amazon,1,4799,ORB-2510-2
VR899769,C101591,VA-EB-PL1,2026-01-23,Flipkart,1,1999,PL1-2512-2
VR900903,C102651,VA-SP-MINI,2026-01-23,vireo.in,1,2374,MINI-2511-4
VR901878,C105053,VA-EB-AIR,2026-01-23,Amazon,1,1529,AIR-2511-4
VR903368,C107541,VA-SW-NX2,2026-01-23,Amazon,1,6499,NX2-2511-3
VR903566,C107674,VA-NB-ARC,2026-01-23,vireo.in,2,2468,ARC-2510-4
VR904109,C103140,VA-EB-PL1,2026-01-23,Amazon,1,2499,PL1-2511-4
VR904809,C106135,VA-SP-MINI,2026-01-23,Amazon,1,2499,MINI-2512-3
VR905901,C102074,VA-EB-AIR,2026-01-23,vireo.in,1,1799,AIR-2512-3
VR908670,C108261,VA-SP-MINI,2026-01-23,Amazon,1,1999,MINI-2510-3
VR880242,C108037,VA-HP-ST3,2026-01-24,Amazon,1,5949,ST3-2512-2
VR881733,C109086,VA-SW-NX2,2026-01-24,vireo.in,1,6499,NX2-2512-1
VR882764,C109065,VA-EB-PL2,2026-01-24,vireo.in,2,6648,PL2-2511-4
VR884575,C100987,VA-SP-ORB,2026-01-24,Amazon,1,5399,ORB-2510-2
VR887281,C101440,VA-EB-PL2,2026-01-24,vireo.in,1,3499,PL2-2511-3
VR887814,C107342,VA-SW-FIT,2026-01-24,Amazon,1,1999,FIT-2512-3
VR890749,C104745,VA-SW-NX2,2026-01-24,vireo.in,1,6499,NX2-2511-1
VR891138,C108932,VA-EB-PL1,2026-01-24,vireo.in,1,1999,PL1-2510-2
VR892836,C109058,VA-EB-AIR,2026-01-24,vireo.in,1,1799,AIR-2511-3
VR896254,C105870,VA-SW-FIT,2026-01-24,vireo.in,1,1999,FIT-2510-4
VR896388,C103982,VA-EB-PL2,2026-01-24,vireo.in,1,3499,PL2-2511-4
VR896615,C107826,VA-HP-ST3,2026-01-24,Amazon,1,6999,ST3-2511-1
VR901867,C106020,VA-EB-PL1,2026-01-24,vireo.in,1,2499,PL1-2511-2
VR902556,C101325,VA-NB-ARC,2026-01-24,Amazon,1,1234,ARC-2512-4
VR902703,C109303,VA-EB-PL2,2026-01-24,vireo.in,1,2799,PL2-2512-4
VR902757,C103449,VA-SP-MINI,2026-01-24,Amazon,1,2374,MINI-2510-2
VR904357,C103347,VA-SP-MINI,2026-01-24,vireo.in,1,1999,MINI-2510-1
VR904613,C104574,VA-SP-ORB,2026-01-24,vireo.in,1,5399,ORB-2511-1
VR904881,C101326,VA-EB-PL2,2026-01-24,vireo.in,1,3149,PL2-2510-4
VR904987,C108295,VA-EB-PL2,2026-01-24,Amazon,1,3499,PL2-2511-4
VR907370,C106933,VA-SW-NX2,2026-01-24,vireo.in,1,5524,NX2-2511-3
VR909079,C100430,VA-EB-PL2,2026-01-24,Amazon,1,2974,PL2-2512-1
VR909645,C105842,VA-EB-PL2,2026-01-24,vireo.in,1,3149,PL2-2511-2
VR880897,C102400,VA-EB-PL2,2026-01-25,Amazon,1,3499,PL2-2512-1
VR882815,C104013,VA-SW-FIT,2026-01-25,vireo.in,1,1999,FIT-2510-3
VR882979,C102331,VA-SW-NX2,2026-01-25,Flipkart,1,6499,NX2-2512-1
VR883589,C108660,VA-SW-NX2,2026-01-25,Flipkart,1,5524,NX2-2512-2
VR884879,C108915,VA-SW-NX2,2026-01-25,vireo.in,1,6499,NX2-2510-3
VR887946,C108926,VA-SW-NX2,2026-01-25,Flipkart,2,12348,NX2-2511-2
VR888131,C103594,VA-EB-AIR,2026-01-25,vireo.in,1,1439,AIR-2511-3
VR888458,C105705,VA-SW-NX2,2026-01-25,vireo.in,1,6499,NX2-2510-3
VR888939,C105080,VA-SP-MINI,2026-01-25,vireo.in,1,1999,MINI-2512-2
VR890873,C101009,VA-EB-PL2,2026-01-25,vireo.in,1,3324,PL2-2511-2
VR891966,C108430,VA-EB-PL2,2026-01-25,vireo.in,1,3499,PL2-2511-3
VR894331,C104442,VA-SW-NX2,2026-01-25,vireo.in,1,6499,NX2-2512-1
VR894670,C108783,VA-SW-FIT,2026-01-25,vireo.in,1,1699,FIT-2511-4
VR895080,C102780,VA-SP-ORB,2026-01-25,Amazon,1,5999,ORB-2511-4
VR897022,C105151,VA-EB-PL2,2026-01-25,vireo.in,1,2799,PL2-2510-3
VR897220,C109308,VA-EB-AIR,2026-01-25,Amazon,1,1709,AIR-2512-2
VR897862,C107479,VA-HP-ST3,2026-01-25,vireo.in,1,6999,ST3-2512-1
VR899399,C109075,VA-EB-PL2,2026-01-25,vireo.in,1,3499,PL2-2511-1
VR899803,C102010,VA-EB-PL2,2026-01-25,Amazon,1,2799,PL2-2510-4
VR901378,C100641,VA-EB-PL2,2026-01-25,vireo.in,1,3149,PL2-2512-4
VR902485,C105422,VA-AC-CASE,2026-01-25,Amazon,1,1299,CASE-2512-2
VR903391,C105710,VA-SW-NX2,2026-01-25,vireo.in,1,6499,NX2-2511-2
VR903574,C106516,VA-EB-PL2,2026-01-25,vireo.in,1,2974,PL2-2511-4
VR908548,C100528,VA-EB-PL2,2026-01-25,Amazon,1,3499,PL2-2512-3
VR880307,C107631,VA-EB-PL2,2026-01-26,Flipkart,1,3499,PL2-2510-1
VR881170,C102429,VA-SW-NX2,2026-01-26,vireo.in,2,11698,NX2-2510-1
VR881862,C104897,VA-EB-AIR,2026-01-26,vireo.in,1,1799,AIR-2511-2
VR882083,C109037,VA-EB-PL2,2026-01-26,vireo.in,1,2799,PL2-2512-2
VR882810,C103403,VA-SW-NX2,2026-01-26,vireo.in,1,6499,NX2-2601-4
VR885047,C104549,VA-EB-PL2,2026-01-26,vireo.in,1,2799,PL2-2510-3
VR885081,C104533,VA-EB-AIR,2026-01-26,Flipkart,1,1799,AIR-2512-2
VR886158,C106955,VA-EB-PL2,2026-01-26,vireo.in,1,2799,PL2-2510-2
VR886232,C102701,VA-SP-MINI,2026-01-26,vireo.in,1,2499,MINI-2511-4
VR890147,C109489,VA-EB-PL1,2026-01-26,Amazon,1,2124,PL1-2510-2
VR890421,C103041,VA-EB-PL2,2026-01-26,Amazon,1,3149,PL2-2510-4
VR891311,C102469,VA-EB-PL2,2026-01-26,Flipkart,1,2799,PL2-2512-3
VR892326,C109100,VA-EB-PL2,2026-01-26,vireo.in,1,3499,PL2-2510-2
VR895162,C108213,VA-EB-PL2,2026-01-26,Amazon,1,3149,PL2-2510-2
VR900202,C100155,VA-SW-NX2,2026-01-26,Flipkart,2,12348,NX2-2512-4
VR900413,C108769,VA-SW-NX1,2026-01-26,Flipkart,1,4749,NX1-2511-3
VR902521,C106606,VA-EB-PL2,2026-01-26,Flipkart,1,3149,PL2-2510-2
VR903615,C103278,VA-SP-MINI,2026-01-26,vireo.in,1,2374,MINI-2512-2
VR903895,C107021,VA-EB-AIR,2026-01-26,Amazon,1,1799,AIR-2512-1
VR904085,C106903,VA-EB-PL2,2026-01-26,vireo.in,1,3499,PL2-2601-3
VR904311,C105560,VA-EB-PL1,2026-01-26,Amazon,1,2124,PL1-2511-1
VR880110,C105927,VA-EB-PL2,2026-01-27,vireo.in,1,3324,PL2-2510-1
VR880415,C104856,VA-EB-PL2,2026-01-27,vireo.in,1,3499,PL2-2511-2
VR880555,C100621,VA-EB-PL2,2026-01-27,Amazon,1,3324,PL2-2601-2
VR880709,C103463,VA-HP-ST3,2026-01-27,vireo.in,1,6649,ST3-2511-1
VR882649,C106441,VA-AC-CASE,2026-01-27,Amazon,1,1039,CASE-2511-1
VR882834,C100801,VA-EB-PL2,2026-01-27,Flipkart,1,3499,PL2-2511-4
VR883076,C105766,VA-EB-PL1,2026-01-27,Amazon,1,2499,PL1-2511-3
VR883299,C108836,VA-EB-AIR,2026-01-27,vireo.in,1,1619,AIR-2512-2
VR887499,C104147,VA-SW-NX1,2026-01-27,vireo.in,1,4499,NX1-2512-1
VR890002,C105634,VA-EB-AIR,2026-01-27,vireo.in,1,1619,AIR-2512-3
VR892652,C108812,VA-HP-ST3,2026-01-27,Amazon,1,6649,ST3-2601-2
VR893144,C102419,VA-SP-MINI,2026-01-27,vireo.in,1,2499,MINI-2510-2
VR893934,C104236,VA-EB-PL1,2026-01-27,vireo.in,1,2499,PL1-2512-3
VR894534,C101865,VA-SW-NX2,2026-01-27,vireo.in,1,5524,NX2-2510-4
VR896406,C103176,VA-EB-PL1,2026-01-27,Flipkart,1,2374,PL1-2512-2
VR897185,C108619,VA-EB-PL2,2026-01-27,Flipkart,1,3149,PL2-2512-1
VR897345,C104448,VA-EB-AIR,2026-01-27,vireo.in,1,1619,AIR-2512-1
VR898472,C101164,VA-EB-PL2,2026-01-27,vireo.in,1,3149,PL2-2511-2
VR901058,C103318,VA-EB-PL2,2026-01-27,vireo.in,1,3149,PL2-2601-2
VR903904,C107340,VA-EB-PL2,2026-01-27,Amazon,1,3324,PL2-2510-3
VR904116,C102436,VA-EB-PL2,2026-01-27,Amazon,1,2799,PL2-2512-3
VR904982,C108620,VA-SW-NX2,2026-01-27,Amazon,1,5849,NX2-2511-2
VR905775,C106994,VA-HP-ST2,2026-01-27,vireo.in,1,4249,ST2-2511-3
VR906675,C108300,VA-SP-MINI,2026-01-27,Amazon,1,2499,MINI-2510-2
VR907365,C103213,VA-EB-PL2,2026-01-27,vireo.in,1,2799,PL2-2511-4
VR908153,C108599,VA-EB-PL2,2026-01-27,Flipkart,1,3149,PL2-2512-4
VR908513,C108168,VA-SW-FIT,2026-01-27,Amazon,1,1999,FIT-2510-4
VR908933,C103197,VA-EB-PL1,2026-01-27,vireo.in,1,2374,PL1-2601-1
VR881994,C104183,VA-SW-NX2,2026-01-28,vireo.in,1,6499,NX2-2512-2
VR882112,C104185,VA-HP-ST3,2026-01-28,vireo.in,1,6299,ST3-2512-2
VR888198,C101728,VA-EB-PL2,2026-01-28,Amazon,1,3149,PL2-2512-1
VR888998,C108386,VA-EB-PL2,2026-01-28,Flipkart,1,2974,PL2-2512-4
VR889773,C102444,VA-HP-ST3,2026-01-28,vireo.in,1,6999,ST3-2512-3
VR891892,C109293,VA-EB-PL2,2026-01-28,vireo.in,1,3499,PL2-2601-4
VR892227,C104740,VA-SW-NX2,2026-01-28,Amazon,1,6499,NX2-2512-4
VR892788,C102236,VA-EB-PL2,2026-01-28,vireo.in,1,3149,PL2-2601-2
VR893081,C101225,VA-EB-PL2,2026-01-28,Flipkart,1,3324,PL2-2510-2
VR894379,C101625,VA-SW-NX2,2026-01-28,Amazon,1,6499,NX2-2601-4
VR894529,C108421,VA-EB-PL2,2026-01-28,Amazon,1,3149,PL2-2510-1
VR895317,C108242,VA-EB-PL2,2026-01-28,vireo.in,1,3149,PL2-2512-4
VR895364,C108178,VA-EB-PL2,2026-01-28,Flipkart,1,3499,PL2-2512-2
VR895446,C105112,VA-EB-PL1,2026-01-28,Flipkart,1,2124,PL1-2512-3
VR895654,C101328,VA-EB-PL2,2026-01-28,vireo.in,1,3499,PL2-2511-4
VR898183,C108954,VA-SP-ORB,2026-01-28,vireo.in,1,5999,ORB-2512-2
VR900106,C108761,VA-EB-PL2,2026-01-28,Amazon,1,2799,PL2-2510-1
VR900847,C100941,VA-EB-PL2,2026-01-28,Amazon,1,3499,PL2-2512-2
VR903408,C107849,VA-SP-ORB,2026-01-28,vireo.in,1,5099,ORB-2510-4
VR904733,C103488,VA-EB-PL2,2026-01-28,Amazon,2,6298,PL2-2511-4
VR905162,C105048,VA-EB-PL1,2026-01-28,vireo.in,1,2124,PL1-2512-4
VR906081,C102293,VA-EB-AIR,2026-01-28,Flipkart,1,1529,AIR-2511-4
VR906553,C108249,VA-SW-NX1,2026-01-28,Amazon,1,4999,NX1-2511-2
VR908715,C108332,VA-EB-PL2,2026-01-28,vireo.in,1,3324,PL2-2511-3
VR908804,C104774,VA-EB-PL1,2026-01-28,vireo.in,1,2499,PL1-2512-3
VR880296,C108908,VA-EB-PL2,2026-01-29,Flipkart,2,6648,PL2-2512-4
VR880722,C107628,VA-EB-AIR,2026-01-29,vireo.in,1,1529,AIR-2512-4
VR881209,C107303,VA-EB-PL1,2026-01-29,vireo.in,1,2124,PL1-2512-1
VR881716,C103935,VA-EB-AIR,2026-01-29,vireo.in,1,1799,AIR-2510-2
VR882333,C101097,VA-AC-CASE,2026-01-29,vireo.in,1,1299,CASE-2512-1
VR883176,C105698,VA-SW-NX1,2026-01-29,vireo.in,1,4999,NX1-2510-2
VR883309,C102329,VA-EB-PL2,2026-01-29,Amazon,1,3499,PL2-2510-3
VR884469,C105183,VA-EB-PL2,2026-01-29,vireo.in,1,2799,PL2-2511-2
VR884515,C104756,VA-EB-PL2,2026-01-29,vireo.in,2,5948,PL2-2510-4
VR885182,C100627,VA-HP-ST3,2026-01-29,Flipkart,1,6999,ST3-2511-3
VR885291,C107193,VA-EB-PL2,2026-01-29,vireo.in,1,3499,PL2-2512-1
VR886515,C107048,VA-SW-FIT,2026-01-29,vireo.in,1,1999,FIT-2510-2
VR886791,C103631,VA-EB-PL2,2026-01-29,vireo.in,1,3149,PL2-2510-1
VR887072,C101333,VA-EB-AIR,2026-01-29,Amazon,1,1799,AIR-2601-4
VR887619,C101205,VA-SP-MINI,2026-01-29,vireo.in,1,2124,MINI-2511-1
VR889246,C101661,VA-EB-PL2,2026-01-29,Flipkart,1,3499,PL2-2510-2
VR890799,C102671,VA-EB-PL2,2026-01-29,Amazon,1,3499,PL2-2511-4
VR891040,C101462,VA-EB-AIR,2026-01-29,Flipkart,1,1619,AIR-2512-4
VR891672,C108256,VA-NB-ARC,2026-01-29,Flipkart,2,2468,ARC-2510-3
VR892376,C108836,VA-SW-NX2,2026-01-29,Flipkart,1,5199,NX2-2510-1
VR892657,C101357,VA-SW-NX2,2026-01-29,vireo.in,1,6499,NX2-2511-1
VR895663,C105122,VA-EB-PL2,2026-01-29,vireo.in,1,2799,PL2-2512-1
VR896163,C100533,VA-SW-FIT,2026-01-29,Amazon,1,1699,FIT-2601-3
VR899659,C100665,VA-EB-PL2,2026-01-29,vireo.in,1,3499,PL2-2512-4
VR899917,C109384,VA-SP-ORB,2026-01-29,Amazon,1,5999,ORB-2510-3
VR900253,C107096,VA-SW-NX1,2026-01-29,vireo.in,1,4249,NX1-2511-3
VR900573,C105583,VA-EB-PL2,2026-01-29,vireo.in,1,3499,PL2-2512-2
VR900662,C102956,VA-SP-ORB,2026-01-29,Amazon,1,4799,ORB-2601-1
VR904709,C100469,VA-EB-PL2,2026-01-29,vireo.in,1,2799,PL2-2512-2
VR904757,C105458,VA-SP-MINI,2026-01-29,Amazon,1,2499,MINI-2511-2
VR905061,C100527,VA-NB-ARC,2026-01-29,Amazon,1,1104,ARC-2512-3
VR905626,C104388,VA-EB-PL2,2026-01-29,Flipkart,1,2974,PL2-2511-4
VR906529,C100884,VA-NB-ARC,2026-01-29,vireo.in,1,1104,ARC-2511-2
VR908721,C103285,VA-SP-MINI,2026-01-29,vireo.in,1,1999,MINI-2512-2
VR908945,C107816,VA-EB-PL1,2026-01-29,vireo.in,1,2499,PL1-2510-3
VR880450,C103629,VA-NB-ARC,2026-01-30,vireo.in,1,1299,ARC-2510-3
VR882076,C102746,VA-EB-PL2,2026-01-30,vireo.in,1,3149,PL2-2510-4
VR882436,C105220,VA-EB-PL2,2026-01-30,Amazon,1,3324,PL2-2601-1
VR882863,C105504,VA-HP-ST3,2026-01-30,Amazon,1,6999,ST3-2510-1
VR882932,C109141,VA-EB-PL1,2026-01-30,vireo.in,1,2499,PL1-2510-4
VR883104,C109192,VA-EB-PL2,2026-01-30,vireo.in,1,2974,PL2-2512-1
VR884029,C105179,VA-SP-MINI,2026-01-30,Amazon,1,2249,MINI-2510-1
VR888375,C107751,VA-SW-NX2,2026-01-30,vireo.in,1,6499,NX2-2601-3
VR888456,C100004,VA-SP-MINI,2026-01-30,vireo.in,1,2249,MINI-2601-1
VR888985,C100038,VA-EB-AIR,2026-01-30,vireo.in,1,1799,AIR-2601-3
VR891605,C106689,VA-AC-CASE,2026-01-30,Amazon,2,2598,CASE-2511-3
VR892211,C109210,VA-NB-ARC,2026-01-30,vireo.in,1,1104,ARC-2601-1
VR893127,C108058,VA-EB-AIR,2026-01-30,vireo.in,1,1799,AIR-2511-1
VR894973,C103899,VA-SW-NX2,2026-01-30,vireo.in,1,5199,NX2-2511-1
VR896356,C103273,VA-EB-PL2,2026-01-30,vireo.in,1,3499,PL2-2512-3
VR896747,C102402,VA-SW-NX1,2026-01-30,vireo.in,1,3999,NX1-2511-3
VR898405,C107532,VA-EB-PL2,2026-01-30,vireo.in,1,3324,PL2-2511-3
VR898918,C100314,VA-SP-ORB,2026-01-30,Flipkart,1,5999,ORB-2510-2
VR899005,C100284,VA-AC-CASE,2026-01-30,vireo.in,1,1039,CASE-2511-4
VR900062,C102221,VA-EB-PL2,2026-01-30,vireo.in,1,3499,PL2-2512-3
VR900394,C102090,VA-EB-PL2,2026-01-30,Amazon,1,3499,PL2-2511-1
VR900794,C107607,VA-SP-MINI,2026-01-30,vireo.in,1,2249,MINI-2511-3
VR901555,C101012,VA-EB-PL1,2026-01-30,vireo.in,1,2124,PL1-2511-1
VR902430,C103508,VA-SW-NX2,2026-01-30,vireo.in,1,6499,NX2-2511-1
VR903017,C107777,VA-SW-FIT,2026-01-30,vireo.in,1,1799,FIT-2512-2
VR904324,C104177,VA-NB-ARC,2026-01-30,vireo.in,1,1104,ARC-2510-1
VR904506,C104311,VA-SW-NX2,2026-01-30,vireo.in,2,11698,NX2-2512-1
VR905019,C106868,VA-EB-PL2,2026-01-30,Flipkart,1,3149,PL2-2512-4
VR907196,C104390,VA-EB-PL2,2026-01-30,Amazon,1,2974,PL2-2512-2
VR907716,C106403,VA-EB-PL2,2026-01-30,vireo.in,1,3499,PL2-2512-2
VR909698,C100612,VA-EB-PL2,2026-01-30,Flipkart,1,3499,PL2-2510-4
VR882792,C103181,VA-HP-ST3,2026-01-31,Amazon,1,5599,ST3-2510-4
VR884484,C104465,VA-EB-PL2,2026-01-31,Amazon,1,3499,PL2-2512-3
VR885947,C105236,VA-EB-AIR,2026-01-31,Amazon,1,1799,AIR-2511-2
VR888355,C104122,VA-SP-MINI,2026-01-31,Amazon,1,2124,MINI-2512-4
VR888524,C100548,VA-SP-ORB,2026-01-31,vireo.in,1,5699,ORB-2601-2
VR890951,C100022,VA-EB-AIR,2026-01-31,Amazon,1,1799,AIR-2511-3
VR891286,C107067,VA-EB-PL2,2026-01-31,vireo.in,1,2974,PL2-2512-2
VR893502,C103527,VA-HP-ST3,2026-01-31,Amazon,1,6299,ST3-2511-4
VR894270,C103602,VA-EB-PL2,2026-01-31,vireo.in,1,3499,PL2-2601-3
VR894744,C108938,VA-EB-PL2,2026-01-31,vireo.in,2,5948,PL2-2510-4
VR896724,C102381,VA-AC-CASE,2026-01-31,vireo.in,1,1299,CASE-2512-4
VR900891,C102194,VA-EB-PL2,2026-01-31,Amazon,1,2799,PL2-2510-1
VR901861,C101464,VA-EB-PL2,2026-01-31,vireo.in,1,3499,PL2-2511-1
VR902258,C103150,VA-EB-PL2,2026-01-31,Amazon,1,3499,PL2-2511-3
VR902341,C101900,VA-SW-NX2,2026-01-31,vireo.in,1,6499,NX2-2511-3
VR904780,C106198,VA-SP-MINI,2026-01-31,Amazon,1,2499,MINI-2510-3
VR905961,C105725,VA-EB-PL2,2026-01-31,vireo.in,2,6998,PL2-2511-2
VR908088,C103438,VA-EB-PL1,2026-01-31,vireo.in,1,1999,PL1-2511-2
VR908333,C106465,VA-EB-PL1,2026-01-31,vireo.in,1,2249,PL1-2512-4
VR881064,C102295,VA-AC-CASE,2026-02-01,vireo.in,1,1299,CASE-2512-1
VR882585,C108369,VA-EB-PL2,2026-02-01,Amazon,1,3499,PL2-2601-4
VR884258,C105295,VA-SP-MINI,2026-02-01,vireo.in,1,2124,MINI-2511-1
VR885688,C106620,VA-AC-CH65,2026-02-01,Amazon,1,1499,CH65-2601-2
VR887078,C100011,VA-EB-PL2,2026-02-01,vireo.in,1,3149,PL2-2601-2
VR891616,C103343,VA-SP-ORB,2026-02-01,Amazon,1,4799,ORB-2512-4
VR891693,C105205,VA-EB-PL2,2026-02-01,Amazon,1,2974,PL2-2510-3
VR892071,C104629,VA-HP-ST3,2026-02-01,Amazon,1,6999,ST3-2510-2
VR892418,C108598,VA-AC-CH65,2026-02-01,vireo.in,1,1274,CH65-2510-1
VR893533,C105196,VA-EB-PL1,2026-02-01,vireo.in,1,1999,PL1-2511-1
VR894313,C104314,VA-SP-ORB,2026-02-01,vireo.in,1,5399,ORB-2511-3
VR895121,C107339,VA-EB-AIR,2026-02-01,vireo.in,1,1439,AIR-2511-2
VR895283,C107383,VA-EB-PL2,2026-02-01,Flipkart,2,5598,PL2-2601-1
VR895869,C105337,VA-EB-PL2,2026-02-01,vireo.in,1,3499,PL2-2512-4
VR898121,C106219,VA-EB-PL2,2026-02-01,vireo.in,2,6648,PL2-2511-2
VR900640,C104968,VA-SW-NX2,2026-02-01,vireo.in,1,5849,NX2-2511-1
VR901178,C106681,VA-SW-FIT,2026-02-01,vireo.in,1,1999,FIT-2512-3
VR901528,C109210,VA-SW-NX2,2026-02-01,vireo.in,1,5524,NX2-2511-4
VR902867,C106985,VA-EB-PL2,2026-02-01,vireo.in,2,6998,PL2-2511-2
VR903249,C108632,VA-AC-CH65,2026-02-01,Flipkart,1,1274,CH65-2512-1
VR909046,C103261,VA-EB-PL2,2026-02-01,vireo.in,1,2974,PL2-2510-2
VR909909,C102774,VA-EB-PL2,2026-02-01,Flipkart,1,2799,PL2-2512-3
VR880948,C103588,VA-EB-PL2,2026-02-02,Flipkart,1,3324,PL2-2511-1
VR881056,C108969,VA-SW-FIT,2026-02-02,vireo.in,1,1699,FIT-2512-4
VR883241,C102570,VA-EB-PL2,2026-02-02,vireo.in,1,2974,PL2-2511-2
VR883731,C102106,VA-EB-PL2,2026-02-02,vireo.in,1,2974,PL2-2601-2
VR885164,C105057,VA-EB-PL1,2026-02-02,vireo.in,1,2499,PL1-2511-2
VR885420,C102096,VA-EB-PL2,2026-02-02,Amazon,1,3499,PL2-2511-4
VR885678,C100080,VA-SP-MINI,2026-02-02,Flipkart,1,1999,MINI-2601-1
VR886002,C107859,VA-SW-NX2,2026-02-02,vireo.in,1,6174,NX2-2512-4
VR886418,C102315,VA-EB-PL2,2026-02-02,Amazon,1,2974,PL2-2511-2
VR887559,C107006,VA-SP-ORB,2026-02-02,Amazon,1,5999,ORB-2601-3
VR891275,C109308,VA-SP-ORB,2026-02-02,Flipkart,1,4799,ORB-2512-1
VR891750,C103859,VA-SW-FIT,2026-02-02,vireo.in,1,1699,FIT-2511-4
VR893677,C106705,VA-EB-AIR,2026-02-02,vireo.in,1,1709,AIR-2512-4
VR893898,C100383,VA-SP-MINI,2026-02-02,Flipkart,1,2499,MINI-2510-2
VR894354,C103365,VA-SW-NX2,2026-02-02,Flipkart,1,5849,NX2-2512-4
VR894459,C102896,VA-EB-PL2,2026-02-02,Flipkart,1,3324,PL2-2601-2
VR894848,C101543,VA-EB-PL2,2026-02-02,vireo.in,1,3499,PL2-2511-2
VR895667,C108691,VA-SW-NX2,2026-02-02,vireo.in,1,5524,NX2-2510-2
VR895852,C100763,VA-EB-PL1,2026-02-02,vireo.in,1,2374,PL1-2510-3
VR896040,C107093,VA-SW-NX2,2026-02-02,Amazon,1,5199,NX2-2512-4
VR897535,C104102,VA-SW-NX2,2026-02-02,vireo.in,1,6174,NX2-2510-2
VR898641,C103316,VA-NB-ARC,2026-02-02,vireo.in,1,1299,ARC-2601-3
VR899187,C103879,VA-HP-ST2,2026-02-02,Amazon,1,4749,ST2-2511-3
VR900171,C107253,VA-AC-CBL,2026-02-02,Amazon,1,379,CBL-2511-2
VR901078,C105449,VA-EB-PL1,2026-02-02,vireo.in,1,1999,PL1-2601-2
VR901610,C100689,VA-AC-CH65,2026-02-02,vireo.in,1,1499,CH65-2511-2
VR902498,C102994,VA-EB-PL2,2026-02-02,vireo.in,1,2974,PL2-2512-3
VR903552,C105671,VA-SP-ORB,2026-02-02,vireo.in,1,5399,ORB-2512-4
VR904443,C106945,VA-EB-PL2,2026-02-02,Amazon,1,3324,PL2-2601-2
VR904549,C101068,VA-EB-PL2,2026-02-02,vireo.in,1,3324,PL2-2511-3
VR904943,C105050,VA-EB-PL2,2026-02-02,Flipkart,1,3499,PL2-2510-2
VR906652,C104424,VA-SW-NX2,2026-02-02,vireo.in,1,6499,NX2-2510-1
VR907990,C103544,VA-EB-PL2,2026-02-02,vireo.in,1,2799,PL2-2511-1
VR908576,C107136,VA-EB-PL2,2026-02-02,Amazon,1,3499,PL2-2511-3
VR908656,C108439,VA-SW-NX2,2026-02-02,Flipkart,1,5849,NX2-2512-4
VR909247,C100317,VA-EB-PL2,2026-02-02,vireo.in,1,2974,PL2-2511-2
VR881008,C107566,VA-SW-FIT,2026-02-03,vireo.in,1,1799,FIT-2511-4
VR882314,C101650,VA-EB-PL1,2026-02-03,vireo.in,1,1999,PL1-2511-3
VR882602,C105033,VA-EB-PL2,2026-02-03,vireo.in,1,3149,PL2-2512-4
VR883473,C100980,VA-SP-MINI,2026-02-03,vireo.in,1,2124,MINI-2511-2
VR883504,C107643,VA-EB-PL2,2026-02-03,vireo.in,1,2799,PL2-2512-2
VR883665,C100945,VA-EB-PL2,2026-02-03,vireo.in,1,3324,PL2-2511-2
VR884595,C101686,VA-SP-MINI,2026-02-03,Amazon,1,2374,MINI-2511-4
VR887147,C100167,VA-EB-PL2,2026-02-03,Amazon,1,3149,PL2-2511-3
VR887344,C108344,VA-EB-PL1,2026-02-03,Amazon,1,2249,PL1-2512-2
VR887860,C106804,VA-EB-PL1,2026-02-03,Amazon,2,4998,PL1-2511-3
VR887872,C102240,VA-EB-PL2,2026-02-03,vireo.in,1,2799,PL2-2511-1
VR888217,C103931,VA-HP-ST3,2026-02-03,vireo.in,1,6649,ST3-2601-4
VR889039,C100130,VA-EB-PL2,2026-02-03,vireo.in,1,3499,PL2-2512-3
VR890205,C109431,VA-AC-CH65,2026-02-03,Amazon,2,2848,CH65-2511-3
VR890571,C101723,VA-NB-ARC,2026-02-03,vireo.in,1,1299,ARC-2601-3
VR893824,C108305,VA-EB-PL2,2026-02-03,vireo.in,1,2974,PL2-2512-1
VR897823,C107077,VA-EB-PL2,2026-02-03,Flipkart,1,3499,PL2-2511-4
VR898396,C102432,VA-EB-PL2,2026-02-03,Amazon,1,3324,PL2-2512-3
VR898989,C102426,VA-EB-PL2,2026-02-03,vireo.in,1,3149,PL2-2510-3
VR901488,C105348,VA-EB-PL2,2026-02-03,vireo.in,1,3499,PL2-2512-4
VR902205,C103797,VA-SW-NX2,2026-02-03,vireo.in,1,6499,NX2-2510-1
VR902276,C100834,VA-EB-PL2,2026-02-03,vireo.in,1,3499,PL2-2510-3
VR902994,C107603,VA-EB-PL2,2026-02-03,Flipkart,2,5598,PL2-2601-1
VR903627,C102854,VA-SW-NX1,2026-02-03,vireo.in,1,4749,NX1-2512-4
VR904544,C105799,VA-SW-NX2,2026-02-03,vireo.in,1,6499,NX2-2512-1
VR904967,C102833,VA-EB-PL1,2026-02-03,Flipkart,1,2124,PL1-2512-2
VR906527,C106910,VA-EB-PL1,2026-02-03,Amazon,1,1999,PL1-2512-3
VR907165,C102422,VA-EB-PL1,2026-02-03,Amazon,1,1999,PL1-2512-2
VR908339,C106453,VA-NB-ARC,2026-02-03,Amazon,1,1299,ARC-2512-2
VR908730,C108672,VA-EB-PL2,2026-02-03,vireo.in,1,2799,PL2-2512-1
VR909243,C109151,VA-SW-FIT,2026-02-03,vireo.in,1,1999,FIT-2512-3
VR909348,C104972,VA-SP-ORB,2026-02-03,Flipkart,1,5099,ORB-2601-2
VR909571,C103618,VA-EB-PL2,2026-02-03,vireo.in,1,3149,PL2-2511-4
VR909667,C108098,VA-SP-ORB,2026-02-03,vireo.in,1,5699,ORB-2511-4
VR909831,C100025,VA-EB-AIR,2026-02-03,vireo.in,1,1529,AIR-2512-2
VR909969,C102922,VA-AC-CBL,2026-02-03,Amazon,1,399,CBL-2512-4
VR909971,C103330,VA-HP-ST3,2026-02-03,vireo.in,1,6999,ST3-2511-4
VR880592,C108586,VA-EB-PL2,2026-02-04,Amazon,2,6648,PL2-2601-2
VR880671,C107497,VA-EB-PL2,2026-02-04,Amazon,1,3499,PL2-2512-3
VR882120,C106847,VA-SW-NX2,2026-02-04,vireo.in,1,6174,NX2-2510-4
VR884969,C102972,VA-EB-AIR,2026-02-04,Amazon,1,1619,AIR-2512-3
VR885509,C106006,VA-EB-PL1,2026-02-04,vireo.in,1,2374,PL1-2510-2
VR886381,C108907,VA-EB-PL1,2026-02-04,Flipkart,1,2374,PL1-2512-4
VR887193,C109018,VA-EB-AIR,2026-02-04,vireo.in,1,1799,AIR-2511-3
VR888782,C107213,VA-AC-CASE,2026-02-04,Amazon,1,1299,CASE-2511-3
VR890045,C101834,VA-SW-NX2,2026-02-04,vireo.in,1,6174,NX2-2511-2
VR891652,C103290,VA-EB-PL2,2026-02-04,Flipkart,1,2974,PL2-2512-1
VR893932,C103305,VA-AC-CASE,2026-02-04,vireo.in,1,1169,CASE-2512-2
VR894076,C101114,VA-SW-FIT,2026-02-04,Flipkart,1,1999,FIT-2512-1
VR894607,C104823,VA-EB-PL2,2026-02-04,Flipkart,1,3499,PL2-2601-1
VR894757,C101900,VA-EB-PL1,2026-02-04,vireo.in,1,2499,PL1-2601-1
VR895049,C100940,VA-AC-CH65,2026-02-04,vireo.in,1,1499,CH65-2510-3
VR895933,C101558,VA-EB-AIR,2026-02-04,Flipkart,1,1799,AIR-2511-2
VR896009,C100737,VA-EB-PL2,2026-02-04,vireo.in,1,3499,PL2-2510-1
VR896433,C108081,VA-EB-AIR,2026-02-04,vireo.in,1,1799,AIR-2511-1
VR897018,C106488,VA-SP-ORB,2026-02-04,vireo.in,1,5699,ORB-2510-1
VR898491,C106413,VA-EB-PL2,2026-02-04,vireo.in,1,3324,PL2-2512-4
VR900970,C103599,VA-EB-AIR,2026-02-04,vireo.in,1,1799,AIR-2511-2
VR901348,C102435,VA-NB-ARC,2026-02-04,Flipkart,1,1299,ARC-2511-2
VR901946,C104240,VA-SW-NX2,2026-02-04,vireo.in,1,6499,NX2-2601-4
VR902523,C101972,VA-NB-ARC,2026-02-04,vireo.in,1,1299,ARC-2512-3
VR903470,C108105,VA-EB-PL2,2026-02-04,vireo.in,1,3149,PL2-2511-4
VR904746,C104935,VA-HP-ST2,2026-02-04,vireo.in,1,4999,ST2-2512-4
VR904906,C100718,VA-SW-NX2,2026-02-04,Amazon,1,5524,NX2-2511-2
VR905736,C109132,VA-HP-ST3,2026-02-04,vireo.in,1,6999,ST3-2511-3
VR905995,C104375,VA-EB-PL1,2026-02-04,Flipkart,1,2374,PL1-2601-2
VR907788,C105966,VA-SP-MINI,2026-02-04,vireo.in,1,2499,MINI-2511-2
VR908125,C107624,VA-EB-PL1,2026-02-04,vireo.in,1,2249,PL1-2512-3
VR908975,C104026,VA-NB-ARC,2026-02-04,vireo.in,1,1299,ARC-2511-2
VR880056,C109122,VA-SP-MINI,2026-02-05,Flipkart,1,2249,MINI-2510-3
VR880595,C108306,VA-SP-MINI,2026-02-05,vireo.in,1,2499,MINI-2511-4
VR882237,C104096,VA-EB-PL1,2026-02-05,vireo.in,1,2499,PL1-2510-2
VR882594,C104762,VA-EB-PL2,2026-02-05,vireo.in,1,3499,PL2-2511-4
VR883127,C100400,VA-EB-PL2,2026-02-05,Flipkart,1,3149,PL2-2512-3
VR886281,C104927,VA-SW-NX2,2026-02-05,vireo.in,1,5524,NX2-2510-4
VR886392,C100612,VA-NB-ARC,2026-02-05,Amazon,1,1299,ARC-2512-3
VR886491,C105232,VA-SP-MINI,2026-02-05,Amazon,1,2499,MINI-2511-1
VR888645,C101483,VA-EB-PL1,2026-02-05,vireo.in,1,2374,PL1-2510-2
VR889099,C101780,VA-AC-CBL,2026-02-05,vireo.in,2,798,CBL-2512-3
VR889802,C101564,VA-EB-PL1,2026-02-05,Amazon,1,2374,PL1-2511-4
VR890802,C105150,VA-EB-PL2,2026-02-05,vireo.in,1,2799,PL2-2510-2
VR891419,C100571,VA-EB-PL2,2026-02-05,Amazon,1,3324,PL2-2511-4
VR891531,C107206,VA-EB-PL2,2026-02-05,Flipkart,2,6298,PL2-2511-1
VR892133,C103315,VA-EB-PL1,2026-02-05,vireo.in,1,2499,PL1-2601-2
VR892945,C105976,VA-EB-AIR,2026-02-05,vireo.in,1,1799,AIR-2510-2
VR894018,C107159,VA-EB-AIR,2026-02-05,vireo.in,1,1709,AIR-2510-2
VR894139,C108270,VA-SW-FIT,2026-02-05,vireo.in,1,1899,FIT-2512-4
VR895617,C105999,VA-EB-PL1,2026-02-05,vireo.in,1,2249,PL1-2601-2
VR900076,C105859,VA-EB-PL2,2026-02-05,Amazon,1,3149,PL2-2512-4
VR902689,C100318,VA-EB-PL1,2026-02-05,vireo.in,1,2124,PL1-2510-4
VR903185,C103480,VA-SP-MINI,2026-02-05,Amazon,1,2374,MINI-2512-2
VR903541,C104288,VA-EB-PL2,2026-02-05,vireo.in,1,2799,PL2-2601-3
VR903859,C105721,VA-EB-PL2,2026-02-05,Amazon,1,2799,PL2-2512-1
VR904035,C100827,VA-EB-PL2,2026-02-05,vireo.in,1,3499,PL2-2512-2
VR904413,C107803,VA-HP-ST2,2026-02-05,Amazon,1,4999,ST2-2512-4
VR905450,C101529,VA-EB-PL2,2026-02-05,vireo.in,1,2974,PL2-2512-3
VR907439,C101674,VA-EB-PL1,2026-02-05,vireo.in,1,1999,PL1-2512-3
VR907663,C106831,VA-EB-PL2,2026-02-05,Flipkart,2,6998,PL2-2510-3
VR908142,C105269,VA-HP-ST2,2026-02-05,vireo.in,1,4999,ST2-2511-2
VR880340,C105724,VA-EB-PL2,2026-02-06,Amazon,1,2974,PL2-2511-2
VR880747,C109081,VA-EB-PL2,2026-02-06,vireo.in,1,2974,PL2-2601-3
VR881261,C105492,VA-EB-PL2,2026-02-06,vireo.in,1,3149,PL2-2511-4
VR881499,C102197,VA-HP-ST3,2026-02-06,Flipkart,1,6999,ST3-2511-2
VR882498,C102804,VA-EB-PL2,2026-02-06,vireo.in,1,2799,PL2-2511-3
VR882513,C106649,VA-HP-ST2,2026-02-06,vireo.in,1,4749,ST2-2511-3
VR882731,C108792,VA-HP-ST2,2026-02-06,vireo.in,1,4499,ST2-2601-3
VR884195,C101345,VA-HP-ST2,2026-02-06,Flipkart,1,4999,ST2-2601-3
VR886811,C103934,VA-EB-PL2,2026-02-06,Amazon,1,3149,PL2-2512-1
VR887272,C105367,VA-EB-PL2,2026-02-06,vireo.in,1,3324,PL2-2512-4
VR887893,C103112,VA-SP-MINI,2026-02-06,vireo.in,1,2249,MINI-2512-4
VR888806,C105522,VA-SW-NX2,2026-02-06,vireo.in,1,5199,NX2-2510-1
VR891337,C107905,VA-HP-ST3,2026-02-06,Flipkart,1,6299,ST3-2601-3
VR892098,C100563,VA-EB-PL2,2026-02-06,vireo.in,1,3499,PL2-2601-3
VR893413,C107164,VA-NB-ARC,2026-02-06,vireo.in,1,1299,ARC-2512-1
VR895297,C108106,VA-EB-PL1,2026-02-06,Amazon,1,2249,PL1-2601-4
VR895687,C104552,VA-EB-PL2,2026-02-06,Amazon,1,2799,PL2-2512-3
VR897153,C102109,VA-AC-CASE,2026-02-06,vireo.in,1,1104,CASE-2510-4
VR897910,C105004,VA-SW-FIT,2026-02-06,vireo.in,1,1999,FIT-2511-4
VR898221,C103150,VA-EB-PL2,2026-02-06,Amazon,1,3499,PL2-2511-2
VR898634,C105291,VA-EB-PL2,2026-02-06,vireo.in,1,3499,PL2-2511-1
VR899148,C103369,VA-EB-PL1,2026-02-06,Flipkart,1,1999,PL1-2511-4
VR899676,C100569,VA-EB-PL1,2026-02-06,Amazon,1,2124,PL1-2601-4
VR902071,C105481,VA-EB-AIR,2026-02-06,vireo.in,1,1709,AIR-2601-1
VR903095,C104530,VA-SP-MINI,2026-02-06,vireo.in,1,2499,MINI-2601-2
VR906122,C103451,VA-SW-NX2,2026-02-06,Flipkart,1,5524,NX2-2511-4
VR906883,C104445,VA-EB-PL2,2026-02-06,vireo.in,1,2974,PL2-2511-4
VR907575,C103926,VA-EB-PL2,2026-02-06,vireo.in,1,3149,PL2-2511-1
VR880363,C103009,VA-EB-PL2,2026-02-07,vireo.in,1,3499,PL2-2601-3
VR880380,C104092,VA-EB-AIR,2026-02-07,vireo.in,2,3418,AIR-2512-4
VR880490,C102072,VA-EB-PL2,2026-02-07,vireo.in,1,3499,PL2-2601-2
VR880954,C105677,VA-HP-ST3,2026-02-07,vireo.in,2,13998,ST3-2512-4
VR882222,C105517,VA-SP-MINI,2026-02-07,vireo.in,1,2124,MINI-2601-1
VR883528,C106656,VA-SW-NX2,2026-02-07,vireo.in,1,5199,NX2-2511-2
VR884286,C103113,VA-SW-NX2,2026-02-07,Amazon,1,5199,NX2-2511-2
VR884303,C102995,VA-EB-AIR,2026-02-07,Amazon,1,1439,AIR-2601-1
VR884642,C100344,VA-EB-AIR,2026-02-07,vireo.in,1,1439,AIR-2512-1
VR885007,C102851,VA-SW-FIT,2026-02-07,Flipkart,1,1799,FIT-2512-1
VR886126,C100717,VA-EB-PL1,2026-02-07,Amazon,1,2124,PL1-2511-3
VR889060,C106931,VA-EB-PL2,2026-02-07,vireo.in,1,2974,PL2-2601-4
VR889690,C105665,VA-EB-PL2,2026-02-07,Amazon,1,2974,PL2-2511-3
VR889892,C108698,VA-SW-FIT,2026-02-07,vireo.in,1,1599,FIT-2601-1
VR890038,C105903,VA-SW-NX2,2026-02-07,Amazon,1,5199,NX2-2512-2
VR890287,C101376,VA-EB-AIR,2026-02-07,Amazon,1,1799,AIR-2511-4
VR891759,C100346,VA-EB-PL2,2026-02-07,Flipkart,1,3499,PL2-2512-3
VR892209,C104685,VA-SP-MINI,2026-02-07,Flipkart,1,2499,MINI-2511-3
VR892485,C105978,VA-EB-PL2,2026-02-07,Amazon,1,3499,PL2-2511-2
VR892785,C100476,VA-EB-PL2,2026-02-07,Flipkart,1,3324,PL2-2511-2
VR894493,C104337,VA-EB-PL2,2026-02-07,vireo.in,1,2799,PL2-2511-1
VR895399,C107489,VA-SP-ORB,2026-02-07,Amazon,1,5999,ORB-2511-4
VR896069,C107077,VA-AC-CASE,2026-02-07,Flipkart,1,1169,CASE-2601-2
VR896462,C102120,VA-EB-PL2,2026-02-07,Flipkart,1,2974,PL2-2511-1
VR901449,C104132,VA-SP-MINI,2026-02-07,vireo.in,2,4248,MINI-2512-3
VR902212,C104878,VA-SW-NX1,2026-02-07,vireo.in,1,4749,NX1-2511-2
VR905759,C105787,VA-EB-PL1,2026-02-07,vireo.in,1,2249,PL1-2511-1
VR906949,C105420,VA-EB-PL2,2026-02-07,Amazon,2,6998,PL2-2510-1
VR907471,C108818,VA-HP-ST2,2026-02-07,Amazon,1,4749,ST2-2511-3
VR907580,C100455,VA-EB-AIR,2026-02-07,Amazon,1,1799,AIR-2510-4
VR908499,C101841,VA-AC-CASE,2026-02-07,Flipkart,1,1299,CASE-2512-1
VR909288,C105643,VA-EB-PL2,2026-02-07,vireo.in,1,3499,PL2-2511-4
VR882151,C107855,VA-EB-AIR,2026-02-08,Amazon,1,1799,AIR-2512-4
VR882275,C104150,VA-EB-PL2,2026-02-08,vireo.in,1,3499,PL2-2512-2
VR882411,C100377,VA-EB-AIR,2026-02-08,Amazon,1,1799,AIR-2511-3
VR882983,C100578,VA-HP-ST2,2026-02-08,Amazon,1,4999,ST2-2512-1
VR885641,C103265,VA-EB-PL2,2026-02-08,vireo.in,1,3149,PL2-2601-3
VR885935,C100413,VA-EB-PL2,2026-02-08,vireo.in,1,3324,PL2-2510-1
VR887297,C100799,VA-EB-AIR,2026-02-08,Amazon,1,1799,AIR-2510-1
VR887547,C102118,VA-EB-AIR,2026-02-08,vireo.in,1,1799,AIR-2510-3
VR887848,C104046,VA-EB-PL1,2026-02-08,Amazon,1,2499,PL1-2512-2
VR889836,C107084,VA-EB-PL2,2026-02-08,vireo.in,1,3324,PL2-2511-3
VR890832,C108883,VA-EB-AIR,2026-02-08,Amazon,1,1529,AIR-2511-4
VR891482,C109268,VA-EB-PL2,2026-02-08,Amazon,1,3499,PL2-2511-2
VR892172,C101165,VA-SP-MINI,2026-02-08,vireo.in,1,1999,MINI-2512-2
VR894305,C105835,VA-EB-PL1,2026-02-08,vireo.in,1,2124,PL1-2511-1
VR895354,C100333,VA-EB-PL2,2026-02-08,vireo.in,1,3499,PL2-2512-4
VR895449,C101927,VA-SP-ORB,2026-02-08,vireo.in,1,4799,ORB-2601-1
VR895871,C106881,VA-EB-PL2,2026-02-08,Amazon,1,3499,PL2-2601-3
VR896157,C100330,VA-SW-FIT,2026-02-08,vireo.in,1,1799,FIT-2512-3
VR896827,C107348,VA-EB-PL2,2026-02-08,vireo.in,1,2974,PL2-2510-2
VR898848,C102817,VA-AC-CASE,2026-02-08,vireo.in,1,1104,CASE-2512-2
VR898909,C106149,VA-HP-ST3,2026-02-08,Amazon,1,6649,ST3-2512-1
VR898959,C108280,VA-EB-PL1,2026-02-08,Amazon,2,4748,PL1-2511-2
VR899967,C108110,VA-EB-PL2,2026-02-08,Flipkart,1,3499,PL2-2512-4
VR900652,C108650,VA-EB-PL2,2026-02-08,Flipkart,1,3499,PL2-2510-3
VR901699,C101662,VA-EB-PL2,2026-02-08,vireo.in,1,3149,PL2-2510-2
VR902518,C102393,VA-HP-ST3,2026-02-08,Amazon,1,6649,ST3-2601-4
VR906946,C107393,VA-EB-PL2,2026-02-08,vireo.in,1,3499,PL2-2512-1
VR906965,C101253,VA-EB-PL2,2026-02-08,vireo.in,1,3324,PL2-2601-1
VR907155,C109423,VA-EB-PL2,2026-02-08,vireo.in,1,3499,PL2-2511-1
VR907388,C108289,VA-EB-PL1,2026-02-08,Amazon,1,2124,PL1-2510-3
VR907650,C107397,VA-EB-PL1,2026-02-08,vireo.in,1,2499,PL1-2601-2
VR909035,C105051,VA-HP-ST2,2026-02-08,Amazon,2,9998,ST2-2511-1
VR883631,C107210,VA-NB-ARC,2026-02-09,vireo.in,1,1299,ARC-2601-1
VR884338,C102369,VA-EB-PL2,2026-02-09,vireo.in,1,3499,PL2-2510-4
VR887422,C105184,VA-SP-MINI,2026-02-09,vireo.in,1,2249,MINI-2601-1
VR887864,C106576,VA-EB-PL2,2026-02-09,Amazon,1,3499,PL2-2512-3
VR888220,C101549,VA-AC-CH65,2026-02-09,Flipkart,1,1349,CH65-2512-1
VR890959,C107138,VA-SW-NX2,2026-02-09,vireo.in,1,6499,NX2-2512-4
VR892117,C108313,VA-EB-PL2,2026-02-09,vireo.in,1,3324,PL2-2512-1
VR894811,C103677,VA-EB-AIR,2026-02-09,Amazon,1,1619,AIR-2511-3
VR895327,C106942,VA-SP-MINI,2026-02-09,vireo.in,1,2499,MINI-2511-2
VR897410,C101870,VA-EB-PL1,2026-02-09,vireo.in,1,2249,PL1-2512-4
VR898184,C101204,VA-EB-PL2,2026-02-09,vireo.in,1,3149,PL2-2601-3
VR898413,C105479,VA-EB-PL1,2026-02-09,vireo.in,2,3998,PL1-2510-2
VR898949,C101545,VA-HP-ST3,2026-02-09,vireo.in,1,6299,ST3-2510-2
VR899732,C103345,VA-EB-AIR,2026-02-09,vireo.in,2,3598,AIR-2512-4
VR900372,C107597,VA-EB-PL2,2026-02-09,Amazon,1,3499,PL2-2511-3
VR904335,C102887,VA-EB-PL2,2026-02-09,Amazon,1,2974,PL2-2601-4
VR904722,C108328,VA-EB-PL2,2026-02-09,Amazon,1,3149,PL2-2510-4
VR905515,C104267,VA-EB-PL2,2026-02-09,Flipkart,1,3149,PL2-2511-3
VR907065,C106390,VA-EB-PL1,2026-02-09,Flipkart,1,1999,PL1-2511-2
VR907583,C100295,VA-SW-FIT,2026-02-09,vireo.in,1,1599,FIT-2510-4
VR881173,C103015,VA-AC-CASE,2026-02-10,vireo.in,2,2468,CASE-2511-4
VR883179,C100186,VA-EB-PL2,2026-02-10,vireo.in,1,2799,PL2-2511-2
VR886851,C104924,VA-EB-AIR,2026-02-10,vireo.in,1,1799,AIR-2511-2
VR887735,C100971,VA-EB-PL2,2026-02-10,vireo.in,1,3324,PL2-2512-3
VR889084,C104838,VA-SW-NX2,2026-02-10,Amazon,2,12998,NX2-2601-2
VR890049,C107909,VA-SW-NX2,2026-02-10,vireo.in,1,5524,NX2-2511-4
VR891081,C103851,VA-EB-PL1,2026-02-10,Amazon,1,1999,PL1-2601-1
VR891341,C104581,VA-EB-PL2,2026-02-10,Amazon,1,3324,PL2-2601-4
VR891472,C105451,VA-EB-AIR,2026-02-10,Flipkart,1,1439,AIR-2512-4
VR892957,C109357,VA-EB-PL2,2026-02-10,vireo.in,1,3324,PL2-2601-3
VR893618,C108369,VA-SW-NX2,2026-02-10,vireo.in,1,6499,NX2-2511-2
VR893954,C105944,VA-SP-MINI,2026-02-10,vireo.in,2,4498,MINI-2511-4
VR894432,C108081,VA-EB-PL1,2026-02-10,Amazon,1,2499,PL1-2512-3
VR894659,C104281,VA-EB-PL2,2026-02-10,vireo.in,1,3499,PL2-2512-4
VR896120,C106468,VA-SW-NX1,2026-02-10,Flipkart,1,4499,NX1-2601-4
VR896187,C104964,VA-SW-FIT,2026-02-10,vireo.in,1,1999,FIT-2511-3
VR897643,C108470,VA-HP-ST3,2026-02-10,vireo.in,1,6999,ST3-2510-1
VR897884,C106093,VA-SP-MINI,2026-02-10,Amazon,1,2124,MINI-2511-1
VR899691,C104633,VA-SP-ORB,2026-02-10,vireo.in,1,5699,ORB-2601-1
VR899704,C108777,VA-HP-ST3,2026-02-10,Amazon,1,6299,ST3-2601-4
VR901287,C102314,VA-SW-NX2,2026-02-10,Amazon,1,6174,NX2-2601-3
VR901474,C108454,VA-NB-ARC,2026-02-10,Flipkart,1,1299,ARC-2512-1
VR903000,C107570,VA-EB-PL2,2026-02-10,Flipkart,1,2974,PL2-2601-1
VR903390,C107808,VA-EB-PL2,2026-02-10,Amazon,1,2974,PL2-2512-1
VR904171,C107571,VA-AC-CBL,2026-02-10,vireo.in,1,399,CBL-2601-3
VR905037,C108179,VA-SW-NX2,2026-02-10,vireo.in,1,5849,NX2-2512-4
VR906770,C105675,VA-EB-PL2,2026-02-10,Amazon,1,2799,PL2-2511-1
VR908114,C108958,VA-EB-PL2,2026-02-10,Flipkart,1,2799,PL2-2512-4
VR908225,C106965,VA-EB-PL1,2026-02-10,Amazon,1,2374,PL1-2512-4
VR909940,C105288,VA-EB-PL2,2026-02-10,vireo.in,1,3499,PL2-2511-4
VR882089,C101423,VA-EB-PL1,2026-02-11,Amazon,1,2499,PL1-2511-4
VR882851,C105855,VA-EB-PL1,2026-02-11,vireo.in,1,2124,PL1-2512-1
VR884964,C105541,VA-EB-PL2,2026-02-11,vireo.in,1,3324,PL2-2601-2
VR885496,C107634,VA-EB-PL2,2026-02-11,vireo.in,1,2799,PL2-2512-1
VR886460,C105663,VA-EB-PL2,2026-02-11,Flipkart,1,3324,PL2-2601-4
VR887746,C100944,VA-SP-MINI,2026-02-11,Flipkart,1,2124,MINI-2511-1
VR888516,C109382,VA-EB-PL2,2026-02-11,Flipkart,2,5948,PL2-2511-1
VR891974,C102782,VA-HP-ST3,2026-02-11,Amazon,1,5949,ST3-2511-2
VR892325,C101111,VA-HP-ST2,2026-02-11,vireo.in,1,3999,ST2-2512-4
VR893609,C105316,VA-EB-PL2,2026-02-11,Flipkart,1,3499,PL2-2511-1
VR893681,C103490,VA-AC-CBL,2026-02-11,Amazon,1,339,CBL-2512-3
VR894913,C100002,VA-EB-PL1,2026-02-11,Amazon,1,2124,PL1-2512-2
VR895604,C106696,VA-SP-MINI,2026-02-11,vireo.in,1,2499,MINI-2510-3
VR895861,C102780,VA-SP-MINI,2026-02-11,vireo.in,2,4498,MINI-2512-2
VR898323,C108126,VA-EB-PL2,2026-02-11,Flipkart,1,2974,PL2-2512-4
VR900363,C107634,VA-EB-PL2,2026-02-11,Flipkart,1,3499,PL2-2512-4
VR903201,C108083,VA-EB-PL2,2026-02-11,vireo.in,1,2974,PL2-2512-2
VR903241,C105545,VA-SP-MINI,2026-02-11,Amazon,1,2124,MINI-2512-1
VR903983,C100240,VA-SP-MINI,2026-02-11,vireo.in,1,2249,MINI-2512-2
VR904520,C107480,VA-SW-FIT,2026-02-11,vireo.in,1,1999,FIT-2511-2
VR904958,C100177,VA-AC-CASE,2026-02-11,Flipkart,1,1299,CASE-2601-2
VR906283,C101778,VA-SP-MINI,2026-02-11,Amazon,1,2499,MINI-2512-4
VR906829,C102163,VA-AC-CASE,2026-02-11,vireo.in,1,1299,CASE-2512-4
VR909696,C105206,VA-EB-PL2,2026-02-11,vireo.in,1,3499,PL2-2512-1
VR886780,C109063,VA-SW-FIT,2026-02-12,Amazon,1,1899,FIT-2601-2
VR887751,C105414,VA-AC-CASE,2026-02-12,Flipkart,1,1299,CASE-2510-4
VR892545,C104360,VA-EB-PL2,2026-02-12,Amazon,1,3324,PL2-2512-3
VR893487,C102232,VA-EB-PL1,2026-02-12,vireo.in,1,2374,PL1-2601-4
VR895171,C108327,VA-EB-PL1,2026-02-12,vireo.in,1,2499,PL1-2511-4
VR895730,C104759,VA-HP-ST3,2026-02-12,Flipkart,1,6299,ST3-2512-2
VR896674,C101732,VA-EB-PL2,2026-02-12,Flipkart,1,3499,PL2-2511-3
VR898441,C108746,VA-AC-CASE,2026-02-12,vireo.in,1,1299,CASE-2512-1
VR898832,C108882,VA-SP-MINI,2026-02-12,Amazon,1,2124,MINI-2510-2
VR899743,C104929,VA-EB-PL2,2026-02-12,Amazon,1,3324,PL2-2512-1
VR902735,C107277,VA-NB-ARC,2026-02-12,Flipkart,1,1234,ARC-2601-2
VR906267,C107082,VA-EB-PL2,2026-02-12,vireo.in,1,3499,PL2-2512-1
VR907303,C109001,VA-SW-NX1,2026-02-12,Amazon,1,4499,NX1-2511-1
VR909405,C109411,VA-EB-AIR,2026-02-12,vireo.in,1,1619,AIR-2511-1
VR881314,C105407,VA-SP-MINI,2026-02-13,vireo.in,1,1999,MINI-2510-4
VR882128,C108064,VA-SP-ORB,2026-02-13,vireo.in,1,4799,ORB-2601-2
VR885645,C100844,VA-EB-PL2,2026-02-13,vireo.in,1,2799,PL2-2512-4
VR885698,C105094,VA-EB-PL2,2026-02-13,vireo.in,1,2799,PL2-2512-2
VR886082,C102145,VA-EB-PL2,2026-02-13,vireo.in,1,2974,PL2-2512-3
VR886228,C105221,VA-HP-ST3,2026-02-13,Flipkart,1,6299,ST3-2511-1
VR887933,C100226,VA-SP-MINI,2026-02-13,vireo.in,1,2374,MINI-2601-4
VR887988,C100994,VA-AC-CBL,2026-02-13,vireo.in,1,319,CBL-2601-4
VR888111,C106920,VA-EB-PL2,2026-02-13,vireo.in,1,3324,PL2-2512-2
VR890312,C107994,VA-SW-FIT,2026-02-13,vireo.in,1,1599,FIT-2601-4
VR890913,C106730,VA-EB-PL1,2026-02-13,Flipkart,1,1999,PL1-2511-3
VR891105,C103508,VA-EB-AIR,2026-02-13,vireo.in,2,3598,AIR-2510-1
VR893702,C100557,VA-SW-FIT,2026-02-13,Flipkart,1,1999,FIT-2601-2
VR893878,C107801,VA-EB-AIR,2026-02-13,Amazon,1,1799,AIR-2512-2
VR895851,C105344,VA-SW-NX2,2026-02-13,Amazon,1,5199,NX2-2511-3
VR896809,C102425,VA-EB-PL2,2026-02-13,vireo.in,1,3324,PL2-2601-1
VR897304,C101534,VA-AC-CASE,2026-02-13,vireo.in,2,2078,CASE-2511-4
VR898060,C106223,VA-EB-PL2,2026-02-13,vireo.in,1,2974,PL2-2512-3
VR899512,C109491,VA-SP-ORB,2026-02-13,vireo.in,1,5399,ORB-2511-1
VR903853,C107819,VA-EB-PL2,2026-02-13,vireo.in,1,3499,PL2-2512-3
VR904107,C108965,VA-EB-PL2,2026-02-13,Amazon,1,2974,PL2-2512-1
VR904330,C109458,VA-HP-ST3,2026-02-13,vireo.in,1,6999,ST3-2601-1
VR904683,C103392,VA-EB-PL2,2026-02-13,Amazon,1,3499,PL2-2601-1
VR905437,C107717,VA-SP-MINI,2026-02-13,vireo.in,1,2499,MINI-2512-3
VR906238,C107028,VA-EB-PL2,2026-02-13,vireo.in,1,3499,PL2-2511-2
VR907310,C106177,VA-EB-PL1,2026-02-13,Amazon,1,2499,PL1-2510-4
VR880273,C105589,VA-SP-ORB,2026-02-14,vireo.in,1,5399,ORB-2601-2
VR880884,C104934,VA-EB-PL2,2026-02-14,Amazon,1,3324,PL2-2511-4
VR881069,C101335,VA-EB-PL1,2026-02-14,vireo.in,1,2124,PL1-2512-1
VR883603,C104626,VA-EB-PL2,2026-02-14,vireo.in,1,3324,PL2-2601-1
VR886965,C103719,VA-HP-ST3,2026-02-14,vireo.in,1,5599,ST3-2511-4
VR887097,C108399,VA-EB-PL2,2026-02-14,vireo.in,1,3149,PL2-2601-4
VR888497,C101580,VA-EB-PL2,2026-02-14,vireo.in,1,2799,PL2-2512-4
VR889468,C108699,VA-EB-PL2,2026-02-14,vireo.in,1,3499,PL2-2512-3
VR890262,C103286,VA-SW-NX1,2026-02-14,Amazon,1,4999,NX1-2511-4
VR891584,C100442,VA-EB-PL2,2026-02-14,vireo.in,2,6998,PL2-2511-3
VR891876,C103053,VA-HP-ST3,2026-02-14,Flipkart,1,5949,ST3-2601-1
VR894328,C105807,VA-EB-AIR,2026-02-14,vireo.in,1,1529,AIR-2511-3
VR895858,C103689,VA-EB-PL2,2026-02-14,vireo.in,1,3499,PL2-2511-1
VR896456,C107345,VA-EB-PL2,2026-02-14,vireo.in,1,3324,PL2-2512-3
VR897169,C104558,VA-SW-NX2,2026-02-14,Amazon,1,6499,NX2-2511-1
VR897474,C104746,VA-EB-PL2,2026-02-14,Amazon,1,3324,PL2-2511-2
VR898246,C100182,VA-EB-PL2,2026-02-14,vireo.in,1,3149,PL2-2511-2
VR899168,C104840,VA-EB-AIR,2026-02-14,vireo.in,1,1529,AIR-2512-4
VR899239,C107089,VA-SW-FIT,2026-02-14,Flipkart,1,1599,FIT-2512-4
VR901195,C106017,VA-EB-AIR,2026-02-14,vireo.in,1,1799,AIR-2601-4
VR901725,C109093,VA-AC-CASE,2026-02-14,Amazon,1,1234,CASE-2511-1
VR902027,C104846,VA-SP-MINI,2026-02-14,Amazon,1,2124,MINI-2511-2
VR902428,C108376,VA-EB-AIR,2026-02-14,Amazon,1,1709,AIR-2512-3
VR902658,C106679,VA-SW-NX2,2026-02-14,Amazon,1,6499,NX2-2511-1
VR904214,C106837,VA-EB-PL2,2026-02-14,vireo.in,1,3499,PL2-2601-4
VR905443,C100552,VA-EB-PL2,2026-02-14,vireo.in,1,2799,PL2-2511-1
VR906387,C103361,VA-EB-AIR,2026-02-14,Amazon,1,1529,AIR-2512-2
VR909520,C100157,VA-EB-PL1,2026-02-14,vireo.in,1,1999,PL1-2511-2
VR909867,C108012,VA-HP-ST3,2026-02-14,Flipkart,1,6649,ST3-2512-2
VR882688,C106668,VA-SW-NX2,2026-02-15,vireo.in,2,11048,NX2-2601-1
VR885387,C101319,VA-AC-CBL,2026-02-15,vireo.in,1,399,CBL-2601-4
VR886548,C105927,VA-EB-PL1,2026-02-15,vireo.in,1,2249,PL1-2511-4
VR888591,C105262,VA-HP-ST3,2026-02-15,vireo.in,1,6649,ST3-2601-4
VR889321,C107797,VA-EB-PL1,2026-02-15,Flipkart,2,4748,PL1-2601-4
VR891096,C104534,VA-SW-FIT,2026-02-15,vireo.in,1,1799,FIT-2601-3
VR894850,C106751,VA-SW-NX2,2026-02-15,vireo.in,1,5849,NX2-2512-1
VR898218,C104078,VA-HP-ST2,2026-02-15,vireo.in,1,4999,ST2-2511-1
VR898434,C102978,VA-EB-PL2,2026-02-15,Flipkart,2,5948,PL2-2511-2
VR900949,C109475,VA-EB-PL2,2026-02-15,Amazon,2,6998,PL2-2512-4
VR902107,C102417,VA-SW-NX2,2026-02-15,vireo.in,1,5199,NX2-2512-1
VR902225,C102185,VA-AC-CASE,2026-02-15,Amazon,1,1234,CASE-2512-1
VR902728,C106177,VA-SP-MINI,2026-02-15,vireo.in,1,2124,MINI-2512-1
VR905259,C101342,VA-EB-PL2,2026-02-15,vireo.in,1,2974,PL2-2601-2
VR907345,C108014,VA-NB-ARC,2026-02-15,vireo.in,1,1299,ARC-2512-4
VR907803,C108249,VA-SW-NX2,2026-02-15,Amazon,1,5524,NX2-2601-2
VR909655,C102768,VA-NB-ARC,2026-02-15,vireo.in,1,1234,ARC-2512-1
VR909795,C108845,VA-SW-NX1,2026-02-15,Flipkart,1,4499,NX1-2511-4
VR880508,C102232,VA-EB-PL1,2026-02-16,Amazon,1,2124,PL1-2511-4
VR881057,C100010,VA-EB-PL2,2026-02-16,Amazon,1,3324,PL2-2511-2
VR881326,C108486,VA-EB-PL2,2026-02-16,vireo.in,1,3324,PL2-2512-3
VR881444,C108513,VA-SW-NX1,2026-02-16,Amazon,1,4999,NX1-2512-1
VR881677,C101828,VA-AC-CH65,2026-02-16,vireo.in,1,1349,CH65-2512-3
VR881697,C106448,VA-SW-NX2,2026-02-16,vireo.in,1,6174,NX2-2512-1
VR881820,C108497,VA-EB-PL2,2026-02-16,Amazon,1,3149,PL2-2512-2
VR882268,C104132,VA-SP-ORB,2026-02-16,Amazon,1,4799,ORB-2511-4
VR882891,C106441,VA-SP-MINI,2026-02-16,vireo.in,1,2499,MINI-2601-3
VR886841,C101708,VA-SW-NX1,2026-02-16,Flipkart,1,4999,NX1-2601-3
VR887352,C103421,VA-SW-NX2,2026-02-16,vireo.in,1,5199,NX2-2512-2
VR890848,C100710,VA-SP-MINI,2026-02-16,vireo.in,2,4998,MINI-2601-3
VR891307,C107244,VA-EB-PL2,2026-02-16,vireo.in,1,3499,PL2-2601-4
VR893175,C101668,VA-EB-PL2,2026-02-16,Flipkart,1,2799,PL2-2511-4
VR893407,C103976,VA-SW-NX2,2026-02-16,Amazon,1,6499,NX2-2512-4
VR893612,C108961,VA-EB-PL2,2026-02-16,vireo.in,1,3324,PL2-2601-4
VR894826,C108637,VA-EB-PL2,2026-02-16,Flipkart,1,2799,PL2-2511-4
VR895204,C101947,VA-EB-PL2,2026-02-16,Amazon,1,2974,PL2-2511-2
VR896027,C101996,VA-EB-PL2,2026-02-16,Flipkart,1,3499,PL2-2512-2
VR898419,C107149,VA-EB-PL2,2026-02-16,Flipkart,1,3499,PL2-2601-3
VR899792,C107890,VA-EB-PL2,2026-02-16,vireo.in,1,3149,PL2-2512-1
VR901207,C104459,VA-EB-PL2,2026-02-16,vireo.in,1,2974,PL2-2510-3
VR901782,C106791,VA-SW-FIT,2026-02-16,vireo.in,1,1899,FIT-2511-4
VR901785,C101126,VA-SW-FIT,2026-02-16,Amazon,1,1699,FIT-2601-1
VR903518,C105318,VA-EB-PL2,2026-02-16,Amazon,1,3324,PL2-2601-1
VR906022,C105242,VA-AC-CASE,2026-02-16,vireo.in,1,1299,CASE-2601-2
VR906896,C100563,VA-EB-PL1,2026-02-16,Flipkart,1,2499,PL1-2601-2
VR907381,C105950,VA-AC-CH65,2026-02-16,Amazon,1,1499,CH65-2511-4
VR909590,C108259,VA-EB-PL2,2026-02-16,vireo.in,1,2974,PL2-2511-2
VR880551,C106998,VA-EB-PL2,2026-02-17,vireo.in,1,3499,PL2-2512-1
VR881666,C109046,VA-SP-ORB,2026-02-17,vireo.in,1,5999,ORB-2511-4
VR881867,C101210,VA-NB-ARC,2026-02-17,vireo.in,1,1169,ARC-2601-2
VR882167,C105965,VA-EB-AIR,2026-02-17,Amazon,1,1529,AIR-2511-2
VR882611,C106249,VA-AC-CASE,2026-02-17,vireo.in,1,1169,CASE-2601-1
VR883694,C105039,VA-EB-PL1,2026-02-17,vireo.in,1,1999,PL1-2512-4
VR884131,C106576,VA-EB-PL2,2026-02-17,Amazon,1,2974,PL2-2512-2
VR886025,C103181,VA-EB-PL2,2026-02-17,Amazon,1,3324,PL2-2512-2
VR886062,C107455,VA-SP-ORB,2026-02-17,vireo.in,1,5099,ORB-2512-1
VR887307,C108866,VA-EB-PL2,2026-02-17,vireo.in,1,3499,PL2-2512-2
VR887390,C104405,VA-HP-ST3,2026-02-17,Amazon,1,6999,ST3-2601-4
VR888300,C101011,VA-EB-PL1,2026-02-17,Amazon,1,2499,PL1-2512-1
VR888321,C108319,VA-HP-ST3,2026-02-17,Amazon,1,6299,ST3-2601-3
VR888763,C107911,VA-HP-ST3,2026-02-17,Amazon,1,6649,ST3-2601-3
VR888991,C107717,VA-SP-ORB,2026-02-17,vireo.in,1,5099,ORB-2511-1
VR893466,C108963,VA-EB-PL2,2026-02-17,vireo.in,1,3149,PL2-2511-3
VR893770,C103513,VA-EB-PL2,2026-02-17,vireo.in,1,3324,PL2-2512-1
VR894309,C100642,VA-EB-PL2,2026-02-17,Amazon,1,3324,PL2-2512-1
VR894662,C106292,VA-AC-CASE,2026-02-17,vireo.in,1,1169,CASE-2511-3
VR895544,C104115,VA-EB-PL2,2026-02-17,Flipkart,1,2974,PL2-2511-1
VR896048,C108674,VA-EB-PL2,2026-02-17,vireo.in,1,3149,PL2-2511-2
VR896113,C100691,VA-EB-PL2,2026-02-17,Flipkart,1,2974,PL2-2601-3
VR896291,C105629,VA-AC-CBL,2026-02-17,vireo.in,1,399,CBL-2601-4
VR896318,C105683,VA-SW-NX2,2026-02-17,Amazon,1,5849,NX2-2601-4
VR898433,C102529,VA-EB-PL2,2026-02-17,vireo.in,1,2799,PL2-2601-1
VR899023,C106897,VA-EB-PL2,2026-02-17,vireo.in,2,6298,PL2-2510-4
VR899080,C103211,VA-EB-PL2,2026-02-17,vireo.in,1,2974,PL2-2512-4
VR902118,C101075,VA-EB-PL2,2026-02-17,vireo.in,1,3499,PL2-2511-4
VR903749,C106485,VA-EB-PL2,2026-02-17,Flipkart,1,3149,PL2-2512-2
VR903914,C107843,VA-SW-NX2,2026-02-17,Amazon,1,5199,NX2-2511-3
VR904112,C106193,VA-EB-PL2,2026-02-17,vireo.in,1,3499,PL2-2512-2
VR906077,C105675,VA-EB-PL2,2026-02-17,vireo.in,1,3499,PL2-2512-1
VR907819,C105624,VA-EB-PL2,2026-02-17,Amazon,1,3499,PL2-2601-2
VR881474,C107674,VA-HP-ST3,2026-02-18,Amazon,1,6999,ST3-2601-1
VR881525,C100265,VA-SW-NX2,2026-02-18,Amazon,2,11048,NX2-2512-1
VR885989,C108969,VA-EB-AIR,2026-02-18,vireo.in,1,1619,AIR-2512-3
VR887244,C104815,VA-EB-AIR,2026-02-18,vireo.in,1,1709,AIR-2512-4
VR887572,C105922,VA-AC-CH65,2026-02-18,Amazon,1,1274,CH65-2511-2
VR889063,C106238,VA-EB-PL2,2026-02-18,Amazon,1,3499,PL2-2511-3
VR889555,C104559,VA-AC-CASE,2026-02-18,Flipkart,2,2468,CASE-2601-2
VR889941,C102234,VA-SW-NX2,2026-02-18,Flipkart,1,6499,NX2-2512-3
VR892690,C107996,VA-EB-PL2,2026-02-18,Amazon,1,3149,PL2-2601-4
VR892967,C102490,VA-EB-PL2,2026-02-18,Flipkart,1,3324,PL2-2512-2
VR894183,C106018,VA-SP-MINI,2026-02-18,Amazon,1,2374,MINI-2511-2
VR895007,C105540,VA-EB-PL2,2026-02-18,vireo.in,1,3499,PL2-2512-1
VR897038,C103261,VA-EB-AIR,2026-02-18,Amazon,1,1799,AIR-2511-1
VR897447,C100293,VA-EB-AIR,2026-02-18,vireo.in,1,1799,AIR-2511-4
VR898625,C106044,VA-EB-AIR,2026-02-18,vireo.in,1,1799,AIR-2512-2
VR898714,C101177,VA-EB-PL2,2026-02-18,vireo.in,1,3149,PL2-2601-4
VR899927,C109149,VA-EB-PL2,2026-02-18,Amazon,1,2974,PL2-2512-2
VR901027,C100355,VA-EB-AIR,2026-02-18,vireo.in,1,1619,AIR-2601-3
VR903172,C108214,VA-EB-PL2,2026-02-18,vireo.in,1,3499,PL2-2601-2
VR903661,C105401,VA-EB-PL1,2026-02-18,Amazon,2,4998,PL1-2511-4
VR907749,C101144,VA-EB-PL1,2026-02-18,vireo.in,1,2124,PL1-2601-1
VR909729,C103847,VA-SW-NX2,2026-02-18,Flipkart,1,6174,NX2-2601-2
VR880908,C105325,VA-EB-PL2,2026-02-19,vireo.in,1,3499,PL2-2511-4
VR880953,C101190,VA-SW-NX2,2026-02-19,Amazon,1,5849,NX2-2601-2
VR882079,C108919,VA-EB-PL2,2026-02-19,Flipkart,1,3149,PL2-2511-4
VR883827,C103344,VA-NB-ARC,2026-02-19,vireo.in,1,1234,ARC-2511-2
VR884085,C106423,VA-NB-ARC,2026-02-19,Amazon,1,1169,ARC-2601-1
VR884124,C104463,VA-NB-ARC,2026-02-19,Amazon,1,1299,ARC-2601-3
VR885677,C104646,VA-EB-PL2,2026-02-19,Amazon,1,3149,PL2-2511-2
VR892681,C102859,VA-SW-NX1,2026-02-19,Amazon,1,4999,NX1-2601-2
VR896265,C102163,VA-SW-NX1,2026-02-19,Amazon,1,4749,NX1-2512-1
VR897753,C101856,VA-EB-PL2,2026-02-19,vireo.in,1,3499,PL2-2601-3
VR897902,C104037,VA-EB-AIR,2026-02-19,Flipkart,1,1799,AIR-2512-1
VR899294,C107749,VA-EB-PL2,2026-02-19,Flipkart,2,6998,PL2-2601-4
VR902345,C108193,VA-EB-PL2,2026-02-19,Amazon,1,2799,PL2-2601-4
VR902487,C103098,VA-SP-MINI,2026-02-19,vireo.in,2,3998,MINI-2511-2
VR903340,C109047,VA-SW-NX2,2026-02-19,vireo.in,1,5524,NX2-2512-3
VR903343,C107509,VA-EB-PL2,2026-02-19,vireo.in,1,3499,PL2-2601-3
VR904452,C104487,VA-EB-PL2,2026-02-19,vireo.in,1,3149,PL2-2601-4
VR906286,C103509,VA-AC-CASE,2026-02-19,Flipkart,1,1104,CASE-2512-4
VR906331,C103929,VA-EB-AIR,2026-02-19,Amazon,1,1439,AIR-2512-3
VR906766,C108562,VA-EB-PL2,2026-02-19,Flipkart,1,3149,PL2-2511-3
VR908603,C108221,VA-EB-PL2,2026-02-19,vireo.in,1,2974,PL2-2512-3
VR908906,C106691,VA-HP-ST3,2026-02-19,Amazon,1,6999,ST3-2511-3
VR909384,C104696,VA-EB-PL2,2026-02-19,Flipkart,1,3149,PL2-2512-2
VR880393,C109067,VA-EB-PL2,2026-02-20,Amazon,1,3499,PL2-2601-1
VR881048,C106290,VA-EB-PL2,2026-02-20,Amazon,1,2974,PL2-2601-2
VR882683,C106621,VA-SP-MINI,2026-02-20,vireo.in,1,2499,MINI-2512-1
VR883995,C105442,VA-EB-PL2,2026-02-20,vireo.in,1,3499,PL2-2512-4
VR884809,C106605,VA-EB-PL1,2026-02-20,vireo.in,1,2499,PL1-2601-3
VR885870,C104604,VA-EB-AIR,2026-02-20,vireo.in,1,1799,AIR-2511-2
VR886920,C101422,VA-EB-PL2,2026-02-20,Flipkart,1,3149,PL2-2601-2
VR887046,C102108,VA-NB-ARC,2026-02-20,vireo.in,1,1039,ARC-2601-1
VR887607,C103997,VA-SW-NX1,2026-02-20,vireo.in,1,4999,NX1-2512-4
VR889663,C100949,VA-EB-PL2,2026-02-20,vireo.in,1,3499,PL2-2601-2
VR889946,C104360,VA-EB-PL1,2026-02-20,vireo.in,1,2249,PL1-2511-3
VR889993,C105751,VA-SP-MINI,2026-02-20,vireo.in,1,2249,MINI-2601-2
VR891827,C108073,VA-EB-PL2,2026-02-20,vireo.in,1,3149,PL2-2601-2
VR892379,C109196,VA-SP-MINI,2026-02-20,vireo.in,1,2124,MINI-2512-3
VR892462,C101165,VA-EB-PL2,2026-02-20,Amazon,1,3149,PL2-2601-4
VR892468,C101641,VA-HP-ST3,2026-02-20,vireo.in,1,5599,ST3-2512-2
VR892488,C105826,VA-EB-PL2,2026-02-20,vireo.in,1,3324,PL2-2511-4
VR893501,C100103,VA-HP-ST3,2026-02-20,vireo.in,1,6999,ST3-2601-3
VR895466,C100759,VA-EB-PL2,2026-02-20,vireo.in,1,3149,PL2-2511-2
VR896593,C100485,VA-EB-AIR,2026-02-20,vireo.in,1,1799,AIR-2601-3
VR896881,C106239,VA-EB-PL2,2026-02-20,vireo.in,1,2974,PL2-2511-4
VR898824,C108796,VA-EB-PL2,2026-02-20,Amazon,1,3499,PL2-2512-1
VR899361,C102859,VA-EB-PL2,2026-02-20,Flipkart,1,2974,PL2-2512-3
VR899749,C104194,VA-SW-NX1,2026-02-20,Amazon,1,4999,NX1-2512-4
VR900068,C104557,VA-EB-PL2,2026-02-20,Amazon,1,3499,PL2-2512-4
VR900441,C101657,VA-AC-CASE,2026-02-20,vireo.in,1,1299,CASE-2601-3
VR902282,C103115,VA-EB-PL2,2026-02-20,vireo.in,1,3499,PL2-2512-4
VR902297,C100587,VA-EB-PL2,2026-02-20,Flipkart,1,2799,PL2-2511-4
VR902947,C107053,VA-HP-ST3,2026-02-20,vireo.in,1,6649,ST3-2511-1
VR903395,C107425,VA-EB-PL2,2026-02-20,Amazon,1,3149,PL2-2512-1
VR906440,C108807,VA-EB-PL2,2026-02-20,Flipkart,1,2799,PL2-2601-2
VR906673,C107195,VA-EB-PL1,2026-02-20,vireo.in,1,2249,PL1-2512-2
VR907671,C101424,VA-SP-MINI,2026-02-20,vireo.in,2,3998,MINI-2601-3
VR909838,C105680,VA-SP-MINI,2026-02-20,vireo.in,1,2499,MINI-2512-2
VR880871,C109254,VA-HP-ST2,2026-02-21,vireo.in,1,3999,ST2-2511-1
VR880891,C109024,VA-EB-PL2,2026-02-21,vireo.in,1,3499,PL2-2601-4
VR881086,C108391,VA-NB-ARC,2026-02-21,vireo.in,1,1234,ARC-2511-3
VR881091,C100312,VA-AC-CASE,2026-02-21,Amazon,1,1299,CASE-2601-2
VR881852,C107019,VA-EB-PL2,2026-02-21,vireo.in,1,3499,PL2-2511-1
VR885955,C102343,VA-EB-PL2,2026-02-21,Amazon,1,3499,PL2-2511-3
VR888709,C102891,VA-EB-PL2,2026-02-21,Flipkart,1,3499,PL2-2511-3
VR891418,C101048,VA-EB-PL1,2026-02-21,vireo.in,1,1999,PL1-2511-1
VR891591,C106421,VA-SW-FIT,2026-02-21,Flipkart,1,1999,FIT-2512-2
VR892003,C104935,VA-EB-PL2,2026-02-21,Amazon,1,2974,PL2-2511-3
VR893148,C101845,VA-SW-NX2,2026-02-21,Flipkart,1,6174,NX2-2512-3
VR893826,C105074,VA-EB-PL2,2026-02-21,Amazon,1,2799,PL2-2601-3
VR893838,C102179,VA-EB-PL2,2026-02-21,vireo.in,1,3499,PL2-2601-3
VR893944,C104732,VA-EB-PL2,2026-02-21,vireo.in,2,5598,PL2-2512-2
VR894801,C101898,VA-EB-PL1,2026-02-21,Flipkart,1,2499,PL1-2512-1
VR895243,C108520,VA-EB-PL2,2026-02-21,vireo.in,1,3499,PL2-2511-3
VR895641,C100506,VA-SW-NX2,2026-02-21,vireo.in,1,6174,NX2-2601-2
VR895757,C107217,VA-EB-PL2,2026-02-21,vireo.in,1,3149,PL2-2601-4
VR898044,C106258,VA-EB-PL1,2026-02-21,Amazon,1,2499,PL1-2511-4
VR898991,C100189,VA-SW-NX2,2026-02-21,vireo.in,1,6499,NX2-2512-2
VR899541,C107415,VA-EB-PL2,2026-02-21,Amazon,1,3499,PL2-2511-1
VR899552,C100698,VA-EB-PL2,2026-02-21,vireo.in,1,3499,PL2-2512-3
VR899557,C105467,VA-EB-PL2,2026-02-21,vireo.in,1,2974,PL2-2511-2
VR899838,C105185,VA-SW-NX2,2026-02-21,Flipkart,1,5199,NX2-2511-3
VR902097,C100724,VA-SP-ORB,2026-02-21,vireo.in,1,5999,ORB-2601-3
VR902149,C101712,VA-SW-NX2,2026-02-21,Amazon,1,6499,NX2-2601-3
VR903076,C108157,VA-EB-AIR,2026-02-21,vireo.in,1,1799,AIR-2512-3
VR903454,C106254,VA-SP-MINI,2026-02-21,vireo.in,1,1999,MINI-2601-3
VR905711,C101213,VA-SW-FIT,2026-02-21,vireo.in,1,1799,FIT-2601-2
VR905725,C108087,VA-EB-PL2,2026-02-21,Amazon,1,3499,PL2-2512-4
VR906365,C109197,VA-SW-NX2,2026-02-21,vireo.in,1,5524,NX2-2511-1
VR906706,C103834,VA-EB-PL2,2026-02-21,Amazon,2,6998,PL2-2511-4
VR907792,C102510,VA-EB-PL2,2026-02-21,vireo.in,1,3499,PL2-2512-4
VR908692,C109104,VA-EB-PL2,2026-02-21,vireo.in,1,3324,PL2-2511-3
VR909848,C102005,VA-EB-PL2,2026-02-21,vireo.in,1,2974,PL2-2512-3
VR880231,C106402,VA-HP-ST3,2026-02-22,vireo.in,1,6999,ST3-2511-3
VR880604,C100077,VA-SP-MINI,2026-02-22,vireo.in,1,1999,MINI-2511-4
VR882874,C100499,VA-EB-PL1,2026-02-22,vireo.in,1,2374,PL1-2512-3
VR883754,C103430,VA-SP-MINI,2026-02-22,vireo.in,1,2374,MINI-2601-2
VR884681,C105967,VA-SW-FIT,2026-02-22,vireo.in,1,1999,FIT-2512-4
VR885934,C101733,VA-EB-PL2,2026-02-22,vireo.in,1,2799,PL2-2512-1
VR886015,C104925,VA-SP-ORB,2026-02-22,Amazon,1,4799,ORB-2511-1
VR886888,C100997,VA-EB-PL2,2026-02-22,vireo.in,1,2799,PL2-2601-2
VR886939,C107126,VA-EB-PL2,2026-02-22,Amazon,1,3499,PL2-2601-2
VR888210,C108405,VA-SW-FIT,2026-02-22,Amazon,1,1899,FIT-2512-2
VR889189,C102399,VA-EB-PL2,2026-02-22,vireo.in,1,2974,PL2-2511-3
VR889578,C101249,VA-EB-PL2,2026-02-22,vireo.in,1,3324,PL2-2511-1
VR891321,C102281,VA-SW-NX2,2026-02-22,Flipkart,1,6499,NX2-2512-3
VR894322,C107543,VA-SP-ORB,2026-02-22,vireo.in,1,5699,ORB-2511-2
VR894733,C109272,VA-EB-PL2,2026-02-22,vireo.in,2,6298,PL2-2511-1
VR894934,C104557,VA-HP-ST3,2026-02-22,vireo.in,1,6999,ST3-2601-3
VR896182,C104614,VA-SW-NX2,2026-02-22,Flipkart,1,6174,NX2-2511-4
VR896209,C107858,VA-EB-PL2,2026-02-22,vireo.in,1,3499,PL2-2601-2
VR896520,C103676,VA-EB-PL2,2026-02-22,vireo.in,1,3499,PL2-2601-2
VR900716,C108334,VA-SW-NX1,2026-02-22,vireo.in,1,4749,NX1-2511-4
VR901551,C102769,VA-EB-PL2,2026-02-22,Amazon,1,3499,PL2-2602-3
VR903147,C103010,VA-EB-PL1,2026-02-22,vireo.in,1,2374,PL1-2512-1
VR905745,C106306,VA-EB-PL1,2026-02-22,Flipkart,1,2124,PL1-2601-4
VR907531,C106402,VA-EB-PL1,2026-02-22,vireo.in,1,2499,PL1-2511-2
VR907676,C101850,VA-SP-MINI,2026-02-22,Amazon,1,2499,MINI-2601-3
VR908388,C109236,VA-SW-NX2,2026-02-22,Amazon,1,5524,NX2-2512-3
VR909421,C108458,VA-AC-CASE,2026-02-22,vireo.in,1,1039,CASE-2601-4
VR880235,C108865,VA-EB-PL2,2026-02-23,vireo.in,1,3499,PL2-2511-3
VR880704,C104648,VA-SW-NX2,2026-02-23,Amazon,1,6499,NX2-2511-1
VR881084,C107820,VA-EB-AIR,2026-02-23,Amazon,2,3238,AIR-2512-3
VR883967,C105084,VA-EB-PL2,2026-02-23,Flipkart,1,3499,PL2-2602-4
VR884542,C105260,VA-EB-PL1,2026-02-23,vireo.in,1,2499,PL1-2511-1
VR885181,C106866,VA-EB-PL2,2026-02-23,vireo.in,1,3499,PL2-2512-3
VR885556,C108809,VA-AC-CBL,2026-02-23,vireo.in,1,339,CBL-2511-3
VR886535,C102550,VA-SP-MINI,2026-02-23,vireo.in,1,1999,MINI-2602-1
VR888968,C107295,VA-EB-PL2,2026-02-23,Flipkart,1,2799,PL2-2601-1
VR889072,C101440,VA-SP-MINI,2026-02-23,Flipkart,1,2499,MINI-2601-3
VR890449,C106897,VA-EB-PL2,2026-02-23,vireo.in,1,3499,PL2-2511-4
VR890668,C102754,VA-EB-AIR,2026-02-23,vireo.in,2,2878,AIR-2512-4
VR891449,C103299,VA-SW-NX2,2026-02-23,Amazon,1,5849,NX2-2511-2
VR893289,C104380,VA-EB-PL2,2026-02-23,vireo.in,1,3324,PL2-2512-3
VR896617,C103729,VA-EB-PL1,2026-02-23,Amazon,1,2499,PL1-2601-2
VR896859,C106927,VA-EB-PL2,2026-02-23,vireo.in,1,3499,PL2-2512-4
VR899837,C103151,VA-EB-PL2,2026-02-23,Flipkart,1,2799,PL2-2512-1
VR900052,C101356,VA-SW-FIT,2026-02-23,Amazon,1,1999,FIT-2512-3
VR906358,C102060,VA-HP-ST2,2026-02-23,Amazon,1,4499,ST2-2512-1
VR907753,C105604,VA-SW-FIT,2026-02-23,Amazon,1,1999,FIT-2511-4
VR908534,C107781,VA-SW-NX2,2026-02-23,vireo.in,1,6499,NX2-2511-4
VR908849,C101458,VA-EB-PL2,2026-02-23,vireo.in,1,3324,PL2-2602-1
VR880246,C103374,VA-SP-ORB,2026-02-24,Flipkart,1,5999,ORB-2511-2
VR880452,C106466,VA-SW-NX1,2026-02-24,Flipkart,1,4499,NX1-2512-1
VR880752,C104129,VA-EB-PL1,2026-02-24,vireo.in,1,2249,PL1-2601-1
VR883156,C108453,VA-SW-NX2,2026-02-24,vireo.in,1,5199,NX2-2601-4
VR884203,C106127,VA-EB-PL2,2026-02-24,vireo.in,1,3324,PL2-2512-3
VR884272,C106404,VA-SW-NX2,2026-02-24,vireo.in,1,6499,NX2-2601-2
VR886654,C100679,VA-EB-PL2,2026-02-24,Amazon,1,3499,PL2-2511-2
VR888114,C100313,VA-EB-PL1,2026-02-24,Amazon,1,1999,PL1-2511-4
VR888931,C104749,VA-EB-PL2,2026-02-24,vireo.in,2,6998,PL2-2601-3
VR888948,C104068,VA-EB-AIR,2026-02-24,vireo.in,1,1709,AIR-2512-2
VR889252,C101455,VA-SW-NX2,2026-02-24,Amazon,2,12348,NX2-2511-4
VR889779,C108080,VA-SP-ORB,2026-02-24,Flipkart,2,11998,ORB-2601-3
VR892480,C104210,VA-SW-NX2,2026-02-24,vireo.in,1,6499,NX2-2601-2
VR892502,C104691,VA-EB-PL2,2026-02-24,Amazon,1,3324,PL2-2601-3
VR894116,C102246,VA-SP-MINI,2026-02-24,Amazon,1,2499,MINI-2512-2
VR896439,C102235,VA-EB-PL2,2026-02-24,vireo.in,1,3499,PL2-2512-3
VR897914,C100817,VA-EB-PL2,2026-02-24,vireo.in,1,3499,PL2-2511-1
VR898877,C107936,VA-EB-PL2,2026-02-24,vireo.in,1,3499,PL2-2511-3
VR899441,C101709,VA-EB-PL2,2026-02-24,vireo.in,1,3324,PL2-2601-4
VR901381,C102552,VA-SW-FIT,2026-02-24,Flipkart,1,1799,FIT-2601-4
VR904273,C101077,VA-EB-PL1,2026-02-24,vireo.in,1,2374,PL1-2511-3
VR904426,C105160,VA-EB-PL1,2026-02-24,vireo.in,1,1999,PL1-2601-1
VR904589,C101962,VA-EB-PL2,2026-02-24,vireo.in,1,3499,PL2-2512-2
VR905135,C103007,VA-EB-PL2,2026-02-24,Flipkart,1,2799,PL2-2511-3
VR905239,C102654,VA-EB-PL1,2026-02-24,vireo.in,1,2374,PL1-2601-3
VR906195,C102935,VA-HP-ST3,2026-02-24,Amazon,1,6649,ST3-2512-1
VR906665,C101505,VA-SW-NX2,2026-02-24,vireo.in,1,6174,NX2-2512-1
VR909176,C105199,VA-EB-PL2,2026-02-24,Amazon,1,3499,PL2-2512-3
VR909823,C105116,VA-HP-ST3,2026-02-24,Amazon,1,6299,ST3-2512-3
VR880781,C100580,VA-SW-NX1,2026-02-25,vireo.in,1,4999,NX1-2511-1
VR881643,C101834,VA-EB-PL2,2026-02-25,vireo.in,1,2974,PL2-2601-2
VR882324,C101142,VA-AC-CH65,2026-02-25,Amazon,1,1424,CH65-2601-2
VR884436,C107071,VA-EB-PL1,2026-02-25,Amazon,1,2499,PL1-2512-2
VR884679,C101594,VA-HP-ST3,2026-02-25,Flipkart,1,5599,ST3-2511-4
VR886362,C105385,VA-EB-PL2,2026-02-25,vireo.in,1,3499,PL2-2512-3
VR887057,C105520,VA-EB-PL1,2026-02-25,vireo.in,1,2374,PL1-2511-3
VR887461,C105813,VA-EB-PL2,2026-02-25,vireo.in,1,2799,PL2-2601-1
VR888090,C101499,VA-EB-PL1,2026-02-25,Flipkart,1,2374,PL1-2512-1
VR888627,C108746,VA-EB-PL1,2026-02-25,vireo.in,1,2249,PL1-2601-3
VR891475,C109176,VA-EB-PL2,2026-02-25,Amazon,1,3499,PL2-2512-3
VR892272,C105672,VA-SP-ORB,2026-02-25,Amazon,1,5999,ORB-2511-3
VR892372,C103639,VA-EB-PL2,2026-02-25,Amazon,1,2974,PL2-2512-2
VR892840,C105849,VA-EB-PL2,2026-02-25,Amazon,2,6298,PL2-2511-4
VR894448,C100261,VA-EB-PL2,2026-02-25,Amazon,1,3324,PL2-2601-3
VR895951,C107191,VA-SW-FIT,2026-02-25,vireo.in,1,1699,FIT-2511-2
VR896363,C109483,VA-SP-MINI,2026-02-25,vireo.in,1,2499,MINI-2511-1
VR897023,C100152,VA-EB-PL2,2026-02-25,vireo.in,1,3149,PL2-2512-2
VR897255,C102187,VA-EB-PL2,2026-02-25,Amazon,1,3149,PL2-2511-4
VR897276,C109310,VA-SW-NX2,2026-02-25,Amazon,1,5524,NX2-2512-1
VR898542,C108882,VA-SW-FIT,2026-02-25,Amazon,1,1899,FIT-2601-4
VR898638,C101617,VA-AC-CASE,2026-02-25,Amazon,1,1104,CASE-2511-1
VR899850,C102844,VA-EB-PL2,2026-02-25,vireo.in,1,2799,PL2-2601-1
VR900369,C107017,VA-SW-NX2,2026-02-25,vireo.in,1,5199,NX2-2601-2
VR900416,C108113,VA-EB-PL1,2026-02-25,vireo.in,1,2249,PL1-2601-1
VR901621,C104093,VA-EB-PL1,2026-02-25,vireo.in,1,2499,PL1-2602-1
VR903745,C102993,VA-EB-AIR,2026-02-25,vireo.in,1,1439,AIR-2602-3
VR904995,C101335,VA-EB-PL2,2026-02-25,vireo.in,1,3499,PL2-2512-2
VR906072,C105919,VA-EB-PL2,2026-02-25,vireo.in,1,2974,PL2-2511-2
VR909987,C106312,VA-HP-ST3,2026-02-25,vireo.in,1,5599,ST3-2512-2
VR880316,C106490,VA-AC-CASE,2026-02-26,Amazon,1,1299,CASE-2511-1
VR880626,C104564,VA-SW-NX2,2026-02-26,Amazon,1,6499,NX2-2601-3
VR880928,C101037,VA-EB-PL1,2026-02-26,vireo.in,1,2499,PL1-2601-1
VR881343,C103717,VA-AC-CH65,2026-02-26,vireo.in,1,1199,CH65-2601-4
VR881672,C108821,VA-EB-PL2,2026-02-26,vireo.in,1,2799,PL2-2511-4
VR882029,C103681,VA-EB-PL2,2026-02-26,vireo.in,1,3499,PL2-2601-3
VR882920,C104717,VA-SP-MINI,2026-02-26,vireo.in,1,2124,MINI-2512-4
VR884461,C100190,VA-EB-AIR,2026-02-26,Amazon,1,1799,AIR-2511-3
VR885166,C109012,VA-SW-NX2,2026-02-26,vireo.in,1,6499,NX2-2601-3
VR885258,C101664,VA-EB-PL2,2026-02-26,vireo.in,1,2799,PL2-2601-4
VR886073,C102873,VA-EB-PL2,2026-02-26,Amazon,1,3149,PL2-2511-1
VR886928,C106069,VA-AC-CH65,2026-02-26,vireo.in,1,1274,CH65-2512-4
VR888086,C107740,VA-HP-ST3,2026-02-26,vireo.in,1,6999,ST3-2511-2
VR891655,C104764,VA-EB-PL2,2026-02-26,vireo.in,1,2799,PL2-2511-3
VR892961,C100173,VA-EB-PL1,2026-02-26,vireo.in,1,2124,PL1-2512-4
VR893259,C105661,VA-EB-PL1,2026-02-26,vireo.in,1,2499,PL1-2601-2
VR895264,C103725,VA-EB-PL2,2026-02-26,Flipkart,1,3149,PL2-2512-4
VR895611,C103072,VA-SP-MINI,2026-02-26,Amazon,1,2249,MINI-2512-2
VR895835,C103756,VA-SP-MINI,2026-02-26,Flipkart,1,2374,MINI-2512-2
VR897771,C103976,VA-EB-PL2,2026-02-26,Flipkart,2,6998,PL2-2602-2
VR898165,C106934,VA-EB-PL2,2026-02-26,vireo.in,1,3324,PL2-2512-3
VR899771,C104517,VA-EB-AIR,2026-02-26,Amazon,2,2878,AIR-2511-4
VR900535,C104355,VA-EB-PL2,2026-02-26,vireo.in,2,6298,PL2-2601-4
VR902229,C109392,VA-SP-MINI,2026-02-26,Flipkart,1,2124,MINI-2602-1
VR902986,C106997,VA-EB-PL2,2026-02-26,vireo.in,1,3324,PL2-2512-1
VR904747,C101205,VA-HP-ST2,2026-02-26,vireo.in,1,4749,ST2-2511-4
VR905802,C109211,VA-EB-PL2,2026-02-26,vireo.in,1,3499,PL2-2511-2
VR907291,C103642,VA-EB-PL2,2026-02-26,vireo.in,1,3149,PL2-2512-3
VR908239,C108533,VA-SW-FIT,2026-02-26,vireo.in,1,1799,FIT-2511-3
VR909388,C101405,VA-SW-FIT,2026-02-26,Amazon,1,1999,FIT-2512-1
VR881841,C101183,VA-EB-PL2,2026-02-27,vireo.in,1,2974,PL2-2601-4
VR882397,C100671,VA-EB-PL2,2026-02-27,Amazon,1,2799,PL2-2512-1
VR884506,C108881,VA-SP-MINI,2026-02-27,vireo.in,1,2499,MINI-2511-4
VR885334,C105700,VA-EB-PL2,2026-02-27,vireo.in,1,3499,PL2-2601-4
VR886230,C107738,VA-EB-PL2,2026-02-27,vireo.in,2,6998,PL2-2601-1
VR889759,C101700,VA-SP-MINI,2026-02-27,vireo.in,1,2499,MINI-2512-4
VR889871,C101021,VA-EB-PL2,2026-02-27,vireo.in,1,3499,PL2-2601-1
VR892077,C105502,VA-EB-PL2,2026-02-27,Amazon,1,2799,PL2-2601-3
VR892279,C102981,VA-NB-ARC,2026-02-27,Amazon,1,1299,ARC-2511-4
VR892860,C106495,VA-EB-PL2,2026-02-27,Flipkart,1,3499,PL2-2601-2
VR893295,C100064,VA-SW-NX2,2026-02-27,Amazon,1,6174,NX2-2512-4
VR893316,C104578,VA-SP-ORB,2026-02-27,vireo.in,1,5999,ORB-2512-2
VR894515,C109439,VA-EB-PL2,2026-02-27,Amazon,2,5598,PL2-2512-2
VR895370,C105014,VA-EB-PL2,2026-02-27,Amazon,1,2974,PL2-2512-1
VR896145,C105552,VA-EB-PL2,2026-02-27,Amazon,1,3149,PL2-2512-4
VR896407,C103003,VA-NB-ARC,2026-02-27,Flipkart,1,1234,ARC-2511-2
VR897292,C101287,VA-EB-PL1,2026-02-27,vireo.in,1,2499,PL1-2602-3
VR898389,C104147,VA-SW-FIT,2026-02-27,vireo.in,2,3198,FIT-2512-1
VR898821,C109037,VA-EB-PL2,2026-02-27,Amazon,1,2974,PL2-2511-1
VR900261,C103630,VA-EB-AIR,2026-02-27,Flipkart,1,1799,AIR-2512-1
VR900350,C107149,VA-EB-AIR,2026-02-27,vireo.in,1,1799,AIR-2511-4
VR900374,C105987,VA-EB-PL1,2026-02-27,vireo.in,1,1999,PL1-2511-2
VR900572,C104416,VA-SP-MINI,2026-02-27,Flipkart,1,2374,MINI-2512-2
VR900892,C100985,VA-EB-PL2,2026-02-27,Amazon,1,3499,PL2-2511-1
VR901742,C108729,VA-SW-NX2,2026-02-27,vireo.in,1,5524,NX2-2512-1
VR902956,C105097,VA-EB-PL2,2026-02-27,vireo.in,2,6998,PL2-2512-3
VR903080,C104223,VA-EB-PL2,2026-02-27,Amazon,2,5598,PL2-2601-1
VR905870,C106771,VA-SP-MINI,2026-02-27,vireo.in,1,2124,MINI-2512-2
VR906148,C102393,VA-SP-MINI,2026-02-27,Amazon,1,2499,MINI-2511-4
VR908494,C104632,VA-EB-AIR,2026-02-27,vireo.in,1,1709,AIR-2601-2
VR880365,C106960,VA-SP-MINI,2026-02-28,vireo.in,1,2499,MINI-2512-4
VR880440,C105124,VA-EB-AIR,2026-02-28,Flipkart,1,1709,AIR-2511-3
VR881073,C106812,VA-SW-FIT,2026-02-28,vireo.in,2,3998,FIT-2512-1
VR882246,C105151,VA-EB-PL1,2026-02-28,vireo.in,1,2499,PL1-2602-2
VR882591,C107336,VA-EB-AIR,2026-02-28,vireo.in,1,1709,AIR-2512-3
VR883035,C108479,VA-SP-MINI,2026-02-28,Flipkart,1,2499,MINI-2511-4
VR883362,C107348,VA-EB-PL2,2026-02-28,vireo.in,1,3499,PL2-2512-2
VR883449,C104777,VA-AC-CBL,2026-02-28,vireo.in,1,359,CBL-2511-3
VR884157,C105811,VA-EB-PL2,2026-02-28,vireo.in,1,3499,PL2-2511-2
VR885434,C102378,VA-SP-MINI,2026-02-28,vireo.in,1,2124,MINI-2511-4
VR886079,C106059,VA-EB-AIR,2026-02-28,Amazon,1,1799,AIR-2512-2
VR887003,C105077,VA-EB-PL2,2026-02-28,vireo.in,1,3499,PL2-2511-4
VR887156,C107618,VA-EB-AIR,2026-02-28,Flipkart,1,1439,AIR-2511-4
VR887415,C103709,VA-SP-MINI,2026-02-28,Amazon,1,2499,MINI-2511-4
VR888007,C108157,VA-SW-NX2,2026-02-28,vireo.in,2,12998,NX2-2512-2
VR888237,C108938,VA-EB-PL2,2026-02-28,Amazon,1,3324,PL2-2601-1
VR889953,C109305,VA-EB-PL2,2026-02-28,vireo.in,1,3324,PL2-2511-3
VR890797,C106866,VA-HP-ST2,2026-02-28,vireo.in,1,4999,ST2-2512-4
VR891183,C104045,VA-EB-PL2,2026-02-28,Amazon,1,2799,PL2-2511-4
VR891600,C101634,VA-SW-FIT,2026-02-28,Amazon,1,1999,FIT-2511-1
VR891848,C105608,VA-EB-AIR,2026-02-28,vireo.in,1,1799,AIR-2512-1
VR892358,C108839,VA-EB-PL2,2026-02-28,vireo.in,1,3499,PL2-2512-3
VR893498,C106494,VA-EB-PL1,2026-02-28,vireo.in,1,2249,PL1-2601-2
VR894835,C103525,VA-EB-PL2,2026-02-28,Amazon,1,3499,PL2-2602-1
VR894936,C106808,VA-EB-PL1,2026-02-28,Amazon,1,2374,PL1-2602-1
VR897030,C101746,VA-EB-AIR,2026-02-28,Amazon,1,1799,AIR-2511-4
VR897089,C106977,VA-EB-PL2,2026-02-28,Flipkart,1,3149,PL2-2511-2
VR899668,C107272,VA-EB-PL2,2026-02-28,Amazon,1,3499,PL2-2512-2
VR902074,C103200,VA-EB-PL2,2026-02-28,vireo.in,1,2799,PL2-2601-2
VR903132,C100103,VA-SP-MINI,2026-02-28,vireo.in,1,2249,MINI-2601-4
VR903208,C106779,VA-SP-MINI,2026-02-28,vireo.in,1,1999,MINI-2602-1
VR903728,C102133,VA-SW-NX1,2026-02-28,vireo.in,1,4999,NX1-2511-4
VR903828,C102691,VA-EB-PL2,2026-02-28,vireo.in,1,3324,PL2-2512-2
VR906412,C108303,VA-EB-PL1,2026-02-28,vireo.in,1,2499,PL1-2602-2
VR907455,C100180,VA-EB-PL1,2026-02-28,Amazon,1,1999,PL1-2511-4
VR907675,C103706,VA-EB-PL2,2026-02-28,Flipkart,1,2799,PL2-2601-1
VR907841,C101682,VA-SW-FIT,2026-02-28,vireo.in,1,1999,FIT-2601-2
VR908055,C106742,VA-SP-MINI,2026-02-28,Amazon,1,2374,MINI-2601-4
VR909734,C109289,VA-EB-PL2,2026-02-28,Flipkart,1,3499,PL2-2511-3
VR881506,C100842,VA-HP-ST3,2026-03-01,vireo.in,1,6299,ST3-2511-2
VR882639,C104099,VA-SP-MINI,2026-03-01,Amazon,1,2499,MINI-2602-3
VR885331,C107242,VA-AC-CH65,2026-03-01,vireo.in,2,2848,CH65-2512-2
VR888016,C106639,VA-SW-NX2,2026-03-01,Flipkart,1,6499,NX2-2602-1
VR889276,C102529,VA-SP-MINI,2026-03-01,Amazon,1,1999,MINI-2601-4
VR890027,C106483,VA-EB-AIR,2026-03-01,Amazon,1,1439,AIR-2601-2
VR890259,C108476,VA-HP-ST2,2026-03-01,vireo.in,1,4249,ST2-2601-2
VR893223,C105739,VA-SP-MINI,2026-03-01,vireo.in,1,2499,MINI-2601-4
VR894145,C108488,VA-EB-PL2,2026-03-01,vireo.in,1,3499,PL2-2512-3
VR894323,C103054,VA-EB-PL1,2026-03-01,Amazon,1,2124,PL1-2511-4
VR899593,C109178,VA-EB-AIR,2026-03-01,vireo.in,1,1709,AIR-2512-2
VR899874,C100640,VA-EB-PL2,2026-03-01,vireo.in,1,3499,PL2-2512-1
VR900336,C108739,VA-HP-ST2,2026-03-01,vireo.in,1,4249,ST2-2512-2
VR902287,C105383,VA-SW-FIT,2026-03-01,vireo.in,1,1599,FIT-2511-3
VR902627,C104660,VA-NB-ARC,2026-03-01,Amazon,1,1234,ARC-2512-3
VR902854,C107449,VA-SP-MINI,2026-03-01,vireo.in,1,2249,MINI-2601-4
VR904927,C105539,VA-SP-ORB,2026-03-01,vireo.in,2,10798,ORB-2602-1
VR905982,C100182,VA-EB-PL1,2026-03-01,vireo.in,1,2499,PL1-2512-4
VR906631,C100819,VA-EB-PL2,2026-03-01,vireo.in,1,2974,PL2-2601-2
VR906943,C100358,VA-AC-CH65,2026-03-01,Flipkart,1,1199,CH65-2512-4
VR907657,C108652,VA-SP-ORB,2026-03-01,vireo.in,1,5399,ORB-2602-4
VR908422,C105018,VA-EB-PL2,2026-03-01,Amazon,1,3499,PL2-2512-1
VR909315,C102072,VA-EB-PL2,2026-03-01,Amazon,2,5598,PL2-2512-4
VR909582,C103351,VA-EB-PL2,2026-03-01,vireo.in,1,2974,PL2-2602-4
VR880019,C108982,VA-EB-PL2,2026-03-02,Amazon,1,3499,PL2-2511-3
VR880553,C107159,VA-SP-MINI,2026-03-02,vireo.in,1,2499,MINI-2512-1
VR880656,C108739,VA-SP-MINI,2026-03-02,Amazon,1,2249,MINI-2512-3
VR882209,C102313,VA-SW-NX2,2026-03-02,vireo.in,1,5199,NX2-2601-1
VR883552,C106242,VA-EB-PL2,2026-03-02,vireo.in,1,2799,PL2-2512-3
VR883834,C109047,VA-EB-PL2,2026-03-02,Flipkart,1,3499,PL2-2512-1
VR884292,C106588,VA-EB-PL2,2026-03-02,vireo.in,1,2799,PL2-2512-2
VR884893,C108569,VA-NB-ARC,2026-03-02,vireo.in,1,1039,ARC-2602-1
VR886068,C101979,VA-SW-NX1,2026-03-02,Amazon,1,4499,NX1-2601-1
VR887300,C107008,VA-HP-ST3,2026-03-02,Amazon,1,5949,ST3-2512-4
VR887796,C102572,VA-HP-ST2,2026-03-02,Flipkart,1,3999,ST2-2511-1
VR888152,C107442,VA-EB-PL2,2026-03-02,Amazon,1,3149,PL2-2601-3
VR888695,C107792,VA-EB-AIR,2026-03-02,Flipkart,1,1529,AIR-2602-2
VR889398,C105825,VA-EB-PL2,2026-03-02,vireo.in,2,6298,PL2-2602-3
VR889975,C109374,VA-EB-PL1,2026-03-02,Flipkart,1,2374,PL1-2602-3
VR890725,C103005,VA-SW-FIT,2026-03-02,Amazon,1,1999,FIT-2601-2
VR891034,C108883,VA-EB-PL1,2026-03-02,vireo.in,1,1999,PL1-2511-3
VR891153,C105886,VA-EB-PL2,2026-03-02,vireo.in,1,3324,PL2-2601-4
VR891935,C107255,VA-SP-MINI,2026-03-02,vireo.in,1,2499,MINI-2512-1
VR893463,C108069,VA-EB-PL2,2026-03-02,Amazon,1,2799,PL2-2512-2
VR893987,C105720,VA-EB-PL2,2026-03-02,Amazon,1,3499,PL2-2511-2
VR894773,C101260,VA-SP-MINI,2026-03-02,Flipkart,1,2499,MINI-2601-4
VR895296,C103477,VA-AC-CASE,2026-03-02,Flipkart,1,1039,CASE-2512-1
VR895486,C109267,VA-EB-PL2,2026-03-02,vireo.in,1,3499,PL2-2512-3
VR896950,C105103,VA-SW-NX2,2026-03-02,Amazon,1,5199,NX2-2602-4
VR897518,C100897,VA-EB-PL2,2026-03-02,vireo.in,1,2974,PL2-2511-1
VR899811,C104326,VA-EB-PL2,2026-03-02,Amazon,1,2974,PL2-2511-2
VR902416,C106112,VA-EB-AIR,2026-03-02,vireo.in,1,1799,AIR-2511-1
VR905055,C100793,VA-EB-PL1,2026-03-02,vireo.in,1,2124,PL1-2512-1
VR905270,C100270,VA-EB-PL2,2026-03-02,Flipkart,1,2799,PL2-2601-3
VR905548,C101994,VA-SW-FIT,2026-03-02,vireo.in,1,1999,FIT-2601-1
VR906067,C106755,VA-SW-FIT,2026-03-02,vireo.in,1,1999,FIT-2601-2
VR906636,C104935,VA-EB-PL2,2026-03-02,Flipkart,1,3499,PL2-2601-2
VR908165,C103125,VA-AC-CBL,2026-03-02,vireo.in,1,339,CBL-2601-1
VR909124,C104302,VA-EB-PL1,2026-03-02,vireo.in,1,2249,PL1-2601-1
VR909583,C101282,VA-SW-NX2,2026-03-02,Amazon,1,6499,NX2-2511-4
VR909879,C104710,VA-EB-PL2,2026-03-02,vireo.in,1,2799,PL2-2602-3
VR882259,C101379,VA-HP-ST2,2026-03-03,vireo.in,1,4499,ST2-2511-3
VR883566,C109195,VA-SW-FIT,2026-03-03,vireo.in,1,1999,FIT-2512-1
VR884219,C104788,VA-EB-PL1,2026-03-03,vireo.in,2,3998,PL1-2601-4
VR884342,C103505,VA-EB-PL2,2026-03-03,vireo.in,1,3324,PL2-2511-3
VR884762,C108668,VA-SP-MINI,2026-03-03,vireo.in,1,2124,MINI-2602-4
VR886754,C105474,VA-EB-PL2,2026-03-03,vireo.in,1,3499,PL2-2601-3
VR887696,C106255,VA-SP-MINI,2026-03-03,Flipkart,1,2249,MINI-2512-2
VR889510,C100612,VA-EB-AIR,2026-03-03,Flipkart,1,1709,AIR-2511-2
VR890298,C100719,VA-EB-AIR,2026-03-03,Amazon,1,1439,AIR-2511-1
VR891727,C105221,VA-AC-CASE,2026-03-03,Amazon,1,1299,CASE-2602-2
VR892546,C106946,VA-EB-AIR,2026-03-03,vireo.in,1,1799,AIR-2602-4
VR892852,C106073,VA-EB-PL2,2026-03-03,Flipkart,1,2799,PL2-2601-1
VR892968,C103458,VA-EB-PL2,2026-03-03,Amazon,1,3149,PL2-2601-1
VR897787,C105257,VA-SP-MINI,2026-03-03,vireo.in,1,2499,MINI-2512-3
VR898548,C109473,VA-EB-PL2,2026-03-03,vireo.in,1,3499,PL2-2511-3
VR898838,C106418,VA-EB-PL2,2026-03-03,vireo.in,1,3499,PL2-2602-4
VR899274,C106429,VA-SW-NX2,2026-03-03,Amazon,1,5199,NX2-2511-2
VR899408,C101660,VA-SW-NX2,2026-03-03,vireo.in,1,6499,NX2-2601-1
VR900534,C105863,VA-SW-FIT,2026-03-03,vireo.in,1,1899,FIT-2512-2
VR900582,C104391,VA-EB-PL1,2026-03-03,vireo.in,1,2499,PL1-2512-2
VR901233,C104621,VA-EB-PL2,2026-03-03,vireo.in,1,2974,PL2-2511-1
VR903352,C107066,VA-HP-ST3,2026-03-03,vireo.in,1,6999,ST3-2512-2
VR904046,C104646,VA-AC-CBL,2026-03-03,vireo.in,1,399,CBL-2511-2
VR904206,C107846,VA-EB-PL2,2026-03-03,vireo.in,1,2974,PL2-2512-2
VR904301,C108737,VA-SP-ORB,2026-03-03,Flipkart,2,11998,ORB-2601-1
VR905095,C108332,VA-EB-PL2,2026-03-03,vireo.in,1,3499,PL2-2512-3
VR905127,C107045,VA-EB-PL1,2026-03-03,vireo.in,1,2124,PL1-2512-1
VR905924,C108041,VA-EB-PL2,2026-03-03,Amazon,1,3324,PL2-2511-2
VR907561,C102051,VA-EB-PL1,2026-03-03,Amazon,1,2249,PL1-2511-1
VR909225,C105603,VA-SP-MINI,2026-03-03,Amazon,1,2124,MINI-2602-1
VR909963,C102041,VA-HP-ST3,2026-03-03,Amazon,1,6999,ST3-2512-3
VR880574,C101706,VA-SW-NX2,2026-03-04,Amazon,1,5199,NX2-2601-3
VR880832,C102315,VA-NB-ARC,2026-03-04,Flipkart,1,1299,ARC-2601-3
VR881681,C108074,VA-SW-NX2,2026-03-04,vireo.in,1,6499,NX2-2512-1
VR882068,C105295,VA-EB-PL2,2026-03-04,vireo.in,1,3499,PL2-2512-1
VR882999,C103242,VA-EB-PL2,2026-03-04,Amazon,1,2799,PL2-2601-3
VR884271,C107333,VA-EB-PL2,2026-03-04,Flipkart,1,2799,PL2-2512-4
VR885638,C100200,VA-EB-PL1,2026-03-04,vireo.in,1,2499,PL1-2602-1
VR886663,C100807,VA-EB-AIR,2026-03-04,Flipkart,1,1799,AIR-2602-3
VR889877,C105601,VA-SW-NX2,2026-03-04,Amazon,2,12348,NX2-2512-1
VR890988,C105352,VA-EB-PL2,2026-03-04,Amazon,1,2799,PL2-2511-1
VR891677,C109016,VA-EB-PL1,2026-03-04,vireo.in,1,2124,PL1-2512-3
VR893116,C105053,VA-SP-ORB,2026-03-04,Flipkart,2,11398,ORB-2601-2
VR895205,C108836,VA-EB-PL2,2026-03-04,vireo.in,1,3324,PL2-2511-2
VR896583,C101921,VA-EB-PL2,2026-03-04,Amazon,1,3499,PL2-2602-4
VR896990,C101493,VA-EB-PL2,2026-03-04,vireo.in,1,3149,PL2-2511-2
VR898020,C107294,VA-SP-MINI,2026-03-04,Amazon,1,2499,MINI-2602-3
VR899487,C104037,VA-HP-ST3,2026-03-04,Flipkart,1,6999,ST3-2512-4
VR901192,C101858,VA-AC-CASE,2026-03-04,Amazon,1,1039,CASE-2512-4
VR901446,C107535,VA-EB-PL2,2026-03-04,vireo.in,1,3499,PL2-2512-3
VR902058,C103595,VA-EB-AIR,2026-03-04,Amazon,1,1439,AIR-2601-1
VR903200,C108837,VA-NB-ARC,2026-03-04,Amazon,1,1039,ARC-2601-1
VR903251,C104282,VA-SP-MINI,2026-03-04,vireo.in,1,2499,MINI-2601-2
VR905902,C101422,VA-SW-FIT,2026-03-04,Amazon,1,1699,FIT-2601-4
VR906477,C101960,VA-AC-CBL,2026-03-04,vireo.in,1,399,CBL-2511-1
VR907794,C105732,VA-SW-NX2,2026-03-04,Amazon,1,5524,NX2-2601-4
VR908550,C100608,VA-EB-PL2,2026-03-04,Amazon,1,3149,PL2-2601-3
VR909234,C108691,VA-SW-NX2,2026-03-04,Amazon,1,6174,NX2-2511-3
VR909465,C102535,VA-EB-PL2,2026-03-04,vireo.in,1,2974,PL2-2511-2
VR880446,C106731,VA-EB-PL2,2026-03-05,Amazon,1,3499,PL2-2512-1
VR884002,C105430,VA-SW-NX2,2026-03-05,vireo.in,1,5524,NX2-2601-2
VR884732,C104293,VA-EB-PL2,2026-03-05,Amazon,1,2799,PL2-2512-3
VR884773,C103628,VA-SW-NX2,2026-03-05,vireo.in,1,5849,NX2-2511-3
VR886143,C103951,VA-EB-PL2,2026-03-05,Amazon,1,3324,PL2-2512-1
VR886512,C105603,VA-EB-PL2,2026-03-05,Amazon,2,5948,PL2-2511-3
VR889112,C101568,VA-SW-NX2,2026-03-05,Amazon,1,6499,NX2-2512-4
VR894474,C104285,VA-NB-ARC,2026-03-05,Amazon,2,2078,ARC-2512-2
VR894695,C100770,VA-EB-PL2,2026-03-05,Flipkart,1,3499,PL2-2511-3
VR896653,C107392,VA-EB-PL1,2026-03-05,vireo.in,1,2499,PL1-2511-4
VR897211,C100537,VA-EB-AIR,2026-03-05,Amazon,1,1799,AIR-2511-3
VR898582,C101534,VA-SW-FIT,2026-03-05,vireo.in,2,3198,FIT-2601-4
VR900876,C100309,VA-SP-MINI,2026-03-05,vireo.in,1,1999,MINI-2601-3
VR903295,C101624,VA-AC-CBL,2026-03-05,vireo.in,1,399,CBL-2512-4
VR905986,C100929,VA-EB-PL1,2026-03-05,vireo.in,1,2499,PL1-2512-4
VR906486,C103418,VA-EB-PL2,2026-03-05,Flipkart,1,3149,PL2-2512-4
VR908081,C100674,VA-EB-AIR,2026-03-05,vireo.in,1,1799,AIR-2602-2
VR908196,C107974,VA-EB-PL2,2026-03-05,vireo.in,1,3149,PL2-2601-2
VR880093,C101175,VA-EB-PL2,2026-03-06,Flipkart,1,2799,PL2-2602-4
VR881728,C105094,VA-EB-PL2,2026-03-06,vireo.in,1,2974,PL2-2512-2
VR882122,C107816,VA-AC-CASE,2026-03-06,Amazon,1,1299,CASE-2601-4
VR882808,C100214,VA-SP-MINI,2026-03-06,Amazon,1,2124,MINI-2601-4
VR885960,C108600,VA-EB-PL2,2026-03-06,Amazon,1,3499,PL2-2512-2
VR885993,C106155,VA-EB-PL2,2026-03-06,vireo.in,1,2799,PL2-2512-1
VR886172,C100854,VA-SP-MINI,2026-03-06,vireo.in,1,2374,MINI-2511-4
VR887315,C100125,VA-EB-PL2,2026-03-06,vireo.in,1,2799,PL2-2601-3
VR888099,C107826,VA-SW-NX2,2026-03-06,Amazon,1,6174,NX2-2601-3
VR889645,C106060,VA-SW-FIT,2026-03-06,Flipkart,1,1999,FIT-2511-1
VR891146,C108570,VA-NB-ARC,2026-03-06,Amazon,1,1039,ARC-2511-3
VR892158,C100538,VA-HP-ST3,2026-03-06,Amazon,1,5599,ST3-2512-1
VR892880,C105368,VA-SW-NX2,2026-03-06,vireo.in,1,6174,NX2-2602-2
VR893047,C102086,VA-EB-PL2,2026-03-06,Amazon,1,3499,PL2-2511-1
VR894992,C101908,VA-EB-PL2,2026-03-06,vireo.in,2,6998,PL2-2511-3
VR895966,C106302,VA-EB-PL1,2026-03-06,vireo.in,1,2499,PL1-2601-2
VR898257,C104272,VA-EB-PL2,2026-03-06,Amazon,1,2974,PL2-2512-2
VR898653,C104093,VA-EB-PL2,2026-03-06,vireo.in,1,2799,PL2-2512-4
VR900972,C100472,VA-EB-PL1,2026-03-06,Amazon,1,2499,PL1-2602-4
VR901104,C106308,VA-EB-PL1,2026-03-06,Amazon,1,2499,PL1-2602-1
VR901205,C103519,VA-EB-PL2,2026-03-06,Amazon,1,3499,PL2-2602-1
VR901770,C101840,VA-SW-NX2,2026-03-06,vireo.in,1,5849,NX2-2512-4
VR906222,C106904,VA-SW-NX2,2026-03-06,Amazon,1,6499,NX2-2601-1
VR908148,C103254,VA-EB-PL2,2026-03-06,vireo.in,1,2799,PL2-2602-1
VR881684,C106184,VA-SW-FIT,2026-03-07,vireo.in,1,1999,FIT-2512-2
VR881831,C104007,VA-EB-PL2,2026-03-07,vireo.in,1,3499,PL2-2512-4
VR882614,C106672,VA-EB-PL2,2026-03-07,vireo.in,2,6648,PL2-2511-1
VR882854,C101945,VA-HP-ST3,2026-03-07,Flipkart,1,6299,ST3-2511-4
VR882883,C102960,VA-EB-PL1,2026-03-07,Amazon,1,1999,PL1-2601-1
VR884846,C104895,VA-SW-FIT,2026-03-07,vireo.in,1,1899,FIT-2601-3
VR885199,C106376,VA-EB-PL2,2026-03-07,Flipkart,1,2974,PL2-2511-2
VR885932,C103821,VA-EB-PL2,2026-03-07,vireo.in,1,3499,PL2-2512-3
VR886825,C104286,VA-EB-AIR,2026-03-07,Amazon,1,1529,AIR-2601-1
VR887482,C107286,VA-EB-PL2,2026-03-07,Amazon,1,2974,PL2-2512-1
VR887514,C100864,VA-SW-NX2,2026-03-07,Amazon,1,6499,NX2-2601-1
VR888273,C104378,VA-SW-NX1,2026-03-07,vireo.in,1,4999,NX1-2602-2
VR888522,C105517,VA-EB-PL2,2026-03-07,vireo.in,1,2974,PL2-2601-3
VR889982,C108529,VA-SP-MINI,2026-03-07,Amazon,1,2499,MINI-2602-4
VR890693,C102571,VA-SP-MINI,2026-03-07,Amazon,1,2374,MINI-2602-2
VR894724,C104100,VA-EB-PL2,2026-03-07,Amazon,1,2974,PL2-2511-4
VR896035,C104371,VA-SW-NX2,2026-03-07,vireo.in,1,5524,NX2-2512-4
VR896796,C101847,VA-EB-PL1,2026-03-07,Amazon,1,2499,PL1-2512-4
VR897201,C104149,VA-EB-PL2,2026-03-07,Amazon,1,3324,PL2-2512-1
VR897731,C107282,VA-HP-ST3,2026-03-07,Amazon,1,6299,ST3-2512-4
VR899279,C102052,VA-AC-CASE,2026-03-07,vireo.in,1,1299,CASE-2601-1
VR900741,C105694,VA-SP-MINI,2026-03-07,Flipkart,1,2249,MINI-2601-4
VR903965,C104040,VA-HP-ST3,2026-03-07,Amazon,1,5599,ST3-2511-4
VR908063,C105507,VA-HP-ST3,2026-03-07,vireo.in,1,5599,ST3-2511-4
VR880245,C106661,VA-HP-ST3,2026-03-08,vireo.in,1,5949,ST3-2602-1
VR880477,C106345,VA-EB-PL2,2026-03-08,Amazon,1,3499,PL2-2512-2
VR880678,C106141,VA-AC-CASE,2026-03-08,Flipkart,1,1234,CASE-2601-1
VR880845,C100739,VA-SP-ORB,2026-03-08,Amazon,1,5699,ORB-2511-1
VR882036,C109117,VA-HP-ST2,2026-03-08,Amazon,2,9498,ST2-2512-2
VR882848,C102949,VA-SP-MINI,2026-03-08,vireo.in,1,1999,MINI-2602-2
VR884064,C101302,VA-SW-NX2,2026-03-08,vireo.in,1,6499,NX2-2512-4
VR887517,C103985,VA-EB-PL2,2026-03-08,Flipkart,1,3499,PL2-2602-1
VR888758,C101109,VA-EB-PL2,2026-03-08,Flipkart,1,3499,PL2-2511-1
VR891708,C106870,VA-EB-AIR,2026-03-08,vireo.in,2,3058,AIR-2512-3
VR892051,C100886,VA-EB-PL2,2026-03-08,vireo.in,2,6998,PL2-2602-1
VR892526,C103361,VA-EB-PL2,2026-03-08,Amazon,1,3499,PL2-2512-1
VR893170,C101460,VA-EB-AIR,2026-03-08,Amazon,1,1529,AIR-2601-4
VR893555,C100890,VA-SW-NX2,2026-03-08,vireo.in,1,5849,NX2-2601-1
VR894311,C108492,VA-EB-PL2,2026-03-08,Amazon,1,2799,PL2-2511-1
VR894524,C102291,VA-EB-PL1,2026-03-08,vireo.in,1,2499,PL1-2512-3
VR895066,C109197,VA-EB-PL2,2026-03-08,vireo.in,1,3499,PL2-2512-3
VR895255,C108968,VA-EB-PL2,2026-03-08,Amazon,1,3149,PL2-2602-4
VR897939,C101199,VA-EB-PL2,2026-03-08,Flipkart,1,2799,PL2-2602-2
VR900240,C105120,VA-SW-NX2,2026-03-08,vireo.in,1,5849,NX2-2602-1
VR900981,C107176,VA-EB-PL2,2026-03-08,vireo.in,1,3499,PL2-2601-2
VR903479,C108221,VA-SW-NX2,2026-03-08,vireo.in,1,6499,NX2-2512-4
VR905601,C107913,VA-EB-PL1,2026-03-08,Flipkart,1,2499,PL1-2511-4
VR907818,C101738,VA-EB-PL1,2026-03-08,Flipkart,1,2374,PL1-2602-2
VR908059,C104210,VA-SW-FIT,2026-03-08,vireo.in,1,1599,FIT-2512-3
VR908896,C106052,VA-EB-PL2,2026-03-08,Flipkart,1,3149,PL2-2601-1
VR908956,C105372,VA-EB-PL2,2026-03-08,Flipkart,1,2799,PL2-2601-4
VR880639,C106916,VA-EB-AIR,2026-03-09,vireo.in,1,1799,AIR-2601-3
VR880851,C102530,VA-EB-PL2,2026-03-09,Amazon,1,2974,PL2-2602-2
VR881466,C102303,VA-AC-CASE,2026-03-09,Amazon,1,1039,CASE-2512-1
VR881482,C104871,VA-EB-PL2,2026-03-09,Flipkart,1,2974,PL2-2601-2
VR882570,C108784,VA-EB-PL2,2026-03-09,vireo.in,1,2974,PL2-2512-1
VR883100,C107328,VA-EB-PL2,2026-03-09,vireo.in,1,3499,PL2-2512-4
VR886593,C100659,VA-SW-NX2,2026-03-09,Amazon,1,6499,NX2-2512-3
VR886840,C105042,VA-SW-NX2,2026-03-09,Amazon,1,6499,NX2-2602-4
VR887010,C100859,VA-EB-PL2,2026-03-09,vireo.in,1,3499,PL2-2602-4
VR887993,C100592,VA-SW-FIT,2026-03-09,Flipkart,1,1999,FIT-2601-4
VR889045,C106976,VA-SP-MINI,2026-03-09,vireo.in,1,2249,MINI-2601-4
VR889373,C105859,VA-EB-PL1,2026-03-09,vireo.in,1,1999,PL1-2602-3
VR890163,C106712,VA-EB-PL2,2026-03-09,Amazon,1,2799,PL2-2512-3
VR890188,C100082,VA-SW-NX2,2026-03-09,Flipkart,1,6499,NX2-2512-3
VR893008,C106217,VA-NB-ARC,2026-03-09,Amazon,1,1039,ARC-2601-1
VR897078,C108352,VA-SW-NX2,2026-03-09,vireo.in,1,5524,NX2-2602-1
VR897702,C103954,VA-NB-ARC,2026-03-09,Amazon,1,1234,ARC-2512-2
VR897898,C106727,VA-EB-PL1,2026-03-09,Flipkart,1,2249,PL1-2512-1
VR898631,C100224,VA-HP-ST3,2026-03-09,vireo.in,1,6649,ST3-2511-4
VR900324,C103402,VA-EB-PL2,2026-03-09,Amazon,1,3149,PL2-2601-4
VR904567,C106585,VA-SW-FIT,2026-03-09,vireo.in,1,1999,FIT-2601-4
VR905823,C109009,VA-EB-PL2,2026-03-09,vireo.in,1,3324,PL2-2512-3
VR905918,C106573,VA-EB-PL2,2026-03-09,vireo.in,2,6998,PL2-2602-3
VR907185,C106132,VA-EB-PL2,2026-03-09,vireo.in,1,3499,PL2-2601-3
VR880848,C100490,VA-SP-MINI,2026-03-10,vireo.in,1,2249,MINI-2602-2
VR881747,C109041,VA-EB-PL2,2026-03-10,Flipkart,1,3499,PL2-2512-1
VR882393,C106607,VA-EB-PL2,2026-03-10,Flipkart,1,3499,PL2-2601-3
VR882973,C107565,VA-EB-AIR,2026-03-10,vireo.in,1,1799,AIR-2602-3
VR883809,C105321,VA-EB-PL1,2026-03-10,Flipkart,2,4998,PL1-2512-2
VR884805,C105526,VA-HP-ST3,2026-03-10,Amazon,1,6999,ST3-2512-3
VR885143,C107616,VA-HP-ST2,2026-03-10,vireo.in,2,7998,ST2-2602-2
VR886028,C106521,VA-EB-PL1,2026-03-10,Amazon,1,2249,PL1-2601-2
VR888036,C101232,VA-EB-PL2,2026-03-10,Amazon,1,3149,PL2-2512-1
VR888103,C107481,VA-SW-NX2,2026-03-10,vireo.in,1,6174,NX2-2512-1
VR888735,C103926,VA-EB-PL2,2026-03-10,vireo.in,1,2974,PL2-2601-3
VR888952,C104941,VA-EB-PL2,2026-03-10,vireo.in,1,3499,PL2-2601-1
VR889325,C106638,VA-EB-AIR,2026-03-10,vireo.in,1,1799,AIR-2601-2
VR891222,C100633,VA-SP-MINI,2026-03-10,Flipkart,2,4748,MINI-2602-3
VR893793,C103072,VA-EB-PL1,2026-03-10,Flipkart,1,2499,PL1-2602-1
VR894593,C107693,VA-SW-NX2,2026-03-10,Flipkart,1,6499,NX2-2512-2
VR894679,C100980,VA-EB-PL1,2026-03-10,Amazon,1,2249,PL1-2512-4
VR895516,C100565,VA-EB-PL1,2026-03-10,vireo.in,1,2249,PL1-2601-4
VR896283,C109103,VA-HP-ST3,2026-03-10,Amazon,1,6299,ST3-2512-2
VR896762,C105105,VA-EB-PL2,2026-03-10,Flipkart,1,2974,PL2-2602-4
VR896894,C107835,VA-EB-PL2,2026-03-10,vireo.in,1,3499,PL2-2602-1
VR898071,C106583,VA-SW-NX1,2026-03-10,vireo.in,2,8498,NX1-2601-3
VR898674,C101337,VA-EB-AIR,2026-03-10,vireo.in,1,1529,AIR-2512-3
VR899416,C105945,VA-EB-PL2,2026-03-10,Amazon,1,2974,PL2-2601-3
VR900889,C106388,VA-EB-PL2,2026-03-10,vireo.in,1,3499,PL2-2601-1
VR900964,C107505,VA-SP-MINI,2026-03-10,Amazon,1,2124,MINI-2601-1
VR903277,C101068,VA-EB-PL1,2026-03-10,Amazon,1,1999,PL1-2601-3
VR904170,C101585,VA-EB-AIR,2026-03-10,vireo.in,1,1799,AIR-2601-3
VR904283,C101228,VA-EB-PL2,2026-03-10,vireo.in,1,3324,PL2-2602-2
VR905130,C100854,VA-AC-CASE,2026-03-10,vireo.in,1,1104,CASE-2512-2
VR906916,C105162,VA-AC-CASE,2026-03-10,vireo.in,1,1169,CASE-2601-4
VR908306,C105379,VA-EB-PL2,2026-03-10,Amazon,1,2799,PL2-2512-2
VR882338,C104129,VA-EB-PL2,2026-03-11,Flipkart,1,3499,PL2-2511-1
VR884348,C100703,VA-EB-PL1,2026-03-11,vireo.in,1,2374,PL1-2512-2
VR885926,C106903,VA-EB-PL2,2026-03-11,Amazon,1,3499,PL2-2512-2
VR887121,C107084,VA-EB-PL2,2026-03-11,Flipkart,1,3499,PL2-2601-2
VR890013,C100806,VA-EB-PL2,2026-03-11,Amazon,1,3149,PL2-2512-4
VR890809,C104720,VA-SW-NX1,2026-03-11,vireo.in,2,8998,NX1-2601-2
VR893877,C100770,VA-EB-PL2,2026-03-11,vireo.in,1,3499,PL2-2601-2
VR895337,C103158,VA-EB-AIR,2026-03-11,Flipkart,1,1799,AIR-2512-2
VR895537,C102365,VA-EB-PL2,2026-03-11,Flipkart,1,3499,PL2-2601-1
VR896143,C106220,VA-EB-PL2,2026-03-11,Amazon,1,3499,PL2-2512-2
VR898097,C103261,VA-EB-PL2,2026-03-11,Amazon,1,3499,PL2-2511-1
VR899161,C102490,VA-EB-PL1,2026-03-11,vireo.in,1,2499,PL1-2512-1
VR899622,C101362,VA-EB-PL2,2026-03-11,vireo.in,1,3499,PL2-2512-2
VR900740,C100526,VA-AC-CASE,2026-03-11,Flipkart,1,1234,CASE-2601-4
VR904295,C101501,VA-EB-PL2,2026-03-11,Amazon,1,3324,PL2-2512-4
VR905535,C101116,VA-EB-PL2,2026-03-11,vireo.in,1,3499,PL2-2601-2
VR906643,C102317,VA-SW-NX2,2026-03-11,Amazon,1,5524,NX2-2512-3
VR906723,C103171,VA-SW-NX2,2026-03-11,vireo.in,1,6499,NX2-2601-2
VR908535,C101372,VA-EB-PL2,2026-03-11,Amazon,1,3324,PL2-2512-2
VR908542,C105514,VA-HP-ST2,2026-03-11,Amazon,1,3999,ST2-2512-4
VR885227,C106405,VA-EB-PL2,2026-03-12,vireo.in,1,3499,PL2-2601-3
VR885310,C106344,VA-SW-NX2,2026-03-12,Amazon,1,6499,NX2-2512-1
VR888919,C105821,VA-EB-PL2,2026-03-12,Amazon,1,2974,PL2-2601-2
VR890967,C106008,VA-EB-PL2,2026-03-12,vireo.in,1,2799,PL2-2602-2
VR891240,C100720,VA-EB-PL2,2026-03-12,vireo.in,1,2799,PL2-2512-2
VR891490,C101166,VA-HP-ST3,2026-03-12,vireo.in,1,6999,ST3-2512-1
VR892113,C108763,VA-EB-PL1,2026-03-12,Flipkart,1,2499,PL1-2511-1
VR892282,C107695,VA-EB-PL2,2026-03-12,Flipkart,2,6648,PL2-2601-1
VR894405,C107218,VA-AC-CASE,2026-03-12,vireo.in,1,1104,CASE-2601-3
VR894581,C103274,VA-EB-PL2,2026-03-12,Amazon,1,3499,PL2-2601-4
VR896007,C101121,VA-SW-NX1,2026-03-12,Flipkart,1,4499,NX1-2601-2
VR896837,C102947,VA-EB-PL2,2026-03-12,vireo.in,1,3324,PL2-2512-2
VR899554,C104394,VA-SP-MINI,2026-03-12,vireo.in,1,2499,MINI-2512-1
VR900207,C108194,VA-EB-PL2,2026-03-12,vireo.in,1,3499,PL2-2601-1
VR901456,C106253,VA-EB-PL2,2026-03-12,Amazon,1,2799,PL2-2601-2
VR901557,C101346,VA-SP-MINI,2026-03-12,Amazon,1,2499,MINI-2512-4
VR902198,C105052,VA-AC-CASE,2026-03-12,vireo.in,1,1169,CASE-2602-3
VR904130,C107842,VA-SW-FIT,2026-03-12,Amazon,1,1599,FIT-2512-1
VR904739,C100584,VA-SP-MINI,2026-03-12,Flipkart,1,2124,MINI-2512-2
VR905000,C106268,VA-EB-PL2,2026-03-12,vireo.in,1,2974,PL2-2512-3
VR905424,C106376,VA-SW-NX2,2026-03-12,Flipkart,1,6499,NX2-2601-3
VR905904,C102169,VA-HP-ST3,2026-03-12,Flipkart,1,6999,ST3-2601-2
VR906089,C101955,VA-HP-ST3,2026-03-12,vireo.in,1,6999,ST3-2512-2
VR908423,C100760,VA-SP-ORB,2026-03-12,vireo.in,1,5999,ORB-2602-4
VR908937,C106443,VA-EB-PL1,2026-03-12,Flipkart,1,2499,PL1-2601-4
VR909333,C105138,VA-AC-CH65,2026-03-12,Amazon,1,1499,CH65-2602-4
VR881267,C102770,VA-EB-PL2,2026-03-13,Flipkart,1,3324,PL2-2512-1
VR881817,C102850,VA-SP-MINI,2026-03-13,vireo.in,1,2249,MINI-2601-2
VR883060,C104566,VA-EB-AIR,2026-03-13,vireo.in,1,1799,AIR-2512-4
VR888101,C105606,VA-EB-PL2,2026-03-13,Amazon,2,6298,PL2-2512-1
VR888822,C100519,VA-AC-CBL,2026-03-13,vireo.in,1,319,CBL-2602-2
VR890645,C107709,VA-AC-CH65,2026-03-13,vireo.in,2,2848,CH65-2601-4
VR890678,C104516,VA-AC-CH65,2026-03-13,Flipkart,1,1424,CH65-2601-2
VR890735,C106963,VA-EB-PL2,2026-03-13,Amazon,1,2974,PL2-2601-3
VR892621,C106350,VA-SW-NX2,2026-03-13,Amazon,1,5199,NX2-2601-4
VR892809,C104886,VA-EB-PL2,2026-03-13,vireo.in,1,2974,PL2-2601-1
VR894754,C100835,VA-SW-FIT,2026-03-13,vireo.in,1,1899,FIT-2601-2
VR895042,C104379,VA-AC-CH65,2026-03-13,Amazon,1,1499,CH65-2511-4
VR896884,C107786,VA-EB-AIR,2026-03-13,vireo.in,1,1619,AIR-2601-3
VR896960,C101958,VA-EB-PL2,2026-03-13,Amazon,2,5948,PL2-2511-1
VR897801,C105507,VA-EB-PL2,2026-03-13,Amazon,1,3324,PL2-2511-2
VR901792,C108702,VA-HP-ST2,2026-03-13,vireo.in,2,9998,ST2-2602-1
VR904660,C103300,VA-EB-PL2,2026-03-13,vireo.in,1,3499,PL2-2601-3
VR905189,C105853,VA-EB-AIR,2026-03-13,Amazon,1,1799,AIR-2512-2
VR880092,C100744,VA-EB-AIR,2026-03-14,vireo.in,2,3058,AIR-2601-4
VR881179,C103645,VA-HP-ST2,2026-03-14,Amazon,1,4749,ST2-2601-2
VR884481,C103096,VA-HP-ST2,2026-03-14,Flipkart,1,4999,ST2-2602-4
VR887541,C107047,VA-EB-AIR,2026-03-14,vireo.in,2,3418,AIR-2512-2
VR889620,C106694,VA-EB-PL2,2026-03-14,vireo.in,1,3149,PL2-2512-4
VR891410,C106824,VA-EB-PL2,2026-03-14,vireo.in,1,3499,PL2-2512-3
VR893552,C106658,VA-EB-PL2,2026-03-14,vireo.in,1,2974,PL2-2602-3
VR896754,C105397,VA-EB-PL1,2026-03-14,Amazon,1,2374,PL1-2512-2
VR896812,C104593,VA-EB-AIR,2026-03-14,vireo.in,1,1439,AIR-2602-3
VR897088,C101798,VA-EB-PL1,2026-03-14,Flipkart,1,2124,PL1-2511-1
VR897106,C103361,VA-SW-NX2,2026-03-14,vireo.in,1,6174,NX2-2512-2
VR897193,C108219,VA-EB-PL2,2026-03-14,vireo.in,1,3149,PL2-2512-4
VR897516,C102595,VA-SW-NX1,2026-03-14,Amazon,2,7998,NX1-2511-4
VR900161,C108617,VA-SP-MINI,2026-03-14,Amazon,1,2499,MINI-2601-2
VR903092,C107895,VA-AC-CASE,2026-03-14,vireo.in,1,1299,CASE-2511-3
VR904576,C101430,VA-EB-PL2,2026-03-14,Flipkart,1,3324,PL2-2602-3
VR904862,C108631,VA-AC-CASE,2026-03-14,Amazon,1,1234,CASE-2602-4
VR905531,C103794,VA-SW-FIT,2026-03-14,vireo.in,1,1999,FIT-2512-3
VR906624,C105291,VA-EB-PL2,2026-03-14,Flipkart,1,2974,PL2-2512-1
VR906891,C103751,VA-EB-PL2,2026-03-14,vireo.in,1,3499,PL2-2601-2
VR906950,C108726,VA-EB-PL2,2026-03-14,Flipkart,1,3499,PL2-2512-2
VR880765,C103103,VA-SW-NX1,2026-03-15,vireo.in,1,4999,NX1-2602-4
VR881414,C102057,VA-SW-NX2,2026-03-15,vireo.in,1,5199,NX2-2602-3
VR884553,C100144,VA-NB-ARC,2026-03-15,vireo.in,1,1039,ARC-2601-2
VR886892,C109043,VA-EB-PL2,2026-03-15,vireo.in,1,3149,PL2-2512-1
VR888159,C102685,VA-SP-MINI,2026-03-15,Amazon,1,2499,MINI-2601-1
VR888761,C101656,VA-HP-ST2,2026-03-15,Amazon,2,7998,ST2-2601-2
VR889470,C104526,VA-EB-PL2,2026-03-15,Flipkart,1,2974,PL2-2512-4
VR891597,C103700,VA-SW-FIT,2026-03-15,Amazon,1,1999,FIT-2601-3
VR891713,C102751,VA-EB-PL2,2026-03-15,Amazon,1,2974,PL2-2511-2
VR892170,C101600,VA-AC-CH65,2026-03-15,Amazon,1,1199,CH65-2602-2
VR894569,C100722,VA-SP-MINI,2026-03-15,vireo.in,1,2499,MINI-2512-3
VR894863,C106298,VA-EB-PL2,2026-03-15,vireo.in,1,3499,PL2-2602-1
VR895432,C102293,VA-EB-PL2,2026-03-15,vireo.in,1,3499,PL2-2512-3
VR896028,C102454,VA-EB-AIR,2026-03-15,Flipkart,1,1799,AIR-2512-3
VR897179,C104616,VA-AC-CASE,2026-03-15,Flipkart,1,1104,CASE-2512-3
VR897955,C103058,VA-AC-CASE,2026-03-15,vireo.in,1,1104,CASE-2601-4
VR898936,C104397,VA-HP-ST3,2026-03-15,Amazon,1,6999,ST3-2601-3
VR900795,C101571,VA-EB-PL1,2026-03-15,Amazon,1,2124,PL1-2601-4
VR901155,C109400,VA-EB-PL1,2026-03-15,vireo.in,1,1999,PL1-2601-2
VR901212,C104234,VA-AC-CASE,2026-03-15,vireo.in,1,1169,CASE-2512-3
VR901755,C107981,VA-EB-PL2,2026-03-15,Amazon,1,3499,PL2-2602-3
VR903128,C100172,VA-EB-PL2,2026-03-15,vireo.in,1,3149,PL2-2601-1
VR903955,C105142,VA-EB-PL2,2026-03-15,vireo.in,1,3499,PL2-2601-4
VR904229,C101753,VA-EB-PL2,2026-03-15,Amazon,1,3324,PL2-2601-1
VR905138,C102922,VA-SW-FIT,2026-03-15,Amazon,1,1599,FIT-2512-3
VR905371,C107742,VA-EB-PL2,2026-03-15,Flipkart,1,3499,PL2-2601-3
VR906200,C102140,VA-SP-ORB,2026-03-15,vireo.in,1,5699,ORB-2602-4
VR906525,C106172,VA-EB-PL2,2026-03-15,vireo.in,1,3324,PL2-2601-4
VR906649,C108848,VA-HP-ST2,2026-03-15,vireo.in,1,4999,ST2-2512-1
VR907215,C107223,VA-SW-NX2,2026-03-15,vireo.in,1,6499,NX2-2601-1
VR908532,C105242,VA-SW-NX2,2026-03-15,Amazon,1,5849,NX2-2512-3
VR909556,C109266,VA-EB-PL2,2026-03-15,Amazon,1,3149,PL2-2512-4
VR909960,C108815,VA-EB-PL2,2026-03-15,vireo.in,1,3499,PL2-2512-3
VR883490,C104593,VA-EB-PL1,2026-03-16,Flipkart,1,1999,PL1-2601-2
VR883832,C104554,VA-SW-NX2,2026-03-16,Amazon,1,5524,NX2-2512-1
VR884057,C106437,VA-HP-ST3,2026-03-16,vireo.in,1,6299,ST3-2512-3
VR886877,C105491,VA-AC-CASE,2026-03-16,vireo.in,2,2598,CASE-2512-3
VR887429,C101498,VA-EB-PL2,2026-03-16,vireo.in,1,3499,PL2-2512-1
VR888730,C101483,VA-EB-PL2,2026-03-16,vireo.in,1,2974,PL2-2512-3
VR889531,C105987,VA-EB-PL2,2026-03-16,vireo.in,1,2974,PL2-2512-2
VR890761,C108192,VA-EB-PL2,2026-03-16,Amazon,2,6648,PL2-2601-3
VR892842,C106158,VA-EB-AIR,2026-03-16,vireo.in,1,1439,AIR-2512-3
VR894250,C106646,VA-EB-PL2,2026-03-16,Amazon,1,3149,PL2-2512-3
VR894609,C105433,VA-EB-PL2,2026-03-16,Amazon,1,3499,PL2-2601-3
VR895157,C102754,VA-SW-FIT,2026-03-16,Amazon,1,1999,FIT-2511-3
VR895935,C107725,VA-SP-ORB,2026-03-16,Amazon,1,5999,ORB-2512-4
VR898196,C107644,VA-EB-PL2,2026-03-16,Amazon,1,3499,PL2-2601-4
VR899502,C105533,VA-EB-PL2,2026-03-16,vireo.in,1,3499,PL2-2602-3
VR900506,C108314,VA-SW-NX2,2026-03-16,vireo.in,1,6499,NX2-2601-2
VR901521,C103543,VA-EB-PL2,2026-03-16,vireo.in,1,2974,PL2-2601-2
VR901907,C102713,VA-EB-PL2,2026-03-16,vireo.in,1,3149,PL2-2512-3
VR902493,C105774,VA-EB-PL2,2026-03-16,vireo.in,1,3149,PL2-2602-3
VR903524,C102700,VA-EB-PL2,2026-03-16,vireo.in,2,6998,PL2-2601-3
VR904865,C104711,VA-HP-ST2,2026-03-16,Flipkart,1,4999,ST2-2512-4
VR906235,C100521,VA-EB-PL2,2026-03-16,vireo.in,1,3499,PL2-2602-4
VR906824,C103579,VA-SP-MINI,2026-03-16,vireo.in,1,2374,MINI-2602-3
VR906869,C104123,VA-SP-ORB,2026-03-16,vireo.in,1,5999,ORB-2601-1
VR907063,C104230,VA-SP-ORB,2026-03-16,vireo.in,1,5399,ORB-2601-2
VR908696,C100345,VA-SW-FIT,2026-03-16,vireo.in,1,1999,FIT-2601-4
VR880344,C104428,VA-EB-PL2,2026-03-17,vireo.in,1,2974,PL2-2512-2
VR880813,C107918,VA-EB-PL1,2026-03-17,vireo.in,1,2499,PL1-2512-4
VR884287,C103845,VA-SP-ORB,2026-03-17,Amazon,1,5399,ORB-2601-3
VR886154,C104469,VA-EB-PL2,2026-03-17,vireo.in,1,3499,PL2-2512-2
VR886472,C108256,VA-EB-AIR,2026-03-17,vireo.in,1,1799,AIR-2601-4
VR886666,C107735,VA-EB-PL1,2026-03-17,vireo.in,1,2499,PL1-2512-2
VR888654,C102134,VA-SP-MINI,2026-03-17,Amazon,1,1999,MINI-2512-1
VR890468,C105317,VA-AC-CASE,2026-03-17,Amazon,1,1299,CASE-2601-1
VR893364,C100917,VA-EB-AIR,2026-03-17,vireo.in,2,3058,AIR-2512-1
VR893574,C103399,VA-AC-CH65,2026-03-17,Amazon,1,1199,CH65-2601-4
VR893862,C108352,VA-HP-ST3,2026-03-17,vireo.in,1,6649,ST3-2601-1
VR894326,C102260,VA-NB-ARC,2026-03-17,Amazon,1,1039,ARC-2602-1
VR894333,C106573,VA-EB-PL2,2026-03-17,Flipkart,1,3499,PL2-2602-1
VR897426,C107979,VA-EB-PL2,2026-03-17,Amazon,1,2799,PL2-2601-3
VR899145,C105547,VA-EB-AIR,2026-03-17,Amazon,1,1709,AIR-2601-2
VR899570,C104208,VA-SW-NX2,2026-03-17,Flipkart,1,6499,NX2-2512-2
VR901414,C106097,VA-EB-PL1,2026-03-17,Amazon,1,2499,PL1-2601-2
VR904638,C109472,VA-HP-ST3,2026-03-17,vireo.in,1,5949,ST3-2512-2
VR905064,C104602,VA-SW-NX2,2026-03-17,Flipkart,1,6499,NX2-2602-4
VR905789,C108626,VA-SP-ORB,2026-03-17,Amazon,1,5399,ORB-2601-3
VR881709,C102404,VA-EB-PL2,2026-03-18,Flipkart,1,3499,PL2-2601-1
VR883409,C106834,VA-EB-PL2,2026-03-18,Amazon,1,2974,PL2-2601-4
VR883939,C104451,VA-EB-PL2,2026-03-18,vireo.in,1,2974,PL2-2602-3
VR884070,C105883,VA-EB-PL1,2026-03-18,vireo.in,1,1999,PL1-2601-3
VR884759,C101909,VA-EB-PL2,2026-03-18,Amazon,2,5598,PL2-2601-4
VR885696,C103169,VA-SW-FIT,2026-03-18,vireo.in,2,3998,FIT-2602-3
VR885953,C109486,VA-EB-PL2,2026-03-18,vireo.in,1,2799,PL2-2512-2
VR886257,C103953,VA-AC-CASE,2026-03-18,vireo.in,1,1104,CASE-2512-2
VR886951,C104189,VA-SW-NX2,2026-03-18,vireo.in,1,5524,NX2-2512-4
VR887216,C103655,VA-EB-PL2,2026-03-18,Amazon,1,3324,PL2-2512-3
VR887686,C108139,VA-NB-ARC,2026-03-18,vireo.in,1,1039,ARC-2601-3
VR890465,C101638,VA-EB-PL2,2026-03-18,Amazon,1,3499,PL2-2601-1
VR891186,C102320,VA-EB-PL2,2026-03-18,Amazon,1,3499,PL2-2512-1
VR891791,C107012,VA-EB-PL1,2026-03-18,Amazon,1,2124,PL1-2601-2
VR892086,C101221,VA-EB-AIR,2026-03-18,vireo.in,1,1799,AIR-2512-2
VR893014,C101669,VA-EB-PL2,2026-03-18,vireo.in,1,3499,PL2-2512-4
VR893343,C107533,VA-SP-MINI,2026-03-18,vireo.in,1,2124,MINI-2601-4
VR893569,C100053,VA-SW-NX2,2026-03-18,Amazon,1,5524,NX2-2602-2
VR894785,C107652,VA-HP-ST3,2026-03-18,vireo.in,1,6299,ST3-2511-3
VR895669,C104207,VA-SP-ORB,2026-03-18,Flipkart,1,5999,ORB-2601-3
VR897780,C105545,VA-SP-ORB,2026-03-18,Amazon,1,5099,ORB-2601-3
VR898286,C106492,VA-EB-PL2,2026-03-18,vireo.in,1,3499,PL2-2602-1
VR898963,C102794,VA-EB-PL2,2026-03-18,vireo.in,1,3499,PL2-2601-3
VR898982,C107942,VA-EB-PL2,2026-03-18,vireo.in,1,3324,PL2-2601-2
VR899305,C109209,VA-AC-CBL,2026-03-18,Amazon,1,379,CBL-2602-1
VR900585,C100260,VA-EB-AIR,2026-03-18,vireo.in,1,1529,AIR-2602-1
VR900933,C100232,VA-SP-ORB,2026-03-18,Amazon,1,5999,ORB-2512-1
VR901438,C106767,VA-EB-PL2,2026-03-18,vireo.in,1,3324,PL2-2512-3
VR902140,C104016,VA-SW-NX1,2026-03-18,vireo.in,1,4999,NX1-2601-1
VR902625,C106931,VA-AC-CASE,2026-03-18,vireo.in,1,1234,CASE-2602-2
VR904343,C103130,VA-SP-ORB,2026-03-18,vireo.in,1,5999,ORB-2601-4
VR905565,C106131,VA-SP-ORB,2026-03-18,vireo.in,1,5999,ORB-2602-4
VR906055,C106814,VA-EB-PL2,2026-03-18,Flipkart,1,2974,PL2-2512-4
VR907427,C102034,VA-SW-FIT,2026-03-18,vireo.in,1,1899,FIT-2601-3
VR909112,C103130,VA-EB-PL2,2026-03-18,Flipkart,1,3499,PL2-2511-1
VR880017,C102954,VA-HP-ST3,2026-03-19,vireo.in,1,6999,ST3-2512-4
VR881059,C104026,VA-EB-PL2,2026-03-19,Amazon,1,2799,PL2-2602-2
VR881757,C101069,VA-HP-ST3,2026-03-19,vireo.in,1,5949,ST3-2601-2
VR883223,C103525,VA-SW-NX2,2026-03-19,vireo.in,1,6499,NX2-2511-1
VR884135,C102365,VA-SW-NX2,2026-03-19,vireo.in,1,5199,NX2-2601-1
VR884926,C104559,VA-EB-PL2,2026-03-19,vireo.in,1,2799,PL2-2512-1
VR888533,C102603,VA-AC-CASE,2026-03-19,vireo.in,1,1299,CASE-2601-1
VR889600,C100697,VA-EB-PL2,2026-03-19,Flipkart,1,2974,PL2-2602-4
VR889684,C100031,VA-EB-PL2,2026-03-19,vireo.in,1,3324,PL2-2601-4
VR890517,C106706,VA-EB-PL1,2026-03-19,vireo.in,1,2124,PL1-2512-1
VR894201,C101412,VA-EB-PL2,2026-03-19,vireo.in,1,2974,PL2-2512-2
VR894924,C102474,VA-AC-CBL,2026-03-19,Flipkart,2,638,CBL-2512-4
VR896076,C107698,VA-EB-PL1,2026-03-19,Amazon,1,2374,PL1-2601-1
VR896550,C106493,VA-SP-MINI,2026-03-19,Amazon,1,1999,MINI-2601-2
VR897546,C102610,VA-EB-PL2,2026-03-19,vireo.in,1,3499,PL2-2512-2
VR899213,C105672,VA-SW-NX2,2026-03-19,Amazon,1,6499,NX2-2512-2
VR900945,C103339,VA-EB-PL2,2026-03-19,Flipkart,1,3324,PL2-2512-3
VR901201,C103138,VA-EB-PL2,2026-03-19,vireo.in,1,3324,PL2-2602-1
VR905267,C109377,VA-SW-NX2,2026-03-19,Amazon,1,6499,NX2-2601-3
VR906021,C104999,VA-EB-PL1,2026-03-19,vireo.in,1,2499,PL1-2511-3
VR906083,C109306,VA-SW-NX1,2026-03-19,vireo.in,1,4499,NX1-2601-2
VR907168,C106769,VA-EB-AIR,2026-03-19,vireo.in,1,1799,AIR-2512-4
VR907927,C103712,VA-SW-NX2,2026-03-19,vireo.in,1,6499,NX2-2601-2
VR908286,C109454,VA-AC-CASE,2026-03-19,vireo.in,1,1039,CASE-2601-4
VR908563,C103491,VA-EB-PL1,2026-03-19,Amazon,1,2124,PL1-2512-3
VR880472,C106740,VA-AC-CASE,2026-03-20,vireo.in,1,1299,CASE-2512-1
VR880614,C103389,VA-EB-PL2,2026-03-20,Flipkart,1,3324,PL2-2601-3
VR881660,C102244,VA-SP-MINI,2026-03-20,Flipkart,1,1999,MINI-2512-4
VR881720,C100186,VA-SW-FIT,2026-03-20,vireo.in,1,1999,FIT-2512-3
VR884328,C102150,VA-EB-PL1,2026-03-20,Amazon,1,1999,PL1-2512-2
VR884591,C105879,VA-SP-ORB,2026-03-20,Amazon,1,5099,ORB-2601-4
VR886283,C103133,VA-SP-MINI,2026-03-20,vireo.in,1,2499,MINI-2602-2
VR887927,C102288,VA-EB-PL2,2026-03-20,Flipkart,1,3324,PL2-2601-4
VR891737,C105309,VA-SW-NX2,2026-03-20,vireo.in,1,6499,NX2-2602-4
VR894654,C104724,VA-HP-ST2,2026-03-20,vireo.in,1,3999,ST2-2512-3
VR896123,C100201,VA-EB-PL2,2026-03-20,vireo.in,1,3499,PL2-2601-2
VR896208,C108162,VA-HP-ST3,2026-03-20,Amazon,2,13998,ST3-2601-4
VR897315,C106371,VA-EB-AIR,2026-03-20,Amazon,1,1439,AIR-2601-3
VR897599,C108620,VA-EB-PL2,2026-03-20,vireo.in,1,3499,PL2-2601-4
VR897768,C108072,VA-EB-PL2,2026-03-20,vireo.in,1,3149,PL2-2512-4
VR898486,C106335,VA-NB-ARC,2026-03-20,Amazon,1,1299,ARC-2601-4
VR899182,C107380,VA-EB-PL1,2026-03-20,vireo.in,1,2249,PL1-2601-1
VR902069,C105188,VA-NB-ARC,2026-03-20,vireo.in,1,1104,ARC-2602-4
VR903474,C104914,VA-EB-PL2,2026-03-20,Amazon,1,3499,PL2-2602-1
VR906607,C108387,VA-SP-MINI,2026-03-20,Flipkart,1,2249,MINI-2601-4
VR881594,C108772,VA-EB-PL1,2026-03-21,Amazon,1,2499,PL1-2512-2
VR881879,C102413,VA-SP-MINI,2026-03-21,vireo.in,1,2499,MINI-2601-3
VR881980,C101499,VA-EB-PL2,2026-03-21,Amazon,1,3324,PL2-2601-4
VR886954,C100989,VA-EB-PL1,2026-03-21,vireo.in,2,4248,PL1-2601-1
VR888727,C104916,VA-EB-PL2,2026-03-21,Amazon,1,3499,PL2-2512-3
VR890186,C107929,VA-EB-PL2,2026-03-21,vireo.in,1,2974,PL2-2602-2
VR892925,C109121,VA-EB-AIR,2026-03-21,vireo.in,1,1709,AIR-2602-2
VR894034,C101361,VA-EB-PL2,2026-03-21,vireo.in,1,3499,PL2-2601-3
VR894725,C109361,VA-SW-NX2,2026-03-21,vireo.in,1,6174,NX2-2512-4
VR894839,C108894,VA-SW-NX2,2026-03-21,vireo.in,1,5524,NX2-2601-1
VR895520,C107847,VA-EB-PL2,2026-03-21,Amazon,1,3324,PL2-2512-1
VR899695,C105075,VA-SP-ORB,2026-03-21,vireo.in,1,4799,ORB-2601-1
VR900804,C106711,VA-EB-AIR,2026-03-21,Flipkart,1,1619,AIR-2512-4
VR902015,C109179,VA-NB-ARC,2026-03-21,Amazon,1,1299,ARC-2601-4
VR902122,C106187,VA-SP-ORB,2026-03-21,vireo.in,1,5999,ORB-2512-2
VR902935,C106350,VA-EB-PL2,2026-03-21,Amazon,1,2974,PL2-2512-3
VR903138,C108461,VA-EB-PL1,2026-03-21,vireo.in,1,2499,PL1-2601-2
VR903428,C102755,VA-NB-ARC,2026-03-21,Flipkart,1,1104,ARC-2512-2
VR905970,C104092,VA-SP-ORB,2026-03-21,vireo.in,1,5999,ORB-2512-3
VR906144,C105695,VA-SW-NX2,2026-03-21,vireo.in,1,5524,NX2-2512-4
VR907702,C100575,VA-EB-AIR,2026-03-21,vireo.in,1,1439,AIR-2602-1
VR909618,C108110,VA-AC-CBL,2026-03-21,vireo.in,2,718,CBL-2602-3
VR881371,C107852,VA-SW-NX1,2026-03-22,vireo.in,1,4999,NX1-2602-1
VR881380,C101591,VA-EB-PL2,2026-03-22,vireo.in,1,3149,PL2-2512-3
VR882529,C109478,VA-EB-PL2,2026-03-22,Amazon,1,2974,PL2-2512-2
VR885967,C104411,VA-SP-ORB,2026-03-22,vireo.in,1,4799,ORB-2603-3
VR887836,C105584,VA-EB-PL2,2026-03-22,Amazon,1,2974,PL2-2512-4
VR889807,C109078,VA-HP-ST3,2026-03-22,Amazon,1,5949,ST3-2602-3
VR893811,C108894,VA-HP-ST3,2026-03-22,vireo.in,1,5949,ST3-2512-3
VR894551,C107732,VA-EB-AIR,2026-03-22,Amazon,1,1799,AIR-2512-4
VR895247,C101555,VA-AC-CASE,2026-03-22,Flipkart,1,1234,CASE-2512-1
VR895279,C102251,VA-SW-NX2,2026-03-22,Amazon,1,6499,NX2-2601-4
VR895842,C108507,VA-HP-ST3,2026-03-22,vireo.in,1,6999,ST3-2601-1
VR897720,C102260,VA-SW-NX1,2026-03-22,vireo.in,1,4999,NX1-2601-4
VR901919,C103678,VA-SW-NX2,2026-03-22,Amazon,1,5524,NX2-2512-1
VR902179,C102602,VA-EB-PL1,2026-03-22,Flipkart,1,2124,PL1-2512-2
VR902864,C108342,VA-EB-PL2,2026-03-22,vireo.in,1,3499,PL2-2601-1
VR903438,C104547,VA-EB-PL2,2026-03-22,Amazon,1,3499,PL2-2512-2
VR905068,C102170,VA-SW-NX1,2026-03-22,vireo.in,1,4999,NX1-2512-1
VR906827,C100082,VA-EB-AIR,2026-03-22,vireo.in,1,1709,AIR-2601-2
VR908449,C106701,VA-EB-PL2,2026-03-22,Flipkart,1,3324,PL2-2601-4
VR880795,C107430,VA-SW-FIT,2026-03-23,vireo.in,1,1699,FIT-2601-3
VR881288,C103692,VA-EB-PL2,2026-03-23,vireo.in,1,3499,PL2-2602-3
VR884106,C100943,VA-EB-PL2,2026-03-23,vireo.in,1,3499,PL2-2601-3
VR886355,C100552,VA-EB-AIR,2026-03-23,Flipkart,1,1709,AIR-2602-1
VR887591,C102454,VA-HP-ST3,2026-03-23,Amazon,1,5949,ST3-2601-2
VR888253,C103711,VA-SW-NX1,2026-03-23,vireo.in,1,4999,NX1-2602-4
VR888662,C107139,VA-AC-CH65,2026-03-23,Amazon,1,1499,CH65-2602-1
VR891492,C103580,VA-SW-NX2,2026-03-23,vireo.in,1,6499,NX2-2601-4
VR894130,C100539,VA-HP-ST3,2026-03-23,Amazon,1,6999,ST3-2601-2
VR894723,C105408,VA-EB-AIR,2026-03-23,vireo.in,1,1709,AIR-2602-1
VR895716,C109063,VA-HP-ST2,2026-03-23,vireo.in,1,4999,ST2-2602-2
VR898703,C108175,VA-EB-AIR,2026-03-23,Amazon,1,1709,AIR-2602-4
VR899135,C108073,VA-SP-MINI,2026-03-23,Amazon,1,2499,MINI-2512-3
VR900562,C103868,VA-EB-PL2,2026-03-23,vireo.in,1,3499,PL2-2512-1
VR902926,C108906,VA-AC-CASE,2026-03-23,vireo.in,1,1039,CASE-2512-2
VR903830,C109365,VA-HP-ST3,2026-03-23,Amazon,1,5949,ST3-2512-2
VR904210,C100012,VA-SW-FIT,2026-03-23,vireo.in,1,1799,FIT-2602-2
VR905178,C104989,VA-EB-PL2,2026-03-23,Flipkart,1,2799,PL2-2601-4
VR907090,C103632,VA-SP-MINI,2026-03-23,vireo.in,1,2499,MINI-2512-4
VR909922,C104589,VA-EB-PL1,2026-03-23,vireo.in,1,2374,PL1-2602-4
VR880812,C108563,VA-EB-PL2,2026-03-24,Amazon,1,3499,PL2-2601-2
VR882477,C102002,VA-EB-PL2,2026-03-24,Flipkart,1,3499,PL2-2601-3
VR882620,C106098,VA-SW-FIT,2026-03-24,Flipkart,1,1599,FIT-2602-1
VR885281,C108237,VA-EB-AIR,2026-03-24,vireo.in,1,1619,AIR-2512-2
VR887238,C100790,VA-AC-CH65,2026-03-24,vireo.in,1,1499,CH65-2601-3
VR889011,C104345,VA-AC-CASE,2026-03-24,vireo.in,1,1039,CASE-2512-3
VR889677,C108731,VA-EB-PL1,2026-03-24,vireo.in,1,2499,PL1-2602-1
VR890374,C103132,VA-NB-ARC,2026-03-24,Amazon,1,1299,ARC-2601-4
VR891421,C101788,VA-EB-PL1,2026-03-24,vireo.in,1,2499,PL1-2601-1
VR892024,C103966,VA-SW-NX2,2026-03-24,Amazon,2,12348,NX2-2512-3
VR892034,C104221,VA-EB-PL1,2026-03-24,Amazon,1,2249,PL1-2602-2
VR892378,C108693,VA-NB-ARC,2026-03-24,Amazon,1,1039,ARC-2512-2
VR892686,C100120,VA-EB-PL1,2026-03-24,vireo.in,1,2499,PL1-2512-3
VR893452,C101163,VA-EB-PL2,2026-03-24,vireo.in,1,3149,PL2-2602-3
VR894871,C107380,VA-HP-ST3,2026-03-24,Amazon,1,5949,ST3-2601-4
VR897197,C105180,VA-SW-NX2,2026-03-24,Amazon,1,5849,NX2-2601-4
VR897521,C106795,VA-EB-PL2,2026-03-24,Flipkart,1,3149,PL2-2512-1
VR898618,C103069,VA-SW-NX1,2026-03-24,vireo.in,1,4999,NX1-2601-4
VR898751,C107487,VA-SW-NX2,2026-03-24,vireo.in,1,5524,NX2-2512-4
VR899680,C101654,VA-EB-PL1,2026-03-24,Amazon,1,2499,PL1-2602-1
VR900353,C103118,VA-SW-FIT,2026-03-24,vireo.in,1,1799,FIT-2602-3
VR900380,C104064,VA-EB-PL2,2026-03-24,vireo.in,1,3499,PL2-2602-3
VR900541,C103446,VA-EB-PL1,2026-03-24,Flipkart,1,2374,PL1-2512-1
VR900556,C104385,VA-EB-PL2,2026-03-24,vireo.in,1,3149,PL2-2602-3
VR900669,C104892,VA-EB-PL2,2026-03-24,vireo.in,2,6998,PL2-2603-2
VR905652,C102223,VA-SP-MINI,2026-03-24,Flipkart,1,2124,MINI-2602-4
VR906187,C100383,VA-NB-ARC,2026-03-24,Flipkart,1,1169,ARC-2602-2
VR908348,C100962,VA-EB-AIR,2026-03-24,vireo.in,1,1619,AIR-2601-1
VR909925,C107365,VA-EB-PL2,2026-03-24,Amazon,1,2799,PL2-2601-2
VR880661,C109109,VA-NB-ARC,2026-03-25,vireo.in,1,1169,ARC-2602-1
VR880681,C105474,VA-EB-PL2,2026-03-25,Amazon,1,3149,PL2-2512-4
VR881960,C108189,VA-EB-PL2,2026-03-25,vireo.in,2,6998,PL2-2601-2
VR882257,C109066,VA-SP-MINI,2026-03-25,Flipkart,1,2499,MINI-2602-4
VR883113,C104382,VA-SW-FIT,2026-03-25,Flipkart,1,1799,FIT-2512-3
VR883650,C107905,VA-SP-MINI,2026-03-25,vireo.in,2,4248,MINI-2602-3
VR886722,C101296,VA-EB-PL2,2026-03-25,vireo.in,1,3499,PL2-2601-1
VR891177,C108432,VA-SW-FIT,2026-03-25,vireo.in,1,1699,FIT-2603-2
VR893321,C100970,VA-AC-CBL,2026-03-25,Amazon,1,399,CBL-2602-2
VR893419,C101725,VA-EB-PL2,2026-03-25,Amazon,1,2974,PL2-2603-2
VR893570,C108754,VA-SP-MINI,2026-03-25,vireo.in,1,2374,MINI-2602-4
VR893855,C100248,VA-SW-NX2,2026-03-25,vireo.in,1,5199,NX2-2601-1
VR898464,C107993,VA-EB-PL2,2026-03-25,vireo.in,1,2799,PL2-2512-3
VR899087,C100957,VA-AC-CASE,2026-03-25,Amazon,2,2598,CASE-2602-1
VR900418,C100742,VA-EB-PL2,2026-03-25,vireo.in,1,2799,PL2-2601-3
VR901820,C101356,VA-EB-PL2,2026-03-25,vireo.in,1,3149,PL2-2603-4
VR902387,C104471,VA-EB-PL2,2026-03-25,Amazon,1,3324,PL2-2602-4
VR903684,C107140,VA-EB-PL2,2026-03-25,Amazon,1,3499,PL2-2512-2
VR903911,C108392,VA-EB-PL2,2026-03-25,vireo.in,1,2974,PL2-2512-1
VR904572,C105885,VA-EB-AIR,2026-03-25,Amazon,2,3238,AIR-2512-1
VR905523,C101820,VA-EB-PL2,2026-03-25,vireo.in,1,2799,PL2-2601-2
VR906799,C107080,VA-EB-PL1,2026-03-25,Flipkart,1,2374,PL1-2601-1
VR907654,C101341,VA-NB-ARC,2026-03-25,Amazon,1,1169,ARC-2512-4
VR909428,C106158,VA-EB-PL1,2026-03-25,vireo.in,1,2499,PL1-2512-3
VR909765,C105504,VA-EB-PL2,2026-03-25,Amazon,1,3499,PL2-2601-4
VR880655,C104478,VA-EB-PL2,2026-03-26,vireo.in,1,3499,PL2-2512-4
VR881029,C105886,VA-SP-MINI,2026-03-26,Amazon,1,2499,MINI-2601-2
VR881353,C107196,VA-HP-ST3,2026-03-26,vireo.in,1,5599,ST3-2512-1
VR881485,C105612,VA-EB-PL2,2026-03-26,Amazon,1,2799,PL2-2601-1
VR881742,C108523,VA-SW-FIT,2026-03-26,Flipkart,1,1999,FIT-2512-2
VR882303,C105862,VA-HP-ST3,2026-03-26,vireo.in,1,6299,ST3-2601-1
VR882918,C104329,VA-EB-PL2,2026-03-26,Flipkart,1,2974,PL2-2601-2
VR882977,C108531,VA-EB-PL2,2026-03-26,vireo.in,1,3499,PL2-2602-3
VR884275,C102389,VA-EB-PL2,2026-03-26,vireo.in,1,3499,PL2-2512-1
VR885039,C102830,VA-EB-PL2,2026-03-26,vireo.in,1,3499,PL2-2601-3
VR885397,C101880,VA-EB-PL2,2026-03-26,vireo.in,1,2799,PL2-2601-1
VR885719,C107973,VA-HP-ST3,2026-03-26,Flipkart,1,6649,ST3-2512-1
VR886872,C102611,VA-SW-NX2,2026-03-26,Flipkart,1,6499,NX2-2601-3
VR887495,C101439,VA-SW-NX2,2026-03-26,vireo.in,1,6499,NX2-2603-2
VR889209,C101045,VA-EB-AIR,2026-03-26,vireo.in,1,1799,AIR-2512-3
VR890018,C101907,VA-EB-PL2,2026-03-26,Amazon,1,3499,PL2-2602-1
VR890640,C101766,VA-HP-ST3,2026-03-26,vireo.in,1,5949,ST3-2601-4
VR891452,C104252,VA-SP-MINI,2026-03-26,Amazon,1,2374,MINI-2602-3
VR892046,C101450,VA-EB-AIR,2026-03-26,Flipkart,1,1529,AIR-2512-3
VR893480,C109294,VA-EB-PL2,2026-03-26,vireo.in,1,3499,PL2-2512-1
VR893655,C102481,VA-EB-PL2,2026-03-26,vireo.in,1,3499,PL2-2602-3
VR895253,C100793,VA-SP-MINI,2026-03-26,Amazon,1,1999,MINI-2602-2
VR895511,C108984,VA-SW-NX2,2026-03-26,vireo.in,1,5199,NX2-2602-3
VR895885,C104199,VA-EB-PL1,2026-03-26,vireo.in,1,2499,PL1-2601-1
VR896177,C106131,VA-EB-AIR,2026-03-26,vireo.in,1,1619,AIR-2601-3
VR896751,C109006,VA-EB-PL2,2026-03-26,Amazon,1,2974,PL2-2601-1
VR897684,C105310,VA-EB-PL1,2026-03-26,vireo.in,1,2124,PL1-2512-1
VR898276,C106132,VA-HP-ST3,2026-03-26,vireo.in,1,5599,ST3-2512-1
VR900041,C107815,VA-SW-FIT,2026-03-26,vireo.in,1,1999,FIT-2602-3
VR900182,C100561,VA-EB-AIR,2026-03-26,vireo.in,1,1799,AIR-2512-4
VR903053,C103617,VA-EB-PL2,2026-03-26,vireo.in,1,3499,PL2-2512-2
VR906473,C100513,VA-EB-PL1,2026-03-26,Amazon,1,2124,PL1-2602-2
VR908260,C102294,VA-EB-AIR,2026-03-26,vireo.in,1,1439,AIR-2512-3
VR908834,C101516,VA-SW-NX2,2026-03-26,Amazon,1,5524,NX2-2512-3
VR909669,C107878,VA-EB-PL1,2026-03-26,Amazon,1,2499,PL1-2512-4
VR880009,C109234,VA-HP-ST2,2026-03-27,vireo.in,1,4999,ST2-2601-4
VR880275,C102408,VA-HP-ST3,2026-03-27,Flipkart,1,6299,ST3-2512-1
VR881171,C105620,VA-AC-CASE,2026-03-27,vireo.in,1,1234,CASE-2601-3
VR881254,C104900,VA-SW-FIT,2026-03-27,vireo.in,1,1999,FIT-2602-1
VR882686,C102394,VA-EB-PL2,2026-03-27,vireo.in,1,2974,PL2-2601-3
VR884015,C104914,VA-EB-PL2,2026-03-27,vireo.in,1,2974,PL2-2512-1
VR884316,C107900,VA-SP-MINI,2026-03-27,Flipkart,2,3998,MINI-2601-4
VR884623,C105405,VA-EB-AIR,2026-03-27,vireo.in,1,1799,AIR-2601-2
VR885262,C106686,VA-EB-PL2,2026-03-27,vireo.in,1,2974,PL2-2602-1
VR885801,C108445,VA-HP-ST3,2026-03-27,Amazon,1,5949,ST3-2512-1
VR889206,C105886,VA-EB-PL1,2026-03-27,Amazon,1,2499,PL1-2512-4
VR889951,C101539,VA-SW-NX2,2026-03-27,vireo.in,1,6174,NX2-2601-2
VR890020,C100952,VA-AC-CH65,2026-03-27,vireo.in,1,1499,CH65-2601-1
VR890080,C107023,VA-EB-PL2,2026-03-27,vireo.in,1,3149,PL2-2603-4
VR890426,C106048,VA-SW-NX2,2026-03-27,Flipkart,1,6499,NX2-2602-1
VR890455,C102316,VA-EB-PL2,2026-03-27,Amazon,1,2974,PL2-2602-2
VR893347,C105744,VA-HP-ST3,2026-03-27,vireo.in,1,6999,ST3-2512-3
VR893457,C100877,VA-EB-PL1,2026-03-27,Amazon,1,1999,PL1-2602-1
VR894368,C108133,VA-SW-FIT,2026-03-27,vireo.in,1,1999,FIT-2602-3
VR896908,C100897,VA-EB-PL2,2026-03-27,Amazon,1,3149,PL2-2602-1
VR897443,C102990,VA-EB-PL2,2026-03-27,Flipkart,1,3499,PL2-2601-1
VR898005,C107674,VA-EB-PL2,2026-03-27,Amazon,1,3324,PL2-2602-3
VR898460,C102323,VA-EB-PL2,2026-03-27,Amazon,1,3324,PL2-2602-4
VR899678,C107457,VA-SW-NX2,2026-03-27,vireo.in,1,6499,NX2-2512-3
VR903465,C101584,VA-EB-AIR,2026-03-27,vireo.in,1,1439,AIR-2602-3
VR903589,C108179,VA-EB-PL2,2026-03-27,Amazon,1,3324,PL2-2601-2
VR905094,C105512,VA-EB-PL2,2026-03-27,Amazon,1,3499,PL2-2512-4
VR906811,C104577,VA-EB-PL2,2026-03-27,vireo.in,2,6998,PL2-2601-3
VR881300,C105167,VA-EB-PL1,2026-03-28,Flipkart,1,2499,PL1-2603-2
VR881521,C100463,VA-SW-FIT,2026-03-28,Amazon,1,1999,FIT-2603-1
VR886428,C102837,VA-EB-PL2,2026-03-28,Flipkart,1,3499,PL2-2512-4
VR887213,C102630,VA-EB-PL2,2026-03-28,Flipkart,1,3149,PL2-2602-4
VR887896,C108141,VA-SP-ORB,2026-03-28,Amazon,1,5999,ORB-2601-1
VR888504,C100717,VA-SW-NX2,2026-03-28,Amazon,1,5524,NX2-2601-2
VR889059,C107968,VA-SW-NX2,2026-03-28,Flipkart,1,5524,NX2-2512-4
VR889618,C101959,VA-EB-PL2,2026-03-28,Amazon,1,3324,PL2-2601-1
VR890245,C107094,VA-HP-ST2,2026-03-28,vireo.in,2,9998,ST2-2512-4
VR890472,C102012,VA-EB-PL2,2026-03-28,vireo.in,2,6998,PL2-2512-3
VR890626,C104783,VA-EB-PL2,2026-03-28,Amazon,1,3499,PL2-2603-2
VR891112,C105051,VA-EB-PL2,2026-03-28,Amazon,1,3499,PL2-2601-2
VR891882,C105017,VA-SW-NX2,2026-03-28,vireo.in,1,5849,NX2-2512-1
VR895778,C100413,VA-EB-PL1,2026-03-28,Amazon,1,2374,PL1-2603-3
VR898206,C105065,VA-EB-PL1,2026-03-28,vireo.in,1,1999,PL1-2603-1
VR900853,C105641,VA-EB-PL1,2026-03-28,vireo.in,1,1999,PL1-2512-4
VR904106,C105486,VA-EB-PL2,2026-03-28,vireo.in,1,3499,PL2-2512-4
VR905016,C106997,VA-EB-PL2,2026-03-28,vireo.in,1,2974,PL2-2602-1
VR907757,C101823,VA-HP-ST3,2026-03-28,Amazon,1,6649,ST3-2601-4
VR907861,C107000,VA-SW-FIT,2026-03-28,vireo.in,1,1999,FIT-2601-2
VR908484,C101525,VA-EB-PL2,2026-03-28,vireo.in,1,3149,PL2-2601-2
VR886087,C105336,VA-EB-PL2,2026-03-29,vireo.in,1,3499,PL2-2602-4
VR887225,C101568,VA-AC-CASE,2026-03-29,Flipkart,2,2468,CASE-2512-1
VR888396,C100433,VA-EB-PL2,2026-03-29,vireo.in,1,3499,PL2-2601-2
VR890264,C109328,VA-EB-AIR,2026-03-29,vireo.in,1,1709,AIR-2601-2
VR890691,C104980,VA-HP-ST2,2026-03-29,Amazon,1,4499,ST2-2512-1
VR890710,C101871,VA-EB-PL2,2026-03-29,vireo.in,1,3324,PL2-2603-4
VR891653,C108571,VA-SP-MINI,2026-03-29,Amazon,1,2249,MINI-2602-1
VR892300,C105340,VA-EB-PL1,2026-03-29,Amazon,1,2249,PL1-2512-4
VR893808,C108012,VA-EB-PL2,2026-03-29,vireo.in,1,2799,PL2-2602-4
VR894049,C105013,VA-NB-ARC,2026-03-29,vireo.in,1,1299,ARC-2601-4
VR894278,C102900,VA-EB-AIR,2026-03-29,Flipkart,1,1619,AIR-2602-4
VR896776,C101569,VA-EB-PL2,2026-03-29,Flipkart,1,2799,PL2-2512-1
VR898179,C100061,VA-NB-ARC,2026-03-29,vireo.in,1,1299,ARC-2603-4
VR900655,C106675,VA-EB-AIR,2026-03-29,Flipkart,1,1799,AIR-2512-2
VR900807,C107237,VA-HP-ST2,2026-03-29,Flipkart,1,4499,ST2-2601-3
VR900955,C101540,VA-EB-PL2,2026-03-29,vireo.in,1,2799,PL2-2602-1
VR902316,C103094,VA-AC-CH65,2026-03-29,vireo.in,1,1274,CH65-2512-3
VR905280,C106422,VA-EB-PL2,2026-03-29,Flipkart,1,3149,PL2-2601-2
VR905308,C103768,VA-EB-PL2,2026-03-29,vireo.in,1,3149,PL2-2601-2
VR905953,C107043,VA-SW-FIT,2026-03-29,Amazon,1,1999,FIT-2601-2
VR907920,C107609,VA-SW-NX2,2026-03-29,vireo.in,1,5524,NX2-2602-3
VR908380,C102340,VA-EB-PL2,2026-03-29,Amazon,1,3499,PL2-2601-4
VR909905,C108864,VA-SW-NX2,2026-03-29,vireo.in,1,5524,NX2-2603-1
VR880647,C102516,VA-EB-PL2,2026-03-30,Amazon,1,2974,PL2-2601-1
VR880801,C100099,VA-SW-FIT,2026-03-30,Amazon,1,1999,FIT-2602-2
VR882021,C103841,VA-NB-ARC,2026-03-30,vireo.in,2,2598,ARC-2602-4
VR884336,C108375,VA-EB-PL2,2026-03-30,Amazon,1,3324,PL2-2603-1
VR886804,C107593,VA-SW-FIT,2026-03-30,Flipkart,1,1999,FIT-2601-4
VR886830,C101956,VA-EB-PL1,2026-03-30,vireo.in,1,2249,PL1-2601-3
VR888605,C101493,VA-EB-PL2,2026-03-30,Flipkart,2,6998,PL2-2602-3
VR888624,C103746,VA-AC-CASE,2026-03-30,Flipkart,1,1299,CASE-2512-4
VR889401,C100084,VA-SP-ORB,2026-03-30,vireo.in,1,5399,ORB-2602-2
VR890861,C101376,VA-EB-PL2,2026-03-30,vireo.in,1,2799,PL2-2512-3
VR891697,C105473,VA-EB-AIR,2026-03-30,vireo.in,1,1709,AIR-2603-4
VR892489,C105117,VA-AC-CASE,2026-03-30,Amazon,1,1299,CASE-2601-4
VR892773,C106273,VA-HP-ST2,2026-03-30,vireo.in,2,8998,ST2-2602-3
VR892951,C108527,VA-HP-ST3,2026-03-30,Amazon,1,6299,ST3-2512-2
VR893726,C106406,VA-SP-MINI,2026-03-30,Amazon,1,2374,MINI-2602-1
VR894527,C103394,VA-EB-PL2,2026-03-30,Flipkart,1,2974,PL2-2603-4
VR894672,C105822,VA-EB-PL2,2026-03-30,Amazon,1,3149,PL2-2601-1
VR896081,C105390,VA-SW-FIT,2026-03-30,vireo.in,1,1999,FIT-2601-3
VR896102,C101083,VA-EB-PL2,2026-03-30,Flipkart,1,3499,PL2-2512-2
VR896785,C105844,VA-HP-ST3,2026-03-30,vireo.in,1,6999,ST3-2601-4
VR897194,C105568,VA-EB-PL2,2026-03-30,vireo.in,1,3324,PL2-2602-2
VR897986,C100805,VA-EB-PL2,2026-03-30,Flipkart,1,3499,PL2-2512-1
VR898142,C107420,VA-EB-PL2,2026-03-30,vireo.in,1,3499,PL2-2602-1
VR898608,C101635,VA-EB-PL2,2026-03-30,vireo.in,1,3499,PL2-2602-3
VR898799,C105575,VA-EB-PL1,2026-03-30,vireo.in,1,2249,PL1-2602-1
VR900621,C106451,VA-EB-PL2,2026-03-30,Flipkart,1,3499,PL2-2512-4
VR900931,C102403,VA-EB-PL2,2026-03-30,Amazon,1,3499,PL2-2602-3
VR904090,C106691,VA-NB-ARC,2026-03-30,vireo.in,1,1039,ARC-2601-1
VR905025,C108807,VA-EB-AIR,2026-03-30,vireo.in,1,1529,AIR-2603-1
VR908219,C106891,VA-EB-PL2,2026-03-30,vireo.in,1,3324,PL2-2602-2
VR908932,C104237,VA-SP-MINI,2026-03-30,Flipkart,1,2499,MINI-2512-2
VR909836,C106577,VA-SP-ORB,2026-03-30,vireo.in,1,5399,ORB-2601-4
VR880641,C109226,VA-HP-ST3,2026-03-31,vireo.in,1,6649,ST3-2602-1
VR883232,C109239,VA-SW-FIT,2026-03-31,vireo.in,1,1999,FIT-2603-4
VR883907,C107380,VA-EB-PL1,2026-03-31,vireo.in,1,2124,PL1-2602-1
VR886914,C104030,VA-EB-PL2,2026-03-31,vireo.in,1,2974,PL2-2602-3
VR888916,C100328,VA-SW-NX2,2026-03-31,Amazon,1,6499,NX2-2601-4
VR890467,C106884,VA-EB-AIR,2026-03-31,Flipkart,1,1799,AIR-2602-1
VR892693,C109095,VA-EB-PL2,2026-03-31,vireo.in,1,3499,PL2-2512-1
VR893114,C108373,VA-HP-ST3,2026-03-31,vireo.in,1,5949,ST3-2603-2
VR893200,C102687,VA-HP-ST2,2026-03-31,vireo.in,1,4249,ST2-2602-1
VR893317,C103351,VA-EB-AIR,2026-03-31,Flipkart,1,1799,AIR-2512-4
VR893361,C106766,VA-EB-PL1,2026-03-31,Amazon,1,2499,PL1-2601-3
VR896136,C107428,VA-EB-AIR,2026-03-31,vireo.in,1,1799,AIR-2512-4
VR896290,C108931,VA-SW-FIT,2026-03-31,vireo.in,1,1699,FIT-2602-2
VR896759,C106388,VA-AC-CASE,2026-03-31,vireo.in,1,1299,CASE-2601-2
VR896959,C104092,VA-EB-AIR,2026-03-31,Flipkart,1,1709,AIR-2601-2
VR897204,C105211,VA-SW-NX2,2026-03-31,vireo.in,1,5524,NX2-2512-3
VR897472,C102478,VA-SW-NX2,2026-03-31,Flipkart,1,5524,NX2-2512-3
VR899600,C109363,VA-SP-ORB,2026-03-31,Amazon,1,4799,ORB-2512-4
VR900055,C103205,VA-SW-NX1,2026-03-31,vireo.in,1,4999,NX1-2602-2
VR900294,C107868,VA-EB-AIR,2026-03-31,Amazon,1,1439,AIR-2601-2
VR903649,C108036,VA-HP-ST2,2026-03-31,vireo.in,1,4999,ST2-2512-3
VR905470,C103270,VA-EB-PL2,2026-03-31,vireo.in,1,2799,PL2-2601-2
VR906559,C100839,VA-EB-PL2,2026-03-31,Amazon,1,3499,PL2-2602-1
VR909544,C100558,VA-EB-AIR,2026-03-31,vireo.in,1,1799,AIR-2512-3
VR880048,C108154,VA-EB-PL1,2026-04-01,Flipkart,1,2249,PL1-2602-4
VR881285,C109265,VA-EB-PL2,2026-04-01,Flipkart,1,3149,PL2-2603-4
VR881881,C107213,VA-AC-CBL,2026-04-01,vireo.in,2,718,CBL-2601-3
VR882042,C108229,VA-EB-PL2,2026-04-01,vireo.in,1,2974,PL2-2601-1
VR882433,C104581,VA-EB-AIR,2026-04-01,vireo.in,1,1529,AIR-2512-2
VR882942,C108658,VA-SW-NX2,2026-04-01,vireo.in,2,12348,NX2-2601-4
VR883660,C100567,VA-EB-PL2,2026-04-01,vireo.in,2,6298,PL2-2602-2
VR883831,C101919,VA-EB-PL2,2026-04-01,Amazon,1,3149,PL2-2602-1
VR885575,C106247,VA-SW-NX2,2026-04-01,vireo.in,1,6499,NX2-2602-2
VR889923,C108062,VA-SW-NX1,2026-04-01,vireo.in,1,4749,NX1-2601-4
VR891551,C106756,VA-EB-AIR,2026-04-01,Amazon,1,1439,AIR-2512-4
VR892096,C101504,VA-EB-PL2,2026-04-01,vireo.in,1,2799,PL2-2601-2
VR892905,C108431,VA-EB-PL1,2026-04-01,Amazon,1,2499,PL1-2512-3
VR893142,C101895,VA-SW-NX2,2026-04-01,Amazon,1,6174,NX2-2602-3
VR893778,C105845,VA-SW-FIT,2026-04-01,vireo.in,1,1999,FIT-2601-3
VR894498,C104717,VA-EB-PL2,2026-04-01,Amazon,1,3499,PL2-2602-2
VR895346,C100543,VA-EB-PL2,2026-04-01,Amazon,1,3499,PL2-2603-3
VR895601,C102846,VA-AC-CH65,2026-04-01,vireo.in,1,1349,CH65-2602-3
VR896062,C105110,VA-EB-PL2,2026-04-01,vireo.in,1,3499,PL2-2602-4
VR896392,C103267,VA-EB-PL2,2026-04-01,vireo.in,1,3149,PL2-2603-2
VR896589,C107794,VA-SW-FIT,2026-04-01,Amazon,1,1999,FIT-2512-3
VR896851,C102286,VA-SP-MINI,2026-04-01,Flipkart,1,2499,MINI-2601-1
VR898487,C107642,VA-EB-PL1,2026-04-01,Amazon,1,2124,PL1-2512-2
VR899616,C101174,VA-EB-AIR,2026-04-01,vireo.in,1,1709,AIR-2603-1
VR902003,C107247,VA-SW-FIT,2026-04-01,Amazon,1,1899,FIT-2602-2
VR902605,C100747,VA-EB-PL2,2026-04-01,Flipkart,1,3149,PL2-2603-2
VR903459,C107359,VA-EB-PL2,2026-04-01,Flipkart,1,2799,PL2-2602-2
VR903682,C107262,VA-SW-NX2,2026-04-01,vireo.in,1,5849,NX2-2601-3
VR880135,C103644,VA-SW-FIT,2026-04-02,Flipkart,2,3998,FIT-2601-4
VR884880,C105884,VA-EB-PL2,2026-04-02,Amazon,2,6998,PL2-2603-1
VR885271,C100948,VA-EB-PL2,2026-04-02,Amazon,1,3499,PL2-2602-2
VR886236,C103542,VA-EB-PL2,2026-04-02,vireo.in,1,3499,PL2-2602-4
VR886980,C107597,VA-EB-PL2,2026-04-02,vireo.in,1,3499,PL2-2512-4
VR886982,C105641,VA-EB-PL2,2026-04-02,Amazon,1,2799,PL2-2512-2
VR891046,C104274,VA-EB-AIR,2026-04-02,vireo.in,1,1799,AIR-2602-2
VR892504,C107198,VA-EB-PL2,2026-04-02,Flipkart,2,5948,PL2-2601-1
VR892891,C103481,VA-SW-NX1,2026-04-02,Amazon,1,4749,NX1-2602-1
VR892977,C106115,VA-EB-AIR,2026-04-02,Amazon,1,1439,AIR-2602-2
VR893212,C109011,VA-EB-PL2,2026-04-02,Flipkart,1,3499,PL2-2512-2
VR894131,C103672,VA-EB-AIR,2026-04-02,Amazon,2,3058,AIR-2512-3
VR894472,C103250,VA-EB-PL2,2026-04-02,Flipkart,2,6998,PL2-2603-2
VR894771,C104895,VA-EB-PL1,2026-04-02,Flipkart,2,4248,PL1-2601-4
VR896558,C109184,VA-EB-AIR,2026-04-02,Amazon,1,1709,AIR-2602-4
VR898946,C104329,VA-EB-PL2,2026-04-02,vireo.in,2,6998,PL2-2602-2
VR901042,C105148,VA-EB-PL2,2026-04-02,vireo.in,1,3149,PL2-2603-1
VR901143,C102817,VA-EB-PL1,2026-04-02,Flipkart,1,2124,PL1-2601-3
VR901682,C106180,VA-EB-PL2,2026-04-02,vireo.in,2,6648,PL2-2603-4
VR902232,C100729,VA-EB-AIR,2026-04-02,vireo.in,1,1799,AIR-2602-2
VR902815,C104663,VA-EB-AIR,2026-04-02,vireo.in,2,3418,AIR-2602-1
VR903193,C100369,VA-EB-PL2,2026-04-02,Flipkart,1,2799,PL2-2512-4
VR906674,C106987,VA-HP-ST3,2026-04-02,Flipkart,1,6999,ST3-2602-1
VR906757,C103502,VA-EB-PL1,2026-04-02,Flipkart,1,2249,PL1-2512-1
VR908523,C106369,VA-EB-PL1,2026-04-02,Amazon,1,2499,PL1-2603-2
VR908604,C104864,VA-SP-MINI,2026-04-02,Amazon,1,2249,MINI-2603-2
VR909227,C108440,VA-EB-AIR,2026-04-02,vireo.in,1,1799,AIR-2601-4
VR909911,C109454,VA-EB-PL2,2026-04-02,vireo.in,1,3499,PL2-2603-2
VR909977,C104704,VA-NB-ARC,2026-04-02,vireo.in,1,1104,ARC-2602-1
VR880552,C107599,VA-AC-CH65,2026-04-03,Flipkart,1,1274,CH65-2602-4
VR880794,C103522,VA-EB-PL1,2026-04-03,vireo.in,1,2499,PL1-2601-3
VR883094,C105495,VA-EB-PL2,2026-04-03,Amazon,1,3499,PL2-2512-3
VR883837,C107766,VA-AC-CBL,2026-04-03,vireo.in,1,399,CBL-2602-2
VR889295,C101448,VA-EB-PL2,2026-04-03,vireo.in,1,2974,PL2-2602-3
VR890633,C108758,VA-SP-ORB,2026-04-03,vireo.in,1,5999,ORB-2602-2
VR892786,C102647,VA-EB-PL2,2026-04-03,Amazon,1,3499,PL2-2602-4
VR893701,C102804,VA-SW-NX2,2026-04-03,Amazon,1,6499,NX2-2602-4
VR893939,C107538,VA-SP-MINI,2026-04-03,Amazon,1,2374,MINI-2602-3
VR894501,C106434,VA-EB-AIR,2026-04-03,vireo.in,1,1799,AIR-2603-4
VR895404,C105762,VA-SW-NX2,2026-04-03,Amazon,1,6499,NX2-2601-2
VR897506,C103564,VA-EB-PL1,2026-04-03,vireo.in,1,2124,PL1-2601-2
VR897889,C108550,VA-EB-AIR,2026-04-03,Flipkart,1,1799,AIR-2512-2
VR898225,C108318,VA-EB-AIR,2026-04-03,vireo.in,1,1439,AIR-2602-4
VR899756,C109018,VA-HP-ST3,2026-04-03,Flipkart,1,6999,ST3-2603-4
VR900014,C103198,VA-EB-PL2,2026-04-03,vireo.in,1,3499,PL2-2601-2
VR900542,C106760,VA-EB-PL1,2026-04-03,vireo.in,1,2249,PL1-2603-4
VR901199,C108255,VA-EB-PL2,2026-04-03,Amazon,1,3149,PL2-2601-3
VR901395,C106054,VA-AC-CASE,2026-04-03,vireo.in,1,1299,CASE-2601-4
VR901588,C104911,VA-EB-PL2,2026-04-03,Amazon,1,2974,PL2-2602-3
VR906052,C102383,VA-EB-PL2,2026-04-03,vireo.in,1,3499,PL2-2512-4
VR906427,C108792,VA-SW-NX1,2026-04-03,vireo.in,1,4999,NX1-2602-4
VR906717,C108414,VA-EB-PL1,2026-04-03,Flipkart,1,2124,PL1-2601-1
VR908313,C107097,VA-SW-FIT,2026-04-03,vireo.in,1,1799,FIT-2603-2
VR908402,C104563,VA-EB-PL1,2026-04-03,vireo.in,1,2124,PL1-2512-1
VR908810,C103810,VA-EB-AIR,2026-04-03,vireo.in,1,1439,AIR-2602-3
VR881335,C104112,VA-EB-PL1,2026-04-04,vireo.in,1,2249,PL1-2601-3
VR883951,C102998,VA-NB-ARC,2026-04-04,Amazon,1,1169,ARC-2512-4
VR884950,C100689,VA-EB-PL1,2026-04-04,Amazon,1,2499,PL1-2601-3
VR886063,C101274,VA-AC-CBL,2026-04-04,vireo.in,1,399,CBL-2512-1
VR887478,C103311,VA-SP-ORB,2026-04-04,Amazon,1,5099,ORB-2602-3
VR887745,C100360,VA-SP-MINI,2026-04-04,vireo.in,1,2499,MINI-2602-3
VR891902,C103551,VA-SW-NX2,2026-04-04,Flipkart,1,6499,NX2-2602-1
VR892301,C100101,VA-HP-ST3,2026-04-04,Amazon,1,5599,ST3-2603-3
VR895250,C109088,VA-EB-PL2,2026-04-04,vireo.in,1,3149,PL2-2603-4
VR895636,C105842,VA-EB-PL2,2026-04-04,vireo.in,1,3149,PL2-2601-4
VR895670,C108527,VA-NB-ARC,2026-04-04,vireo.in,1,1299,ARC-2512-3
VR895767,C103111,VA-NB-ARC,2026-04-04,Flipkart,1,1234,ARC-2601-2
VR896160,C100138,VA-EB-PL2,2026-04-04,vireo.in,1,3324,PL2-2601-4
VR899893,C108196,VA-SW-FIT,2026-04-04,vireo.in,1,1599,FIT-2602-1
VR901587,C102817,VA-SW-NX2,2026-04-04,Amazon,1,6499,NX2-2512-1
VR904216,C101477,VA-EB-AIR,2026-04-04,vireo.in,1,1799,AIR-2512-4
VR904694,C105841,VA-EB-PL2,2026-04-04,vireo.in,1,3149,PL2-2601-3
VR907139,C106124,VA-EB-PL2,2026-04-04,vireo.in,1,3149,PL2-2603-4
VR908172,C102430,VA-HP-ST3,2026-04-04,Flipkart,1,6999,ST3-2512-4
VR909095,C102054,VA-EB-AIR,2026-04-04,vireo.in,1,1709,AIR-2602-2
VR881425,C105417,VA-EB-AIR,2026-04-05,vireo.in,1,1799,AIR-2602-3
VR883280,C106777,VA-EB-PL2,2026-04-05,vireo.in,1,3324,PL2-2602-3
VR883896,C104901,VA-HP-ST2,2026-04-05,Amazon,1,4999,ST2-2601-4
VR884427,C102067,VA-SP-ORB,2026-04-05,vireo.in,2,10798,ORB-2601-3
VR886289,C107684,VA-SW-NX2,2026-04-05,vireo.in,1,5849,NX2-2603-3
VR889656,C105158,VA-SW-NX2,2026-04-05,Amazon,1,5524,NX2-2602-1
VR890662,C108618,VA-EB-PL2,2026-04-05,Flipkart,1,2799,PL2-2603-3
VR890889,C105900,VA-SW-NX1,2026-04-05,Amazon,1,4999,NX1-2602-4
VR892476,C102813,VA-SW-NX1,2026-04-05,Amazon,1,4999,NX1-2601-4
VR893587,C105771,VA-EB-PL2,2026-04-05,vireo.in,1,3499,PL2-2603-2
VR895099,C104714,VA-HP-ST3,2026-04-05,vireo.in,1,6999,ST3-2601-1
VR896015,C100072,VA-SW-NX2,2026-04-05,Amazon,1,6499,NX2-2603-2
VR896711,C107949,VA-EB-PL2,2026-04-05,Flipkart,2,6298,PL2-2602-1
VR898335,C109487,VA-SW-NX2,2026-04-05,Amazon,1,5524,NX2-2512-3
VR898379,C106274,VA-EB-PL2,2026-04-05,Flipkart,1,2974,PL2-2602-4
VR899373,C104512,VA-EB-PL2,2026-04-05,Amazon,1,3149,PL2-2601-3
VR901889,C101519,VA-SP-ORB,2026-04-05,vireo.in,1,5099,ORB-2601-2
VR903492,C101477,VA-EB-PL2,2026-04-05,vireo.in,1,3499,PL2-2602-2
VR904347,C107277,VA-EB-PL2,2026-04-05,Amazon,1,3499,PL2-2601-3
VR904570,C102256,VA-SW-FIT,2026-04-05,Flipkart,1,1999,FIT-2601-4
VR905824,C108448,VA-EB-PL2,2026-04-05,Amazon,1,3499,PL2-2602-1
VR906039,C107070,VA-EB-PL2,2026-04-05,vireo.in,2,5948,PL2-2512-1
VR907707,C105795,VA-EB-AIR,2026-04-05,Amazon,1,1529,AIR-2601-2
VR909359,C103614,VA-EB-PL2,2026-04-05,Amazon,1,2974,PL2-2603-1
VR909379,C108262,VA-SW-NX2,2026-04-05,vireo.in,1,6174,NX2-2512-3
VR909430,C103228,VA-EB-AIR,2026-04-05,vireo.in,1,1619,AIR-2512-3
VR909817,C104448,VA-SW-NX2,2026-04-05,Flipkart,1,6499,NX2-2512-1
VR880027,C104838,VA-EB-PL2,2026-04-06,vireo.in,2,6648,PL2-2601-4
VR881850,C106157,VA-SW-NX1,2026-04-06,vireo.in,1,4499,NX1-2603-2
VR883505,C108551,VA-EB-PL2,2026-04-06,vireo.in,1,3499,PL2-2603-1
VR883818,C103472,VA-EB-PL2,2026-04-06,Amazon,1,3149,PL2-2601-1
VR884053,C100647,VA-EB-PL1,2026-04-06,Flipkart,1,2499,PL1-2602-3
VR886711,C103179,VA-NB-ARC,2026-04-06,Amazon,1,1169,ARC-2602-3
VR887798,C104988,VA-HP-ST3,2026-04-06,vireo.in,1,6999,ST3-2512-2
VR888179,C106446,VA-SW-NX2,2026-04-06,vireo.in,1,5524,NX2-2601-3
VR889075,C103981,VA-SW-NX1,2026-04-06,vireo.in,1,4499,NX1-2601-2
VR890168,C107561,VA-EB-PL1,2026-04-06,Amazon,1,2124,PL1-2603-3
VR893026,C100201,VA-HP-ST3,2026-04-06,Amazon,2,13998,ST3-2603-4
VR896223,C103220,VA-EB-AIR,2026-04-06,Amazon,1,1439,AIR-2601-1
VR896491,C102566,VA-HP-ST2,2026-04-06,vireo.in,1,4499,ST2-2602-3
VR897452,C101010,VA-EB-PL2,2026-04-06,Amazon,1,3499,PL2-2602-4
VR897926,C108316,VA-EB-PL2,2026-04-06,Amazon,1,3149,PL2-2603-4
VR898575,C100458,VA-AC-CASE,2026-04-06,Amazon,1,1104,CASE-2601-3
VR898650,C105785,VA-EB-PL1,2026-04-06,Flipkart,1,2499,PL1-2601-2
VR898881,C102687,VA-SP-MINI,2026-04-06,Flipkart,1,1999,MINI-2601-1
VR899290,C103258,VA-EB-PL1,2026-04-06,vireo.in,1,2499,PL1-2602-3
VR899538,C107476,VA-EB-PL1,2026-04-06,vireo.in,1,1999,PL1-2602-4
VR900729,C101852,VA-EB-PL2,2026-04-06,vireo.in,1,3149,PL2-2602-3
VR900798,C107039,VA-EB-PL2,2026-04-06,Amazon,1,2799,PL2-2603-1
VR901500,C103959,VA-SP-MINI,2026-04-06,vireo.in,1,2374,MINI-2603-4
VR902285,C108165,VA-EB-PL2,2026-04-06,Flipkart,1,2974,PL2-2601-1
VR904247,C108548,VA-EB-PL2,2026-04-06,Amazon,1,3499,PL2-2602-2
VR904864,C102904,VA-AC-CASE,2026-04-06,vireo.in,1,1234,CASE-2512-2
VR905935,C108264,VA-EB-PL2,2026-04-06,vireo.in,1,3499,PL2-2602-4
VR907026,C108933,VA-EB-PL2,2026-04-06,vireo.in,1,3499,PL2-2603-3
VR908133,C108295,VA-EB-PL2,2026-04-06,vireo.in,1,3149,PL2-2601-3
VR908478,C109130,VA-NB-ARC,2026-04-06,Amazon,1,1299,ARC-2603-3
VR909957,C102923,VA-SW-NX2,2026-04-06,vireo.in,1,6499,NX2-2602-3
VR880474,C108695,VA-HP-ST3,2026-04-07,vireo.in,1,6999,ST3-2602-4
VR881965,C103860,VA-EB-PL2,2026-04-07,vireo.in,1,3324,PL2-2602-2
VR882201,C106295,VA-EB-AIR,2026-04-07,Amazon,1,1799,AIR-2601-1
VR883220,C104394,VA-EB-PL2,2026-04-07,vireo.in,1,3499,PL2-2602-2
VR886511,C102716,VA-EB-PL2,2026-04-07,vireo.in,2,5948,PL2-2603-4
VR886945,C108838,VA-SP-MINI,2026-04-07,Amazon,1,2124,MINI-2603-2
VR888437,C108250,VA-EB-PL2,2026-04-07,vireo.in,1,2799,PL2-2602-1
VR890405,C107435,VA-SP-MINI,2026-04-07,Amazon,1,2499,MINI-2602-1
VR892618,C104085,VA-SP-MINI,2026-04-07,Flipkart,1,2499,MINI-2603-1
VR893341,C100519,VA-EB-AIR,2026-04-07,vireo.in,1,1709,AIR-2602-1
VR893385,C102978,VA-SW-NX2,2026-04-07,vireo.in,1,6499,NX2-2603-2
VR894255,C105471,VA-EB-PL1,2026-04-07,vireo.in,2,3998,PL1-2602-3
VR897664,C109207,VA-EB-PL2,2026-04-07,Amazon,1,3499,PL2-2512-2
VR897969,C107621,VA-SP-MINI,2026-04-07,Amazon,1,2249,MINI-2601-3
VR899982,C104080,VA-SW-NX2,2026-04-07,vireo.in,1,6499,NX2-2602-4
VR900407,C100011,VA-EB-PL2,2026-04-07,Amazon,1,3324,PL2-2603-3
VR901366,C102048,VA-SW-NX1,2026-04-07,vireo.in,1,4249,NX1-2512-4
VR903210,C107629,VA-SP-MINI,2026-04-07,vireo.in,1,2499,MINI-2601-2
VR905187,C108230,VA-EB-AIR,2026-04-07,vireo.in,1,1709,AIR-2601-2
VR905504,C101064,VA-SW-FIT,2026-04-07,vireo.in,1,1899,FIT-2601-3
VR906589,C101183,VA-SW-NX1,2026-04-07,Flipkart,1,4999,NX1-2603-4
VR907885,C103199,VA-EB-PL2,2026-04-07,Amazon,1,3149,PL2-2602-3
VR908298,C109258,VA-SP-ORB,2026-04-07,Amazon,1,5399,ORB-2602-2
VR908904,C107312,VA-HP-ST3,2026-04-07,vireo.in,1,5599,ST3-2512-1
VR909535,C107351,VA-HP-ST3,2026-04-07,vireo.in,1,6999,ST3-2601-3
VR881263,C107692,VA-EB-PL2,2026-04-08,Amazon,1,2799,PL2-2601-2
VR882832,C102191,VA-SW-FIT,2026-04-08,vireo.in,1,1999,FIT-2601-1
VR883140,C107108,VA-EB-PL2,2026-04-08,vireo.in,1,3499,PL2-2601-2
VR883457,C103725,VA-HP-ST2,2026-04-08,vireo.in,1,4999,ST2-2512-2
VR883703,C103731,VA-HP-ST3,2026-04-08,vireo.in,1,6999,ST3-2601-2
VR884244,C102351,VA-SP-ORB,2026-04-08,vireo.in,1,5999,ORB-2602-2
VR884449,C101703,VA-EB-AIR,2026-04-08,vireo.in,1,1799,AIR-2603-1
VR884956,C105684,VA-EB-AIR,2026-04-08,vireo.in,1,1619,AIR-2601-2
VR886313,C107683,VA-HP-ST2,2026-04-08,vireo.in,1,4749,ST2-2601-2
VR887711,C100136,VA-EB-PL2,2026-04-08,vireo.in,1,3149,PL2-2602-3
VR887899,C106436,VA-EB-PL2,2026-04-08,vireo.in,1,3149,PL2-2512-4
VR887964,C101131,VA-AC-CASE,2026-04-08,vireo.in,1,1299,CASE-2602-3
VR889329,C108278,VA-EB-PL2,2026-04-08,vireo.in,1,3499,PL2-2601-3
VR892465,C104290,VA-EB-PL2,2026-04-08,vireo.in,1,3324,PL2-2601-2
VR893624,C108070,VA-EB-PL2,2026-04-08,vireo.in,2,5598,PL2-2601-3
VR893924,C105734,VA-SW-NX2,2026-04-08,vireo.in,1,6499,NX2-2602-4
VR894214,C109193,VA-EB-PL2,2026-04-08,vireo.in,2,6998,PL2-2602-1
VR897013,C103262,VA-AC-CASE,2026-04-08,Amazon,1,1299,CASE-2602-1
VR898365,C105273,VA-EB-PL1,2026-04-08,vireo.in,1,2374,PL1-2601-4
VR903177,C103087,VA-EB-PL1,2026-04-08,vireo.in,2,4998,PL1-2601-4
VR903389,C102562,VA-EB-AIR,2026-04-08,Amazon,1,1439,AIR-2602-3
VR903425,C105926,VA-EB-PL2,2026-04-08,vireo.in,1,3324,PL2-2602-2
VR903449,C108727,VA-EB-PL2,2026-04-08,vireo.in,1,2974,PL2-2602-4
VR904627,C101869,VA-SP-MINI,2026-04-08,Amazon,1,2499,MINI-2603-2
VR905860,C101072,VA-EB-AIR,2026-04-08,vireo.in,1,1799,AIR-2601-4
VR907239,C107455,VA-AC-CASE,2026-04-08,vireo.in,1,1234,CASE-2602-4
VR880059,C104326,VA-SW-FIT,2026-04-09,Amazon,1,1999,FIT-2601-2
VR881939,C103318,VA-EB-PL2,2026-04-09,vireo.in,1,3324,PL2-2512-2
VR882588,C109345,VA-EB-PL2,2026-04-09,vireo.in,2,6298,PL2-2601-4
VR883502,C106950,VA-EB-PL2,2026-04-09,Amazon,1,2799,PL2-2603-3
VR886612,C101930,VA-SW-NX2,2026-04-09,vireo.in,1,5849,NX2-2601-4
VR889435,C106795,VA-SP-MINI,2026-04-09,vireo.in,1,1999,MINI-2601-1
VR892199,C104774,VA-EB-PL2,2026-04-09,vireo.in,1,3499,PL2-2602-3
VR894399,C107628,VA-EB-PL2,2026-04-09,vireo.in,1,3324,PL2-2602-4
VR894566,C105953,VA-EB-PL2,2026-04-09,Flipkart,1,3499,PL2-2601-4
VR896172,C104387,VA-SW-NX2,2026-04-09,Amazon,1,6499,NX2-2603-2
VR896192,C104802,VA-EB-PL2,2026-04-09,Flipkart,1,2974,PL2-2601-4
VR896822,C103103,VA-AC-CBL,2026-04-09,vireo.in,1,379,CBL-2602-2
VR897109,C107877,VA-EB-AIR,2026-04-09,Amazon,2,2878,AIR-2603-1
VR903106,C106319,VA-EB-PL2,2026-04-09,vireo.in,1,3324,PL2-2601-2
VR903847,C102764,VA-EB-PL2,2026-04-09,vireo.in,1,2799,PL2-2603-1
VR904151,C103989,VA-AC-CASE,2026-04-09,vireo.in,1,1169,CASE-2603-4
VR906036,C103793,VA-EB-AIR,2026-04-09,vireo.in,1,1799,AIR-2512-4
VR906107,C106127,VA-NB-ARC,2026-04-09,Amazon,1,1039,ARC-2601-3
VR906466,C107506,VA-EB-PL2,2026-04-09,vireo.in,1,2799,PL2-2603-4
VR908899,C109494,VA-EB-PL2,2026-04-09,Amazon,1,3324,PL2-2603-1
VR909070,C107225,VA-HP-ST3,2026-04-09,vireo.in,1,6299,ST3-2601-2
VR909212,C105930,VA-EB-AIR,2026-04-09,Flipkart,1,1799,AIR-2512-2
VR909482,C101427,VA-HP-ST3,2026-04-09,Amazon,1,6999,ST3-2602-4
VR881333,C106440,VA-SP-MINI,2026-04-10,Amazon,1,2499,MINI-2602-4
VR881487,C101054,VA-SW-NX2,2026-04-10,vireo.in,1,6499,NX2-2602-3
VR882020,C100494,VA-EB-PL2,2026-04-10,Amazon,1,2799,PL2-2601-2
VR882351,C101444,VA-EB-PL2,2026-04-10,vireo.in,1,2799,PL2-2601-3
VR882385,C107528,VA-EB-PL2,2026-04-10,vireo.in,2,6298,PL2-2601-3
VR884768,C101225,VA-HP-ST3,2026-04-10,vireo.in,1,6999,ST3-2512-1
VR885456,C104777,VA-EB-PL2,2026-04-10,vireo.in,1,3499,PL2-2603-1
VR887324,C100476,VA-EB-PL1,2026-04-10,vireo.in,1,2124,PL1-2602-2
VR888345,C107012,VA-AC-CASE,2026-04-10,Flipkart,1,1299,CASE-2603-4
VR889692,C100927,VA-EB-PL2,2026-04-10,vireo.in,2,5948,PL2-2602-2
VR890046,C108673,VA-EB-PL1,2026-04-10,Amazon,2,4498,PL1-2602-2
VR890352,C106497,VA-SW-NX2,2026-04-10,vireo.in,1,6499,NX2-2603-2
VR891329,C102532,VA-HP-ST3,2026-04-10,vireo.in,1,6999,ST3-2601-2
VR891371,C101051,VA-EB-PL2,2026-04-10,vireo.in,1,3149,PL2-2601-3
VR891435,C107490,VA-SW-NX2,2026-04-10,Amazon,1,6174,NX2-2512-1
VR891794,C100862,VA-SP-MINI,2026-04-10,Amazon,1,2374,MINI-2602-3
VR893010,C106109,VA-SW-NX1,2026-04-10,Amazon,1,4499,NX1-2603-3
VR894012,C103488,VA-SP-MINI,2026-04-10,vireo.in,1,2374,MINI-2602-4
VR896414,C103091,VA-SW-NX2,2026-04-10,vireo.in,1,5199,NX2-2601-3
VR897821,C100363,VA-SW-NX2,2026-04-10,Amazon,1,6499,NX2-2603-3
VR898266,C104285,VA-HP-ST3,2026-04-10,vireo.in,1,6999,ST3-2602-3
VR900459,C103785,VA-EB-PL2,2026-04-10,vireo.in,1,3499,PL2-2512-2
VR904938,C100009,VA-EB-PL1,2026-04-10,Amazon,1,2249,PL1-2602-4
VR905852,C105876,VA-EB-PL1,2026-04-10,vireo.in,1,2249,PL1-2602-1
VR907451,C101528,VA-SP-MINI,2026-04-10,vireo.in,1,2499,MINI-2603-2
VR908538,C104688,VA-SP-MINI,2026-04-10,vireo.in,1,2499,MINI-2601-3
VR908693,C105664,VA-EB-PL2,2026-04-10,Amazon,1,3149,PL2-2603-4
VR909172,C105817,VA-EB-PL2,2026-04-10,Amazon,1,2799,PL2-2512-1
VR880374,C103204,VA-EB-PL2,2026-04-11,vireo.in,1,3499,PL2-2602-2
VR881163,C100009,VA-EB-PL2,2026-04-11,Amazon,2,5948,PL2-2602-1
VR884953,C103860,VA-EB-PL2,2026-04-11,Amazon,2,5598,PL2-2603-2
VR884994,C103579,VA-EB-PL1,2026-04-11,vireo.in,1,2249,PL1-2601-2
VR888816,C103625,VA-EB-PL1,2026-04-11,Flipkart,1,2499,PL1-2603-3
VR889828,C100623,VA-EB-PL2,2026-04-11,vireo.in,1,2799,PL2-2512-3
VR890342,C101042,VA-EB-PL2,2026-04-11,vireo.in,1,2974,PL2-2601-4
VR892310,C106907,VA-EB-PL1,2026-04-11,vireo.in,1,1999,PL1-2602-1
VR893478,C101017,VA-SP-ORB,2026-04-11,Flipkart,1,5999,ORB-2601-1
VR897591,C106697,VA-EB-PL1,2026-04-11,vireo.in,1,2499,PL1-2602-2
VR898120,C103625,VA-EB-PL2,2026-04-11,vireo.in,1,3324,PL2-2602-2
VR898965,C105259,VA-EB-PL1,2026-04-11,vireo.in,1,2249,PL1-2603-4
VR901719,C107485,VA-EB-PL1,2026-04-11,Flipkart,1,2124,PL1-2512-1
VR902380,C105348,VA-EB-PL1,2026-04-11,vireo.in,1,2249,PL1-2603-2
VR903421,C106180,VA-EB-PL2,2026-04-11,vireo.in,1,2974,PL2-2601-4
VR904647,C100562,VA-SP-ORB,2026-04-11,vireo.in,1,5699,ORB-2601-1
VR906725,C107239,VA-EB-PL2,2026-04-11,vireo.in,1,3499,PL2-2601-3
VR909810,C102268,VA-NB-ARC,2026-04-11,Amazon,1,1299,ARC-2601-3
VR881928,C103117,VA-EB-PL2,2026-04-12,Amazon,1,3499,PL2-2602-2
VR887588,C101385,VA-NB-ARC,2026-04-12,vireo.in,1,1039,ARC-2601-1
VR887834,C102527,VA-EB-PL1,2026-04-12,vireo.in,1,2124,PL1-2512-1
VR888287,C100881,VA-EB-PL2,2026-04-12,Amazon,1,3499,PL2-2602-1
VR888612,C103992,VA-HP-ST3,2026-04-12,Flipkart,1,6649,ST3-2602-3
VR888684,C106467,VA-EB-PL2,2026-04-12,vireo.in,1,3149,PL2-2602-2
VR889623,C105076,VA-AC-CASE,2026-04-12,Flipkart,1,1234,CASE-2601-1
VR890920,C103057,VA-EB-PL2,2026-04-12,vireo.in,1,3499,PL2-2603-1
VR892166,C101385,VA-EB-PL2,2026-04-12,vireo.in,1,2974,PL2-2602-2
VR895750,C102375,VA-SW-NX2,2026-04-12,vireo.in,1,6499,NX2-2601-2
VR898064,C102420,VA-EB-PL2,2026-04-12,vireo.in,1,3499,PL2-2601-4
VR900329,C107729,VA-EB-PL2,2026-04-12,vireo.in,1,3499,PL2-2603-2
VR901806,C104837,VA-AC-CH65,2026-04-12,vireo.in,1,1274,CH65-2601-2
VR901814,C100075,VA-EB-PL2,2026-04-12,Amazon,2,6298,PL2-2601-3
VR904866,C102825,VA-EB-PL2,2026-04-12,vireo.in,2,5948,PL2-2603-4
VR905020,C105986,VA-EB-PL1,2026-04-12,vireo.in,1,2124,PL1-2602-4
VR905606,C109354,VA-EB-AIR,2026-04-12,vireo.in,1,1799,AIR-2602-4
VR905651,C105769,VA-EB-PL1,2026-04-12,vireo.in,1,2499,PL1-2601-1
VR906771,C100917,VA-HP-ST3,2026-04-12,vireo.in,1,6999,ST3-2601-3
VR908036,C106569,VA-EB-AIR,2026-04-12,vireo.in,1,1529,AIR-2603-2
VR908170,C107448,VA-EB-PL2,2026-04-12,Amazon,1,3499,PL2-2602-4
VR908253,C106146,VA-EB-PL2,2026-04-12,vireo.in,1,3499,PL2-2602-4
VR909685,C108134,VA-SW-NX2,2026-04-12,vireo.in,1,6174,NX2-2602-3
VR880402,C106387,VA-EB-PL2,2026-04-13,vireo.in,1,3499,PL2-2602-1
VR880417,C100509,VA-EB-AIR,2026-04-13,vireo.in,1,1529,AIR-2601-2
VR880919,C108050,VA-SP-MINI,2026-04-13,vireo.in,1,2499,MINI-2602-3
VR880993,C105976,VA-SP-ORB,2026-04-13,Flipkart,1,5999,ORB-2603-1
VR881233,C106748,VA-AC-CBL,2026-04-13,vireo.in,1,399,CBL-2602-2
VR881923,C107737,VA-SP-ORB,2026-04-13,vireo.in,1,5999,ORB-2601-4
VR882254,C103416,VA-EB-PL2,2026-04-13,vireo.in,1,3324,PL2-2601-2
VR885091,C100564,VA-EB-PL2,2026-04-13,vireo.in,1,3149,PL2-2603-3
VR885672,C106923,VA-EB-PL2,2026-04-13,vireo.in,1,3324,PL2-2601-2
VR887419,C103673,VA-EB-PL1,2026-04-13,Amazon,1,2499,PL1-2603-4
VR887980,C108089,VA-EB-PL2,2026-04-13,vireo.in,1,3324,PL2-2601-1
VR888996,C106260,VA-EB-PL2,2026-04-13,vireo.in,1,3499,PL2-2601-3
VR890539,C104917,VA-AC-CBL,2026-04-13,vireo.in,1,379,CBL-2603-1
VR891209,C100514,VA-SW-NX1,2026-04-13,Amazon,1,3999,NX1-2601-3
VR892677,C101166,VA-SW-NX2,2026-04-13,Flipkart,1,6499,NX2-2601-1
VR894017,C103571,VA-EB-PL1,2026-04-13,vireo.in,1,2499,PL1-2601-3
VR895704,C106886,VA-EB-PL1,2026-04-13,Flipkart,1,1999,PL1-2602-1
VR895864,C106599,VA-HP-ST2,2026-04-13,Amazon,1,4499,ST2-2601-2
VR896555,C103523,VA-EB-AIR,2026-04-13,vireo.in,1,1799,AIR-2602-3
VR898332,C101457,VA-EB-PL2,2026-04-13,Amazon,2,6998,PL2-2602-3
VR898580,C106764,VA-EB-PL2,2026-04-13,Amazon,1,3499,PL2-2601-3
VR898588,C109365,VA-SW-NX2,2026-04-13,Amazon,1,6499,NX2-2602-2
VR898985,C103355,VA-SP-MINI,2026-04-13,Amazon,1,2374,MINI-2601-3
VR899573,C101012,VA-EB-AIR,2026-04-13,Amazon,1,1799,AIR-2602-3
VR899909,C109013,VA-EB-PL2,2026-04-13,vireo.in,1,2974,PL2-2603-4
VR900077,C101762,VA-EB-PL1,2026-04-13,Flipkart,1,2499,PL1-2602-2
VR901628,C107999,VA-EB-AIR,2026-04-13,vireo.in,1,1799,AIR-2601-4
VR901951,C104991,VA-SP-ORB,2026-04-13,Amazon,1,5999,ORB-2601-2
VR902651,C101966,VA-NB-ARC,2026-04-13,vireo.in,1,1299,ARC-2602-4
VR902750,C103662,VA-HP-ST3,2026-04-13,Amazon,1,6999,ST3-2603-4
VR903091,C100210,VA-NB-ARC,2026-04-13,Amazon,1,1169,ARC-2602-1
VR905578,C104729,VA-EB-PL2,2026-04-13,Amazon,1,2799,PL2-2603-2
VR905883,C106757,VA-EB-AIR,2026-04-13,Amazon,1,1529,AIR-2601-3
VR906296,C105831,VA-EB-PL2,2026-04-13,vireo.in,1,3324,PL2-2601-4
VR906579,C101665,VA-SW-NX2,2026-04-13,vireo.in,1,6499,NX2-2603-3
VR907332,C102931,VA-SW-NX2,2026-04-13,Amazon,1,6499,NX2-2603-2
VR907646,C106099,VA-EB-PL2,2026-04-13,Amazon,1,2799,PL2-2603-3
VR907880,C101021,VA-SW-NX2,2026-04-13,vireo.in,1,5524,NX2-2601-2
VR908216,C105017,VA-SP-MINI,2026-04-13,vireo.in,2,4248,MINI-2602-3
VR881442,C103773,VA-EB-PL2,2026-04-14,vireo.in,1,2799,PL2-2601-3
VR882622,C104445,VA-EB-PL1,2026-04-14,Amazon,1,2374,PL1-2602-3
VR882791,C102538,VA-EB-PL2,2026-04-14,vireo.in,1,3499,PL2-2601-4
VR884341,C105132,VA-SW-FIT,2026-04-14,vireo.in,1,1899,FIT-2601-2
VR884578,C107284,VA-SP-MINI,2026-04-14,Amazon,1,2374,MINI-2603-4
VR885439,C106425,VA-SW-FIT,2026-04-14,Flipkart,2,3998,FIT-2601-1
VR885511,C109303,VA-EB-AIR,2026-04-14,Flipkart,1,1799,AIR-2602-4
VR886718,C106479,VA-EB-PL1,2026-04-14,Flipkart,1,1999,PL1-2602-1
VR890213,C105936,VA-EB-PL2,2026-04-14,Flipkart,1,3149,PL2-2601-2
VR890500,C103471,VA-EB-AIR,2026-04-14,Amazon,1,1799,AIR-2602-3
VR890663,C106160,VA-EB-PL1,2026-04-14,Amazon,1,2249,PL1-2601-2
VR892122,C109468,VA-EB-PL2,2026-04-14,Flipkart,2,6648,PL2-2601-4
VR892397,C108557,VA-EB-AIR,2026-04-14,Amazon,1,1799,AIR-2601-3
VR893411,C107916,VA-EB-PL2,2026-04-14,Flipkart,1,2799,PL2-2601-4
VR895556,C108843,VA-EB-PL2,2026-04-14,Amazon,1,3499,PL2-2603-4
VR895777,C102880,VA-SW-NX2,2026-04-14,vireo.in,1,5199,NX2-2601-2
VR897514,C100994,VA-SP-MINI,2026-04-14,vireo.in,1,2499,MINI-2512-4
VR898604,C108501,VA-EB-PL2,2026-04-14,vireo.in,1,3499,PL2-2602-3
VR900634,C102363,VA-SW-NX2,2026-04-14,vireo.in,1,6499,NX2-2601-4
VR901927,C103265,VA-SW-FIT,2026-04-14,Amazon,1,1899,FIT-2602-3
VR902142,C108258,VA-EB-PL2,2026-04-14,Amazon,1,3149,PL2-2601-2
VR903099,C103909,VA-EB-PL2,2026-04-14,Flipkart,1,3499,PL2-2602-4
VR906243,C108895,VA-SP-MINI,2026-04-14,Amazon,1,2124,MINI-2601-4
VR906520,C100699,VA-EB-PL1,2026-04-14,Amazon,1,2374,PL1-2601-2
VR907009,C102205,VA-EB-PL1,2026-04-14,vireo.in,1,2499,PL1-2602-3
VR907808,C105869,VA-HP-ST2,2026-04-14,vireo.in,1,4999,ST2-2603-2
VR907998,C107739,VA-EB-PL2,2026-04-14,vireo.in,1,3499,PL2-2603-1
VR909702,C109309,VA-HP-ST2,2026-04-14,vireo.in,1,4249,ST2-2602-3
VR882442,C101151,VA-EB-PL2,2026-04-15,vireo.in,1,3499,PL2-2603-2
VR884907,C104274,VA-EB-AIR,2026-04-15,vireo.in,1,1709,AIR-2603-1
VR887233,C103384,VA-EB-PL1,2026-04-15,vireo.in,1,2499,PL1-2603-4
VR888092,C104339,VA-AC-CASE,2026-04-15,vireo.in,1,1299,CASE-2601-1
VR889069,C101829,VA-EB-PL2,2026-04-15,vireo.in,1,3324,PL2-2602-2
VR890156,C105656,VA-SW-NX2,2026-04-15,vireo.in,1,6174,NX2-2602-4
VR890917,C107149,VA-EB-PL1,2026-04-15,vireo.in,1,2499,PL1-2601-1
VR891253,C100628,VA-AC-CASE,2026-04-15,Flipkart,1,1299,CASE-2603-3
VR891344,C107240,VA-EB-PL2,2026-04-15,vireo.in,1,3499,PL2-2601-1
VR891836,C102378,VA-EB-PL2,2026-04-15,vireo.in,1,2799,PL2-2603-2
VR892020,C106906,VA-EB-PL2,2026-04-15,Amazon,1,3499,PL2-2603-4
VR893217,C103923,VA-HP-ST3,2026-04-15,vireo.in,1,6299,ST3-2601-4
VR893593,C104770,VA-EB-PL2,2026-04-15,vireo.in,1,3324,PL2-2601-2
VR894233,C107219,VA-SP-MINI,2026-04-15,vireo.in,1,2499,MINI-2602-2
VR896524,C108752,VA-AC-CH65,2026-04-15,Flipkart,1,1274,CH65-2601-2
VR897058,C102860,VA-EB-AIR,2026-04-15,vireo.in,1,1709,AIR-2601-2
VR897912,C100166,VA-EB-PL2,2026-04-15,Flipkart,1,3499,PL2-2601-4
VR898370,C102787,VA-SW-NX2,2026-04-15,vireo.in,1,6499,NX2-2601-2
VR898837,C101554,VA-EB-AIR,2026-04-15,vireo.in,1,1529,AIR-2601-1
VR901392,C102340,VA-EB-PL1,2026-04-15,vireo.in,1,2249,PL1-2602-1
VR901452,C102237,VA-EB-PL2,2026-04-15,Amazon,1,2799,PL2-2603-2
VR902696,C107045,VA-SP-MINI,2026-04-15,vireo.in,1,1999,MINI-2603-4
VR904166,C107825,VA-EB-PL2,2026-04-15,vireo.in,1,3499,PL2-2602-2
VR904642,C100536,VA-HP-ST2,2026-04-15,Amazon,1,4999,ST2-2601-2
VR907043,C102185,VA-SP-MINI,2026-04-15,vireo.in,1,2499,MINI-2601-1
VR908636,C101343,VA-EB-AIR,2026-04-15,Amazon,1,1439,AIR-2601-3
VR909166,C109340,VA-HP-ST2,2026-04-15,Flipkart,1,4249,ST2-2602-2
VR881120,C108939,VA-EB-PL2,2026-04-16,Amazon,1,2974,PL2-2603-1
VR881607,C101370,VA-EB-PL2,2026-04-16,vireo.in,1,3499,PL2-2601-2
VR883437,C103226,VA-EB-PL2,2026-04-16,vireo.in,1,2974,PL2-2603-1
VR883586,C100923,VA-EB-PL2,2026-04-16,Amazon,1,3324,PL2-2603-4
VR884143,C105674,VA-HP-ST3,2026-04-16,vireo.in,1,6999,ST3-2602-1
VR885573,C103768,VA-EB-PL2,2026-04-16,Flipkart,1,3324,PL2-2512-4
VR885654,C100238,VA-SW-NX2,2026-04-16,Amazon,1,6174,NX2-2603-3
VR886938,C108727,VA-SP-MINI,2026-04-16,vireo.in,1,2374,MINI-2601-1
VR887107,C102936,VA-EB-PL2,2026-04-16,vireo.in,1,2974,PL2-2603-4
VR887667,C102094,VA-SW-NX2,2026-04-16,vireo.in,1,6499,NX2-2603-1
VR888142,C100824,VA-EB-AIR,2026-04-16,Amazon,2,3058,AIR-2602-3
VR889115,C104545,VA-SW-NX2,2026-04-16,vireo.in,1,6499,NX2-2602-2
VR890736,C109314,VA-AC-CASE,2026-04-16,Amazon,1,1104,CASE-2603-4
VR891608,C106274,VA-EB-AIR,2026-04-16,vireo.in,1,1709,AIR-2602-3
VR892775,C101868,VA-AC-CH65,2026-04-16,Amazon,1,1499,CH65-2601-2
VR893481,C106185,VA-EB-PL2,2026-04-16,vireo.in,1,3499,PL2-2602-1
VR895553,C102752,VA-SW-NX2,2026-04-16,vireo.in,1,5849,NX2-2603-4
VR896965,C109385,VA-EB-PL2,2026-04-16,Amazon,1,2799,PL2-2601-1
VR897224,C104460,VA-SW-NX1,2026-04-16,vireo.in,1,4249,NX1-2601-2
VR899781,C102133,VA-HP-ST3,2026-04-16,Flipkart,1,6999,ST3-2603-2
VR899861,C104264,VA-EB-AIR,2026-04-16,Amazon,1,1799,AIR-2602-4
VR900250,C101276,VA-NB-ARC,2026-04-16,Amazon,1,1234,ARC-2601-2
VR900285,C100292,VA-EB-PL2,2026-04-16,Flipkart,1,3499,PL2-2603-1
VR900319,C101021,VA-SW-NX2,2026-04-16,Amazon,1,5199,NX2-2602-4
VR900916,C100121,VA-EB-PL2,2026-04-16,Amazon,1,2799,PL2-2602-3
VR901825,C103588,VA-EB-PL1,2026-04-16,vireo.in,1,1999,PL1-2512-4
VR902953,C100290,VA-NB-ARC,2026-04-16,Amazon,1,1234,ARC-2603-1
VR903153,C101598,VA-HP-ST2,2026-04-16,vireo.in,1,4999,ST2-2602-3
VR903974,C106913,VA-EB-PL2,2026-04-16,vireo.in,1,3499,PL2-2601-1
VR904818,C104601,VA-AC-CASE,2026-04-16,Amazon,1,1104,CASE-2603-2
VR907430,C107959,VA-EB-PL2,2026-04-16,Flipkart,1,3499,PL2-2602-3
VR908074,C106200,VA-EB-PL2,2026-04-16,Flipkart,1,2799,PL2-2602-3
VR908372,C100670,VA-HP-ST3,2026-04-16,vireo.in,1,5949,ST3-2601-4
VR908699,C101885,VA-SP-ORB,2026-04-16,vireo.in,1,5999,ORB-2601-4
VR880079,C104036,VA-EB-PL2,2026-04-17,Amazon,1,3149,PL2-2603-1
VR880391,C109070,VA-SW-NX2,2026-04-17,vireo.in,1,6499,NX2-2603-2
VR884123,C101390,VA-HP-ST3,2026-04-17,Flipkart,1,6649,ST3-2601-3
VR884386,C107763,VA-EB-PL2,2026-04-17,vireo.in,1,3149,PL2-2601-2
VR885623,C107381,VA-EB-PL2,2026-04-17,Flipkart,1,2974,PL2-2603-1
VR886672,C102482,VA-EB-PL2,2026-04-17,vireo.in,1,2799,PL2-2603-3
VR889319,C105559,VA-HP-ST3,2026-04-17,vireo.in,1,6999,ST3-2603-1
VR889523,C103862,VA-NB-ARC,2026-04-17,Amazon,2,2338,ARC-2603-3
VR889996,C105209,VA-EB-AIR,2026-04-17,Flipkart,1,1619,AIR-2603-2
VR890408,C106980,VA-SW-FIT,2026-04-17,Amazon,1,1999,FIT-2601-4
VR890458,C107927,VA-SP-ORB,2026-04-17,vireo.in,1,5099,ORB-2602-4
VR890855,C103342,VA-EB-PL2,2026-04-17,Flipkart,2,6648,PL2-2603-3
VR896995,C109363,VA-EB-PL2,2026-04-17,vireo.in,1,3499,PL2-2602-1
VR897501,C109235,VA-SW-FIT,2026-04-17,vireo.in,1,1699,FIT-2601-3
VR901044,C107124,VA-SP-MINI,2026-04-17,Amazon,1,2249,MINI-2602-3
VR901151,C107962,VA-EB-PL2,2026-04-17,Amazon,1,3499,PL2-2601-4
VR904730,C104402,VA-SW-NX2,2026-04-17,vireo.in,1,5849,NX2-2601-2
VR907100,C107599,VA-HP-ST3,2026-04-17,Flipkart,1,5599,ST3-2601-2
VR907691,C106194,VA-HP-ST3,2026-04-17,vireo.in,1,6999,ST3-2602-1
VR908111,C108414,VA-SW-NX2,2026-04-17,Flipkart,1,5849,NX2-2602-3
VR908370,C108368,VA-SP-ORB,2026-04-17,Amazon,1,5999,ORB-2512-2
VR908716,C101225,VA-HP-ST2,2026-04-17,Amazon,1,3999,ST2-2603-3
VR880392,C104959,VA-EB-AIR,2026-04-18,Amazon,1,1619,AIR-2602-2
VR881131,C109376,VA-EB-PL2,2026-04-18,Flipkart,1,2799,PL2-2603-4
VR881569,C108629,VA-NB-ARC,2026-04-18,Amazon,2,2598,ARC-2601-4
VR882409,C102148,VA-EB-AIR,2026-04-18,vireo.in,1,1709,AIR-2603-3
VR882456,C103616,VA-EB-AIR,2026-04-18,vireo.in,1,1799,AIR-2601-1
VR884662,C104047,VA-EB-PL2,2026-04-18,Amazon,1,3149,PL2-2601-2
VR884770,C103392,VA-SW-NX1,2026-04-18,Amazon,1,4999,NX1-2601-3
VR885390,C108229,VA-HP-ST3,2026-04-18,Amazon,1,6649,ST3-2602-4
VR888971,C107880,VA-HP-ST3,2026-04-18,vireo.in,2,13298,ST3-2602-2
VR891115,C108456,VA-SP-MINI,2026-04-18,Amazon,2,4998,MINI-2601-1
VR892181,C103991,VA-EB-PL1,2026-04-18,vireo.in,1,2249,PL1-2603-4
VR894273,C101261,VA-EB-PL2,2026-04-18,Amazon,1,3149,PL2-2603-1
VR897131,C102222,VA-SW-FIT,2026-04-18,vireo.in,1,1899,FIT-2603-4
VR897303,C104637,VA-EB-PL2,2026-04-18,vireo.in,1,2799,PL2-2603-2
VR897411,C108729,VA-SP-ORB,2026-04-18,vireo.in,1,5999,ORB-2601-3
VR899055,C100297,VA-EB-AIR,2026-04-18,vireo.in,1,1799,AIR-2601-2
VR900127,C106659,VA-EB-PL2,2026-04-18,vireo.in,1,3149,PL2-2603-2
VR900705,C101480,VA-SW-FIT,2026-04-18,Amazon,1,1999,FIT-2601-3
VR900733,C104159,VA-EB-AIR,2026-04-18,vireo.in,1,1799,AIR-2601-3
VR901662,C108825,VA-EB-PL2,2026-04-18,Flipkart,1,3499,PL2-2603-4
VR902261,C105146,VA-SW-FIT,2026-04-18,Amazon,1,1799,FIT-2602-3
VR903489,C102257,VA-SP-MINI,2026-04-18,vireo.in,1,2249,MINI-2601-2
VR905518,C104402,VA-SW-FIT,2026-04-18,vireo.in,1,1599,FIT-2603-4
VR907136,C100140,VA-EB-PL2,2026-04-18,vireo.in,1,3499,PL2-2603-4
VR908103,C105340,VA-AC-CH65,2026-04-18,vireo.in,1,1499,CH65-2601-3
VR909752,C103257,VA-HP-ST2,2026-04-18,vireo.in,1,3999,ST2-2602-2
VR880210,C104017,VA-SP-MINI,2026-04-19,vireo.in,2,4498,MINI-2601-2
VR880717,C103588,VA-NB-ARC,2026-04-19,Flipkart,1,1299,ARC-2601-4
VR883813,C101396,VA-EB-AIR,2026-04-19,Amazon,1,1619,AIR-2601-1
VR883919,C104183,VA-HP-ST3,2026-04-19,Amazon,1,6299,ST3-2601-3
VR884188,C108817,VA-AC-CBL,2026-04-19,Amazon,1,399,CBL-2602-3
VR885686,C102233,VA-EB-AIR,2026-04-19,vireo.in,1,1619,AIR-2601-2
VR885838,C102634,VA-SW-FIT,2026-04-19,vireo.in,1,1899,FIT-2601-4
VR887366,C108413,VA-EB-PL2,2026-04-19,Amazon,1,2799,PL2-2603-3
VR890040,C108750,VA-HP-ST2,2026-04-19,Flipkart,1,4499,ST2-2602-4
VR891743,C102214,VA-EB-PL1,2026-04-19,Flipkart,1,2499,PL1-2602-2
VR891959,C105910,VA-EB-AIR,2026-04-19,Amazon,1,1439,AIR-2602-3
VR892196,C107685,VA-EB-PL1,2026-04-19,Amazon,1,2374,PL1-2601-2
VR892328,C100739,VA-SW-NX2,2026-04-19,Flipkart,1,6499,NX2-2603-2
VR893298,C102280,VA-EB-AIR,2026-04-19,vireo.in,1,1799,AIR-2602-2
VR896066,C100896,VA-EB-PL2,2026-04-19,Flipkart,1,3149,PL2-2601-3
VR896582,C108120,VA-SP-MINI,2026-04-19,vireo.in,1,1999,MINI-2601-1
VR899473,C102005,VA-SP-MINI,2026-04-19,vireo.in,2,4998,MINI-2601-3
VR900136,C100821,VA-AC-CASE,2026-04-19,vireo.in,1,1169,CASE-2603-4
VR901005,C100817,VA-SW-NX1,2026-04-19,vireo.in,1,4749,NX1-2601-4
VR901088,C106640,VA-EB-PL2,2026-04-19,vireo.in,1,3499,PL2-2602-2
VR901190,C103248,VA-HP-ST3,2026-04-19,vireo.in,1,6299,ST3-2602-3
VR901774,C108103,VA-HP-ST2,2026-04-19,vireo.in,1,4749,ST2-2601-3
VR903486,C103481,VA-EB-PL2,2026-04-19,vireo.in,1,2974,PL2-2603-1
VR904078,C104250,VA-HP-ST3,2026-04-19,vireo.in,1,6299,ST3-2602-1
VR906482,C101484,VA-AC-CASE,2026-04-19,vireo.in,1,1299,CASE-2602-1
VR907278,C101250,VA-EB-PL2,2026-04-19,vireo.in,1,3324,PL2-2603-4
VR908748,C107289,VA-EB-AIR,2026-04-19,vireo.in,1,1439,AIR-2601-3
VR880990,C102723,VA-EB-PL2,2026-04-20,vireo.in,1,2974,PL2-2602-1
VR881185,C100030,VA-EB-PL2,2026-04-20,vireo.in,1,3499,PL2-2601-4
VR881264,C105438,VA-HP-ST3,2026-04-20,vireo.in,1,6649,ST3-2601-3
VR883681,C104722,VA-SP-ORB,2026-04-20,Flipkart,2,9598,ORB-2602-3
VR883710,C101039,VA-SW-FIT,2026-04-20,vireo.in,1,1999,FIT-2601-4
VR883840,C104810,VA-EB-PL2,2026-04-20,vireo.in,1,3149,PL2-2603-1
VR884493,C104977,VA-SW-NX1,2026-04-20,vireo.in,1,4249,NX1-2603-3
VR884939,C100248,VA-EB-PL1,2026-04-20,vireo.in,1,2499,PL1-2601-4
VR886089,C106479,VA-EB-PL2,2026-04-20,Amazon,1,3499,PL2-2603-2
VR886241,C100178,VA-EB-PL2,2026-04-20,vireo.in,1,3324,PL2-2603-4
VR888263,C102722,VA-HP-ST3,2026-04-20,vireo.in,1,6999,ST3-2602-4
VR889180,C101567,VA-EB-PL2,2026-04-20,Amazon,1,3149,PL2-2603-3
VR891207,C103149,VA-EB-PL2,2026-04-20,vireo.in,1,2799,PL2-2602-1
VR891379,C101144,VA-HP-ST3,2026-04-20,vireo.in,1,6299,ST3-2603-4
VR892724,C103627,VA-SW-NX2,2026-04-20,vireo.in,1,5199,NX2-2603-1
VR893278,C101210,VA-EB-PL2,2026-04-20,vireo.in,1,3149,PL2-2601-3
VR893637,C105865,VA-NB-ARC,2026-04-20,Flipkart,1,1169,ARC-2603-3
VR893671,C102147,VA-SW-NX2,2026-04-20,Amazon,1,5849,NX2-2603-3
VR895036,C100942,VA-SW-FIT,2026-04-20,vireo.in,1,1999,FIT-2512-3
VR895376,C101272,VA-SW-FIT,2026-04-20,vireo.in,1,1999,FIT-2601-2
VR896210,C100826,VA-EB-PL1,2026-04-20,Flipkart,1,2249,PL1-2601-1
VR897575,C104449,VA-EB-PL2,2026-04-20,vireo.in,1,3499,PL2-2603-1
VR897587,C102747,VA-EB-PL2,2026-04-20,Amazon,1,3499,PL2-2601-1
VR898529,C105544,VA-EB-PL2,2026-04-20,vireo.in,2,6648,PL2-2603-4
VR899078,C103579,VA-EB-PL2,2026-04-20,vireo.in,1,3499,PL2-2603-4
VR903311,C109186,VA-EB-PL2,2026-04-20,Amazon,1,3324,PL2-2602-1
VR903553,C105178,VA-EB-PL1,2026-04-20,vireo.in,1,2249,PL1-2603-1
VR904308,C106431,VA-EB-AIR,2026-04-20,vireo.in,1,1709,AIR-2602-1
VR906058,C105106,VA-EB-PL2,2026-04-20,Amazon,2,5948,PL2-2602-4
VR906422,C105545,VA-NB-ARC,2026-04-20,Flipkart,1,1234,ARC-2602-4
VR907582,C106530,VA-EB-PL1,2026-04-20,vireo.in,2,4248,PL1-2601-1
VR909021,C101579,VA-NB-ARC,2026-04-20,vireo.in,2,2598,ARC-2602-3
VR909053,C108151,VA-EB-PL2,2026-04-20,vireo.in,1,3149,PL2-2603-4
VR909840,C108457,VA-EB-PL2,2026-04-20,vireo.in,1,3499,PL2-2603-2
VR880085,C109106,VA-SW-NX2,2026-04-21,vireo.in,1,6499,NX2-2601-2
VR880194,C101267,VA-EB-PL2,2026-04-21,Amazon,1,3324,PL2-2601-1
VR880239,C104002,VA-SW-FIT,2026-04-21,vireo.in,1,1999,FIT-2601-2
VR885268,C106689,VA-EB-PL2,2026-04-21,vireo.in,1,3499,PL2-2602-4
VR885807,C103472,VA-EB-PL2,2026-04-21,Amazon,1,3324,PL2-2601-2
VR886329,C107270,VA-EB-PL2,2026-04-21,vireo.in,1,3499,PL2-2603-2
VR886341,C103740,VA-EB-PL1,2026-04-21,vireo.in,1,2499,PL1-2603-2
VR890116,C108936,VA-SW-NX2,2026-04-21,vireo.in,1,6174,NX2-2601-2
VR890717,C104388,VA-HP-ST3,2026-04-21,vireo.in,1,6999,ST3-2603-2
VR893993,C107790,VA-EB-PL2,2026-04-21,vireo.in,1,3499,PL2-2603-1
VR894690,C101889,VA-EB-PL2,2026-04-21,vireo.in,1,3499,PL2-2601-2
VR895736,C102248,VA-EB-PL2,2026-04-21,Flipkart,1,3499,PL2-2601-2
VR896189,C106956,VA-HP-ST3,2026-04-21,vireo.in,1,5949,ST3-2603-3
VR896825,C100555,VA-AC-CASE,2026-04-21,vireo.in,1,1169,CASE-2602-1
VR898611,C100085,VA-AC-CASE,2026-04-21,Amazon,1,1169,CASE-2603-4
VR900873,C104314,VA-EB-PL2,2026-04-21,Amazon,1,3149,PL2-2601-2
VR904174,C101963,VA-SP-MINI,2026-04-21,Amazon,1,2374,MINI-2602-4
VR905716,C107303,VA-EB-PL2,2026-04-21,Flipkart,2,6998,PL2-2602-4
VR906860,C108054,VA-HP-ST3,2026-04-21,vireo.in,1,5949,ST3-2602-3
VR908615,C101879,VA-EB-AIR,2026-04-21,vireo.in,1,1709,AIR-2603-4
VR909130,C101471,VA-EB-PL2,2026-04-21,Amazon,1,2974,PL2-2601-4
VR885591,C108786,VA-SW-FIT,2026-04-22,vireo.in,1,1699,FIT-2603-2
VR886606,C104343,VA-SW-NX2,2026-04-22,vireo.in,1,6499,NX2-2601-2
VR886716,C102697,VA-HP-ST2,2026-04-22,vireo.in,1,4749,ST2-2601-1
VR887085,C106196,VA-EB-AIR,2026-04-22,vireo.in,1,1619,AIR-2601-1
VR890831,C106351,VA-EB-AIR,2026-04-22,Amazon,1,1529,AIR-2602-4
VR892067,C102524,VA-SP-MINI,2026-04-22,Amazon,1,2499,MINI-2601-1
VR892124,C107220,VA-HP-ST3,2026-04-22,vireo.in,1,6299,ST3-2601-3
VR892384,C104700,VA-EB-PL2,2026-04-22,Amazon,1,3499,PL2-2601-4
VR892392,C108003,VA-SP-ORB,2026-04-22,vireo.in,1,5999,ORB-2601-3
VR892401,C104774,VA-EB-AIR,2026-04-22,vireo.in,1,1619,AIR-2601-3
VR897509,C106800,VA-EB-PL1,2026-04-22,vireo.in,1,1999,PL1-2601-4
VR898709,C104474,VA-SP-MINI,2026-04-22,vireo.in,1,2374,MINI-2603-3
VR899271,C105397,VA-EB-PL2,2026-04-22,vireo.in,2,6648,PL2-2602-1
VR899307,C102589,VA-EB-PL1,2026-04-22,vireo.in,1,2249,PL1-2601-3
VR899495,C102630,VA-EB-PL2,2026-04-22,vireo.in,1,3324,PL2-2602-4
VR900824,C101290,VA-EB-PL2,2026-04-22,Amazon,1,2974,PL2-2602-4
VR900835,C100298,VA-EB-PL2,2026-04-22,Amazon,1,3499,PL2-2601-3
VR903142,C104715,VA-SW-NX2,2026-04-22,vireo.in,1,5524,NX2-2602-4
VR905140,C100078,VA-EB-PL1,2026-04-22,vireo.in,1,1999,PL1-2601-1
VR906698,C102313,VA-SW-NX1,2026-04-22,Amazon,1,4499,NX1-2603-2
VR907019,C105651,VA-SW-NX2,2026-04-22,vireo.in,1,6499,NX2-2601-4
VR907800,C108916,VA-EB-PL2,2026-04-22,Amazon,1,3324,PL2-2604-3
VR909066,C103879,VA-EB-PL2,2026-04-22,vireo.in,1,3149,PL2-2603-3
VR880336,C105478,VA-EB-PL2,2026-04-23,Amazon,1,3149,PL2-2604-4
VR883564,C104975,VA-SW-NX2,2026-04-23,Amazon,1,5849,NX2-2602-2
VR883958,C105276,VA-EB-AIR,2026-04-23,vireo.in,1,1799,AIR-2603-4
VR887181,C101922,VA-EB-AIR,2026-04-23,vireo.in,1,1709,AIR-2601-2
VR891814,C106531,VA-EB-PL2,2026-04-23,vireo.in,1,3324,PL2-2601-4
VR893033,C106587,VA-EB-AIR,2026-04-23,Amazon,1,1799,AIR-2601-2
VR893287,C103195,VA-SW-NX2,2026-04-23,vireo.in,1,6174,NX2-2602-2
VR893512,C108046,VA-SW-NX2,2026-04-23,vireo.in,1,5524,NX2-2601-3
VR895115,C108594,VA-SP-MINI,2026-04-23,Amazon,1,1999,MINI-2603-4
VR895139,C100664,VA-EB-PL2,2026-04-23,Flipkart,1,3499,PL2-2603-4
VR896246,C106611,VA-EB-AIR,2026-04-23,Amazon,1,1439,AIR-2601-3
VR896261,C100553,VA-SW-NX2,2026-04-23,vireo.in,1,5524,NX2-2603-3
VR899246,C107482,VA-EB-PL1,2026-04-23,vireo.in,1,2499,PL1-2604-2
VR899273,C100635,VA-EB-PL2,2026-04-23,Flipkart,1,2799,PL2-2603-1
VR899367,C103874,VA-EB-PL1,2026-04-23,Amazon,1,2499,PL1-2601-3
VR899420,C101644,VA-EB-AIR,2026-04-23,vireo.in,1,1709,AIR-2603-3
VR900472,C108169,VA-EB-PL2,2026-04-23,Amazon,1,3499,PL2-2602-1
VR900708,C107735,VA-SW-NX1,2026-04-23,Amazon,1,4999,NX1-2601-2
VR901300,C102284,VA-EB-PL2,2026-04-23,vireo.in,1,3499,PL2-2602-2
VR901514,C107879,VA-EB-PL2,2026-04-23,vireo.in,1,3499,PL2-2602-3
VR901881,C106274,VA-EB-PL1,2026-04-23,Amazon,1,2499,PL1-2602-4
VR902942,C100920,VA-EB-PL2,2026-04-23,Amazon,1,3499,PL2-2602-2
VR904179,C102164,VA-EB-PL2,2026-04-23,vireo.in,1,3324,PL2-2604-4
VR904480,C105431,VA-EB-AIR,2026-04-23,Amazon,1,1529,AIR-2604-2
VR904483,C109175,VA-EB-PL1,2026-04-23,vireo.in,1,2124,PL1-2603-2
VR904654,C107421,VA-EB-PL2,2026-04-23,vireo.in,2,6998,PL2-2601-1
VR905557,C100307,VA-SW-FIT,2026-04-23,vireo.in,1,1999,FIT-2602-2
VR907219,C103999,VA-HP-ST2,2026-04-23,vireo.in,1,4249,ST2-2603-1
VR880824,C101145,VA-SW-NX2,2026-04-24,Amazon,1,6174,NX2-2603-2
VR881919,C106895,VA-EB-PL2,2026-04-24,vireo.in,1,2974,PL2-2602-3
VR882249,C101854,VA-EB-PL2,2026-04-24,Amazon,1,3149,PL2-2601-2
VR885198,C100482,VA-SW-NX2,2026-04-24,vireo.in,1,5199,NX2-2601-1
VR885876,C104526,VA-EB-AIR,2026-04-24,vireo.in,1,1619,AIR-2603-2
VR888200,C106165,VA-EB-PL2,2026-04-24,vireo.in,1,3149,PL2-2603-2
VR891871,C109066,VA-NB-ARC,2026-04-24,vireo.in,1,1104,ARC-2601-3
VR892006,C104253,VA-SW-NX2,2026-04-24,vireo.in,1,6499,NX2-2602-3
VR895281,C107953,VA-EB-PL2,2026-04-24,Flipkart,1,2974,PL2-2602-3
VR896618,C102632,VA-SW-NX2,2026-04-24,vireo.in,1,5849,NX2-2603-3
VR897087,C106235,VA-EB-PL2,2026-04-24,vireo.in,1,3499,PL2-2601-1
VR899682,C101102,VA-SP-ORB,2026-04-24,Flipkart,1,5999,ORB-2603-2
VR899852,C105465,VA-SW-FIT,2026-04-24,Amazon,1,1599,FIT-2601-1
VR900216,C102541,VA-EB-PL2,2026-04-24,Amazon,1,3499,PL2-2603-2
VR901360,C101468,VA-EB-PL2,2026-04-24,Flipkart,2,6998,PL2-2603-2
VR901860,C108325,VA-EB-PL1,2026-04-24,vireo.in,1,1999,PL1-2603-2
VR905350,C106882,VA-EB-PL2,2026-04-24,Amazon,1,3499,PL2-2603-3
VR905490,C100118,VA-EB-PL2,2026-04-24,Amazon,1,3324,PL2-2603-1
VR905888,C101620,VA-EB-PL2,2026-04-24,vireo.in,1,3499,PL2-2601-3
VR906136,C105749,VA-EB-PL2,2026-04-24,vireo.in,1,2799,PL2-2603-3
VR906345,C101165,VA-HP-ST3,2026-04-24,vireo.in,1,5949,ST3-2604-3
VR906764,C100939,VA-SW-NX2,2026-04-24,Amazon,1,5849,NX2-2602-4
VR907409,C102521,VA-EB-PL2,2026-04-24,vireo.in,1,3499,PL2-2603-4
VR908434,C108579,VA-EB-PL2,2026-04-24,vireo.in,1,3149,PL2-2602-1
VR881258,C109406,VA-EB-PL2,2026-04-25,Amazon,1,3149,PL2-2602-4
VR882671,C101481,VA-EB-PL2,2026-04-25,vireo.in,1,3499,PL2-2602-4
VR883712,C107284,VA-SP-MINI,2026-04-25,vireo.in,1,2124,MINI-2603-3
VR884096,C109202,VA-AC-CASE,2026-04-25,Flipkart,1,1104,CASE-2603-4
VR885619,C103008,VA-EB-PL2,2026-04-25,vireo.in,1,2799,PL2-2603-3
VR886619,C101718,VA-EB-PL2,2026-04-25,vireo.in,1,3499,PL2-2601-4
VR890231,C104847,VA-EB-PL2,2026-04-25,Amazon,1,2799,PL2-2603-4
VR890234,C103121,VA-EB-AIR,2026-04-25,vireo.in,1,1799,AIR-2603-4
VR890332,C104913,VA-EB-PL2,2026-04-25,vireo.in,2,6998,PL2-2602-4
VR890811,C109494,VA-AC-CASE,2026-04-25,vireo.in,1,1234,CASE-2601-2
VR894428,C105332,VA-SW-NX2,2026-04-25,vireo.in,1,5524,NX2-2602-3
VR895505,C102669,VA-HP-ST2,2026-04-25,vireo.in,1,4999,ST2-2603-4
VR896250,C103545,VA-HP-ST3,2026-04-25,Amazon,1,5599,ST3-2602-1
VR896308,C103492,VA-EB-PL2,2026-04-25,Amazon,1,3324,PL2-2603-4
VR898440,C100085,VA-EB-PL2,2026-04-25,Amazon,1,3324,PL2-2602-3
VR899059,C103970,VA-EB-PL2,2026-04-25,Amazon,1,3499,PL2-2603-2
VR899260,C100404,VA-EB-PL2,2026-04-25,vireo.in,1,3324,PL2-2602-3
VR900163,C106585,VA-SW-FIT,2026-04-25,vireo.in,1,1699,FIT-2602-2
VR901812,C106619,VA-NB-ARC,2026-04-25,vireo.in,1,1104,ARC-2603-2
VR903330,C104254,VA-AC-CASE,2026-04-25,vireo.in,1,1299,CASE-2602-1
VR904475,C108969,VA-EB-PL2,2026-04-25,Amazon,1,3499,PL2-2602-1
VR905236,C104835,VA-NB-ARC,2026-04-25,vireo.in,1,1169,ARC-2603-2
VR905413,C104616,VA-EB-PL1,2026-04-25,vireo.in,1,2124,PL1-2602-3
VR905419,C105267,VA-AC-CBL,2026-04-25,Amazon,1,379,CBL-2603-1
VR906371,C107331,VA-SW-NX2,2026-04-25,vireo.in,1,6499,NX2-2603-4
VR909642,C100513,VA-SW-NX2,2026-04-25,vireo.in,1,5199,NX2-2601-1
VR881318,C103586,VA-SW-NX2,2026-04-26,Amazon,1,6499,NX2-2603-3
VR884791,C108586,VA-SW-NX2,2026-04-26,Flipkart,1,6499,NX2-2603-3
VR885426,C104112,VA-EB-PL2,2026-04-26,vireo.in,1,3499,PL2-2601-3
VR885564,C101720,VA-EB-AIR,2026-04-26,Amazon,1,1709,AIR-2602-4
VR885565,C105193,VA-HP-ST3,2026-04-26,Amazon,1,6299,ST3-2603-2
VR886237,C102546,VA-EB-PL2,2026-04-26,Amazon,1,3499,PL2-2603-2
VR886342,C101618,VA-EB-PL2,2026-04-26,vireo.in,1,3499,PL2-2602-4
VR886523,C107104,VA-SP-MINI,2026-04-26,vireo.in,1,2499,MINI-2602-2
VR888319,C100595,VA-HP-ST2,2026-04-26,Amazon,1,4999,ST2-2601-1
VR888629,C108796,VA-EB-PL1,2026-04-26,Amazon,1,2124,PL1-2603-3
VR889031,C105094,VA-SW-NX1,2026-04-26,Flipkart,1,4249,NX1-2601-2
VR890908,C101975,VA-SP-MINI,2026-04-26,vireo.in,1,2499,MINI-2603-4
VR891510,C100756,VA-SW-NX2,2026-04-26,Amazon,1,6499,NX2-2602-3
VR891998,C107653,VA-EB-PL2,2026-04-26,Amazon,1,3499,PL2-2602-4
VR892074,C106249,VA-HP-ST2,2026-04-26,Flipkart,1,4499,ST2-2601-2
VR894192,C102861,VA-EB-PL2,2026-04-26,vireo.in,1,3149,PL2-2603-4
VR894712,C103695,VA-EB-PL1,2026-04-26,vireo.in,1,2499,PL1-2603-3
VR895596,C106610,VA-EB-PL1,2026-04-26,Amazon,1,2124,PL1-2602-2
VR896483,C106158,VA-EB-PL2,2026-04-26,Amazon,1,3499,PL2-2602-3
VR897981,C105296,VA-AC-CH65,2026-04-26,Amazon,1,1499,CH65-2603-2
VR898201,C107622,VA-SW-NX2,2026-04-26,vireo.in,1,5199,NX2-2602-4
VR902036,C100201,VA-EB-PL2,2026-04-26,Flipkart,1,3499,PL2-2603-3
VR903443,C104995,VA-EB-PL2,2026-04-26,vireo.in,1,2799,PL2-2601-2
VR903878,C101425,VA-SP-ORB,2026-04-26,vireo.in,1,5099,ORB-2602-3
VR904840,C103782,VA-EB-PL2,2026-04-26,Amazon,1,3499,PL2-2603-1
VR906301,C105589,VA-EB-PL2,2026-04-26,Amazon,1,3499,PL2-2603-2
VR881546,C105085,VA-EB-PL2,2026-04-27,vireo.in,1,2974,PL2-2601-3
VR883334,C102402,VA-SP-MINI,2026-04-27,vireo.in,1,2499,MINI-2601-3
VR883963,C104552,VA-EB-PL2,2026-04-27,Flipkart,1,3149,PL2-2601-2
VR885147,C101832,VA-SW-NX2,2026-04-27,Flipkart,1,5199,NX2-2603-4
VR886058,C108433,VA-EB-PL1,2026-04-27,vireo.in,1,2249,PL1-2603-4
VR886296,C106827,VA-EB-AIR,2026-04-27,vireo.in,1,1799,AIR-2603-4
VR887811,C104472,VA-HP-ST3,2026-04-27,vireo.in,1,6299,ST3-2602-2
VR889345,C107447,VA-HP-ST2,2026-04-27,Amazon,1,4249,ST2-2603-2
VR890985,C100735,VA-SW-NX1,2026-04-27,vireo.in,1,3999,NX1-2601-1
VR894422,C100107,VA-EB-PL2,2026-04-27,Flipkart,1,3149,PL2-2602-1
VR897240,C107696,VA-SW-NX2,2026-04-27,Amazon,1,6499,NX2-2601-1
VR898330,C102979,VA-EB-PL2,2026-04-27,vireo.in,1,3499,PL2-2603-1
VR900088,C101606,VA-SW-FIT,2026-04-27,vireo.in,1,1999,FIT-2603-1
VR900321,C104175,VA-AC-CASE,2026-04-27,Amazon,1,1234,CASE-2601-1
VR900597,C105387,VA-EB-PL2,2026-04-27,Flipkart,1,3499,PL2-2602-2
VR901090,C108386,VA-EB-PL2,2026-04-27,Amazon,1,3499,PL2-2603-2
VR902079,C106120,VA-AC-CASE,2026-04-27,vireo.in,2,2598,CASE-2603-4
VR903032,C103380,VA-SP-MINI,2026-04-27,Flipkart,1,2124,MINI-2602-2
VR904376,C100478,VA-HP-ST3,2026-04-27,vireo.in,1,5949,ST3-2601-1
VR905787,C107378,VA-EB-PL2,2026-04-27,vireo.in,1,3499,PL2-2603-4
VR906275,C109021,VA-EB-PL1,2026-04-27,vireo.in,1,2499,PL1-2601-4
VR883662,C100698,VA-HP-ST3,2026-04-28,Amazon,1,6649,ST3-2601-1
VR884074,C104236,VA-EB-PL2,2026-04-28,Amazon,1,3149,PL2-2601-2
VR885368,C101418,VA-EB-PL2,2026-04-28,Amazon,1,3149,PL2-2601-1
VR885417,C108974,VA-SW-NX2,2026-04-28,Amazon,1,5199,NX2-2602-2
VR887227,C101807,VA-SP-ORB,2026-04-28,Amazon,1,5999,ORB-2603-4
VR887908,C108756,VA-AC-CASE,2026-04-28,vireo.in,1,1039,CASE-2602-2
VR890024,C102563,VA-EB-PL2,2026-04-28,vireo.in,1,2799,PL2-2603-1
VR890257,C105824,VA-SW-NX1,2026-04-28,vireo.in,1,3999,NX1-2602-4
VR892031,C103832,VA-EB-PL2,2026-04-28,Amazon,1,3499,PL2-2603-4
VR892539,C101977,VA-HP-ST3,2026-04-28,vireo.in,1,5599,ST3-2601-2
VR892954,C101070,VA-EB-AIR,2026-04-28,vireo.in,1,1709,AIR-2601-1
VR894588,C109109,VA-SW-FIT,2026-04-28,vireo.in,1,1999,FIT-2601-2
VR895110,C100551,VA-EB-AIR,2026-04-28,vireo.in,1,1439,AIR-2601-1
VR895216,C102979,VA-EB-PL2,2026-04-28,vireo.in,2,6298,PL2-2603-1
VR896032,C104038,VA-SP-MINI,2026-04-28,vireo.in,1,1999,MINI-2603-3
VR896767,C102810,VA-EB-PL2,2026-04-28,Flipkart,1,3149,PL2-2603-3
VR897901,C100113,VA-EB-PL2,2026-04-28,Flipkart,1,2799,PL2-2601-1
VR897956,C105445,VA-EB-PL2,2026-04-28,vireo.in,1,3499,PL2-2603-1
VR898538,C104270,VA-EB-AIR,2026-04-28,Amazon,1,1799,AIR-2602-1
VR899280,C102826,VA-AC-CASE,2026-04-28,vireo.in,1,1169,CASE-2604-4
VR905104,C108040,VA-EB-PL2,2026-04-28,vireo.in,1,3499,PL2-2601-4
VR906220,C108815,VA-AC-CASE,2026-04-28,vireo.in,1,1299,CASE-2602-2
VR906284,C104310,VA-EB-PL2,2026-04-28,Amazon,2,6998,PL2-2601-3
VR906781,C107909,VA-EB-PL2,2026-04-28,Amazon,1,2799,PL2-2603-1
VR907015,C107766,VA-EB-PL2,2026-04-28,Flipkart,1,3499,PL2-2603-1
VR907635,C104994,VA-EB-PL1,2026-04-28,Amazon,1,2499,PL1-2603-4
VR907935,C105447,VA-EB-PL1,2026-04-28,vireo.in,1,2499,PL1-2602-3
VR880388,C106831,VA-EB-PL2,2026-04-29,Amazon,1,3324,PL2-2603-2
VR883678,C100039,VA-EB-PL2,2026-04-29,Amazon,1,3499,PL2-2602-1
VR885308,C108107,VA-AC-CASE,2026-04-29,vireo.in,1,1169,CASE-2601-4
VR885593,C102063,VA-HP-ST3,2026-04-29,vireo.in,1,5949,ST3-2602-3
VR886659,C102748,VA-EB-PL2,2026-04-29,vireo.in,1,3499,PL2-2602-3
VR887959,C106543,VA-SW-NX1,2026-04-29,Amazon,1,4999,NX1-2603-2
VR888077,C104481,VA-AC-CASE,2026-04-29,vireo.in,1,1299,CASE-2601-1
VR888984,C103207,VA-EB-PL2,2026-04-29,Flipkart,1,3149,PL2-2602-3
VR889216,C108182,VA-EB-PL1,2026-04-29,vireo.in,1,2499,PL1-2603-4
VR889617,C106873,VA-EB-PL2,2026-04-29,Amazon,1,3324,PL2-2603-1
VR889820,C109345,VA-HP-ST3,2026-04-29,vireo.in,1,6999,ST3-2602-4
VR891376,C103903,VA-EB-AIR,2026-04-29,Flipkart,1,1439,AIR-2602-1
VR891694,C108652,VA-EB-PL2,2026-04-29,Amazon,1,2974,PL2-2601-3
VR892109,C101559,VA-EB-PL2,2026-04-29,vireo.in,1,3499,PL2-2603-2
VR893557,C100642,VA-EB-PL1,2026-04-29,vireo.in,1,2374,PL1-2603-2
VR894479,C107918,VA-EB-PL2,2026-04-29,vireo.in,1,2799,PL2-2603-3
VR894778,C106075,VA-EB-PL1,2026-04-29,Amazon,1,2499,PL1-2603-1
VR898066,C101522,VA-EB-PL1,2026-04-29,vireo.in,2,3998,PL1-2603-2
VR898086,C106190,VA-SP-MINI,2026-04-29,vireo.in,1,2374,MINI-2603-4
VR898113,C105420,VA-SW-FIT,2026-04-29,Amazon,1,1999,FIT-2603-1
VR898161,C109216,VA-SW-FIT,2026-04-29,Amazon,1,1599,FIT-2602-2
VR898245,C106618,VA-EB-PL2,2026-04-29,Amazon,1,2799,PL2-2602-3
VR898734,C100393,VA-SP-ORB,2026-04-29,vireo.in,1,5099,ORB-2604-3
VR899022,C105727,VA-EB-PL2,2026-04-29,Flipkart,1,3499,PL2-2603-3
VR902303,C104195,VA-SW-NX2,2026-04-29,vireo.in,1,6499,NX2-2602-3
VR902370,C108797,VA-EB-PL2,2026-04-29,vireo.in,1,3149,PL2-2603-4
VR904070,C105266,VA-SP-ORB,2026-04-29,Flipkart,1,5999,ORB-2602-1
VR905978,C102053,VA-SW-FIT,2026-04-29,vireo.in,1,1899,FIT-2603-2
VR906210,C104756,VA-HP-ST3,2026-04-29,vireo.in,1,6299,ST3-2603-3
VR907276,C100628,VA-SW-NX2,2026-04-29,vireo.in,1,6499,NX2-2603-3
VR907873,C109148,VA-EB-PL2,2026-04-29,vireo.in,1,3499,PL2-2603-4
VR908030,C107287,VA-EB-PL2,2026-04-29,vireo.in,1,2799,PL2-2602-3
VR880312,C108423,VA-EB-PL2,2026-04-30,vireo.in,1,3499,PL2-2603-1
VR880534,C102606,VA-SP-MINI,2026-04-30,Amazon,1,2499,MINI-2603-3
VR881424,C105847,VA-EB-PL1,2026-04-30,Amazon,1,2499,PL1-2603-3
VR882521,C101067,VA-SW-NX2,2026-04-30,vireo.in,1,5524,NX2-2602-4
VR883853,C102115,VA-EB-PL1,2026-04-30,Amazon,1,2374,PL1-2603-4
VR885582,C106193,VA-EB-PL2,2026-04-30,Amazon,1,3324,PL2-2601-1
VR885817,C105746,VA-EB-PL2,2026-04-30,Flipkart,1,3149,PL2-2603-4
VR887457,C100862,VA-SP-ORB,2026-04-30,vireo.in,1,5399,ORB-2603-4
VR891578,C101022,VA-EB-AIR,2026-04-30,vireo.in,1,1439,AIR-2601-1
VR891786,C108967,VA-EB-PL1,2026-04-30,Amazon,1,2124,PL1-2601-4
VR891830,C106313,VA-SW-FIT,2026-04-30,vireo.in,1,1999,FIT-2604-1
VR892882,C100699,VA-SW-FIT,2026-04-30,vireo.in,1,1799,FIT-2601-1
VR894409,C106322,VA-SW-NX2,2026-04-30,vireo.in,1,6174,NX2-2603-1
VR895134,C108791,VA-SP-MINI,2026-04-30,Amazon,1,2499,MINI-2602-4
VR897458,C107658,VA-EB-PL2,2026-04-30,vireo.in,1,3499,PL2-2601-2
VR900602,C101963,VA-EB-PL2,2026-04-30,vireo.in,1,2799,PL2-2603-4
VR901291,C100453,VA-SP-ORB,2026-04-30,vireo.in,1,5399,ORB-2604-1
VR901426,C108515,VA-HP-ST3,2026-04-30,vireo.in,1,5599,ST3-2603-3
VR903980,C101234,VA-EB-AIR,2026-04-30,Amazon,1,1799,AIR-2601-3
VR905527,C108455,VA-AC-CASE,2026-04-30,Amazon,1,1299,CASE-2603-1
VR905609,C108612,VA-HP-ST3,2026-04-30,Amazon,1,6999,ST3-2602-1
VR906280,C104975,VA-EB-PL2,2026-04-30,vireo.in,1,3499,PL2-2601-4
VR907540,C104041,VA-EB-PL2,2026-04-30,vireo.in,1,3324,PL2-2601-3
VR908229,C104768,VA-EB-PL2,2026-04-30,vireo.in,2,6648,PL2-2604-2
VR908782,C107375,VA-EB-PL2,2026-04-30,vireo.in,1,3324,PL2-2602-4
VR909155,C101432,VA-SP-ORB,2026-04-30,vireo.in,1,5099,ORB-2601-1
VR909183,C103013,VA-SW-NX2,2026-04-30,vireo.in,1,5524,NX2-2602-4
VR880745,C106308,VA-EB-PL2,2026-05-01,vireo.in,2,6298,PL2-2604-2
VR881321,C106124,VA-SW-NX2,2026-05-01,vireo.in,1,6174,NX2-2602-4
VR881505,C106036,VA-SW-NX2,2026-05-01,vireo.in,2,12998,NX2-2601-2
VR881922,C105914,VA-AC-CASE,2026-05-01,vireo.in,1,1299,CASE-2602-4
VR882712,C106402,VA-SW-FIT,2026-05-01,Flipkart,1,1999,FIT-2601-3
VR883026,C100676,VA-SW-NX2,2026-05-01,Flipkart,1,5524,NX2-2601-4
VR883730,C108493,VA-EB-PL2,2026-05-01,Amazon,2,6648,PL2-2603-4
VR884599,C106850,VA-SW-FIT,2026-05-01,vireo.in,2,3398,FIT-2603-4
VR885731,C108107,VA-EB-PL2,2026-05-01,Amazon,1,3499,PL2-2603-2
VR886463,C100876,VA-SP-MINI,2026-05-01,vireo.in,1,2499,MINI-2604-4
VR887165,C104227,VA-SW-FIT,2026-05-01,vireo.in,1,1699,FIT-2604-4
VR887414,C101385,VA-EB-AIR,2026-05-01,vireo.in,1,1709,AIR-2603-3
VR887648,C101890,VA-EB-PL1,2026-05-01,vireo.in,1,2249,PL1-2604-3
VR887910,C107244,VA-EB-PL2,2026-05-01,vireo.in,1,3499,PL2-2601-1
VR890481,C103794,VA-EB-PL1,2026-05-01,Amazon,1,2499,PL1-2604-3
VR890782,C103757,VA-SW-FIT,2026-05-01,Amazon,1,1899,FIT-2602-4
VR891396,C102263,VA-HP-ST3,2026-05-01,vireo.in,1,6999,ST3-2604-3
VR891680,C104494,VA-EB-PL2,2026-05-01,Flipkart,1,2799,PL2-2602-2
VR892560,C101567,VA-EB-PL2,2026-05-01,Amazon,1,2974,PL2-2603-3
VR896480,C108446,VA-AC-CH65,2026-05-01,Amazon,1,1499,CH65-2604-2
VR898437,C103134,VA-EB-PL2,2026-05-01,Amazon,1,3149,PL2-2601-1
VR899842,C101603,VA-HP-ST3,2026-05-01,Amazon,1,6999,ST3-2602-4
VR900864,C108927,VA-SP-MINI,2026-05-01,vireo.in,1,2499,MINI-2603-2
VR901334,C101434,VA-EB-AIR,2026-05-01,vireo.in,2,3238,AIR-2603-4
VR901484,C100063,VA-NB-ARC,2026-05-01,vireo.in,1,1039,ARC-2603-1
VR901604,C109027,VA-SW-FIT,2026-05-01,vireo.in,1,1999,FIT-2603-1
VR903747,C104379,VA-SP-MINI,2026-05-01,Amazon,1,2499,MINI-2603-4
VR904591,C105312,VA-HP-ST2,2026-05-01,Amazon,1,4249,ST2-2604-2
VR904798,C102132,VA-HP-ST2,2026-05-01,Amazon,1,4999,ST2-2603-2
VR906383,C107501,VA-SW-NX2,2026-05-01,vireo.in,1,6499,NX2-2601-4
VR907419,C100850,VA-SP-MINI,2026-05-01,vireo.in,2,4998,MINI-2601-1
VR908712,C108238,VA-NB-ARC,2026-05-01,Flipkart,1,1039,ARC-2604-4
VR880301,C100168,VA-EB-PL1,2026-05-02,vireo.in,1,2249,PL1-2602-4
VR881236,C104708,VA-SP-ORB,2026-05-02,vireo.in,1,5999,ORB-2602-4
VR883322,C107237,VA-EB-PL2,2026-05-02,vireo.in,1,3499,PL2-2603-3
VR883529,C102202,VA-SW-NX2,2026-05-02,Amazon,1,6499,NX2-2603-1
VR884091,C106120,VA-SW-FIT,2026-05-02,vireo.in,1,1999,FIT-2603-2
VR884502,C108151,VA-EB-PL2,2026-05-02,Flipkart,1,3499,PL2-2602-2
VR885323,C108742,VA-SW-FIT,2026-05-02,vireo.in,1,1699,FIT-2603-3
VR886211,C109250,VA-EB-PL1,2026-05-02,vireo.in,2,4748,PL1-2602-4
VR886696,C106092,VA-AC-CBL,2026-05-02,vireo.in,1,399,CBL-2601-3
VR889592,C101302,VA-SW-NX2,2026-05-02,vireo.in,1,6499,NX2-2602-2
VR891103,C104196,VA-SW-NX2,2026-05-02,Flipkart,1,6499,NX2-2603-2
VR891552,C107494,VA-SP-MINI,2026-05-02,vireo.in,1,2499,MINI-2601-3
VR891940,C102095,VA-SW-FIT,2026-05-02,vireo.in,1,1999,FIT-2601-3
VR895180,C100317,VA-EB-PL2,2026-05-02,Amazon,1,3499,PL2-2602-4
VR896418,C109383,VA-SW-FIT,2026-05-02,vireo.in,1,1699,FIT-2602-1
VR899746,C104096,VA-EB-PL2,2026-05-02,Flipkart,1,3499,PL2-2602-1
VR901327,C107247,VA-EB-PL2,2026-05-02,vireo.in,1,3324,PL2-2603-2
VR902965,C104172,VA-EB-PL2,2026-05-02,Flipkart,1,3499,PL2-2603-2
VR904721,C105200,VA-SW-NX2,2026-05-02,vireo.in,1,6499,NX2-2601-4
VR905581,C104586,VA-EB-PL2,2026-05-02,vireo.in,1,3149,PL2-2601-3
VR880325,C102512,VA-SW-NX1,2026-05-03,vireo.in,1,3999,NX1-2601-2
VR881489,C105614,VA-EB-PL2,2026-05-03,vireo.in,1,2974,PL2-2603-3
VR883050,C109484,VA-EB-AIR,2026-05-03,Amazon,1,1439,AIR-2603-3
VR887139,C100271,VA-EB-PL2,2026-05-03,Amazon,1,3324,PL2-2602-2
VR888030,C108119,VA-SP-MINI,2026-05-03,vireo.in,1,2249,MINI-2602-2
VR889078,C107084,VA-SW-NX2,2026-05-03,Amazon,1,6499,NX2-2603-2
VR890109,C108129,VA-AC-CASE,2026-05-03,Amazon,1,1299,CASE-2602-1
VR890122,C100142,VA-EB-PL2,2026-05-03,Flipkart,1,2799,PL2-2603-3
VR891522,C107028,VA-SP-MINI,2026-05-03,Amazon,1,2499,MINI-2603-4
VR892473,C105377,VA-SW-NX1,2026-05-03,vireo.in,1,4499,NX1-2602-1
VR893359,C107578,VA-SP-MINI,2026-05-03,vireo.in,1,2374,MINI-2602-3
VR894266,C100460,VA-EB-AIR,2026-05-03,Amazon,2,3598,AIR-2602-4
VR899551,C104657,VA-EB-AIR,2026-05-03,vireo.in,1,1709,AIR-2601-2
VR900384,C107564,VA-EB-PL1,2026-05-03,Flipkart,1,2499,PL1-2603-4
VR900509,C101225,VA-EB-AIR,2026-05-03,vireo.in,1,1439,AIR-2603-3
VR902837,C106479,VA-SW-FIT,2026-05-03,vireo.in,1,1799,FIT-2602-2
VR903221,C100857,VA-HP-ST3,2026-05-03,Amazon,1,6999,ST3-2604-3
VR903294,C102736,VA-EB-PL1,2026-05-03,vireo.in,1,1999,PL1-2603-3
VR903912,C106077,VA-EB-PL2,2026-05-03,vireo.in,1,3499,PL2-2602-3
VR904838,C109162,VA-SW-NX2,2026-05-03,vireo.in,1,6174,NX2-2603-4
VR906436,C102754,VA-EB-PL2,2026-05-03,Flipkart,1,3149,PL2-2601-1
VR906499,C101133,VA-EB-PL1,2026-05-03,Amazon,2,3998,PL1-2602-3
VR906991,C107067,VA-EB-PL1,2026-05-03,Amazon,1,2249,PL1-2603-1
VR909880,C102847,VA-SW-NX2,2026-05-03,vireo.in,1,6174,NX2-2602-1
VR880640,C106085,VA-SW-NX2,2026-05-04,Amazon,2,11698,NX2-2601-3
VR880768,C106611,VA-SW-FIT,2026-05-04,vireo.in,1,1999,FIT-2602-2
VR881155,C102225,VA-AC-CASE,2026-05-04,vireo.in,1,1104,CASE-2603-1
VR882739,C102842,VA-SW-FIT,2026-05-04,Amazon,1,1999,FIT-2604-1
VR884935,C105586,VA-EB-PL2,2026-05-04,vireo.in,1,3149,PL2-2604-1
VR885034,C108189,VA-SW-NX2,2026-05-04,Amazon,1,6499,NX2-2601-4
VR885768,C102405,VA-EB-PL2,2026-05-04,vireo.in,1,3324,PL2-2603-1
VR886032,C106304,VA-HP-ST3,2026-05-04,vireo.in,2,13998,ST3-2601-4
VR886434,C104838,VA-EB-AIR,2026-05-04,vireo.in,1,1799,AIR-2603-3
VR887241,C103650,VA-EB-AIR,2026-05-04,vireo.in,1,1799,AIR-2601-2
VR887881,C107117,VA-EB-PL2,2026-05-04,Amazon,1,2974,PL2-2603-4
VR891283,C100425,VA-HP-ST3,2026-05-04,Flipkart,1,6299,ST3-2601-1
VR892960,C104629,VA-SP-ORB,2026-05-04,vireo.in,1,5699,ORB-2603-3
VR893482,C106901,VA-HP-ST3,2026-05-04,Amazon,1,6299,ST3-2602-2
VR893717,C106214,VA-EB-AIR,2026-05-04,Amazon,1,1529,AIR-2603-3
VR893756,C106365,VA-EB-PL1,2026-05-04,vireo.in,1,1999,PL1-2604-2
VR894037,C103594,VA-EB-PL2,2026-05-04,vireo.in,1,2974,PL2-2604-1
VR897136,C100574,VA-EB-PL1,2026-05-04,vireo.in,1,2499,PL1-2602-4
VR897252,C100780,VA-SP-MINI,2026-05-04,vireo.in,1,1999,MINI-2603-1
VR898749,C104597,VA-EB-AIR,2026-05-04,Amazon,1,1799,AIR-2604-1
VR899242,C107683,VA-NB-ARC,2026-05-04,Amazon,1,1104,ARC-2603-2
VR899504,C107187,VA-EB-PL2,2026-05-04,vireo.in,1,3149,PL2-2602-1
VR900007,C109396,VA-HP-ST3,2026-05-04,Amazon,1,5599,ST3-2603-2
VR900722,C106107,VA-SW-NX2,2026-05-04,Amazon,1,5199,NX2-2602-2
VR901224,C108957,VA-EB-PL2,2026-05-04,vireo.in,1,3499,PL2-2603-4
VR903506,C108731,VA-EB-PL2,2026-05-04,vireo.in,1,2799,PL2-2602-2
VR905311,C107169,VA-SW-FIT,2026-05-04,vireo.in,1,1899,FIT-2602-3
VR907055,C103017,VA-SW-NX2,2026-05-04,Flipkart,1,6499,NX2-2602-3
VR909117,C102904,VA-EB-PL1,2026-05-04,vireo.in,1,1999,PL1-2602-1
VR909254,C101991,VA-EB-PL2,2026-05-04,Flipkart,1,2974,PL2-2604-1
VR909380,C103418,VA-SW-NX1,2026-05-04,vireo.in,1,4999,NX1-2602-3
VR909651,C108171,VA-EB-PL2,2026-05-04,Flipkart,1,3499,PL2-2603-1
VR880405,C106653,VA-EB-PL2,2026-05-05,Amazon,1,3499,PL2-2603-1
VR881208,C105711,VA-SW-NX1,2026-05-05,vireo.in,1,4499,NX1-2604-4
VR881346,C103436,VA-SW-NX2,2026-05-05,vireo.in,1,5849,NX2-2602-3
VR882382,C105229,VA-HP-ST2,2026-05-05,vireo.in,1,4249,ST2-2602-1
VR883477,C104713,VA-SP-ORB,2026-05-05,Amazon,1,5999,ORB-2604-2
VR884357,C107161,VA-EB-PL2,2026-05-05,Amazon,1,3324,PL2-2602-3
VR885860,C105287,VA-SW-NX2,2026-05-05,vireo.in,1,6174,NX2-2603-1
VR888857,C104673,VA-EB-AIR,2026-05-05,Flipkart,1,1709,AIR-2602-4
VR893296,C106147,VA-EB-PL2,2026-05-05,vireo.in,1,3324,PL2-2601-2
VR893899,C109046,VA-EB-PL1,2026-05-05,Flipkart,1,1999,PL1-2604-1
VR895941,C106866,VA-EB-PL1,2026-05-05,Flipkart,1,2499,PL1-2603-2
VR896340,C108948,VA-EB-AIR,2026-05-05,vireo.in,1,1439,AIR-2604-1
VR896875,C104054,VA-AC-CASE,2026-05-05,vireo.in,1,1234,CASE-2601-2
VR897041,C109206,VA-SP-MINI,2026-05-05,Amazon,1,2499,MINI-2604-2
VR897789,C108476,VA-EB-PL2,2026-05-05,Flipkart,1,3499,PL2-2602-1
VR898656,C100056,VA-EB-PL2,2026-05-05,vireo.in,2,5948,PL2-2601-1
VR899137,C105838,VA-EB-PL2,2026-05-05,Amazon,1,3499,PL2-2603-4
VR900756,C103021,VA-EB-PL2,2026-05-05,vireo.in,1,3499,PL2-2603-1
VR900790,C107727,VA-SP-MINI,2026-05-05,vireo.in,1,2249,MINI-2602-1
VR901466,C101764,VA-EB-PL1,2026-05-05,Flipkart,1,1999,PL1-2603-4
VR901834,C107553,VA-EB-PL1,2026-05-05,Amazon,1,2249,PL1-2603-2
VR902547,C100567,VA-EB-PL2,2026-05-05,Amazon,1,3499,PL2-2602-2
VR902801,C103244,VA-HP-ST3,2026-05-05,Amazon,1,6999,ST3-2602-1
VR904227,C109006,VA-SP-MINI,2026-05-05,vireo.in,1,2499,MINI-2603-4
VR905941,C101363,VA-EB-PL2,2026-05-05,vireo.in,1,3149,PL2-2601-1
VR907142,C108643,VA-EB-PL2,2026-05-05,Amazon,1,3499,PL2-2602-1
VR907589,C106188,VA-HP-ST3,2026-05-05,vireo.in,2,13998,ST3-2604-2
VR907939,C105497,VA-EB-PL1,2026-05-05,vireo.in,1,2499,PL1-2601-1
VR881652,C103598,VA-EB-PL2,2026-05-06,Flipkart,1,3499,PL2-2604-4
VR882680,C105646,VA-HP-ST3,2026-05-06,vireo.in,1,5599,ST3-2601-1
VR886558,C106874,VA-SW-NX2,2026-05-06,vireo.in,1,5524,NX2-2602-4
VR887665,C102300,VA-EB-PL2,2026-05-06,Amazon,1,3499,PL2-2601-2
VR889139,C101880,VA-EB-PL1,2026-05-06,Amazon,1,2249,PL1-2603-3
VR890051,C101862,VA-EB-PL2,2026-05-06,vireo.in,1,3499,PL2-2603-1
VR890692,C101091,VA-HP-ST2,2026-05-06,vireo.in,1,4499,ST2-2601-4
VR891658,C106500,VA-EB-PL2,2026-05-06,Flipkart,1,3499,PL2-2603-4
VR891735,C102765,VA-EB-PL2,2026-05-06,vireo.in,1,2799,PL2-2602-1
VR892150,C106344,VA-SP-ORB,2026-05-06,Amazon,1,5399,ORB-2602-4
VR893031,C105663,VA-EB-PL2,2026-05-06,vireo.in,1,3149,PL2-2604-2
VR894425,C108182,VA-EB-PL2,2026-05-06,vireo.in,1,3499,PL2-2603-1
VR895465,C105801,VA-EB-AIR,2026-05-06,vireo.in,1,1709,AIR-2603-4
VR895771,C102223,VA-SP-ORB,2026-05-06,vireo.in,1,5999,ORB-2603-3
VR895828,C103586,VA-SP-ORB,2026-05-06,Amazon,1,5999,ORB-2603-4
VR896046,C103852,VA-EB-PL2,2026-05-06,vireo.in,1,3149,PL2-2604-3
VR897991,C104998,VA-SW-NX2,2026-05-06,Flipkart,1,6499,NX2-2603-3
VR901467,C108365,VA-SW-NX2,2026-05-06,vireo.in,1,5524,NX2-2603-1
VR902888,C102098,VA-SP-ORB,2026-05-06,vireo.in,1,5399,ORB-2602-1
VR906840,C107031,VA-EB-PL2,2026-05-06,vireo.in,1,3499,PL2-2602-2
VR907029,C105196,VA-NB-ARC,2026-05-06,vireo.in,1,1104,ARC-2603-1
VR907968,C102303,VA-EB-AIR,2026-05-06,Flipkart,1,1709,AIR-2604-3
VR907986,C101103,VA-EB-PL2,2026-05-06,Amazon,1,3324,PL2-2603-4
VR908443,C101666,VA-AC-CH65,2026-05-06,Flipkart,1,1349,CH65-2603-4
VR880493,C104095,VA-EB-PL2,2026-05-07,Amazon,1,2799,PL2-2604-3
VR880996,C107367,VA-EB-PL2,2026-05-07,Amazon,1,2974,PL2-2602-1
VR881138,C106292,VA-SP-MINI,2026-05-07,vireo.in,2,3998,MINI-2602-4
VR883054,C101338,VA-EB-PL2,2026-05-07,vireo.in,1,3499,PL2-2602-4
VR886540,C107142,VA-EB-PL2,2026-05-07,vireo.in,1,2974,PL2-2601-2
VR886989,C103300,VA-EB-PL2,2026-05-07,Amazon,1,3499,PL2-2601-3
VR890064,C108964,VA-EB-AIR,2026-05-07,vireo.in,1,1439,AIR-2601-1
VR890241,C106368,VA-EB-PL2,2026-05-07,vireo.in,1,3149,PL2-2602-3
VR890752,C106890,VA-EB-PL2,2026-05-07,Amazon,1,3499,PL2-2602-2
VR891157,C101902,VA-HP-ST3,2026-05-07,vireo.in,1,5949,ST3-2602-2
VR892320,C102928,VA-SW-NX2,2026-05-07,Amazon,1,5849,NX2-2604-4
VR892712,C109352,VA-EB-PL2,2026-05-07,vireo.in,1,3324,PL2-2602-4
VR894962,C102548,VA-EB-PL2,2026-05-07,Amazon,1,2799,PL2-2602-4
VR896337,C105188,VA-HP-ST3,2026-05-07,Amazon,1,6299,ST3-2602-1
VR897284,C107528,VA-EB-PL2,2026-05-07,vireo.in,1,3499,PL2-2602-4
VR898263,C100186,VA-HP-ST2,2026-05-07,Amazon,1,4999,ST2-2603-2
VR898400,C106367,VA-EB-PL2,2026-05-07,Flipkart,1,2974,PL2-2601-2
VR901257,C102685,VA-SW-NX1,2026-05-07,vireo.in,1,4749,NX1-2603-2
VR901335,C100149,VA-EB-PL2,2026-05-07,Amazon,1,3499,PL2-2603-4
VR901357,C107328,VA-SW-FIT,2026-05-07,Amazon,1,1999,FIT-2601-3
VR902339,C107873,VA-EB-PL2,2026-05-07,Amazon,1,3499,PL2-2604-3
VR904114,C105230,VA-EB-PL2,2026-05-07,Amazon,1,3499,PL2-2602-3
VR905245,C105157,VA-EB-PL2,2026-05-07,Flipkart,1,3499,PL2-2602-4
VR905718,C103109,VA-SW-FIT,2026-05-07,Amazon,1,1899,FIT-2604-4
VR908857,C104003,VA-EB-PL2,2026-05-07,vireo.in,1,3499,PL2-2603-2
VR909034,C101583,VA-EB-PL2,2026-05-07,vireo.in,1,3499,PL2-2603-1
VR909808,C103423,VA-EB-PL2,2026-05-07,vireo.in,1,3499,PL2-2602-1
VR880051,C106734,VA-SP-MINI,2026-05-08,vireo.in,1,2124,MINI-2603-4
VR882753,C106625,VA-EB-PL2,2026-05-08,vireo.in,1,2974,PL2-2602-4
VR883357,C109394,VA-EB-PL2,2026-05-08,vireo.in,1,3499,PL2-2601-4
VR887231,C101985,VA-NB-ARC,2026-05-08,vireo.in,1,1299,ARC-2602-2
VR887423,C102909,VA-HP-ST2,2026-05-08,vireo.in,1,4999,ST2-2602-4
VR891413,C103555,VA-EB-AIR,2026-05-08,Flipkart,1,1619,AIR-2603-1
VR891690,C109320,VA-EB-PL2,2026-05-08,vireo.in,1,3499,PL2-2602-3
VR891729,C107744,VA-SP-MINI,2026-05-08,vireo.in,1,2374,MINI-2604-2
VR896403,C107473,VA-EB-PL2,2026-05-08,Amazon,1,3149,PL2-2601-4
VR897362,C106450,VA-EB-PL2,2026-05-08,vireo.in,1,3149,PL2-2604-2
VR897704,C100692,VA-SW-NX2,2026-05-08,Flipkart,1,6174,NX2-2601-3
VR900186,C108722,VA-HP-ST2,2026-05-08,vireo.in,1,4499,ST2-2603-2
VR900443,C106798,VA-EB-PL2,2026-05-08,Amazon,1,3499,PL2-2603-4
VR900575,C100195,VA-EB-PL2,2026-05-08,vireo.in,1,2974,PL2-2602-4
VR901316,C105384,VA-EB-PL2,2026-05-08,Flipkart,1,3324,PL2-2601-2
VR902818,C104629,VA-EB-PL1,2026-05-08,vireo.in,1,1999,PL1-2601-3
VR903420,C108889,VA-SP-ORB,2026-05-08,vireo.in,1,5999,ORB-2603-3
VR904137,C105625,VA-EB-PL2,2026-05-08,vireo.in,1,3499,PL2-2601-3
VR905382,C100692,VA-EB-PL2,2026-05-08,vireo.in,1,2799,PL2-2603-1
VR905804,C106856,VA-EB-PL2,2026-05-08,Flipkart,1,3499,PL2-2603-2
VR907904,C106134,VA-EB-PL1,2026-05-08,vireo.in,1,2499,PL1-2603-4
VR883748,C105233,VA-EB-PL2,2026-05-09,vireo.in,1,3149,PL2-2602-3
VR886736,C109480,VA-HP-ST3,2026-05-09,vireo.in,1,6999,ST3-2604-2
VR886869,C106099,VA-EB-PL1,2026-05-09,Flipkart,1,2124,PL1-2604-1
VR887905,C109071,VA-SW-NX1,2026-05-09,Amazon,1,4999,NX1-2604-4
VR888403,C100615,VA-EB-PL2,2026-05-09,vireo.in,1,3499,PL2-2602-2
VR890978,C102712,VA-SP-ORB,2026-05-09,vireo.in,1,5699,ORB-2602-2
VR891488,C107751,VA-SW-NX2,2026-05-09,Flipkart,1,6499,NX2-2603-2
VR891747,C100391,VA-SP-MINI,2026-05-09,vireo.in,1,2499,MINI-2601-1
VR892556,C102162,VA-AC-CASE,2026-05-09,Flipkart,1,1039,CASE-2601-2
VR893909,C107056,VA-EB-PL2,2026-05-09,Amazon,1,3499,PL2-2603-4
VR894765,C107347,VA-SW-NX2,2026-05-09,vireo.in,1,5524,NX2-2603-4
VR897734,C106435,VA-HP-ST3,2026-05-09,Flipkart,1,5949,ST3-2603-3
VR899091,C108111,VA-SW-NX2,2026-05-09,Flipkart,1,6174,NX2-2602-3
VR899377,C109454,VA-SP-ORB,2026-05-09,vireo.in,1,5399,ORB-2602-2
VR902054,C107529,VA-EB-AIR,2026-05-09,vireo.in,1,1799,AIR-2603-1
VR902078,C105831,VA-SP-MINI,2026-05-09,vireo.in,1,2374,MINI-2604-1
VR902482,C103598,VA-SP-MINI,2026-05-09,Amazon,2,4748,MINI-2603-2
VR902879,C105171,VA-HP-ST2,2026-05-09,vireo.in,1,4999,ST2-2601-1
VR903156,C104100,VA-SP-MINI,2026-05-09,Amazon,1,2499,MINI-2603-1
VR903695,C102221,VA-EB-PL2,2026-05-09,Amazon,1,3499,PL2-2604-2
VR904918,C105564,VA-SW-FIT,2026-05-09,vireo.in,1,1799,FIT-2604-4
VR906551,C107275,VA-HP-ST3,2026-05-09,Amazon,1,6649,ST3-2604-1
VR907264,C100319,VA-EB-PL2,2026-05-09,vireo.in,1,3499,PL2-2603-4
VR907772,C103286,VA-SP-ORB,2026-05-09,vireo.in,1,5699,ORB-2603-3
VR908016,C101129,VA-EB-PL2,2026-05-09,Flipkart,1,3324,PL2-2603-4
VR909219,C106490,VA-SW-FIT,2026-05-09,vireo.in,1,1899,FIT-2602-3
VR880015,C106260,VA-SW-FIT,2026-05-10,vireo.in,1,1999,FIT-2602-3
VR880384,C101012,VA-EB-PL2,2026-05-10,Flipkart,1,2974,PL2-2603-3
VR881379,C104572,VA-SW-FIT,2026-05-10,vireo.in,1,1999,FIT-2602-4
VR881645,C105166,VA-EB-PL2,2026-05-10,vireo.in,1,3499,PL2-2604-1
VR883897,C102050,VA-EB-PL1,2026-05-10,vireo.in,1,2499,PL1-2603-4
VR884117,C101055,VA-SW-FIT,2026-05-10,vireo.in,1,1999,FIT-2603-2
VR884278,C108563,VA-EB-PL2,2026-05-10,Flipkart,1,3149,PL2-2604-3
VR884494,C108125,VA-SW-FIT,2026-05-10,vireo.in,1,1899,FIT-2603-3
VR885936,C100444,VA-EB-PL2,2026-05-10,Flipkart,1,3499,PL2-2602-2
VR886078,C108366,VA-EB-AIR,2026-05-10,vireo.in,1,1799,AIR-2601-2
VR886592,C106216,VA-EB-PL2,2026-05-10,vireo.in,1,3324,PL2-2603-4
VR887683,C100274,VA-EB-PL2,2026-05-10,Amazon,1,3499,PL2-2604-2
VR888096,C103022,VA-EB-PL2,2026-05-10,Amazon,1,3149,PL2-2602-4
VR889162,C108393,VA-SW-FIT,2026-05-10,vireo.in,1,1999,FIT-2603-4
VR889285,C100394,VA-AC-CASE,2026-05-10,Amazon,1,1299,CASE-2604-3
VR891280,C105335,VA-EB-PL2,2026-05-10,vireo.in,1,3499,PL2-2604-2
VR891833,C109439,VA-SP-MINI,2026-05-10,Amazon,1,1999,MINI-2602-4
VR892090,C102178,VA-EB-PL1,2026-05-10,Amazon,1,2499,PL1-2602-2
VR892271,C100555,VA-SW-FIT,2026-05-10,vireo.in,1,1799,FIT-2601-2
VR892296,C107240,VA-EB-PL2,2026-05-10,vireo.in,1,3499,PL2-2603-2
VR892598,C103297,VA-SW-NX2,2026-05-10,Flipkart,1,5524,NX2-2602-3
VR894063,C102596,VA-SP-ORB,2026-05-10,vireo.in,1,5999,ORB-2602-1
VR894510,C101549,VA-AC-CASE,2026-05-10,Amazon,1,1234,CASE-2601-3
VR894553,C105696,VA-SW-FIT,2026-05-10,vireo.in,1,1999,FIT-2603-3
VR895666,C107159,VA-NB-ARC,2026-05-10,vireo.in,1,1299,ARC-2604-1
VR895923,C108519,VA-NB-ARC,2026-05-10,vireo.in,1,1039,ARC-2603-2
VR896604,C105900,VA-SW-NX1,2026-05-10,vireo.in,1,4999,NX1-2603-4
VR899314,C106508,VA-EB-PL2,2026-05-10,Amazon,1,3499,PL2-2603-2
VR900799,C106829,VA-SP-MINI,2026-05-10,vireo.in,1,1999,MINI-2604-1
VR903586,C103087,VA-HP-ST3,2026-05-10,Amazon,1,6999,ST3-2601-2
VR903800,C101288,VA-EB-PL2,2026-05-10,vireo.in,1,3499,PL2-2601-2
VR903889,C100827,VA-EB-PL2,2026-05-10,Flipkart,1,2974,PL2-2603-3
VR903890,C104133,VA-NB-ARC,2026-05-10,vireo.in,1,1299,ARC-2602-3
VR905372,C106848,VA-EB-AIR,2026-05-10,Amazon,1,1709,AIR-2601-2
VR907169,C108914,VA-AC-CH65,2026-05-10,Amazon,1,1199,CH65-2602-2
VR908426,C105085,VA-SW-FIT,2026-05-10,vireo.in,1,1999,FIT-2603-1
VR908989,C108540,VA-SW-FIT,2026-05-10,Amazon,2,3998,FIT-2602-1
VR880468,C100539,VA-EB-AIR,2026-05-11,Amazon,1,1799,AIR-2604-4
VR880787,C102572,VA-EB-PL2,2026-05-11,vireo.in,1,2974,PL2-2603-2
VR880810,C108428,VA-EB-PL1,2026-05-11,vireo.in,2,4998,PL1-2602-1
VR883772,C104320,VA-AC-CASE,2026-05-11,Flipkart,1,1299,CASE-2602-1
VR884099,C107481,VA-SW-NX2,2026-05-11,vireo.in,1,6174,NX2-2602-1
VR884122,C107875,VA-EB-AIR,2026-05-11,Flipkart,2,2878,AIR-2603-3
VR887094,C102953,VA-EB-PL2,2026-05-11,vireo.in,1,3324,PL2-2603-4
VR889095,C101132,VA-EB-PL2,2026-05-11,vireo.in,1,3499,PL2-2604-4
VR890056,C106185,VA-EB-AIR,2026-05-11,vireo.in,1,1799,AIR-2603-4
VR892246,C102665,VA-SP-MINI,2026-05-11,Flipkart,1,1999,MINI-2604-1
VR892294,C107329,VA-EB-PL2,2026-05-11,Flipkart,1,3499,PL2-2602-2
VR899824,C107044,VA-EB-PL2,2026-05-11,Amazon,1,3324,PL2-2602-4
VR900213,C101674,VA-EB-PL2,2026-05-11,Amazon,1,3149,PL2-2604-1
VR900923,C100577,VA-HP-ST3,2026-05-11,vireo.in,1,6999,ST3-2604-1
VR902748,C101910,VA-EB-PL2,2026-05-11,vireo.in,1,2974,PL2-2602-1
VR903038,C102864,VA-SW-NX2,2026-05-11,Amazon,1,6499,NX2-2602-3
VR905684,C104696,VA-SP-MINI,2026-05-11,Flipkart,1,2124,MINI-2603-1
VR906155,C109392,VA-EB-PL2,2026-05-11,vireo.in,1,3324,PL2-2601-3
VR907225,C101826,VA-HP-ST3,2026-05-11,Amazon,1,6999,ST3-2602-1
VR908650,C102422,VA-SW-NX1,2026-05-11,vireo.in,1,4749,NX1-2602-1
VR880495,C105465,VA-EB-PL2,2026-05-12,vireo.in,1,3499,PL2-2602-1
VR881942,C106531,VA-EB-PL1,2026-05-12,Flipkart,1,2249,PL1-2603-1
VR882458,C104008,VA-AC-CH65,2026-05-12,Amazon,1,1274,CH65-2602-1
VR883032,C103470,VA-HP-ST3,2026-05-12,vireo.in,1,5599,ST3-2602-3
VR884652,C104447,VA-EB-AIR,2026-05-12,vireo.in,1,1529,AIR-2603-3
VR886142,C108175,VA-EB-PL1,2026-05-12,vireo.in,1,2499,PL1-2603-1
VR886390,C105223,VA-EB-PL2,2026-05-12,vireo.in,1,3499,PL2-2602-2
VR886947,C100766,VA-EB-PL2,2026-05-12,vireo.in,1,3499,PL2-2602-2
VR887118,C109231,VA-SP-MINI,2026-05-12,vireo.in,1,2499,MINI-2602-1
VR887537,C105456,VA-HP-ST3,2026-05-12,vireo.in,1,6299,ST3-2603-2
VR889255,C106121,VA-EB-PL2,2026-05-12,vireo.in,1,3499,PL2-2601-4
VR889408,C100131,VA-EB-PL1,2026-05-12,vireo.in,1,2374,PL1-2603-3
VR889439,C101613,VA-EB-AIR,2026-05-12,vireo.in,1,1799,AIR-2601-3
VR890307,C101271,VA-EB-PL2,2026-05-12,Flipkart,1,3499,PL2-2602-1
VR891484,C104328,VA-SW-NX2,2026-05-12,vireo.in,1,5524,NX2-2603-4
VR891906,C101027,VA-SW-NX2,2026-05-12,Amazon,1,5524,NX2-2604-1
VR892237,C105452,VA-EB-PL1,2026-05-12,Flipkart,1,2124,PL1-2603-3
VR893349,C101753,VA-EB-PL1,2026-05-12,vireo.in,1,2374,PL1-2602-4
VR893539,C105566,VA-EB-PL2,2026-05-12,vireo.in,1,3499,PL2-2603-3
VR897317,C106031,VA-SW-NX2,2026-05-12,Flipkart,1,6499,NX2-2604-3
VR897688,C108152,VA-EB-AIR,2026-05-12,vireo.in,1,1799,AIR-2604-4
VR897838,C107954,VA-SW-NX2,2026-05-12,Flipkart,1,5199,NX2-2604-1
VR899451,C106971,VA-EB-PL2,2026-05-12,Amazon,1,3149,PL2-2601-4
VR900153,C105458,VA-EB-PL2,2026-05-12,vireo.in,1,3499,PL2-2604-1
VR902089,C102401,VA-AC-CASE,2026-05-12,vireo.in,1,1299,CASE-2602-2
VR902545,C108534,VA-EB-PL2,2026-05-12,Amazon,1,2974,PL2-2604-4
VR903291,C107685,VA-EB-PL1,2026-05-12,vireo.in,2,4998,PL1-2602-1
VR903922,C106182,VA-EB-AIR,2026-05-12,Flipkart,1,1709,AIR-2604-1
VR904100,C101693,VA-EB-PL1,2026-05-12,Flipkart,1,2499,PL1-2604-3
VR904847,C101720,VA-SW-NX2,2026-05-12,Amazon,1,6174,NX2-2601-2
VR905144,C100327,VA-EB-PL2,2026-05-12,Amazon,1,3324,PL2-2603-4
VR909679,C109434,VA-EB-PL2,2026-05-12,vireo.in,1,2974,PL2-2602-2
VR881460,C106114,VA-EB-PL2,2026-05-13,Amazon,1,3324,PL2-2604-1
VR881971,C101788,VA-SW-NX1,2026-05-13,vireo.in,2,9998,NX1-2604-4
VR882421,C103716,VA-EB-PL2,2026-05-13,vireo.in,1,3499,PL2-2603-1
VR882481,C108874,VA-EB-PL1,2026-05-13,vireo.in,1,2499,PL1-2602-2
VR883044,C109242,VA-SW-NX2,2026-05-13,Flipkart,1,5199,NX2-2601-3
VR884346,C106262,VA-EB-PL2,2026-05-13,Amazon,1,3149,PL2-2603-4
VR885535,C106845,VA-EB-PL2,2026-05-13,Amazon,1,3324,PL2-2603-2
VR886545,C101252,VA-EB-PL1,2026-05-13,Amazon,1,2499,PL1-2601-4
VR887049,C105730,VA-EB-PL1,2026-05-13,Flipkart,1,2499,PL1-2602-4
VR887677,C106577,VA-SP-ORB,2026-05-13,vireo.in,1,5999,ORB-2602-3
VR888513,C103977,VA-SP-MINI,2026-05-13,Amazon,1,2249,MINI-2603-4
VR889493,C103438,VA-AC-CASE,2026-05-13,Flipkart,1,1169,CASE-2604-2
VR890225,C100379,VA-NB-ARC,2026-05-13,vireo.in,1,1299,ARC-2601-1
VR890822,C101509,VA-EB-AIR,2026-05-13,vireo.in,1,1799,AIR-2602-3
VR891022,C108549,VA-EB-PL2,2026-05-13,vireo.in,1,3324,PL2-2602-1
VR892813,C107820,VA-EB-PL2,2026-05-13,Amazon,1,3499,PL2-2602-2
VR894779,C108739,VA-EB-PL2,2026-05-13,Amazon,1,3499,PL2-2601-2
VR895138,C108289,VA-EB-PL2,2026-05-13,vireo.in,1,3149,PL2-2602-2
VR895564,C108436,VA-EB-PL2,2026-05-13,vireo.in,1,3499,PL2-2603-4
VR895623,C101047,VA-EB-PL2,2026-05-13,Flipkart,1,3499,PL2-2602-1
VR896266,C108686,VA-AC-CH65,2026-05-13,Amazon,1,1199,CH65-2603-1
VR900235,C108364,VA-SP-MINI,2026-05-13,vireo.in,1,2499,MINI-2602-2
VR901842,C103818,VA-HP-ST2,2026-05-13,vireo.in,1,4499,ST2-2602-1
VR902846,C105068,VA-EB-PL2,2026-05-13,Amazon,1,2799,PL2-2603-1
VR903793,C105509,VA-HP-ST2,2026-05-13,vireo.in,1,4249,ST2-2604-2
VR904774,C106442,VA-EB-AIR,2026-05-13,vireo.in,1,1709,AIR-2604-3
VR904961,C106563,VA-HP-ST3,2026-05-13,vireo.in,1,6999,ST3-2602-2
VR907061,C105749,VA-SW-NX1,2026-05-13,vireo.in,1,4999,NX1-2604-1
VR907666,C102103,VA-SP-MINI,2026-05-13,vireo.in,1,2124,MINI-2603-1
VR908994,C105898,VA-HP-ST3,2026-05-13,Amazon,1,6999,ST3-2604-2
VR881296,C105663,VA-EB-PL2,2026-05-14,vireo.in,1,3324,PL2-2603-2
VR883028,C107765,VA-EB-PL2,2026-05-14,vireo.in,1,3324,PL2-2602-3
VR883476,C100261,VA-EB-AIR,2026-05-14,vireo.in,1,1799,AIR-2604-1
VR884050,C101036,VA-EB-PL2,2026-05-14,vireo.in,1,3499,PL2-2602-2
VR884401,C107606,VA-EB-PL2,2026-05-14,vireo.in,1,3499,PL2-2604-3
VR885775,C104036,VA-EB-PL2,2026-05-14,vireo.in,1,2974,PL2-2604-4
VR889396,C108995,VA-EB-PL2,2026-05-14,Amazon,1,3149,PL2-2603-4
VR890346,C100276,VA-EB-PL2,2026-05-14,vireo.in,1,2799,PL2-2602-2
VR891789,C106281,VA-SW-NX1,2026-05-14,vireo.in,1,4499,NX1-2604-4
VR892791,C105347,VA-NB-ARC,2026-05-14,Flipkart,1,1299,ARC-2603-1
VR893698,C109416,VA-EB-PL2,2026-05-14,Flipkart,1,2974,PL2-2602-3
VR894647,C105954,VA-EB-PL2,2026-05-14,vireo.in,1,3499,PL2-2603-1
VR894791,C101010,VA-EB-AIR,2026-05-14,Amazon,1,1529,AIR-2601-2
VR895107,C103834,VA-EB-PL2,2026-05-14,Amazon,1,3149,PL2-2604-2
VR896299,C104147,VA-SW-NX1,2026-05-14,vireo.in,1,4999,NX1-2602-2
VR896537,C102574,VA-EB-PL2,2026-05-14,Amazon,1,3499,PL2-2603-2
VR897319,C103505,VA-EB-PL2,2026-05-14,Amazon,1,3499,PL2-2604-4
VR898104,C107512,VA-SW-FIT,2026-05-14,Flipkart,1,1999,FIT-2603-4
VR900234,C108162,VA-SP-ORB,2026-05-14,Amazon,1,5699,ORB-2604-1
VR900779,C106531,VA-EB-PL1,2026-05-14,Amazon,1,2499,PL1-2603-1
VR901412,C107102,VA-EB-PL2,2026-05-14,vireo.in,1,3149,PL2-2604-3
VR902139,C101926,VA-SP-MINI,2026-05-14,Flipkart,1,2499,MINI-2604-2
VR902251,C107675,VA-EB-PL2,2026-05-14,vireo.in,1,3499,PL2-2603-2
VR902286,C108993,VA-EB-AIR,2026-05-14,vireo.in,1,1799,AIR-2603-2
VR902937,C106695,VA-EB-PL2,2026-05-14,Amazon,1,3149,PL2-2602-3
VR903223,C107103,VA-SW-NX2,2026-05-14,Amazon,2,12998,NX2-2602-4
VR903237,C106960,VA-EB-PL2,2026-05-14,Amazon,1,3499,PL2-2604-3
VR904535,C100393,VA-SW-FIT,2026-05-14,Flipkart,1,1999,FIT-2602-2
VR904594,C105116,VA-EB-PL1,2026-05-14,Amazon,1,2499,PL1-2604-3
VR907960,C104936,VA-EB-AIR,2026-05-14,Amazon,1,1619,AIR-2603-3
VR880611,C109499,VA-SW-NX2,2026-05-15,vireo.in,1,6499,NX2-2602-2
VR881626,C104446,VA-EB-PL2,2026-05-15,vireo.in,1,3499,PL2-2602-2
VR881931,C101920,VA-EB-PL2,2026-05-15,vireo.in,1,3499,PL2-2604-2
VR882648,C103499,VA-EB-PL1,2026-05-15,Amazon,1,2124,PL1-2603-1
VR885137,C101205,VA-EB-PL1,2026-05-15,Flipkart,1,2499,PL1-2604-3
VR885892,C108419,VA-SP-MINI,2026-05-15,vireo.in,1,2124,MINI-2602-1
VR887903,C102987,VA-EB-PL2,2026-05-15,Flipkart,1,3499,PL2-2602-4
VR888878,C107425,VA-EB-AIR,2026-05-15,vireo.in,1,1799,AIR-2603-2
VR888995,C102323,VA-HP-ST3,2026-05-15,Flipkart,1,6299,ST3-2603-2
VR889887,C105658,VA-SW-FIT,2026-05-15,Amazon,1,1999,FIT-2602-2
VR891441,C106653,VA-SW-NX2,2026-05-15,vireo.in,1,6499,NX2-2601-2
VR892543,C108888,VA-EB-PL2,2026-05-15,Amazon,1,3499,PL2-2602-1
VR893231,C107099,VA-EB-AIR,2026-05-15,Flipkart,1,1709,AIR-2604-2
VR895359,C108306,VA-EB-PL2,2026-05-15,Amazon,1,3324,PL2-2601-4
VR897265,C106268,VA-EB-PL2,2026-05-15,vireo.in,1,3149,PL2-2603-3
VR897616,C103555,VA-EB-PL1,2026-05-15,vireo.in,1,1999,PL1-2602-1
VR897845,C109006,VA-EB-PL2,2026-05-15,vireo.in,1,3499,PL2-2603-4
VR900953,C105542,VA-EB-PL2,2026-05-15,vireo.in,1,3499,PL2-2603-2
VR903272,C108433,VA-EB-PL2,2026-05-15,vireo.in,1,3499,PL2-2603-4
VR903434,C105366,VA-EB-PL2,2026-05-15,vireo.in,1,3324,PL2-2604-4
VR904781,C108341,VA-EB-PL2,2026-05-15,Amazon,1,2974,PL2-2604-2
VR905254,C109144,VA-NB-ARC,2026-05-15,Amazon,1,1169,ARC-2603-2
VR905294,C103249,VA-EB-PL2,2026-05-15,vireo.in,1,2974,PL2-2602-4
VR908992,C108759,VA-EB-PL2,2026-05-15,vireo.in,1,3499,PL2-2604-4
VR883758,C107830,VA-SW-FIT,2026-05-16,vireo.in,1,1899,FIT-2603-1
VR884403,C101728,VA-EB-AIR,2026-05-16,Amazon,1,1799,AIR-2602-3
VR884948,C102855,VA-SW-FIT,2026-05-16,vireo.in,1,1599,FIT-2604-3
VR887327,C104206,VA-EB-PL2,2026-05-16,vireo.in,2,5948,PL2-2602-2
VR888261,C104751,VA-EB-PL2,2026-05-16,vireo.in,1,3499,PL2-2604-3
VR889131,C100599,VA-SW-NX2,2026-05-16,Amazon,1,5524,NX2-2601-4
VR889584,C102972,VA-EB-PL2,2026-05-16,vireo.in,1,2974,PL2-2603-3
VR889678,C106859,VA-HP-ST3,2026-05-16,vireo.in,1,6649,ST3-2604-4
VR890233,C103322,VA-EB-PL2,2026-05-16,vireo.in,1,3499,PL2-2602-3
VR890540,C106690,VA-HP-ST2,2026-05-16,Flipkart,1,4999,ST2-2602-1
VR892741,C105148,VA-EB-AIR,2026-05-16,vireo.in,1,1439,AIR-2602-2
VR892920,C107032,VA-NB-ARC,2026-05-16,Amazon,1,1039,ARC-2603-1
VR894987,C108378,VA-HP-ST3,2026-05-16,vireo.in,2,12598,ST3-2603-1
VR897151,C105751,VA-EB-PL1,2026-05-16,Flipkart,1,2249,PL1-2603-3
VR898676,C105324,VA-EB-PL2,2026-05-16,vireo.in,1,3149,PL2-2604-4
VR898900,C103514,VA-HP-ST3,2026-05-16,Amazon,1,6299,ST3-2602-3
VR900758,C107793,VA-NB-ARC,2026-05-16,vireo.in,1,1169,ARC-2603-2
VR901479,C106539,VA-SW-FIT,2026-05-16,vireo.in,1,1999,FIT-2603-3
VR902552,C107765,VA-SW-NX2,2026-05-16,Flipkart,1,6499,NX2-2604-3
VR903495,C102934,VA-EB-PL2,2026-05-16,Amazon,1,3499,PL2-2602-4
VR903721,C100885,VA-SW-FIT,2026-05-16,Flipkart,1,1799,FIT-2603-4
VR907150,C105383,VA-EB-PL2,2026-05-16,Amazon,1,3499,PL2-2604-1
VR907600,C106408,VA-AC-CH65,2026-05-16,vireo.in,1,1274,CH65-2602-4
VR907728,C108413,VA-EB-AIR,2026-05-16,vireo.in,1,1799,AIR-2602-4
VR908222,C102346,VA-EB-PL2,2026-05-16,Amazon,1,3499,PL2-2602-1
VR908461,C108900,VA-HP-ST3,2026-05-16,Flipkart,1,6649,ST3-2604-3
VR908489,C108724,VA-EB-AIR,2026-05-16,vireo.in,2,3058,AIR-2602-1
VR908843,C101170,VA-EB-PL2,2026-05-16,vireo.in,1,3499,PL2-2604-3
VR909057,C102115,VA-SW-NX2,2026-05-16,vireo.in,1,5849,NX2-2602-3
VR909715,C104386,VA-EB-PL2,2026-05-16,vireo.in,1,3499,PL2-2604-2
VR909787,C101599,VA-EB-PL2,2026-05-16,vireo.in,1,2799,PL2-2602-2
VR909858,C104641,VA-EB-PL2,2026-05-16,vireo.in,1,2974,PL2-2604-4
VR881370,C105680,VA-EB-PL2,2026-05-17,vireo.in,1,3499,PL2-2602-3
VR884848,C100254,VA-SW-NX2,2026-05-17,Flipkart,1,6499,NX2-2602-1
VR886174,C102968,VA-EB-PL2,2026-05-17,Amazon,1,2799,PL2-2604-2
VR886622,C105781,VA-EB-PL2,2026-05-17,vireo.in,1,3324,PL2-2604-3
VR887807,C104390,VA-SW-NX1,2026-05-17,vireo.in,1,4499,NX1-2603-2
VR889815,C104577,VA-EB-PL2,2026-05-17,vireo.in,1,2799,PL2-2604-4
VR889978,C102445,VA-SW-NX2,2026-05-17,vireo.in,1,5199,NX2-2602-1
VR890715,C105407,VA-EB-PL1,2026-05-17,Flipkart,1,2374,PL1-2603-3
VR892286,C108294,VA-SW-NX2,2026-05-17,vireo.in,1,5849,NX2-2604-2
VR893765,C105732,VA-EB-PL2,2026-05-17,vireo.in,1,2974,PL2-2603-1
VR895717,C101867,VA-EB-PL1,2026-05-17,vireo.in,1,2499,PL1-2603-3
VR896320,C102675,VA-EB-PL2,2026-05-17,vireo.in,2,6998,PL2-2604-1
VR896739,C106983,VA-EB-PL2,2026-05-17,Amazon,1,3499,PL2-2603-2
VR897935,C109408,VA-EB-PL2,2026-05-17,vireo.in,1,2974,PL2-2603-3
VR898094,C108371,VA-AC-CASE,2026-05-17,Amazon,1,1299,CASE-2604-1
VR900997,C102331,VA-HP-ST3,2026-05-17,vireo.in,1,5949,ST3-2603-3
VR904095,C103082,VA-HP-ST2,2026-05-17,Amazon,1,4999,ST2-2603-4
VR904344,C108579,VA-SW-NX2,2026-05-17,vireo.in,1,5849,NX2-2602-3
VR904424,C109429,VA-EB-PL2,2026-05-17,vireo.in,1,3499,PL2-2604-3
VR904518,C105993,VA-EB-PL2,2026-05-17,vireo.in,1,3499,PL2-2602-4
VR905657,C101575,VA-EB-PL2,2026-05-17,Amazon,2,6998,PL2-2604-1
VR905685,C104173,VA-NB-ARC,2026-05-17,vireo.in,1,1039,ARC-2604-4
VR907724,C100370,VA-SP-ORB,2026-05-17,Amazon,1,5699,ORB-2602-4
VR907783,C102911,VA-EB-PL2,2026-05-17,vireo.in,1,3149,PL2-2604-2
VR909600,C108743,VA-EB-PL2,2026-05-17,Flipkart,1,3149,PL2-2603-3
VR880294,C106409,VA-AC-CBL,2026-05-18,Amazon,1,399,CBL-2604-1
VR884297,C109406,VA-EB-PL2,2026-05-18,Amazon,1,3499,PL2-2602-4
VR887166,C106197,VA-EB-AIR,2026-05-18,Flipkart,1,1709,AIR-2603-2
VR887475,C106437,VA-EB-PL2,2026-05-18,Amazon,1,3499,PL2-2602-2
VR888647,C106898,VA-SW-NX2,2026-05-18,Amazon,1,5849,NX2-2603-3
VR891762,C104581,VA-EB-PL2,2026-05-18,vireo.in,1,3499,PL2-2602-4
VR894698,C106196,VA-SW-NX2,2026-05-18,Amazon,1,5849,NX2-2603-2
VR895524,C108904,VA-AC-CBL,2026-05-18,vireo.in,1,339,CBL-2603-4
VR895707,C103570,VA-SW-FIT,2026-05-18,Amazon,2,3998,FIT-2604-4
VR895809,C109217,VA-SP-ORB,2026-05-18,Amazon,1,5999,ORB-2604-4
VR899598,C106645,VA-EB-PL1,2026-05-18,vireo.in,1,2124,PL1-2602-2
VR901241,C103121,VA-EB-PL2,2026-05-18,vireo.in,1,3499,PL2-2603-3
VR901245,C103223,VA-EB-PL2,2026-05-18,vireo.in,1,3324,PL2-2603-4
VR902962,C106669,VA-AC-CASE,2026-05-18,vireo.in,2,2208,CASE-2603-4
VR904327,C104578,VA-SW-NX2,2026-05-18,Amazon,1,6499,NX2-2602-1
VR905357,C105466,VA-EB-PL2,2026-05-18,Flipkart,1,3499,PL2-2603-3
VR906470,C108851,VA-SW-NX2,2026-05-18,Flipkart,1,6499,NX2-2601-1
VR906742,C108970,VA-SP-MINI,2026-05-18,Amazon,1,2499,MINI-2602-4
VR907047,C103896,VA-SW-NX2,2026-05-18,Flipkart,1,6174,NX2-2602-4
VR909526,C103653,VA-SW-NX2,2026-05-18,vireo.in,1,5199,NX2-2604-1
VR882988,C104793,VA-EB-PL2,2026-05-19,vireo.in,1,3499,PL2-2603-4
VR883669,C104384,VA-EB-AIR,2026-05-19,vireo.in,2,3238,AIR-2604-2
VR883725,C108772,VA-EB-PL2,2026-05-19,vireo.in,1,3324,PL2-2603-3
VR884186,C103438,VA-EB-PL2,2026-05-19,Amazon,1,3149,PL2-2602-3
VR886769,C100998,VA-SP-MINI,2026-05-19,Amazon,1,2499,MINI-2602-2
VR886881,C100675,VA-SP-MINI,2026-05-19,Amazon,1,2124,MINI-2602-3
VR887115,C102908,VA-EB-PL2,2026-05-19,vireo.in,1,3324,PL2-2604-1
VR887510,C102875,VA-SW-NX2,2026-05-19,Flipkart,1,5199,NX2-2602-3
VR887720,C103010,VA-EB-PL2,2026-05-19,vireo.in,1,3149,PL2-2604-1
VR889120,C103989,VA-SP-MINI,2026-05-19,Amazon,1,2124,MINI-2604-4
VR893841,C105815,VA-SW-NX2,2026-05-19,vireo.in,1,5524,NX2-2604-2
VR894147,C107696,VA-SP-MINI,2026-05-19,Flipkart,1,2499,MINI-2603-2
VR894814,C105672,VA-SW-NX1,2026-05-19,vireo.in,1,4999,NX1-2603-1
VR896065,C102588,VA-SW-NX2,2026-05-19,vireo.in,2,12998,NX2-2603-3
VR896349,C106646,VA-HP-ST3,2026-05-19,vireo.in,1,5949,ST3-2603-4
VR897682,C108659,VA-EB-AIR,2026-05-19,vireo.in,1,1529,AIR-2604-4
VR901482,C101350,VA-SW-NX2,2026-05-19,vireo.in,1,6499,NX2-2604-2
VR902077,C103287,VA-SP-MINI,2026-05-19,Flipkart,1,1999,MINI-2604-1
VR905230,C107714,VA-HP-ST3,2026-05-19,vireo.in,1,6299,ST3-2602-4
VR906172,C105056,VA-EB-PL2,2026-05-19,vireo.in,1,3499,PL2-2604-2
VR907093,C100866,VA-HP-ST3,2026-05-19,vireo.in,1,6999,ST3-2603-2
VR907502,C103535,VA-SW-NX1,2026-05-19,vireo.in,1,4499,NX1-2602-1
VR907911,C106553,VA-EB-PL1,2026-05-19,Amazon,2,4998,PL1-2603-3
VR881076,C105430,VA-EB-PL2,2026-05-20,vireo.in,1,3149,PL2-2602-1
VR881894,C101489,VA-EB-PL2,2026-05-20,vireo.in,1,3499,PL2-2603-3
VR882252,C102779,VA-HP-ST3,2026-05-20,Flipkart,1,6999,ST3-2602-2
VR882310,C102977,VA-HP-ST3,2026-05-20,vireo.in,1,6999,ST3-2602-4
VR883716,C107081,VA-EB-PL2,2026-05-20,Amazon,1,3499,PL2-2603-4
VR884169,C101344,VA-HP-ST2,2026-05-20,vireo.in,1,4999,ST2-2604-1
VR886006,C103512,VA-EB-PL2,2026-05-20,Amazon,1,3324,PL2-2603-4
VR886656,C103000,VA-SW-NX2,2026-05-20,vireo.in,1,6499,NX2-2602-2
VR887088,C108425,VA-EB-PL2,2026-05-20,vireo.in,1,3499,PL2-2603-1
VR893118,C108993,VA-HP-ST3,2026-05-20,Flipkart,1,5949,ST3-2604-1
VR893332,C104635,VA-SW-NX2,2026-05-20,vireo.in,1,5524,NX2-2603-3
VR893580,C102130,VA-EB-PL2,2026-05-20,Amazon,1,2799,PL2-2604-1
VR895206,C104421,VA-AC-CASE,2026-05-20,vireo.in,1,1169,CASE-2602-3
VR895457,C105875,VA-NB-ARC,2026-05-20,vireo.in,1,1299,ARC-2602-1
VR896087,C103748,VA-EB-PL1,2026-05-20,Amazon,1,1999,PL1-2603-2
VR896364,C109458,VA-SW-NX2,2026-05-20,Amazon,1,6499,NX2-2604-1
VR896679,C104921,VA-SW-NX2,2026-05-20,vireo.in,1,6499,NX2-2603-2
VR898038,C105824,VA-SW-FIT,2026-05-20,vireo.in,2,3998,FIT-2604-3
VR899435,C100093,VA-EB-PL2,2026-05-20,vireo.in,1,2974,PL2-2604-1
VR899726,C108009,VA-SW-NX1,2026-05-20,vireo.in,1,4999,NX1-2602-3
VR901772,C109308,VA-EB-PL2,2026-05-20,Amazon,1,2799,PL2-2603-4
VR902171,C101076,VA-NB-ARC,2026-05-20,vireo.in,1,1234,ARC-2602-4
VR903160,C103720,VA-SW-NX2,2026-05-20,vireo.in,1,5199,NX2-2603-2
VR905006,C100291,VA-HP-ST3,2026-05-20,Amazon,1,6299,ST3-2603-1
VR905262,C108365,VA-EB-PL2,2026-05-20,vireo.in,1,3499,PL2-2604-2
VR905430,C107894,VA-EB-PL2,2026-05-20,Flipkart,1,3324,PL2-2602-1
VR907153,C105468,VA-EB-PL2,2026-05-20,Amazon,1,2974,PL2-2602-1
VR907940,C102906,VA-EB-PL2,2026-05-20,vireo.in,2,6648,PL2-2602-2
VR880979,C108913,VA-EB-PL2,2026-05-21,vireo.in,1,2799,PL2-2604-1
VR881408,C103440,VA-EB-PL1,2026-05-21,vireo.in,1,1999,PL1-2602-4
VR884816,C101752,VA-EB-PL2,2026-05-21,vireo.in,1,3149,PL2-2601-3
VR885114,C102719,VA-SW-FIT,2026-05-21,vireo.in,1,1999,FIT-2602-2
VR885245,C104303,VA-EB-PL2,2026-05-21,Flipkart,1,2974,PL2-2602-3
VR886806,C108414,VA-EB-PL2,2026-05-21,vireo.in,1,3499,PL2-2604-4
VR888603,C102138,VA-EB-AIR,2026-05-21,vireo.in,1,1439,AIR-2604-3
VR888658,C105845,VA-EB-PL2,2026-05-21,vireo.in,1,3324,PL2-2604-3
VR890184,C101544,VA-SP-MINI,2026-05-21,vireo.in,1,2249,MINI-2603-4
VR892667,C104354,VA-EB-PL1,2026-05-21,vireo.in,1,2499,PL1-2604-1
VR894738,C105652,VA-SW-NX2,2026-05-21,Amazon,1,6499,NX2-2602-4
VR895057,C101612,VA-EB-PL2,2026-05-21,Amazon,1,3499,PL2-2603-4
VR896632,C100264,VA-EB-PL2,2026-05-21,vireo.in,1,2799,PL2-2602-3
VR897433,C104662,VA-EB-PL2,2026-05-21,vireo.in,1,2799,PL2-2603-4
VR897661,C107060,VA-NB-ARC,2026-05-21,vireo.in,1,1299,ARC-2604-4
VR898009,C101512,VA-EB-PL2,2026-05-21,vireo.in,1,2799,PL2-2602-2
VR898031,C106723,VA-EB-PL2,2026-05-21,vireo.in,1,3499,PL2-2604-3
VR898158,C106660,VA-SW-FIT,2026-05-21,Flipkart,2,3998,FIT-2604-1
VR898862,C103184,VA-EB-PL2,2026-05-21,vireo.in,1,3499,PL2-2602-3
VR900209,C107189,VA-SP-MINI,2026-05-21,Amazon,1,2499,MINI-2603-4
VR900361,C107123,VA-EB-PL2,2026-05-21,Amazon,2,6298,PL2-2602-2
VR901596,C107282,VA-SW-NX2,2026-05-21,Amazon,1,6174,NX2-2604-3
VR903321,C102899,VA-HP-ST3,2026-05-21,Amazon,1,6649,ST3-2603-4
VR904395,C107122,VA-EB-PL2,2026-05-21,Flipkart,1,3499,PL2-2603-2
VR906115,C107956,VA-SP-ORB,2026-05-21,Flipkart,1,5999,ORB-2602-4
VR906384,C109397,VA-SP-MINI,2026-05-21,Amazon,1,2499,MINI-2602-1
VR906572,C107631,VA-SW-NX1,2026-05-21,Flipkart,1,3999,NX1-2604-2
VR906825,C102803,VA-SW-NX2,2026-05-21,Flipkart,1,5199,NX2-2603-3
VR906993,C108981,VA-SP-MINI,2026-05-21,Amazon,1,2499,MINI-2603-3
VR882179,C102553,VA-SP-ORB,2026-05-22,vireo.in,1,5699,ORB-2604-2
VR882485,C107166,VA-SW-FIT,2026-05-22,Amazon,1,1799,FIT-2602-4
VR883648,C107038,VA-EB-AIR,2026-05-22,vireo.in,1,1439,AIR-2604-4
VR883977,C106266,VA-EB-PL2,2026-05-22,vireo.in,1,3499,PL2-2605-4
VR884008,C104200,VA-AC-CH65,2026-05-22,Amazon,1,1424,CH65-2604-3
VR885834,C107253,VA-EB-PL2,2026-05-22,Amazon,1,2974,PL2-2602-1
VR888839,C101828,VA-EB-PL2,2026-05-22,vireo.in,1,3499,PL2-2604-3
VR888845,C100296,VA-HP-ST2,2026-05-22,Amazon,1,4999,ST2-2603-4
VR889173,C108076,VA-HP-ST2,2026-05-22,vireo.in,1,4999,ST2-2603-1
VR891458,C105920,VA-EB-PL2,2026-05-22,vireo.in,1,3499,PL2-2602-1
VR892334,C106519,VA-HP-ST3,2026-05-22,Amazon,1,6299,ST3-2604-4
VR892890,C109229,VA-EB-PL2,2026-05-22,Flipkart,1,3499,PL2-2602-1
VR893060,C108545,VA-EB-PL2,2026-05-22,Amazon,1,3499,PL2-2603-4
VR895251,C108951,VA-EB-PL2,2026-05-22,vireo.in,2,6648,PL2-2604-4
VR895606,C104773,VA-EB-PL2,2026-05-22,Amazon,1,3499,PL2-2602-2
VR895912,C102297,VA-SW-FIT,2026-05-22,Flipkart,1,1899,FIT-2604-1
VR900025,C106562,VA-AC-CASE,2026-05-22,Amazon,2,2598,CASE-2603-1
VR900331,C103220,VA-EB-PL2,2026-05-22,vireo.in,1,3499,PL2-2602-1
VR901627,C106028,VA-EB-PL2,2026-05-22,vireo.in,2,6998,PL2-2602-2
VR901650,C101334,VA-EB-PL2,2026-05-22,Amazon,1,2974,PL2-2602-4
VR902677,C104991,VA-EB-PL2,2026-05-22,Amazon,1,3149,PL2-2602-2
VR902747,C106835,VA-SW-FIT,2026-05-22,vireo.in,1,1999,FIT-2603-4
VR903108,C109325,VA-HP-ST3,2026-05-22,vireo.in,1,5599,ST3-2603-3
VR904245,C106410,VA-SP-MINI,2026-05-22,Flipkart,1,2499,MINI-2603-1
VR904766,C103784,VA-HP-ST3,2026-05-22,Flipkart,1,6649,ST3-2603-2
VR905689,C100939,VA-SW-NX1,2026-05-22,Amazon,1,4999,NX1-2603-3
VR905875,C108643,VA-SW-NX2,2026-05-22,vireo.in,1,5199,NX2-2603-4
VR906584,C109391,VA-EB-PL2,2026-05-22,vireo.in,1,2799,PL2-2602-4
VR906960,C100518,VA-EB-PL2,2026-05-22,vireo.in,1,2974,PL2-2603-1
VR907623,C107453,VA-EB-AIR,2026-05-22,Amazon,1,1709,AIR-2604-3
VR881864,C101546,VA-AC-CH65,2026-05-23,vireo.in,1,1349,CH65-2604-3
VR883129,C100715,VA-AC-CASE,2026-05-23,vireo.in,2,2338,CASE-2603-4
VR884382,C105455,VA-HP-ST3,2026-05-23,Amazon,1,6299,ST3-2604-2
VR887630,C107597,VA-AC-CASE,2026-05-23,vireo.in,1,1169,CASE-2602-4
VR888285,C106166,VA-EB-PL1,2026-05-23,Amazon,1,2374,PL1-2603-4
VR888519,C102862,VA-EB-PL2,2026-05-23,vireo.in,1,2799,PL2-2603-3
VR888665,C107502,VA-EB-PL2,2026-05-23,Amazon,1,3499,PL2-2604-2
VR889087,C109170,VA-SW-NX2,2026-05-23,vireo.in,1,6499,NX2-2604-4
VR889852,C109120,VA-EB-PL2,2026-05-23,Flipkart,1,2799,PL2-2604-2
VR889958,C101096,VA-EB-AIR,2026-05-23,Amazon,1,1619,AIR-2604-3
VR890221,C101473,VA-EB-PL2,2026-05-23,vireo.in,1,3499,PL2-2603-1
VR893459,C100992,VA-EB-AIR,2026-05-23,vireo.in,1,1529,AIR-2602-4
VR894391,C105105,VA-EB-PL2,2026-05-23,vireo.in,1,3149,PL2-2602-3
VR894400,C104779,VA-NB-ARC,2026-05-23,Flipkart,1,1299,ARC-2602-4
VR895222,C100158,VA-HP-ST2,2026-05-23,vireo.in,1,4999,ST2-2602-4
VR895550,C108216,VA-EB-PL2,2026-05-23,vireo.in,1,3149,PL2-2603-3
VR895931,C109051,VA-EB-PL2,2026-05-23,vireo.in,2,5598,PL2-2602-1
VR895999,C107941,VA-EB-PL1,2026-05-23,Amazon,1,1999,PL1-2602-2
VR896387,C107202,VA-EB-PL1,2026-05-23,vireo.in,2,4998,PL1-2602-3
VR897430,C106303,VA-SW-FIT,2026-05-23,Amazon,1,1999,FIT-2603-2
VR897804,C108585,VA-EB-PL2,2026-05-23,vireo.in,1,2799,PL2-2604-4
VR899156,C107244,VA-HP-ST3,2026-05-23,Amazon,1,6999,ST3-2604-3
VR899952,C100903,VA-HP-ST3,2026-05-23,vireo.in,2,11198,ST3-2602-3
VR900451,C102081,VA-SP-ORB,2026-05-23,Amazon,1,5999,ORB-2602-1
VR901428,C103523,VA-EB-PL1,2026-05-23,vireo.in,2,4998,PL1-2602-3
VR905344,C107052,VA-EB-PL2,2026-05-23,vireo.in,1,3499,PL2-2603-4
VR906103,C105573,VA-EB-PL1,2026-05-23,vireo.in,1,1999,PL1-2603-1
VR906760,C100904,VA-HP-ST3,2026-05-23,vireo.in,1,6999,ST3-2602-2
VR906847,C102576,VA-EB-PL1,2026-05-23,vireo.in,1,1999,PL1-2603-4
VR908793,C107274,VA-EB-PL2,2026-05-23,Amazon,1,3499,PL2-2603-2
VR881455,C104469,VA-EB-AIR,2026-05-24,vireo.in,1,1799,AIR-2602-3
VR882726,C102995,VA-EB-PL1,2026-05-24,vireo.in,1,2249,PL1-2603-3
VR882860,C100942,VA-EB-PL2,2026-05-24,vireo.in,1,3499,PL2-2604-1
VR883379,C109398,VA-EB-PL2,2026-05-24,vireo.in,1,3324,PL2-2603-1
VR883386,C100633,VA-SW-FIT,2026-05-24,vireo.in,1,1699,FIT-2603-4
VR885202,C106275,VA-SW-FIT,2026-05-24,Amazon,1,1999,FIT-2604-1
VR888013,C106158,VA-EB-PL2,2026-05-24,vireo.in,1,3499,PL2-2603-4
VR888902,C103566,VA-SP-MINI,2026-05-24,vireo.in,2,4748,MINI-2603-4
VR889733,C104604,VA-EB-PL2,2026-05-24,vireo.in,1,2974,PL2-2603-2
VR891878,C107831,VA-HP-ST2,2026-05-24,Amazon,1,4999,ST2-2604-4
VR892797,C109040,VA-HP-ST3,2026-05-24,vireo.in,1,6999,ST3-2603-4
VR893547,C104987,VA-SW-NX2,2026-05-24,Flipkart,1,6499,NX2-2603-3
VR893630,C106051,VA-HP-ST3,2026-05-24,Amazon,1,6999,ST3-2602-4
VR894334,C106951,VA-SP-MINI,2026-05-24,vireo.in,1,2124,MINI-2603-4
VR894731,C105573,VA-SP-MINI,2026-05-24,Amazon,1,1999,MINI-2604-4
VR897019,C102964,VA-EB-PL2,2026-05-24,Amazon,1,3499,PL2-2602-2
VR900043,C106952,VA-EB-PL2,2026-05-24,vireo.in,1,3499,PL2-2603-2
VR900096,C109301,VA-EB-PL1,2026-05-24,vireo.in,1,1999,PL1-2603-4
VR900287,C107862,VA-SW-FIT,2026-05-24,Flipkart,1,1999,FIT-2602-2
VR900764,C103575,VA-EB-PL1,2026-05-24,vireo.in,1,2124,PL1-2604-3
VR901124,C107568,VA-SW-FIT,2026-05-24,vireo.in,1,1799,FIT-2602-4
VR901442,C101053,VA-HP-ST2,2026-05-24,Flipkart,1,4749,ST2-2604-4
VR901896,C101374,VA-EB-PL2,2026-05-24,vireo.in,1,3149,PL2-2603-2
VR903287,C108674,VA-NB-ARC,2026-05-24,Flipkart,1,1299,ARC-2603-4
VR903396,C103677,VA-SP-ORB,2026-05-24,Amazon,2,10198,ORB-2604-2
VR906184,C106918,VA-EB-AIR,2026-05-24,vireo.in,2,3598,AIR-2604-2
VR909782,C100042,VA-SW-NX2,2026-05-24,vireo.in,1,6174,NX2-2604-1
VR882772,C102538,VA-HP-ST2,2026-05-25,vireo.in,1,3999,ST2-2602-2
VR886421,C101911,VA-EB-PL2,2026-05-25,Amazon,1,2974,PL2-2604-2
VR886553,C106722,VA-HP-ST2,2026-05-25,Flipkart,1,3999,ST2-2603-3
VR886781,C103026,VA-EB-PL2,2026-05-25,vireo.in,1,3499,PL2-2604-1
VR889794,C103550,VA-EB-AIR,2026-05-25,Amazon,1,1799,AIR-2605-1
VR890502,C103526,VA-EB-PL2,2026-05-25,vireo.in,1,3499,PL2-2602-2
VR890942,C107581,VA-NB-ARC,2026-05-25,Amazon,1,1234,ARC-2603-2
VR891349,C100770,VA-SW-NX2,2026-05-25,Amazon,1,5524,NX2-2602-2
VR892284,C104672,VA-SW-NX2,2026-05-25,vireo.in,1,5524,NX2-2603-4
VR893441,C108578,VA-AC-CASE,2026-05-25,vireo.in,1,1299,CASE-2603-4
VR898802,C100819,VA-SW-NX1,2026-05-25,Amazon,1,4999,NX1-2604-3
VR899891,C101230,VA-SP-ORB,2026-05-25,vireo.in,1,5999,ORB-2604-1
VR899925,C105081,VA-SP-MINI,2026-05-25,Flipkart,1,2499,MINI-2604-4
VR902059,C101142,VA-EB-AIR,2026-05-25,vireo.in,2,3598,AIR-2603-4
VR902269,C109391,VA-SW-FIT,2026-05-25,Flipkart,1,1599,FIT-2603-4
VR902829,C102750,VA-EB-PL2,2026-05-25,Amazon,1,3149,PL2-2604-1
VR903048,C101944,VA-HP-ST2,2026-05-25,vireo.in,1,4499,ST2-2604-2
VR903238,C100221,VA-HP-ST3,2026-05-25,Flipkart,1,6649,ST3-2604-1
VR904392,C102724,VA-EB-PL2,2026-05-25,Flipkart,1,3499,PL2-2603-2
VR904869,C109092,VA-SW-NX2,2026-05-25,vireo.in,1,6499,NX2-2602-1
VR905586,C105303,VA-HP-ST3,2026-05-25,Amazon,1,6299,ST3-2602-2
VR905761,C108511,VA-EB-PL2,2026-05-25,Amazon,1,3499,PL2-2604-3
VR906410,C108699,VA-HP-ST3,2026-05-25,vireo.in,1,5599,ST3-2603-4
VR906908,C103215,VA-EB-PL2,2026-05-25,vireo.in,1,3324,PL2-2603-4
VR907923,C102681,VA-EB-PL2,2026-05-25,vireo.in,1,2974,PL2-2603-2
VR908875,C105869,VA-EB-AIR,2026-05-25,Flipkart,1,1439,AIR-2604-1
VR909119,C102810,VA-EB-PL2,2026-05-25,Amazon,1,3499,PL2-2603-3
VR881005,C106703,VA-SW-FIT,2026-05-26,Amazon,1,1699,FIT-2602-1
VR882300,C107196,VA-EB-PL1,2026-05-26,vireo.in,1,2499,PL1-2604-4
VR884081,C103915,VA-AC-CASE,2026-05-26,vireo.in,1,1169,CASE-2603-4
VR884291,C102286,VA-NB-ARC,2026-05-26,vireo.in,1,1169,ARC-2602-2
VR884478,C106333,VA-EB-PL2,2026-05-26,vireo.in,1,3499,PL2-2605-1
VR884787,C108943,VA-EB-PL2,2026-05-26,Amazon,1,3149,PL2-2604-1
VR886802,C107927,VA-EB-PL2,2026-05-26,Amazon,1,3499,PL2-2602-2
VR886818,C105190,VA-EB-PL2,2026-05-26,Flipkart,1,3324,PL2-2603-2
VR889116,C103907,VA-EB-PL2,2026-05-26,Flipkart,2,5598,PL2-2602-2
VR891899,C106408,VA-SP-MINI,2026-05-26,Amazon,1,2124,MINI-2602-3
VR893566,C106457,VA-SP-MINI,2026-05-26,Amazon,1,2249,MINI-2602-3
VR894796,C100013,VA-NB-ARC,2026-05-26,Flipkart,1,1039,ARC-2603-3
VR894986,C104330,VA-SW-FIT,2026-05-26,vireo.in,1,1999,FIT-2604-4
VR895947,C105165,VA-EB-PL2,2026-05-26,vireo.in,1,3149,PL2-2602-4
VR897967,C101872,VA-AC-CH65,2026-05-26,Flipkart,1,1349,CH65-2602-2
VR899757,C102164,VA-HP-ST3,2026-05-26,Amazon,1,5599,ST3-2603-1
VR899944,C104373,VA-EB-PL2,2026-05-26,vireo.in,1,3499,PL2-2604-4
VR900786,C104889,VA-SP-MINI,2026-05-26,vireo.in,1,2124,MINI-2603-4
VR901048,C101831,VA-EB-PL2,2026-05-26,vireo.in,1,3149,PL2-2602-2
VR905671,C106872,VA-EB-PL2,2026-05-26,Amazon,2,5598,PL2-2602-2
VR905891,C108072,VA-HP-ST3,2026-05-26,Amazon,1,6999,ST3-2603-1
VR907367,C102492,VA-HP-ST3,2026-05-26,vireo.in,1,6999,ST3-2604-4
VR908236,C105637,VA-EB-PL2,2026-05-26,Flipkart,1,2799,PL2-2605-3
VR908361,C109335,VA-HP-ST3,2026-05-26,vireo.in,1,6999,ST3-2603-2
VR908995,C106079,VA-SP-MINI,2026-05-26,vireo.in,1,2499,MINI-2602-3
VR880793,C104359,VA-NB-ARC,2026-05-27,vireo.in,1,1299,ARC-2603-4
VR884539,C106829,VA-SW-NX2,2026-05-27,Amazon,1,5849,NX2-2603-1
VR887638,C106743,VA-NB-ARC,2026-05-27,vireo.in,1,1299,ARC-2604-2
VR890685,C101977,VA-EB-PL2,2026-05-27,vireo.in,1,2799,PL2-2604-4
VR892849,C104109,VA-EB-PL2,2026-05-27,Amazon,1,3499,PL2-2603-1
VR894146,C107667,VA-EB-PL2,2026-05-27,Amazon,1,2974,PL2-2604-3
VR895599,C100410,VA-AC-CASE,2026-05-27,Amazon,1,1299,CASE-2603-3
VR896620,C107140,VA-HP-ST3,2026-05-27,Flipkart,1,5599,ST3-2602-3
VR897975,C107803,VA-EB-PL2,2026-05-27,vireo.in,1,3499,PL2-2603-2
VR898190,C101602,VA-SP-MINI,2026-05-27,vireo.in,1,1999,MINI-2604-3
VR900031,C107931,VA-HP-ST2,2026-05-27,vireo.in,1,4999,ST2-2604-1
VR900360,C105589,VA-SW-NX1,2026-05-27,vireo.in,1,3999,NX1-2603-1
VR900665,C106144,VA-EB-PL2,2026-05-27,Amazon,1,2974,PL2-2605-3
VR901635,C102021,VA-EB-PL2,2026-05-27,vireo.in,1,3324,PL2-2604-3
VR901875,C103756,VA-SW-NX2,2026-05-27,vireo.in,1,5849,NX2-2604-3
VR902390,C108919,VA-EB-PL1,2026-05-27,vireo.in,1,2499,PL1-2603-1
VR904027,C100302,VA-SW-NX2,2026-05-27,vireo.in,1,6499,NX2-2602-1
VR904052,C109452,VA-SW-NX2,2026-05-27,vireo.in,1,5849,NX2-2604-4
VR904976,C102937,VA-HP-ST2,2026-05-27,Flipkart,1,3999,ST2-2604-3
VR906926,C108307,VA-NB-ARC,2026-05-27,Flipkart,1,1104,ARC-2602-3
VR908171,C105393,VA-EB-PL2,2026-05-27,vireo.in,1,3149,PL2-2605-4
VR909261,C103494,VA-EB-PL1,2026-05-27,vireo.in,1,2374,PL1-2603-1
VR909730,C108165,VA-HP-ST3,2026-05-27,vireo.in,1,6299,ST3-2604-4
VR880086,C107385,VA-EB-PL1,2026-05-28,Flipkart,1,2124,PL1-2604-2
VR886072,C108620,VA-EB-PL2,2026-05-28,vireo.in,1,3499,PL2-2602-2
VR887947,C103809,VA-SW-NX2,2026-05-28,vireo.in,1,6174,NX2-2604-2
VR889107,C105602,VA-SW-FIT,2026-05-28,Amazon,1,1999,FIT-2605-2
VR889747,C108449,VA-EB-PL2,2026-05-28,vireo.in,1,2799,PL2-2603-1
VR890964,C109405,VA-HP-ST2,2026-05-28,vireo.in,1,4749,ST2-2603-2
VR892205,C106414,VA-SW-FIT,2026-05-28,vireo.in,1,1899,FIT-2604-3
VR894595,C105090,VA-EB-PL2,2026-05-28,Flipkart,1,2799,PL2-2602-3
VR895212,C108002,VA-EB-PL2,2026-05-28,vireo.in,1,3499,PL2-2605-4
VR897406,C104548,VA-EB-PL2,2026-05-28,Amazon,1,3149,PL2-2604-2
VR900857,C105265,VA-EB-PL1,2026-05-28,vireo.in,1,2249,PL1-2605-3
VR901273,C107805,VA-EB-PL2,2026-05-28,vireo.in,1,3499,PL2-2604-2
VR901788,C101967,VA-EB-AIR,2026-05-28,Flipkart,1,1799,AIR-2602-2
VR903056,C109139,VA-SW-NX2,2026-05-28,vireo.in,2,12998,NX2-2604-1
VR904360,C106672,VA-EB-PL2,2026-05-28,Flipkart,1,3324,PL2-2602-1
VR905108,C104245,VA-EB-PL2,2026-05-28,vireo.in,1,3324,PL2-2604-4
VR905182,C100929,VA-EB-AIR,2026-05-28,vireo.in,1,1439,AIR-2603-4
VR906323,C108951,VA-EB-PL2,2026-05-28,vireo.in,1,3149,PL2-2605-1
VR908682,C101703,VA-EB-PL2,2026-05-28,vireo.in,1,3499,PL2-2604-3
VR880918,C104355,VA-EB-PL1,2026-05-29,vireo.in,1,2499,PL1-2603-3
VR881913,C100464,VA-EB-PL2,2026-05-29,Amazon,1,2799,PL2-2605-3
VR882002,C103872,VA-EB-PL2,2026-05-29,vireo.in,1,3499,PL2-2604-2
VR882103,C106304,VA-EB-PL2,2026-05-29,Flipkart,1,3149,PL2-2604-3
VR883301,C108077,VA-SW-NX1,2026-05-29,Flipkart,2,7998,NX1-2603-1
VR884630,C102890,VA-EB-PL2,2026-05-29,vireo.in,1,2799,PL2-2604-1
VR885626,C104177,VA-EB-AIR,2026-05-29,Amazon,1,1529,AIR-2604-3
VR887070,C101235,VA-EB-PL2,2026-05-29,vireo.in,1,3324,PL2-2603-4
VR888772,C106028,VA-SW-NX2,2026-05-29,vireo.in,1,5199,NX2-2602-3
VR889343,C104772,VA-EB-PL2,2026-05-29,vireo.in,1,3149,PL2-2602-4
VR891670,C100688,VA-EB-PL2,2026-05-29,vireo.in,2,6648,PL2-2602-1
VR894916,C108321,VA-SW-FIT,2026-05-29,vireo.in,2,3798,FIT-2603-2
VR895268,C100922,VA-EB-PL2,2026-05-29,vireo.in,2,6298,PL2-2603-1
VR895356,C106930,VA-EB-PL2,2026-05-29,vireo.in,1,3499,PL2-2603-4
VR897473,C108484,VA-SP-ORB,2026-05-29,vireo.in,1,5099,ORB-2602-3
VR897737,C109284,VA-SP-MINI,2026-05-29,vireo.in,1,2249,MINI-2604-2
VR897764,C103792,VA-EB-PL2,2026-05-29,Flipkart,1,2974,PL2-2604-3
VR899262,C109184,VA-EB-PL1,2026-05-29,Amazon,1,2499,PL1-2604-3
VR899806,C103357,VA-EB-PL2,2026-05-29,vireo.in,1,3149,PL2-2602-4
VR902305,C107820,VA-HP-ST3,2026-05-29,vireo.in,1,6999,ST3-2603-4
VR903521,C101342,VA-SW-NX1,2026-05-29,vireo.in,1,4249,NX1-2604-4
VR905603,C102962,VA-SW-FIT,2026-05-29,vireo.in,1,1899,FIT-2604-2
VR905847,C105007,VA-AC-CH65,2026-05-29,vireo.in,1,1499,CH65-2604-2
VR906667,C104553,VA-AC-CBL,2026-05-29,Flipkart,1,339,CBL-2602-2
VR907931,C105702,VA-EB-AIR,2026-05-29,vireo.in,1,1799,AIR-2602-1
VR908265,C107719,VA-EB-PL2,2026-05-29,Flipkart,1,3499,PL2-2604-4
VR880244,C103905,VA-SW-NX2,2026-05-30,vireo.in,1,5849,NX2-2604-1
VR882033,C102027,VA-AC-CBL,2026-05-30,vireo.in,1,339,CBL-2602-3
VR883617,C100879,VA-SW-NX2,2026-05-30,Flipkart,1,6499,NX2-2603-3
VR884108,C107793,VA-HP-ST3,2026-05-30,vireo.in,1,6999,ST3-2602-4
VR884853,C103542,VA-AC-CH65,2026-05-30,Amazon,1,1199,CH65-2605-4
VR885553,C105153,VA-EB-AIR,2026-05-30,vireo.in,1,1709,AIR-2603-1
VR885644,C105388,VA-EB-PL2,2026-05-30,Amazon,1,3499,PL2-2604-3
VR885798,C100333,VA-EB-PL1,2026-05-30,vireo.in,1,2124,PL1-2603-1
VR887178,C108959,VA-EB-PL2,2026-05-30,vireo.in,1,2974,PL2-2604-2
VR887723,C106294,VA-EB-PL2,2026-05-30,vireo.in,1,3499,PL2-2604-3
VR887725,C106040,VA-EB-PL2,2026-05-30,Flipkart,1,2799,PL2-2604-3
VR890879,C100049,VA-SW-NX2,2026-05-30,Amazon,1,6499,NX2-2603-2
VR894337,C102844,VA-EB-PL1,2026-05-30,Amazon,1,2124,PL1-2603-2
VR895289,C108414,VA-EB-PL1,2026-05-30,vireo.in,1,2499,PL1-2605-2
VR895388,C103774,VA-EB-PL2,2026-05-30,vireo.in,1,3324,PL2-2602-3
VR896029,C108413,VA-EB-AIR,2026-05-30,vireo.in,1,1529,AIR-2602-1
VR896203,C102728,VA-EB-PL2,2026-05-30,Amazon,1,3149,PL2-2603-2
VR896685,C104683,VA-SP-MINI,2026-05-30,vireo.in,1,2124,MINI-2602-1
VR897865,C107973,VA-EB-AIR,2026-05-30,Flipkart,1,1709,AIR-2603-4
VR899218,C103579,VA-SP-MINI,2026-05-30,vireo.in,1,2499,MINI-2603-1
VR901413,C108255,VA-SW-NX2,2026-05-30,Amazon,1,6499,NX2-2604-4
VR903256,C105242,VA-EB-PL2,2026-05-30,vireo.in,2,5598,PL2-2604-4
VR903637,C107200,VA-HP-ST3,2026-05-30,Flipkart,1,6999,ST3-2604-4
VR904564,C106231,VA-EB-PL2,2026-05-30,Amazon,1,3499,PL2-2604-4
VR904815,C104941,VA-SW-FIT,2026-05-30,vireo.in,2,3798,FIT-2602-3
VR904848,C106117,VA-SW-NX2,2026-05-30,Flipkart,1,5199,NX2-2605-2
VR905448,C106259,VA-SW-NX2,2026-05-30,vireo.in,1,5199,NX2-2603-3
VR907845,C105053,VA-HP-ST3,2026-05-30,vireo.in,1,6999,ST3-2603-3
VR881886,C108850,VA-EB-PL1,2026-05-31,vireo.in,1,2124,PL1-2604-2
VR882025,C104009,VA-EB-PL2,2026-05-31,Amazon,1,3499,PL2-2604-2
VR884674,C103804,VA-EB-PL2,2026-05-31,Flipkart,1,3149,PL2-2602-1
VR886631,C105388,VA-EB-PL2,2026-05-31,Amazon,1,3324,PL2-2602-3
VR888560,C105467,VA-AC-CH65,2026-05-31,Amazon,2,2998,CH65-2604-3
VR888683,C107694,VA-HP-ST2,2026-05-31,vireo.in,1,4249,ST2-2604-3
VR891817,C100042,VA-EB-PL1,2026-05-31,Amazon,1,2499,PL1-2602-1
VR892364,C108040,VA-EB-PL2,2026-05-31,vireo.in,1,2974,PL2-2603-2
VR893847,C104821,VA-HP-ST3,2026-05-31,Amazon,1,6299,ST3-2602-1
VR894030,C108536,VA-EB-PL1,2026-05-31,vireo.in,1,2499,PL1-2605-1
VR895075,C108326,VA-SP-MINI,2026-05-31,vireo.in,1,1999,MINI-2603-3
VR895532,C100582,VA-AC-CASE,2026-05-31,vireo.in,1,1039,CASE-2605-3
VR896481,C108061,VA-EB-PL2,2026-05-31,Amazon,1,3324,PL2-2604-4
VR897773,C102578,VA-EB-AIR,2026-05-31,vireo.in,1,1529,AIR-2602-4
VR898377,C107978,VA-EB-PL2,2026-05-31,Flipkart,1,3499,PL2-2603-2
VR899907,C109420,VA-SW-NX2,2026-05-31,vireo.in,1,5524,NX2-2603-2
VR899912,C106182,VA-SW-NX2,2026-05-31,vireo.in,1,6174,NX2-2602-1
VR900093,C101306,VA-HP-ST3,2026-05-31,vireo.in,1,5949,ST3-2602-3
VR900231,C100379,VA-EB-PL1,2026-05-31,Amazon,1,2499,PL1-2602-1
VR902255,C102204,VA-EB-PL2,2026-05-31,Amazon,1,3499,PL2-2602-4
VR902567,C106608,VA-EB-PL2,2026-05-31,Amazon,1,2974,PL2-2603-3
VR903236,C100412,VA-SW-NX2,2026-05-31,Amazon,1,6499,NX2-2604-3
VR904639,C107501,VA-EB-PL2,2026-05-31,Amazon,1,3499,PL2-2604-3
VR907469,C104116,VA-EB-PL2,2026-05-31,Flipkart,1,3324,PL2-2605-3
VR909673,C107998,VA-SW-NX2,2026-05-31,Amazon,1,6499,NX2-2602-3
VR909680,C108796,VA-NB-ARC,2026-05-31,Amazon,1,1299,ARC-2604-2
VR881389,C104571,VA-EB-PL2,2026-06-01,vireo.in,1,2799,PL2-2602-1
VR881510,C106731,VA-SW-FIT,2026-06-01,vireo.in,1,1699,FIT-2604-4
VR882030,C100774,VA-EB-PL2,2026-06-01,vireo.in,1,3149,PL2-2602-2
VR883150,C106537,VA-EB-PL2,2026-06-01,vireo.in,1,2974,PL2-2603-1
VR884363,C101521,VA-SW-NX1,2026-06-01,vireo.in,1,3999,NX1-2605-4
VR885918,C109192,VA-SW-FIT,2026-06-01,vireo.in,1,1999,FIT-2605-3
VR886352,C105653,VA-NB-ARC,2026-06-01,Flipkart,1,1299,ARC-2604-3
VR887232,C103899,VA-HP-ST2,2026-06-01,Amazon,1,4999,ST2-2605-4
VR887298,C102563,VA-EB-PL2,2026-06-01,vireo.in,1,3324,PL2-2603-1
VR887383,C107903,VA-SW-FIT,2026-06-01,Amazon,1,1999,FIT-2604-1
VR887468,C106194,VA-EB-PL2,2026-06-01,vireo.in,1,2799,PL2-2602-4
VR889026,C106736,VA-EB-PL2,2026-06-01,vireo.in,1,3149,PL2-2604-3
VR889367,C109428,VA-SW-NX2,2026-06-01,vireo.in,1,5199,NX2-2604-2
VR889603,C104477,VA-SP-MINI,2026-06-01,vireo.in,2,4998,MINI-2603-2
VR889689,C100108,VA-EB-PL2,2026-06-01,vireo.in,1,3499,PL2-2604-4
VR890354,C105100,VA-HP-ST3,2026-06-01,Flipkart,1,6999,ST3-2603-1
VR891370,C101141,VA-EB-PL1,2026-06-01,Flipkart,1,1999,PL1-2603-3
VR891589,C108114,VA-EB-PL2,2026-06-01,vireo.in,1,2799,PL2-2604-1
VR891806,C100466,VA-SW-NX2,2026-06-01,Amazon,1,6499,NX2-2602-2
VR892777,C102499,VA-SP-ORB,2026-06-01,Flipkart,1,4799,ORB-2604-4
VR894694,C102827,VA-EB-PL2,2026-06-01,Amazon,1,2974,PL2-2604-3
VR894800,C102749,VA-HP-ST3,2026-06-01,Flipkart,1,5599,ST3-2602-4
VR894907,C105284,VA-HP-ST3,2026-06-01,vireo.in,1,6649,ST3-2604-4
VR895209,C105884,VA-HP-ST3,2026-06-01,Amazon,2,11898,ST3-2603-2
VR896943,C106956,VA-EB-PL2,2026-06-01,vireo.in,1,2799,PL2-2603-2
VR902061,C103010,VA-EB-PL2,2026-06-01,Amazon,1,2974,PL2-2603-3
VR902393,C103446,VA-EB-PL1,2026-06-01,vireo.in,1,2124,PL1-2602-1
VR902840,C104458,VA-EB-PL2,2026-06-01,vireo.in,1,2799,PL2-2604-4
VR903148,C107852,VA-EB-PL2,2026-06-01,Flipkart,1,3499,PL2-2603-3
VR903882,C101995,VA-EB-PL2,2026-06-01,vireo.in,1,3324,PL2-2603-3
VR904176,C107590,VA-EB-PL1,2026-06-01,vireo.in,1,2499,PL1-2602-4
VR904223,C104297,VA-SW-NX2,2026-06-01,Amazon,1,6499,NX2-2603-3
VR904225,C101919,VA-EB-AIR,2026-06-01,Flipkart,1,1799,AIR-2604-2
VR904363,C105417,VA-EB-PL2,2026-06-01,Flipkart,1,3499,PL2-2602-4
VR905583,C100478,VA-EB-PL2,2026-06-01,Amazon,1,3499,PL2-2604-3
VR905808,C105384,VA-SP-MINI,2026-06-01,Amazon,1,2499,MINI-2604-4
VR906076,C101409,VA-EB-PL1,2026-06-01,vireo.in,1,2499,PL1-2604-4
VR908983,C109182,VA-SP-MINI,2026-06-01,vireo.in,1,2499,MINI-2604-2
VR909608,C107011,VA-HP-ST2,2026-06-01,Amazon,1,4999,ST2-2603-4
VR880608,C108274,VA-EB-PL2,2026-06-02,Amazon,1,3149,PL2-2604-2
VR882180,C102739,VA-EB-PL2,2026-06-02,vireo.in,1,3324,PL2-2603-2
VR882205,C101950,VA-EB-PL2,2026-06-02,vireo.in,1,3499,PL2-2604-4
VR883521,C104867,VA-EB-PL2,2026-06-02,vireo.in,2,6998,PL2-2604-4
VR883685,C105880,VA-NB-ARC,2026-06-02,vireo.in,1,1299,ARC-2603-4
VR884267,C108759,VA-SW-NX2,2026-06-02,Flipkart,2,12998,NX2-2602-1
VR885343,C105563,VA-HP-ST2,2026-06-02,Amazon,1,4249,ST2-2603-2
VR885643,C100471,VA-EB-PL2,2026-06-02,vireo.in,1,3499,PL2-2604-2
VR885738,C108412,VA-EB-PL1,2026-06-02,Flipkart,1,2124,PL1-2602-1
VR888790,C104644,VA-EB-PL2,2026-06-02,vireo.in,1,3499,PL2-2602-3
VR889089,C100626,VA-EB-PL1,2026-06-02,vireo.in,1,2499,PL1-2603-1
VR890494,C100612,VA-AC-CASE,2026-06-02,vireo.in,1,1299,CASE-2604-1
VR892342,C107373,VA-SP-MINI,2026-06-02,vireo.in,1,1999,MINI-2603-4
VR892554,C106759,VA-EB-PL2,2026-06-02,Amazon,1,2974,PL2-2602-2
VR892779,C106363,VA-EB-PL2,2026-06-02,vireo.in,1,3149,PL2-2604-1
VR899890,C102672,VA-EB-AIR,2026-06-02,Amazon,1,1799,AIR-2605-1
VR901031,C106325,VA-SW-NX2,2026-06-02,Amazon,1,6174,NX2-2604-3
VR902472,C107576,VA-EB-PL2,2026-06-02,vireo.in,1,2974,PL2-2602-4
VR902793,C106459,VA-HP-ST2,2026-06-02,Flipkart,1,4749,ST2-2605-4
VR902901,C104566,VA-EB-PL2,2026-06-02,Flipkart,1,3499,PL2-2604-1
VR904261,C107951,VA-AC-CASE,2026-06-02,Amazon,1,1299,CASE-2604-2
VR906686,C104487,VA-HP-ST3,2026-06-02,Amazon,1,6649,ST3-2604-1
VR908466,C105973,VA-AC-CASE,2026-06-02,Amazon,1,1234,CASE-2605-2
VR908750,C107441,VA-AC-CASE,2026-06-02,Flipkart,1,1299,CASE-2603-4
VR909280,C101506,VA-HP-ST2,2026-06-02,Flipkart,1,4999,ST2-2605-4
VR909531,C103926,VA-EB-PL2,2026-06-02,vireo.in,1,3499,PL2-2603-1
VR880963,C102123,VA-EB-PL2,2026-06-03,vireo.in,1,3499,PL2-2604-1
VR882400,C104879,VA-SW-NX1,2026-06-03,Flipkart,1,4999,NX1-2602-1
VR884673,C103903,VA-HP-ST3,2026-06-03,Flipkart,1,6999,ST3-2603-2
VR888698,C107352,VA-SP-MINI,2026-06-03,vireo.in,1,2249,MINI-2604-3
VR889193,C108405,VA-EB-PL2,2026-06-03,vireo.in,1,2974,PL2-2603-2
VR891061,C106269,VA-EB-AIR,2026-06-03,vireo.in,1,1799,AIR-2602-3
VR891129,C108684,VA-EB-AIR,2026-06-03,Amazon,1,1439,AIR-2604-3
VR891348,C102637,VA-EB-PL1,2026-06-03,vireo.in,1,2374,PL1-2605-2
VR892130,C106246,VA-SW-NX2,2026-06-03,Amazon,1,5199,NX2-2604-3
VR892425,C105135,VA-SW-NX2,2026-06-03,Flipkart,1,6174,NX2-2603-2
VR893438,C107423,VA-AC-CASE,2026-06-03,Flipkart,1,1299,CASE-2603-4
VR894093,C105057,VA-AC-CASE,2026-06-03,vireo.in,1,1104,CASE-2604-2
VR895971,C100063,VA-EB-AIR,2026-06-03,Amazon,1,1439,AIR-2604-2
VR896696,C106928,VA-EB-AIR,2026-06-03,Amazon,1,1799,AIR-2605-2
VR897511,C106599,VA-SP-MINI,2026-06-03,vireo.in,1,2499,MINI-2605-2
VR898306,C108036,VA-SW-FIT,2026-06-03,Amazon,1,1999,FIT-2604-1
VR898688,C106513,VA-HP-ST3,2026-06-03,vireo.in,1,6649,ST3-2604-2
VR900405,C100938,VA-EB-AIR,2026-06-03,Amazon,1,1619,AIR-2605-3
VR901122,C106772,VA-EB-PL2,2026-06-03,Flipkart,1,3149,PL2-2605-1
VR901451,C105848,VA-SP-ORB,2026-06-03,vireo.in,1,5999,ORB-2602-1
VR901589,C106187,VA-SP-MINI,2026-06-03,Flipkart,2,4998,MINI-2603-3
VR902869,C109122,VA-AC-CBL,2026-06-03,vireo.in,1,359,CBL-2602-4
VR903072,C106928,VA-EB-PL2,2026-06-03,Amazon,1,3149,PL2-2603-2
VR903547,C105838,VA-SP-MINI,2026-06-03,vireo.in,1,2124,MINI-2604-3
VR904260,C108845,VA-EB-PL2,2026-06-03,Amazon,1,2974,PL2-2602-4
VR906489,C107589,VA-EB-AIR,2026-06-03,Amazon,1,1799,AIR-2605-4
VR907993,C100917,VA-EB-PL1,2026-06-03,vireo.in,1,2499,PL1-2605-3
VR908389,C102092,VA-EB-PL2,2026-06-03,vireo.in,1,2799,PL2-2604-2
VR909865,C105237,VA-SW-NX2,2026-06-03,vireo.in,1,6499,NX2-2604-1
VR909873,C101390,VA-EB-PL2,2026-06-03,vireo.in,1,3499,PL2-2602-1
VR880849,C102151,VA-AC-CASE,2026-06-04,vireo.in,1,1299,CASE-2604-3
VR881951,C100896,VA-SW-NX2,2026-06-04,vireo.in,1,6499,NX2-2603-3
VR883327,C109081,VA-SW-FIT,2026-06-04,Amazon,1,1999,FIT-2605-4
VR884255,C107610,VA-EB-PL1,2026-06-04,Amazon,1,2249,PL1-2604-4
VR885602,C103510,VA-SW-FIT,2026-06-04,vireo.in,1,1999,FIT-2603-2
VR888706,C106281,VA-EB-PL2,2026-06-04,Amazon,1,2799,PL2-2605-2
VR889333,C103911,VA-EB-PL1,2026-06-04,vireo.in,1,2499,PL1-2603-3
VR889781,C106463,VA-EB-PL2,2026-06-04,vireo.in,1,3324,PL2-2604-2
VR891515,C105907,VA-SW-NX1,2026-06-04,Amazon,1,4999,NX1-2605-4
VR891645,C105629,VA-EB-PL2,2026-06-04,vireo.in,1,3499,PL2-2603-3
VR892142,C101105,VA-SP-MINI,2026-06-04,Flipkart,1,2499,MINI-2603-3
VR892243,C102755,VA-SP-ORB,2026-06-04,vireo.in,1,5699,ORB-2603-3
VR893891,C104682,VA-SW-NX2,2026-06-04,vireo.in,2,12348,NX2-2603-2
VR898317,C105197,VA-HP-ST3,2026-06-04,vireo.in,1,6999,ST3-2605-2
VR898852,C102879,VA-EB-AIR,2026-06-04,vireo.in,1,1619,AIR-2603-4
VR898911,C100481,VA-AC-CASE,2026-06-04,Flipkart,1,1299,CASE-2604-1
VR899894,C102633,VA-EB-PL1,2026-06-04,vireo.in,1,2124,PL1-2604-4
VR901411,C101959,VA-SW-FIT,2026-06-04,vireo.in,1,1999,FIT-2603-1
VR901575,C101634,VA-EB-PL2,2026-06-04,vireo.in,1,3499,PL2-2603-1
VR902734,C103296,VA-EB-PL2,2026-06-04,vireo.in,1,3499,PL2-2604-1
VR906349,C105573,VA-SW-NX2,2026-06-04,vireo.in,1,5849,NX2-2603-1
VR907980,C106088,VA-EB-PL2,2026-06-04,vireo.in,1,3499,PL2-2605-3
VR880120,C105015,VA-SP-MINI,2026-06-05,Flipkart,1,2124,MINI-2603-2
VR880734,C105162,VA-EB-PL1,2026-06-05,vireo.in,1,2499,PL1-2604-2
VR880860,C109184,VA-EB-PL2,2026-06-05,Amazon,1,3499,PL2-2604-4
VR880976,C106514,VA-EB-PL2,2026-06-05,Amazon,1,3499,PL2-2604-1
VR881649,C107811,VA-SW-NX2,2026-06-05,vireo.in,1,5524,NX2-2604-3
VR882185,C103638,VA-NB-ARC,2026-06-05,Amazon,1,1299,ARC-2603-4
VR888034,C104347,VA-SW-FIT,2026-06-05,Flipkart,1,1999,FIT-2603-1
VR888574,C107835,VA-HP-ST2,2026-06-05,Amazon,1,4249,ST2-2603-1
VR889952,C105080,VA-EB-PL1,2026-06-05,Amazon,1,1999,PL1-2603-3
VR891785,C100069,VA-AC-CASE,2026-06-05,vireo.in,1,1104,CASE-2603-1
VR891869,C100919,VA-HP-ST2,2026-06-05,Flipkart,1,3999,ST2-2603-3
VR896601,C108128,VA-EB-PL1,2026-06-05,Amazon,2,4248,PL1-2604-1
VR896698,C106890,VA-SW-NX1,2026-06-05,Amazon,1,4749,NX1-2604-4
VR897012,C103570,VA-EB-PL1,2026-06-05,vireo.in,1,2374,PL1-2603-3
VR897074,C106136,VA-HP-ST2,2026-06-05,vireo.in,1,4999,ST2-2603-4
VR897813,C107900,VA-SW-NX2,2026-06-05,vireo.in,1,6174,NX2-2604-4
VR901559,C109095,VA-SW-NX2,2026-06-05,Flipkart,2,12998,NX2-2604-1
VR901979,C101586,VA-EB-PL1,2026-06-05,Amazon,1,2499,PL1-2603-4
VR902714,C100478,VA-EB-PL2,2026-06-05,Flipkart,1,2974,PL2-2605-3
VR903085,C108248,VA-EB-PL1,2026-06-05,vireo.in,1,1999,PL1-2602-1
VR903411,C109069,VA-EB-PL2,2026-06-05,vireo.in,1,3499,PL2-2602-2
VR905069,C108410,VA-EB-PL2,2026-06-05,Amazon,1,3499,PL2-2603-4
VR905218,C107516,VA-EB-PL1,2026-06-05,vireo.in,1,2124,PL1-2603-4
VR905923,C105106,VA-EB-PL2,2026-06-05,vireo.in,1,2974,PL2-2603-2
VR906226,C104822,VA-EB-PL2,2026-06-05,vireo.in,1,2799,PL2-2605-1
VR906548,C101109,VA-EB-PL1,2026-06-05,vireo.in,1,2499,PL1-2605-1
VR908271,C102136,VA-EB-PL1,2026-06-05,vireo.in,1,2374,PL1-2604-3
VR908547,C107341,VA-EB-PL2,2026-06-05,Flipkart,1,3324,PL2-2603-2
VR908957,C105723,VA-EB-PL2,2026-06-05,vireo.in,1,2799,PL2-2604-3
VR909892,C106056,VA-EB-PL2,2026-06-05,vireo.in,1,2974,PL2-2604-2
VR883267,C100496,VA-SW-NX2,2026-06-06,vireo.in,1,5524,NX2-2603-1
VR883300,C104849,VA-EB-PL2,2026-06-06,Amazon,1,3499,PL2-2604-3
VR885151,C105248,VA-SP-ORB,2026-06-06,Amazon,1,5999,ORB-2604-2
VR886562,C109397,VA-EB-PL2,2026-06-06,Amazon,1,3499,PL2-2603-3
VR887287,C102193,VA-AC-CASE,2026-06-06,Flipkart,1,1299,CASE-2605-4
VR887378,C108359,VA-EB-PL2,2026-06-06,Flipkart,1,3324,PL2-2604-3
VR887658,C103210,VA-NB-ARC,2026-06-06,Amazon,1,1299,ARC-2604-1
VR887950,C100737,VA-EB-PL2,2026-06-06,Amazon,1,3324,PL2-2604-2
VR888467,C107816,VA-HP-ST3,2026-06-06,vireo.in,1,6999,ST3-2605-3
VR888805,C102100,VA-SW-NX1,2026-06-06,Amazon,1,3999,NX1-2602-1
VR889629,C106503,VA-SW-NX1,2026-06-06,vireo.in,1,4499,NX1-2605-1
VR889631,C103008,VA-EB-PL1,2026-06-06,vireo.in,1,2124,PL1-2603-4
VR891204,C107308,VA-EB-AIR,2026-06-06,vireo.in,1,1799,AIR-2603-1
VR891964,C101162,VA-EB-PL1,2026-06-06,Amazon,1,1999,PL1-2603-1
VR893844,C100066,VA-SP-MINI,2026-06-06,Flipkart,1,1999,MINI-2605-3
VR894767,C104231,VA-EB-PL1,2026-06-06,Flipkart,1,2124,PL1-2605-4
VR894923,C108311,VA-SP-MINI,2026-06-06,vireo.in,1,2499,MINI-2603-1
VR895720,C109488,VA-EB-PL1,2026-06-06,vireo.in,1,2249,PL1-2605-3
VR895773,C105170,VA-EB-AIR,2026-06-06,vireo.in,1,1799,AIR-2603-2
VR895839,C103312,VA-EB-PL2,2026-06-06,Flipkart,1,2799,PL2-2605-4
VR896317,C102191,VA-SW-NX2,2026-06-06,Amazon,2,12998,NX2-2603-2
VR899075,C104160,VA-EB-PL2,2026-06-06,vireo.in,1,3324,PL2-2602-1
VR899326,C109106,VA-HP-ST3,2026-06-06,vireo.in,1,6999,ST3-2602-1
VR899974,C104688,VA-EB-PL2,2026-06-06,vireo.in,1,3499,PL2-2603-4
VR900377,C105067,VA-SP-MINI,2026-06-06,Amazon,1,2374,MINI-2603-2
VR901087,C105263,VA-SW-NX2,2026-06-06,Amazon,1,5199,NX2-2605-4
VR905183,C105891,VA-SW-NX2,2026-06-06,vireo.in,1,5199,NX2-2602-3
VR906576,C108581,VA-EB-PL1,2026-06-06,vireo.in,1,1999,PL1-2602-3
VR906864,C102932,VA-EB-PL1,2026-06-06,Flipkart,1,2124,PL1-2605-2
VR908045,C108101,VA-EB-AIR,2026-06-06,vireo.in,1,1709,AIR-2603-3
VR909010,C105595,VA-EB-PL2,2026-06-06,vireo.in,1,3499,PL2-2605-4
VR909596,C103897,VA-EB-PL2,2026-06-06,Amazon,1,3324,PL2-2605-4
VR909914,C103893,VA-HP-ST3,2026-06-06,Flipkart,1,5599,ST3-2602-2
VR882872,C101832,VA-HP-ST3,2026-06-07,Flipkart,1,6299,ST3-2604-2
VR883812,C109203,VA-EB-PL2,2026-06-07,vireo.in,1,3499,PL2-2603-1
VR884658,C102376,VA-EB-PL2,2026-06-07,Amazon,1,3499,PL2-2603-2
VR884780,C106067,VA-EB-AIR,2026-06-07,Amazon,1,1529,AIR-2603-4
VR884968,C105738,VA-EB-PL2,2026-06-07,Flipkart,1,3499,PL2-2605-2
VR885437,C108501,VA-HP-ST2,2026-06-07,vireo.in,1,3999,ST2-2603-4
VR885481,C102067,VA-EB-PL2,2026-06-07,Amazon,1,3324,PL2-2602-3
VR885812,C107119,VA-EB-AIR,2026-06-07,vireo.in,1,1529,AIR-2604-1
VR887163,C104185,VA-EB-PL2,2026-06-07,Amazon,1,3324,PL2-2604-1
VR887218,C105551,VA-NB-ARC,2026-06-07,vireo.in,1,1299,ARC-2603-1
VR889507,C103887,VA-HP-ST3,2026-06-07,Amazon,1,6299,ST3-2603-2
VR894272,C106698,VA-EB-PL1,2026-06-07,Flipkart,1,2499,PL1-2603-3
VR897006,C102157,VA-EB-PL2,2026-06-07,vireo.in,1,3499,PL2-2603-3
VR897601,C103895,VA-EB-PL2,2026-06-07,Amazon,1,2974,PL2-2604-3
VR899164,C104177,VA-EB-PL2,2026-06-07,vireo.in,1,3149,PL2-2604-4
VR900346,C105847,VA-EB-PL2,2026-06-07,vireo.in,1,2974,PL2-2604-1
VR900816,C107787,VA-SP-ORB,2026-06-07,Amazon,1,5999,ORB-2602-2
VR900941,C105144,VA-SP-MINI,2026-06-07,vireo.in,1,2499,MINI-2604-4
VR901668,C107360,VA-EB-PL2,2026-06-07,Amazon,1,3149,PL2-2602-1
VR903307,C107178,VA-SP-MINI,2026-06-07,Amazon,1,2499,MINI-2605-1
VR905738,C102176,VA-AC-CASE,2026-06-07,vireo.in,1,1234,CASE-2604-2
VR906898,C108683,VA-EB-PL2,2026-06-07,vireo.in,1,2799,PL2-2604-1
VR908922,C106434,VA-SW-NX1,2026-06-07,vireo.in,1,3999,NX1-2603-4
VR909457,C105882,VA-EB-PL1,2026-06-07,Amazon,1,2499,PL1-2604-1
VR880236,C107548,VA-EB-PL2,2026-06-08,vireo.in,1,3499,PL2-2604-3
VR880549,C108881,VA-HP-ST3,2026-06-08,vireo.in,1,6649,ST3-2603-4
VR883336,C108573,VA-EB-PL2,2026-06-08,vireo.in,1,3499,PL2-2605-1
VR884155,C104115,VA-EB-AIR,2026-06-08,vireo.in,1,1439,AIR-2603-2
VR884979,C100096,VA-HP-ST3,2026-06-08,vireo.in,1,6999,ST3-2604-4
VR887764,C104826,VA-EB-PL2,2026-06-08,vireo.in,1,2974,PL2-2605-1
VR889076,C103208,VA-SW-NX2,2026-06-08,Amazon,1,6499,NX2-2603-2
VR889114,C102116,VA-SW-NX2,2026-06-08,vireo.in,1,5524,NX2-2603-2
VR891097,C105301,VA-SW-NX2,2026-06-08,vireo.in,1,6174,NX2-2603-3
VR891126,C103659,VA-SP-MINI,2026-06-08,vireo.in,1,2124,MINI-2605-1
VR891667,C101944,VA-HP-ST3,2026-06-08,Amazon,1,6999,ST3-2603-4
VR893166,C105296,VA-HP-ST3,2026-06-08,vireo.in,1,6999,ST3-2602-2
VR893687,C107692,VA-EB-PL2,2026-06-08,vireo.in,1,3499,PL2-2604-3
VR894475,C104330,VA-SP-ORB,2026-06-08,Amazon,1,5999,ORB-2605-2
VR894482,C105340,VA-HP-ST3,2026-06-08,vireo.in,1,5599,ST3-2603-3
VR894537,C106712,VA-EB-PL2,2026-06-08,vireo.in,1,3149,PL2-2604-4
VR894918,C107534,VA-SW-NX2,2026-06-08,Amazon,1,6174,NX2-2603-3
VR895223,C103483,VA-EB-PL2,2026-06-08,vireo.in,1,3499,PL2-2604-1
VR896244,C106372,VA-EB-PL2,2026-06-08,vireo.in,1,3499,PL2-2604-2
VR897055,C107592,VA-EB-PL1,2026-06-08,Amazon,1,1999,PL1-2603-3
VR897651,C107129,VA-EB-PL2,2026-06-08,Amazon,1,3324,PL2-2604-1
VR899249,C101335,VA-EB-PL1,2026-06-08,Amazon,1,2499,PL1-2605-2
VR899332,C102490,VA-AC-CASE,2026-06-08,vireo.in,1,1299,CASE-2603-3
VR902946,C101140,VA-AC-CBL,2026-06-08,Flipkart,1,379,CBL-2602-2
VR904120,C102737,VA-EB-AIR,2026-06-08,vireo.in,1,1799,AIR-2605-2
VR904605,C100333,VA-EB-PL2,2026-06-08,vireo.in,1,2974,PL2-2604-2
VR905337,C107270,VA-EB-AIR,2026-06-08,Amazon,1,1799,AIR-2603-2
VR906508,C108694,VA-EB-PL2,2026-06-08,vireo.in,1,2799,PL2-2603-1
VR908685,C100431,VA-HP-ST3,2026-06-08,Amazon,1,6999,ST3-2603-3
VR909346,C107327,VA-EB-AIR,2026-06-08,vireo.in,1,1529,AIR-2604-1
VR909587,C103367,VA-EB-PL2,2026-06-08,vireo.in,1,2974,PL2-2603-2
VR909748,C108867,VA-EB-AIR,2026-06-08,Flipkart,1,1799,AIR-2602-1
VR880821,C104402,VA-HP-ST3,2026-06-09,Amazon,1,6299,ST3-2603-1
VR882429,C107173,VA-SP-ORB,2026-06-09,Amazon,1,5699,ORB-2603-1
VR884026,C101633,VA-EB-PL2,2026-06-09,vireo.in,1,2974,PL2-2604-1
VR884200,C105497,VA-EB-PL2,2026-06-09,Flipkart,1,3499,PL2-2605-4
VR884619,C104922,VA-SW-NX2,2026-06-09,Amazon,1,5524,NX2-2604-3
VR885074,C103708,VA-AC-CH65,2026-06-09,vireo.in,1,1349,CH65-2602-3
VR885985,C103291,VA-EB-PL2,2026-06-09,Amazon,1,3499,PL2-2605-4
VR888379,C107326,VA-EB-PL2,2026-06-09,Amazon,1,2799,PL2-2604-2
VR889056,C104299,VA-EB-PL2,2026-06-09,vireo.in,1,3499,PL2-2603-1
VR889121,C105912,VA-EB-PL1,2026-06-09,Flipkart,1,2499,PL1-2603-1
VR890282,C100729,VA-EB-PL2,2026-06-09,Flipkart,1,3149,PL2-2605-1
VR891354,C101381,VA-SP-MINI,2026-06-09,vireo.in,1,2249,MINI-2604-3
VR891681,C108992,VA-SW-FIT,2026-06-09,vireo.in,1,1999,FIT-2604-3
VR892316,C105880,VA-AC-CASE,2026-06-09,vireo.in,1,1169,CASE-2604-3
VR892688,C107905,VA-SW-NX2,2026-06-09,vireo.in,1,5524,NX2-2604-2
VR892986,C104636,VA-EB-PL2,2026-06-09,Amazon,1,3324,PL2-2602-1
VR893435,C108544,VA-EB-PL2,2026-06-09,vireo.in,1,3499,PL2-2604-1
VR893605,C103908,VA-EB-PL2,2026-06-09,Amazon,1,3324,PL2-2603-3
VR893774,C108995,VA-EB-PL2,2026-06-09,Amazon,1,3499,PL2-2604-2
VR894300,C103550,VA-EB-PL2,2026-06-09,vireo.in,1,3499,PL2-2602-3
VR894906,C108357,VA-EB-PL1,2026-06-09,Amazon,1,2374,PL1-2604-4
VR898635,C105588,VA-EB-PL1,2026-06-09,Amazon,1,2124,PL1-2604-1
VR899000,C105989,VA-AC-CASE,2026-06-09,Amazon,1,1299,CASE-2602-3
VR899017,C104194,VA-SP-MINI,2026-06-09,Flipkart,1,2249,MINI-2604-4
VR900317,C102870,VA-EB-PL2,2026-06-09,Amazon,1,3499,PL2-2605-3
VR900631,C105119,VA-EB-PL2,2026-06-09,vireo.in,1,3324,PL2-2603-2
VR901489,C102549,VA-EB-PL2,2026-06-09,Flipkart,1,3324,PL2-2603-3
VR901664,C105540,VA-EB-PL2,2026-06-09,vireo.in,1,3499,PL2-2604-3
VR904362,C107616,VA-EB-PL2,2026-06-09,vireo.in,1,3499,PL2-2602-1
VR904399,C102115,VA-SP-MINI,2026-06-09,Amazon,1,1999,MINI-2603-4
VR907182,C101714,VA-EB-PL2,2026-06-09,Flipkart,1,3324,PL2-2603-3
VR908470,C101576,VA-HP-ST2,2026-06-09,vireo.in,1,4999,ST2-2603-3
VR881360,C103854,VA-EB-PL2,2026-06-10,vireo.in,1,2799,PL2-2604-1
VR883004,C109308,VA-SP-MINI,2026-06-10,vireo.in,1,2499,MINI-2604-3
VR883599,C104086,VA-HP-ST3,2026-06-10,vireo.in,1,5599,ST3-2603-2
VR885742,C106278,VA-EB-PL2,2026-06-10,Amazon,1,3149,PL2-2605-3
VR886833,C108959,VA-EB-PL2,2026-06-10,vireo.in,1,3499,PL2-2602-1
VR887246,C104706,VA-SP-ORB,2026-06-10,Amazon,1,4799,ORB-2605-1
VR888557,C106375,VA-EB-AIR,2026-06-10,vireo.in,1,1799,AIR-2605-3
VR888866,C105800,VA-EB-PL2,2026-06-10,Amazon,1,3149,PL2-2603-3
VR888918,C107748,VA-HP-ST3,2026-06-10,vireo.in,1,6999,ST3-2603-1
VR889015,C104586,VA-SP-MINI,2026-06-10,vireo.in,1,2124,MINI-2604-4
VR889682,C108468,VA-EB-AIR,2026-06-10,vireo.in,1,1619,AIR-2603-3
VR889710,C100340,VA-EB-PL2,2026-06-10,Amazon,1,3149,PL2-2603-4
VR890032,C101745,VA-HP-ST3,2026-06-10,Flipkart,1,6299,ST3-2605-1
VR890564,C106579,VA-EB-PL2,2026-06-10,Amazon,1,3324,PL2-2604-2
VR891754,C101983,VA-EB-PL2,2026-06-10,vireo.in,1,2799,PL2-2604-3
VR891852,C108189,VA-HP-ST3,2026-06-10,Amazon,1,6649,ST3-2604-1
VR892478,C103541,VA-EB-AIR,2026-06-10,Amazon,1,1439,AIR-2603-2
VR893689,C108245,VA-EB-PL2,2026-06-10,Flipkart,1,2974,PL2-2604-1
VR894113,C106219,VA-EB-PL2,2026-06-10,Amazon,1,3149,PL2-2603-1
VR895695,C106589,VA-EB-PL2,2026-06-10,vireo.in,1,2799,PL2-2603-1
VR897708,C103719,VA-EB-PL2,2026-06-10,vireo.in,2,5948,PL2-2603-2
VR898723,C100134,VA-EB-PL1,2026-06-10,vireo.in,1,1999,PL1-2604-2
VR899609,C106494,VA-EB-PL2,2026-06-10,Amazon,2,6998,PL2-2605-3
VR901156,C107055,VA-NB-ARC,2026-06-10,Amazon,1,1169,ARC-2603-2
VR902403,C101909,VA-AC-CBL,2026-06-10,Amazon,1,319,CBL-2603-3
VR904139,C108807,VA-EB-PL2,2026-06-10,vireo.in,1,2974,PL2-2605-1
VR904742,C108033,VA-EB-PL2,2026-06-10,Flipkart,1,3499,PL2-2605-4
VR905362,C103484,VA-EB-AIR,2026-06-10,vireo.in,1,1529,AIR-2604-1
VR905452,C103416,VA-EB-PL2,2026-06-10,Flipkart,1,3499,PL2-2603-1
VR905686,C102691,VA-SP-ORB,2026-06-10,Flipkart,1,5999,ORB-2605-3
VR907715,C102482,VA-EB-PL1,2026-06-10,Amazon,1,2499,PL1-2605-4
VR907883,C102631,VA-EB-PL2,2026-06-10,vireo.in,1,3499,PL2-2604-1
VR908951,C102779,VA-EB-PL2,2026-06-10,Flipkart,1,3149,PL2-2604-1
VR909376,C105685,VA-SW-FIT,2026-06-10,vireo.in,1,1699,FIT-2605-1
VR880103,C105317,VA-SW-FIT,2026-06-11,vireo.in,1,1999,FIT-2603-3
VR881792,C109078,VA-EB-PL2,2026-06-11,vireo.in,1,3324,PL2-2604-2
VR882085,C108128,VA-EB-PL1,2026-06-11,Amazon,1,2249,PL1-2602-2
VR882910,C108884,VA-EB-PL1,2026-06-11,vireo.in,1,2124,PL1-2605-4
VR883360,C107783,VA-EB-PL2,2026-06-11,vireo.in,1,3499,PL2-2604-2
VR885366,C100871,VA-EB-PL2,2026-06-11,Flipkart,1,3499,PL2-2604-4
VR886201,C108424,VA-EB-PL2,2026-06-11,Flipkart,1,2974,PL2-2603-3
VR886274,C109225,VA-HP-ST3,2026-06-11,Amazon,1,6299,ST3-2602-1
VR891612,C103228,VA-SW-NX2,2026-06-11,Amazon,1,5524,NX2-2605-1
VR891615,C100222,VA-EB-AIR,2026-06-11,vireo.in,1,1529,AIR-2602-3
VR893107,C108028,VA-EB-PL2,2026-06-11,vireo.in,1,3499,PL2-2603-3
VR893156,C108980,VA-SW-NX2,2026-06-11,Amazon,1,5199,NX2-2603-4
VR893432,C108429,VA-NB-ARC,2026-06-11,vireo.in,1,1169,ARC-2604-1
VR894522,C107080,VA-EB-PL2,2026-06-11,Amazon,1,3324,PL2-2603-2
VR895881,C109393,VA-EB-PL2,2026-06-11,vireo.in,1,3499,PL2-2604-2
VR898333,C104711,VA-EB-PL2,2026-06-11,vireo.in,1,3149,PL2-2605-1
VR900490,C107608,VA-SW-NX2,2026-06-11,Flipkart,1,6499,NX2-2603-4
VR901475,C101312,VA-SW-NX2,2026-06-11,vireo.in,1,5524,NX2-2603-3
VR902030,C100434,VA-EB-PL1,2026-06-11,vireo.in,1,2499,PL1-2604-4
VR904252,C101704,VA-EB-PL1,2026-06-11,Flipkart,1,1999,PL1-2603-2
VR906545,C108047,VA-EB-PL2,2026-06-11,vireo.in,1,2799,PL2-2604-3
VR907011,C105434,VA-EB-PL2,2026-06-11,Amazon,1,3499,PL2-2603-4
VR907188,C109213,VA-EB-AIR,2026-06-11,Flipkart,1,1439,AIR-2605-2
VR907776,C101188,VA-EB-PL1,2026-06-11,Amazon,1,2374,PL1-2603-3
VR884440,C107518,VA-EB-PL2,2026-06-12,Amazon,1,2799,PL2-2605-1
VR884669,C101913,VA-EB-PL2,2026-06-12,vireo.in,1,3324,PL2-2603-2
VR884694,C109484,VA-EB-PL2,2026-06-12,Amazon,1,3499,PL2-2605-2
VR885077,C108423,VA-EB-PL2,2026-06-12,Amazon,1,2799,PL2-2604-1
VR888359,C101948,VA-SW-NX2,2026-06-12,Amazon,1,5199,NX2-2604-3
VR888461,C107494,VA-EB-PL1,2026-06-12,vireo.in,1,2124,PL1-2605-4
VR889528,C107062,VA-AC-CASE,2026-06-12,vireo.in,1,1039,CASE-2603-4
VR889843,C109018,VA-SP-ORB,2026-06-12,Amazon,1,5099,ORB-2604-1
VR890367,C100619,VA-EB-PL2,2026-06-12,vireo.in,2,6648,PL2-2604-3
VR890819,C104734,VA-SP-MINI,2026-06-12,Amazon,1,1999,MINI-2605-2
VR891000,C106967,VA-SP-MINI,2026-06-12,vireo.in,1,2374,MINI-2605-3
VR892345,C100828,VA-HP-ST3,2026-06-12,vireo.in,1,6299,ST3-2602-4
VR893130,C102124,VA-EB-PL2,2026-06-12,vireo.in,1,3324,PL2-2603-2
VR895064,C106471,VA-EB-PL1,2026-06-12,Flipkart,1,1999,PL1-2604-1
VR898566,C106292,VA-NB-ARC,2026-06-12,Flipkart,1,1299,ARC-2605-3
VR898924,C108801,VA-EB-PL2,2026-06-12,Flipkart,1,3499,PL2-2602-1
VR901874,C102270,VA-EB-PL1,2026-06-12,vireo.in,1,2499,PL1-2604-2
VR902611,C104520,VA-EB-PL2,2026-06-12,vireo.in,2,6298,PL2-2605-3
VR902798,C103556,VA-SW-NX1,2026-06-12,Amazon,1,4749,NX1-2605-2
VR903226,C108995,VA-EB-PL2,2026-06-12,vireo.in,1,3499,PL2-2604-4
VR903605,C105589,VA-SW-NX2,2026-06-12,Amazon,1,6174,NX2-2603-4
VR905116,C105375,VA-EB-PL2,2026-06-12,Amazon,1,2799,PL2-2605-1
VR905765,C100849,VA-EB-PL2,2026-06-12,Amazon,1,3149,PL2-2604-4
VR909018,C102805,VA-EB-PL2,2026-06-12,vireo.in,1,3324,PL2-2604-2
VR909199,C108500,VA-HP-ST2,2026-06-12,vireo.in,1,4749,ST2-2605-2
VR881527,C106087,VA-SW-FIT,2026-06-13,vireo.in,1,1699,FIT-2604-1
VR882041,C106771,VA-EB-PL2,2026-06-13,Flipkart,1,3324,PL2-2605-4
VR882135,C103944,VA-EB-PL2,2026-06-13,vireo.in,1,3324,PL2-2603-3
VR882886,C101381,VA-SP-ORB,2026-06-13,vireo.in,1,5099,ORB-2604-1
VR883543,C106135,VA-EB-PL2,2026-06-13,Flipkart,1,2974,PL2-2603-4
VR883905,C102940,VA-EB-PL2,2026-06-13,vireo.in,1,3499,PL2-2605-3
VR884345,C107980,VA-HP-ST3,2026-06-13,Amazon,1,6999,ST3-2603-2
VR884995,C105096,VA-EB-PL2,2026-06-13,Amazon,1,2974,PL2-2605-3
VR885321,C101134,VA-HP-ST3,2026-06-13,vireo.in,1,6649,ST3-2604-2
VR885534,C105120,VA-SW-NX2,2026-06-13,vireo.in,1,6174,NX2-2604-1
VR886531,C104081,VA-SW-NX2,2026-06-13,Flipkart,1,6499,NX2-2603-1
VR886607,C108900,VA-AC-CH65,2026-06-13,vireo.in,1,1349,CH65-2603-1
VR886923,C108828,VA-SW-NX2,2026-06-13,Amazon,1,6174,NX2-2604-2
VR887038,C104499,VA-EB-PL2,2026-06-13,vireo.in,1,3499,PL2-2602-3
VR887177,C108141,VA-EB-PL2,2026-06-13,vireo.in,1,3324,PL2-2604-1
VR887329,C103596,VA-EB-PL2,2026-06-13,Amazon,1,2974,PL2-2602-2
VR888213,C105465,VA-EB-PL2,2026-06-13,vireo.in,1,3499,PL2-2605-1
VR889979,C100719,VA-EB-PL2,2026-06-13,vireo.in,1,2799,PL2-2605-4
VR889988,C105096,VA-AC-CBL,2026-06-13,Amazon,1,359,CBL-2604-3
VR890269,C109495,VA-HP-ST3,2026-06-13,vireo.in,1,6999,ST3-2604-3
VR890901,C104646,VA-EB-PL2,2026-06-13,vireo.in,1,3499,PL2-2603-4
VR892569,C106339,VA-SW-NX2,2026-06-13,vireo.in,1,5849,NX2-2603-3
VR892642,C108787,VA-SP-ORB,2026-06-13,Amazon,1,5699,ORB-2603-1
VR894342,C102647,VA-SW-NX1,2026-06-13,vireo.in,2,7998,NX1-2604-2
VR894763,C105065,VA-EB-PL2,2026-06-13,vireo.in,1,3499,PL2-2603-4
VR895506,C109257,VA-HP-ST2,2026-06-13,vireo.in,1,3999,ST2-2602-3
VR897306,C109488,VA-AC-CASE,2026-06-13,vireo.in,2,2208,CASE-2604-1
VR898968,C108377,VA-SW-NX2,2026-06-13,vireo.in,1,6499,NX2-2604-3
VR899430,C104154,VA-EB-PL2,2026-06-13,vireo.in,1,2799,PL2-2603-4
VR901455,C102675,VA-EB-PL2,2026-06-13,vireo.in,1,3324,PL2-2605-3
VR903608,C101993,VA-EB-PL2,2026-06-13,vireo.in,1,3324,PL2-2604-3
VR905297,C106407,VA-SW-NX2,2026-06-13,vireo.in,1,6499,NX2-2603-2
VR905623,C107929,VA-NB-ARC,2026-06-13,vireo.in,1,1234,ARC-2605-2
VR906740,C103636,VA-EB-PL2,2026-06-13,Amazon,1,2799,PL2-2603-2
VR907096,C103333,VA-EB-PL2,2026-06-13,Amazon,1,2799,PL2-2605-3
VR907396,C104805,VA-SP-MINI,2026-06-13,vireo.in,1,2124,MINI-2603-3
VR908162,C108886,VA-SP-ORB,2026-06-13,vireo.in,1,5999,ORB-2603-2
VR909815,C101439,VA-NB-ARC,2026-06-13,Amazon,1,1104,ARC-2602-1
VR880510,C102340,VA-AC-CASE,2026-06-14,vireo.in,1,1299,CASE-2605-4
VR883166,C106689,VA-SP-ORB,2026-06-14,Amazon,1,5699,ORB-2604-4
VR883876,C106990,VA-EB-AIR,2026-06-14,vireo.in,1,1799,AIR-2605-4
VR884270,C102523,VA-HP-ST3,2026-06-14,Amazon,1,6999,ST3-2604-4
VR887941,C103808,VA-SP-ORB,2026-06-14,vireo.in,1,5999,ORB-2603-2
VR890228,C102929,VA-EB-PL1,2026-06-14,vireo.in,1,1999,PL1-2603-1
VR893519,C105816,VA-EB-PL2,2026-06-14,Flipkart,1,2974,PL2-2605-2
VR894100,C105641,VA-EB-PL2,2026-06-14,vireo.in,2,6998,PL2-2604-2
VR895724,C101498,VA-EB-PL2,2026-06-14,vireo.in,2,6998,PL2-2603-1
VR895948,C102798,VA-EB-AIR,2026-06-14,Flipkart,1,1619,AIR-2605-2
VR896898,C109052,VA-HP-ST3,2026-06-14,Amazon,2,11898,ST3-2604-1
VR899581,C108860,VA-SW-NX1,2026-06-14,vireo.in,1,4249,NX1-2603-3
VR901168,C106017,VA-HP-ST2,2026-06-14,Amazon,1,4749,ST2-2605-4
VR901976,C102655,VA-EB-PL2,2026-06-14,vireo.in,1,2799,PL2-2604-2
VR902110,C105309,VA-EB-PL1,2026-06-14,vireo.in,1,1999,PL1-2605-1
VR903133,C107117,VA-HP-ST3,2026-06-14,Amazon,1,6299,ST3-2603-4
VR903328,C105034,VA-EB-PL2,2026-06-14,Amazon,2,6298,PL2-2605-4
VR903571,C107772,VA-SW-NX2,2026-06-14,vireo.in,1,6174,NX2-2605-3
VR904371,C100380,VA-NB-ARC,2026-06-14,vireo.in,1,1299,ARC-2604-1
VR907592,C100965,VA-EB-AIR,2026-06-14,Amazon,1,1799,AIR-2605-4
VR908360,C100253,VA-EB-AIR,2026-06-14,Amazon,1,1799,AIR-2602-3
VR909863,C102776,VA-AC-CASE,2026-06-14,vireo.in,1,1039,CASE-2603-1
VR881026,C108239,VA-SW-NX1,2026-06-15,Amazon,1,4999,NX1-2605-4
VR881250,C106424,VA-EB-PL2,2026-06-15,vireo.in,1,3149,PL2-2605-3
VR882198,C105056,VA-EB-PL2,2026-06-15,Amazon,1,2799,PL2-2604-4
VR882742,C101520,VA-HP-ST3,2026-06-15,vireo.in,1,6999,ST3-2604-4
VR883144,C100664,VA-EB-PL2,2026-06-15,vireo.in,1,3324,PL2-2604-2
VR884752,C101334,VA-EB-PL2,2026-06-15,Amazon,1,3499,PL2-2605-4
VR885713,C103526,VA-EB-PL1,2026-06-15,vireo.in,1,2374,PL1-2605-3
VR887590,C104080,VA-EB-PL2,2026-06-15,vireo.in,1,2974,PL2-2603-4
VR889416,C109134,VA-SP-MINI,2026-06-15,Amazon,2,4248,MINI-2603-1
VR889857,C103828,VA-HP-ST3,2026-06-15,Flipkart,1,6999,ST3-2604-3
VR890646,C104697,VA-EB-AIR,2026-06-15,vireo.in,1,1709,AIR-2603-1
VR894396,C103020,VA-EB-PL2,2026-06-15,Flipkart,1,3499,PL2-2604-1
VR894793,C100878,VA-SW-FIT,2026-06-15,vireo.in,1,1699,FIT-2605-2
VR894947,C105472,VA-HP-ST3,2026-06-15,Flipkart,1,6999,ST3-2602-1
VR895978,C105872,VA-EB-PL2,2026-06-15,vireo.in,1,3324,PL2-2604-4
VR899536,C108937,VA-SP-ORB,2026-06-15,Amazon,1,4799,ORB-2604-1
VR899753,C106362,VA-SW-NX1,2026-06-15,Amazon,1,4999,NX1-2605-1
VR900424,C109334,VA-SW-NX1,2026-06-15,vireo.in,1,4499,NX1-2604-4
VR900766,C104826,VA-EB-PL2,2026-06-15,vireo.in,1,3324,PL2-2605-4
VR902685,C106429,VA-NB-ARC,2026-06-15,Flipkart,1,1039,ARC-2605-2
VR903678,C103408,VA-HP-ST3,2026-06-15,vireo.in,1,6649,ST3-2605-3
VR905997,C102949,VA-HP-ST2,2026-06-15,vireo.in,1,4999,ST2-2603-3
VR909915,C108380,VA-EB-AIR,2026-06-15,Flipkart,1,1799,AIR-2604-1
VR880257,C101296,VA-EB-PL2,2026-06-16,Amazon,1,2799,PL2-2602-1
VR880526,C100520,VA-EB-PL2,2026-06-16,Flipkart,1,2974,PL2-2603-2
VR881504,C104630,VA-NB-ARC,2026-06-16,Amazon,2,2598,ARC-2603-2
VR881839,C100817,VA-SP-MINI,2026-06-16,Amazon,1,1999,MINI-2604-1
VR883163,C102169,VA-EB-PL2,2026-06-16,vireo.in,1,3499,PL2-2603-2
VR885073,C105992,VA-SW-NX2,2026-06-16,Amazon,1,6174,NX2-2603-3
VR885469,C103010,VA-AC-CASE,2026-06-16,Amazon,1,1104,CASE-2604-1
VR886194,C101205,VA-SP-MINI,2026-06-16,Flipkart,1,2124,MINI-2603-4
VR887578,C107867,VA-EB-PL2,2026-06-16,vireo.in,1,3499,PL2-2603-4
VR890768,C100524,VA-SW-NX2,2026-06-16,vireo.in,1,5849,NX2-2603-4
VR893211,C107263,VA-HP-ST3,2026-06-16,vireo.in,1,5949,ST3-2603-1
VR894304,C104691,VA-SW-NX2,2026-06-16,vireo.in,1,6174,NX2-2603-1
VR897879,C101398,VA-HP-ST2,2026-06-16,Amazon,1,4499,ST2-2603-1
VR900099,C101002,VA-EB-AIR,2026-06-16,Amazon,1,1529,AIR-2604-1
VR900165,C108878,VA-HP-ST3,2026-06-16,vireo.in,1,6999,ST3-2604-2
VR900619,C101014,VA-EB-PL2,2026-06-16,Amazon,1,3499,PL2-2603-2
VR901819,C100511,VA-EB-PL2,2026-06-16,Amazon,1,2974,PL2-2604-4
VR903349,C105940,VA-HP-ST3,2026-06-16,vireo.in,1,5599,ST3-2603-3
VR907934,C103278,VA-EB-PL2,2026-06-16,Flipkart,1,2799,PL2-2603-1
VR909109,C100854,VA-EB-PL2,2026-06-16,Amazon,1,3499,PL2-2604-3
VR909148,C108181,VA-AC-CBL,2026-06-16,Amazon,1,399,CBL-2604-3
VR881003,C100520,VA-EB-PL2,2026-06-17,Amazon,1,3499,PL2-2604-3
VR883160,C109061,VA-HP-ST2,2026-06-17,vireo.in,1,4999,ST2-2603-4
VR884972,C100935,VA-EB-PL2,2026-06-17,vireo.in,1,2974,PL2-2604-2
VR885286,C100319,VA-SW-NX1,2026-06-17,Flipkart,1,4999,NX1-2604-4
VR885789,C105714,VA-SW-FIT,2026-06-17,Amazon,1,1899,FIT-2603-1
VR888719,C109075,VA-AC-CH65,2026-06-17,vireo.in,1,1499,CH65-2604-2
VR891427,C106576,VA-SW-NX1,2026-06-17,vireo.in,1,4249,NX1-2605-4
VR891839,C105212,VA-HP-ST2,2026-06-17,Flipkart,1,4249,ST2-2603-2
VR892068,C109331,VA-AC-CH65,2026-06-17,vireo.in,1,1499,CH65-2605-1
VR892137,C109019,VA-SW-NX2,2026-06-17,vireo.in,1,6174,NX2-2603-4
VR892709,C100727,VA-HP-ST3,2026-06-17,Amazon,1,6999,ST3-2605-4
VR893280,C103235,VA-SW-FIT,2026-06-17,vireo.in,1,1599,FIT-2603-2
VR893767,C101792,VA-EB-PL2,2026-06-17,vireo.in,1,3149,PL2-2603-4
VR894127,C104026,VA-SW-NX2,2026-06-17,Flipkart,1,5849,NX2-2604-4
VR895745,C104997,VA-EB-PL1,2026-06-17,Amazon,1,1999,PL1-2603-3
VR896277,C105185,VA-EB-PL2,2026-06-17,Amazon,1,3499,PL2-2604-2
VR896324,C104432,VA-AC-CASE,2026-06-17,Amazon,1,1169,CASE-2605-2
VR898427,C104847,VA-EB-PL2,2026-06-17,vireo.in,2,5598,PL2-2602-4
VR901322,C109040,VA-NB-ARC,2026-06-17,Amazon,2,2598,ARC-2605-4
VR903204,C108899,VA-SP-MINI,2026-06-17,vireo.in,1,2499,MINI-2605-3
VR903444,C106677,VA-HP-ST3,2026-06-17,Amazon,1,6999,ST3-2603-2
VR903856,C108007,VA-EB-PL2,2026-06-17,vireo.in,1,3499,PL2-2603-4
VR904659,C104534,VA-NB-ARC,2026-06-17,vireo.in,1,1299,ARC-2604-1
VR905442,C100780,VA-HP-ST3,2026-06-17,Flipkart,1,6299,ST3-2604-3
VR906064,C101015,VA-AC-CH65,2026-06-17,Flipkart,1,1499,CH65-2604-2
VR906628,C104117,VA-SP-MINI,2026-06-17,Amazon,2,4248,MINI-2604-3
VR907373,C100325,VA-EB-PL2,2026-06-17,Flipkart,1,3324,PL2-2604-3
VR907392,C102881,VA-HP-ST2,2026-06-17,Flipkart,1,4999,ST2-2605-3
VR907750,C102178,VA-EB-PL2,2026-06-17,vireo.in,1,2974,PL2-2603-2
VR907881,C103417,VA-EB-PL2,2026-06-17,vireo.in,1,3499,PL2-2603-1
VR908346,C102912,VA-SW-FIT,2026-06-17,Amazon,2,3998,FIT-2605-3
VR908502,C105970,VA-SP-MINI,2026-06-17,Amazon,1,2249,MINI-2605-2
VR909407,C104322,VA-SW-NX2,2026-06-17,vireo.in,1,5199,NX2-2603-1
VR909991,C107505,VA-EB-AIR,2026-06-17,vireo.in,2,3418,AIR-2603-2
VR883047,C108505,VA-SW-FIT,2026-06-18,Amazon,1,1899,FIT-2604-3
VR883247,C107539,VA-HP-ST3,2026-06-18,vireo.in,1,5599,ST3-2605-4
VR885187,C104599,VA-SW-NX1,2026-06-18,Amazon,1,4249,NX1-2605-1
VR885191,C102650,VA-SW-FIT,2026-06-18,vireo.in,1,1699,FIT-2603-2
VR886494,C107711,VA-AC-CASE,2026-06-18,vireo.in,1,1299,CASE-2605-4
VR886533,C105224,VA-HP-ST3,2026-06-18,Flipkart,1,6999,ST3-2605-3
VR888192,C105822,VA-EB-PL2,2026-06-18,Amazon,2,6998,PL2-2604-1
VR889496,C108565,VA-HP-ST3,2026-06-18,vireo.in,1,6999,ST3-2604-3
VR890995,C100239,VA-SW-FIT,2026-06-18,vireo.in,1,1699,FIT-2604-4
VR891922,C109436,VA-SW-NX2,2026-06-18,Flipkart,1,5524,NX2-2604-4
VR893436,C107718,VA-EB-PL2,2026-06-18,vireo.in,1,2974,PL2-2603-1
VR894069,C104171,VA-EB-PL2,2026-06-18,vireo.in,1,2974,PL2-2605-2
VR894810,C105635,VA-EB-PL2,2026-06-18,Amazon,1,3499,PL2-2603-2
VR894845,C103117,VA-EB-PL2,2026-06-18,vireo.in,1,3149,PL2-2605-2
VR896588,C103369,VA-EB-AIR,2026-06-18,vireo.in,1,1799,AIR-2604-4
VR896842,C106011,VA-NB-ARC,2026-06-18,Amazon,1,1234,ARC-2604-4
VR897141,C106781,VA-HP-ST3,2026-06-18,Flipkart,1,6999,ST3-2604-4
VR897168,C102760,VA-EB-PL2,2026-06-18,vireo.in,1,3149,PL2-2604-3
VR897594,C106951,VA-SP-MINI,2026-06-18,vireo.in,1,2124,MINI-2603-4
VR898062,C105251,VA-EB-PL1,2026-06-18,Amazon,1,1999,PL1-2604-3
VR899125,C101632,VA-EB-PL2,2026-06-18,vireo.in,1,2974,PL2-2605-4
VR899350,C104629,VA-EB-PL2,2026-06-18,vireo.in,1,3499,PL2-2605-4
VR900130,C101535,VA-EB-PL1,2026-06-18,Amazon,1,2124,PL1-2604-4
VR901211,C103805,VA-EB-PL2,2026-06-18,vireo.in,2,6998,PL2-2603-4
VR902124,C101400,VA-EB-AIR,2026-06-18,vireo.in,1,1799,AIR-2605-4
VR903625,C108287,VA-EB-PL2,2026-06-18,vireo.in,1,2974,PL2-2603-3
VR904274,C105555,VA-NB-ARC,2026-06-18,vireo.in,1,1299,ARC-2605-4
VR905562,C103718,VA-SW-NX2,2026-06-18,vireo.in,2,12998,NX2-2603-4
VR905575,C103616,VA-EB-PL1,2026-06-18,vireo.in,1,2374,PL1-2605-3
VR909710,C103084,VA-EB-PL2,2026-06-18,vireo.in,1,3149,PL2-2603-3
VR881133,C107145,VA-EB-PL2,2026-06-19,Amazon,1,3499,PL2-2604-1
VR881598,C108444,VA-EB-AIR,2026-06-19,vireo.in,1,1529,AIR-2605-4
VR881861,C106046,VA-EB-PL2,2026-06-19,vireo.in,2,5598,PL2-2605-1
VR882038,C102390,VA-SW-NX2,2026-06-19,Amazon,1,5849,NX2-2604-2
VR883253,C100871,VA-SW-FIT,2026-06-19,vireo.in,1,1899,FIT-2604-2
VR883262,C105137,VA-EB-PL2,2026-06-19,Amazon,1,3324,PL2-2603-2
VR884486,C100690,VA-SW-NX2,2026-06-19,Amazon,1,6174,NX2-2605-3
VR884798,C100246,VA-HP-ST2,2026-06-19,vireo.in,1,4499,ST2-2603-3
VR887984,C103488,VA-HP-ST2,2026-06-19,Amazon,2,9998,ST2-2603-3
VR888570,C100119,VA-SP-MINI,2026-06-19,vireo.in,1,2499,MINI-2604-3
VR889511,C101053,VA-AC-CASE,2026-06-19,Amazon,1,1299,CASE-2604-1
VR890030,C102246,VA-EB-PL2,2026-06-19,vireo.in,2,6298,PL2-2603-1
VR892354,C104331,VA-SW-FIT,2026-06-19,vireo.in,1,1699,FIT-2603-1
VR892536,C104510,VA-EB-PL2,2026-06-19,Flipkart,1,3499,PL2-2603-2
VR893182,C105294,VA-EB-PL2,2026-06-19,vireo.in,1,2799,PL2-2604-2
VR893633,C109303,VA-SP-MINI,2026-06-19,Amazon,1,2499,MINI-2604-3
VR894585,C104768,VA-EB-AIR,2026-06-19,Amazon,1,1799,AIR-2605-1
VR894675,C109462,VA-EB-PL2,2026-06-19,Amazon,1,2799,PL2-2604-3
VR897540,C107076,VA-SP-MINI,2026-06-19,vireo.in,1,2249,MINI-2605-1
VR898087,C102207,VA-HP-ST2,2026-06-19,Amazon,1,4249,ST2-2604-4
VR900306,C100873,VA-EB-PL2,2026-06-19,Amazon,1,3499,PL2-2604-3
VR900496,C107134,VA-AC-CH65,2026-06-19,Amazon,1,1499,CH65-2603-4
VR901164,C102604,VA-EB-AIR,2026-06-19,vireo.in,1,1799,AIR-2604-3
VR901293,C106687,VA-EB-AIR,2026-06-19,vireo.in,1,1709,AIR-2605-4
VR901398,C104196,VA-SP-MINI,2026-06-19,Amazon,1,2499,MINI-2605-1
VR901802,C100329,VA-SW-NX2,2026-06-19,Amazon,1,5524,NX2-2604-2
VR902248,C106153,VA-SW-FIT,2026-06-19,Flipkart,1,1999,FIT-2605-2
VR902463,C109215,VA-EB-PL2,2026-06-19,vireo.in,1,3499,PL2-2605-2
VR903457,C101762,VA-HP-ST3,2026-06-19,Amazon,1,6999,ST3-2605-1
VR907186,C104465,VA-EB-PL1,2026-06-19,Flipkart,1,1999,PL1-2603-2
VR907315,C103592,VA-EB-PL2,2026-06-19,vireo.in,1,2974,PL2-2605-3
VR908493,C105160,VA-AC-CH65,2026-06-19,vireo.in,2,2998,CH65-2605-4
VR909647,C104136,VA-EB-PL2,2026-06-19,vireo.in,1,3324,PL2-2603-2
VR880251,C106299,VA-SP-MINI,2026-06-20,Amazon,1,2499,MINI-2605-4
VR880339,C106593,VA-SW-NX2,2026-06-20,Amazon,1,5199,NX2-2603-4
VR880666,C108059,VA-SP-MINI,2026-06-20,Amazon,1,1999,MINI-2605-3
VR881060,C103518,VA-EB-PL2,2026-06-20,Amazon,1,2974,PL2-2603-4
VR881132,C106875,VA-SW-NX2,2026-06-20,vireo.in,1,6499,NX2-2603-2
VR881555,C102307,VA-NB-ARC,2026-06-20,vireo.in,1,1299,ARC-2603-1
VR883936,C109323,VA-HP-ST3,2026-06-20,vireo.in,1,5949,ST3-2603-4
VR885430,C107330,VA-EB-PL1,2026-06-20,vireo.in,1,2499,PL1-2603-2
VR886311,C103399,VA-EB-PL2,2026-06-20,Flipkart,1,2799,PL2-2605-1
VR886646,C105561,VA-EB-PL2,2026-06-20,Amazon,1,3324,PL2-2605-1
VR887032,C102289,VA-EB-PL2,2026-06-20,Amazon,1,2974,PL2-2603-3
VR888046,C102123,VA-EB-PL2,2026-06-20,vireo.in,1,3499,PL2-2603-1
VR890946,C108650,VA-HP-ST3,2026-06-20,vireo.in,2,11198,ST3-2603-3
VR891069,C107423,VA-EB-AIR,2026-06-20,vireo.in,2,3418,AIR-2605-2
VR891875,C107996,VA-EB-PL2,2026-06-20,Amazon,1,3149,PL2-2605-2
VR892008,C104916,VA-SP-MINI,2026-06-20,vireo.in,1,2499,MINI-2605-3
VR892225,C102887,VA-EB-PL2,2026-06-20,Amazon,2,6648,PL2-2605-1
VR892697,C100237,VA-EB-PL2,2026-06-20,vireo.in,2,5598,PL2-2604-3
VR893678,C103205,VA-SW-FIT,2026-06-20,vireo.in,1,1599,FIT-2604-1
VR894676,C107289,VA-EB-PL1,2026-06-20,Flipkart,1,2249,PL1-2604-3
VR895490,C109114,VA-AC-CASE,2026-06-20,vireo.in,1,1299,CASE-2604-3
VR897534,C101928,VA-EB-PL2,2026-06-20,vireo.in,1,2799,PL2-2604-4
VR898561,C108426,VA-EB-PL2,2026-06-20,vireo.in,1,3499,PL2-2603-1
VR898872,C103335,VA-AC-CH65,2026-06-20,Amazon,2,2548,CH65-2604-2
VR898939,C100033,VA-SP-MINI,2026-06-20,Amazon,2,4998,MINI-2605-4
VR899043,C106915,VA-HP-ST3,2026-06-20,Amazon,1,5949,ST3-2604-3
VR899528,C102749,VA-SP-MINI,2026-06-20,Flipkart,1,2374,MINI-2605-1
VR899980,C100418,VA-EB-PL1,2026-06-20,Amazon,1,2499,PL1-2605-4
VR901533,C104489,VA-SW-NX1,2026-06-20,Flipkart,1,4999,NX1-2604-1
VR901538,C100548,VA-SW-NX2,2026-06-20,vireo.in,1,6499,NX2-2603-4
VR903122,C101683,VA-EB-AIR,2026-06-20,Amazon,1,1439,AIR-2605-1
VR903220,C108194,VA-EB-PL2,2026-06-20,vireo.in,1,2799,PL2-2604-1
VR904700,C107135,VA-NB-ARC,2026-06-20,Flipkart,1,1299,ARC-2604-1
VR904919,C101146,VA-SP-MINI,2026-06-20,vireo.in,1,2499,MINI-2604-4
VR905096,C102584,VA-EB-PL2,2026-06-20,Flipkart,1,2974,PL2-2604-4
VR905364,C107848,VA-SW-NX1,2026-06-20,Amazon,1,4749,NX1-2605-2
VR908116,C104709,VA-EB-PL2,2026-06-20,vireo.in,1,3324,PL2-2604-4
VR909382,C106422,VA-EB-PL2,2026-06-20,Flipkart,1,2974,PL2-2603-3
VR880407,C100195,VA-EB-AIR,2026-06-21,Flipkart,1,1439,AIR-2603-3
VR882073,C106470,VA-EB-PL2,2026-06-21,vireo.in,1,2799,PL2-2605-1
VR883727,C101207,VA-SW-FIT,2026-06-21,vireo.in,1,1699,FIT-2605-2
VR891534,C103902,VA-SW-FIT,2026-06-21,Flipkart,1,1999,FIT-2603-2
VR891625,C105113,VA-SW-NX1,2026-06-21,vireo.in,1,4749,NX1-2604-3
VR892497,C107790,VA-SW-FIT,2026-06-21,Amazon,1,1999,FIT-2604-2
VR893094,C108133,VA-EB-PL2,2026-06-21,vireo.in,2,6998,PL2-2603-1
VR894708,C108151,VA-EB-PL2,2026-06-21,vireo.in,1,2799,PL2-2605-3
VR894804,C100382,VA-NB-ARC,2026-06-21,Amazon,1,1169,ARC-2603-3
VR897445,C103475,VA-EB-AIR,2026-06-21,Flipkart,1,1799,AIR-2604-1
VR899374,C103235,VA-SP-ORB,2026-06-21,vireo.in,1,4799,ORB-2604-1
VR899919,C108257,VA-EB-PL2,2026-06-21,Amazon,1,3499,PL2-2605-3
VR900218,C106990,VA-EB-PL2,2026-06-21,vireo.in,1,3324,PL2-2604-2
VR901431,C106769,VA-EB-PL2,2026-06-21,Amazon,1,3149,PL2-2603-4
VR903591,C105398,VA-EB-PL2,2026-06-21,Flipkart,1,3324,PL2-2603-3
VR903651,C105806,VA-SW-NX1,2026-06-21,vireo.in,1,4499,NX1-2605-4
VR904243,C103788,VA-EB-PL2,2026-06-21,Amazon,1,3499,PL2-2603-1
VR905634,C103832,VA-SP-MINI,2026-06-21,vireo.in,1,2499,MINI-2605-4
VR906593,C103604,VA-SP-MINI,2026-06-21,vireo.in,1,2124,MINI-2605-2
VR907500,C102516,VA-SP-MINI,2026-06-21,Amazon,1,2249,MINI-2603-2
VR909891,C102282,VA-EB-AIR,2026-06-21,vireo.in,1,1619,AIR-2603-2
VR881753,C105271,VA-NB-ARC,2026-06-22,Amazon,1,1299,ARC-2603-1
VR884462,C103855,VA-EB-PL2,2026-06-22,Flipkart,2,6998,PL2-2605-3
VR884756,C103626,VA-HP-ST2,2026-06-22,vireo.in,1,4249,ST2-2605-3
VR885908,C106440,VA-EB-PL1,2026-06-22,vireo.in,1,2499,PL1-2604-2
VR887189,C102531,VA-EB-PL2,2026-06-22,Flipkart,1,2799,PL2-2604-2
VR888004,C104761,VA-EB-PL2,2026-06-22,Amazon,1,3324,PL2-2605-4
VR888477,C102450,VA-SW-NX2,2026-06-22,vireo.in,1,6499,NX2-2603-1
VR888687,C102824,VA-EB-PL2,2026-06-22,vireo.in,1,3149,PL2-2604-1
VR889392,C105527,VA-SP-ORB,2026-06-22,vireo.in,1,5099,ORB-2605-3
VR890477,C109367,VA-SW-NX2,2026-06-22,vireo.in,1,6499,NX2-2605-1
VR891314,C100453,VA-EB-PL2,2026-06-22,vireo.in,1,3149,PL2-2605-1
VR892965,C108297,VA-EB-PL1,2026-06-22,vireo.in,1,2374,PL1-2603-4
VR894858,C101164,VA-EB-PL2,2026-06-22,vireo.in,1,3324,PL2-2604-1
VR895305,C107718,VA-NB-ARC,2026-06-22,vireo.in,1,1299,ARC-2605-1
VR895748,C100552,VA-SW-NX2,2026-06-22,vireo.in,1,5524,NX2-2605-4
VR899485,C108104,VA-HP-ST2,2026-06-22,vireo.in,1,4999,ST2-2604-1
VR900591,C100838,VA-EB-PL2,2026-06-22,Amazon,1,2799,PL2-2604-1
VR901014,C107662,VA-AC-CH65,2026-06-22,Amazon,1,1499,CH65-2604-4
VR901402,C101218,VA-EB-PL2,2026-06-22,vireo.in,1,3324,PL2-2605-4
VR901783,C101822,VA-EB-PL2,2026-06-22,Amazon,2,6648,PL2-2604-3
VR904806,C100724,VA-AC-CASE,2026-06-22,vireo.in,1,1299,CASE-2605-1
VR905594,C100204,VA-SW-FIT,2026-06-22,Flipkart,1,1899,FIT-2603-4
VR905682,C106577,VA-SP-MINI,2026-06-22,Amazon,1,2249,MINI-2604-1
VR906851,C103116,VA-AC-CBL,2026-06-22,vireo.in,1,319,CBL-2603-2
VR907318,C106965,VA-SW-NX1,2026-06-22,vireo.in,2,9998,NX1-2603-2
VR908568,C107613,VA-SW-NX1,2026-06-22,Flipkart,1,4999,NX1-2604-3
VR909368,C106823,VA-SP-ORB,2026-06-22,vireo.in,1,4799,ORB-2605-4
VR909908,C108577,VA-EB-PL2,2026-06-22,Flipkart,1,3149,PL2-2604-2
VR880847,C105411,VA-EB-PL2,2026-06-23,vireo.in,1,3499,PL2-2605-3
VR881552,C100301,VA-EB-PL2,2026-06-23,Flipkart,1,3324,PL2-2605-1
VR881908,C106123,VA-SW-FIT,2026-06-23,vireo.in,1,1999,FIT-2604-3
VR882958,C106486,VA-SW-NX2,2026-06-23,Flipkart,1,6174,NX2-2604-4
VR886384,C107383,VA-EB-PL2,2026-06-23,vireo.in,1,3324,PL2-2603-3
VR886486,C102739,VA-EB-AIR,2026-06-23,Amazon,2,3238,AIR-2603-4
VR886649,C103308,VA-SP-MINI,2026-06-23,vireo.in,1,2499,MINI-2603-2
VR886832,C106575,VA-SW-NX2,2026-06-23,vireo.in,1,6174,NX2-2603-2
VR887800,C106020,VA-EB-PL2,2026-06-23,Amazon,1,3499,PL2-2604-2
VR887930,C108042,VA-EB-PL2,2026-06-23,vireo.in,1,3149,PL2-2605-2
VR889009,C106501,VA-EB-PL2,2026-06-23,vireo.in,1,3499,PL2-2603-2
VR889130,C101160,VA-HP-ST3,2026-06-23,Flipkart,1,6999,ST3-2605-4
VR889140,C107865,VA-SP-ORB,2026-06-23,vireo.in,1,5999,ORB-2605-2
VR890290,C103317,VA-NB-ARC,2026-06-23,vireo.in,1,1104,ARC-2605-2
VR890744,C102247,VA-EB-PL2,2026-06-23,vireo.in,1,3499,PL2-2605-2
VR890825,C102545,VA-SW-NX2,2026-06-23,vireo.in,1,5199,NX2-2604-3
VR891269,C105022,VA-HP-ST2,2026-06-23,vireo.in,1,4249,ST2-2604-4
VR892466,C106445,VA-EB-PL2,2026-06-23,Amazon,2,5948,PL2-2604-2
VR892975,C104053,VA-SP-MINI,2026-06-23,Flipkart,1,2124,MINI-2606-1
VR893209,C107037,VA-EB-PL2,2026-06-23,vireo.in,1,3149,PL2-2604-3
VR894170,C102408,VA-SP-MINI,2026-06-23,vireo.in,1,2499,MINI-2604-1
VR894507,C108299,VA-SW-NX2,2026-06-23,Amazon,1,5849,NX2-2604-4
VR895383,C100223,VA-HP-ST3,2026-06-23,vireo.in,1,6999,ST3-2605-3
VR895416,C101174,VA-SW-NX2,2026-06-23,vireo.in,1,6499,NX2-2603-3
VR896017,C108846,VA-EB-AIR,2026-06-23,vireo.in,1,1529,AIR-2605-4
VR896666,C106149,VA-EB-PL2,2026-06-23,Amazon,1,3324,PL2-2606-3
VR898148,C103179,VA-EB-PL2,2026-06-23,Flipkart,1,3149,PL2-2603-1
VR900629,C102191,VA-AC-CH65,2026-06-23,Amazon,1,1499,CH65-2604-1
VR900910,C106340,VA-AC-CH65,2026-06-23,vireo.in,1,1349,CH65-2605-1
VR901282,C105833,VA-EB-PL2,2026-06-23,vireo.in,1,3499,PL2-2603-3
VR901408,C100527,VA-SW-FIT,2026-06-23,Amazon,1,1999,FIT-2604-1
VR901738,C102299,VA-SP-ORB,2026-06-23,vireo.in,1,5999,ORB-2604-2
VR902366,C101297,VA-SW-NX2,2026-06-23,Amazon,1,6499,NX2-2603-1
VR903512,C107992,VA-EB-PL2,2026-06-23,vireo.in,1,3499,PL2-2603-2
VR903838,C102671,VA-EB-PL2,2026-06-23,Amazon,2,6998,PL2-2603-1
VR904298,C108743,VA-AC-CASE,2026-06-23,Amazon,1,1169,CASE-2603-1
VR904556,C105805,VA-HP-ST3,2026-06-23,Amazon,1,6649,ST3-2604-3
VR906110,C103532,VA-EB-AIR,2026-06-23,vireo.in,2,3598,AIR-2605-4
VR906453,C103491,VA-SP-MINI,2026-06-23,Amazon,1,2249,MINI-2603-3
VR907832,C108361,VA-EB-AIR,2026-06-23,vireo.in,2,3598,AIR-2605-3
VR908184,C100052,VA-SP-MINI,2026-06-23,Amazon,1,2374,MINI-2604-1
VR909056,C103224,VA-EB-AIR,2026-06-23,vireo.in,1,1529,AIR-2603-2
VR909412,C105071,VA-SP-MINI,2026-06-23,vireo.in,1,2499,MINI-2605-3
VR909903,C103014,VA-SW-NX2,2026-06-23,vireo.in,1,6174,NX2-2603-4
VR881750,C108965,VA-SP-MINI,2026-06-24,vireo.in,1,2374,MINI-2605-2
VR882450,C108728,VA-EB-AIR,2026-06-24,vireo.in,1,1619,AIR-2603-3
VR882962,C104802,VA-EB-PL2,2026-06-24,vireo.in,1,3499,PL2-2605-1
VR883400,C102485,VA-EB-AIR,2026-06-24,vireo.in,1,1799,AIR-2605-4
VR884875,C105384,VA-HP-ST3,2026-06-24,vireo.in,1,6299,ST3-2605-2
VR885067,C101616,VA-EB-PL2,2026-06-24,vireo.in,1,3499,PL2-2603-2
VR887103,C100063,VA-EB-AIR,2026-06-24,Amazon,1,1709,AIR-2603-1
VR887608,C108311,VA-EB-PL1,2026-06-24,vireo.in,1,2499,PL1-2604-1
VR888679,C101101,VA-SW-FIT,2026-06-24,vireo.in,1,1999,FIT-2605-2
VR889267,C103438,VA-HP-ST3,2026-06-24,Amazon,1,6299,ST3-2604-2
VR891407,C107462,VA-EB-PL1,2026-06-24,vireo.in,1,2249,PL1-2604-1
VR892854,C102490,VA-NB-ARC,2026-06-24,vireo.in,1,1299,ARC-2605-3
VR894014,C107517,VA-EB-AIR,2026-06-24,Flipkart,1,1799,AIR-2603-3
VR894794,C105835,VA-EB-PL2,2026-06-24,vireo.in,1,3499,PL2-2604-4
VR894851,C105897,VA-SW-NX2,2026-06-24,Amazon,1,5524,NX2-2605-2
VR898131,C107281,VA-EB-PL2,2026-06-24,vireo.in,1,3499,PL2-2604-1
VR898152,C100834,VA-EB-AIR,2026-06-24,vireo.in,1,1799,AIR-2603-1
VR898394,C109486,VA-EB-PL2,2026-06-24,vireo.in,1,2799,PL2-2603-3
VR898558,C102859,VA-SW-NX2,2026-06-24,vireo.in,1,6174,NX2-2605-1
VR899577,C107442,VA-EB-PL2,2026-06-24,vireo.in,1,2974,PL2-2603-2
VR900258,C106466,VA-EB-PL2,2026-06-24,Amazon,1,3324,PL2-2604-1
VR900885,C104032,VA-EB-AIR,2026-06-24,vireo.in,1,1799,AIR-2604-1
VR902218,C105524,VA-EB-PL2,2026-06-24,Amazon,1,3499,PL2-2605-3
VR904681,C107640,VA-EB-PL1,2026-06-24,vireo.in,1,2499,PL1-2603-2
VR905050,C104356,VA-EB-PL2,2026-06-24,Amazon,1,2974,PL2-2603-3
VR906806,C107629,VA-EB-AIR,2026-06-24,vireo.in,1,1799,AIR-2604-3
VR880636,C103128,VA-EB-PL1,2026-06-25,Amazon,1,2249,PL1-2604-1
VR880984,C105158,VA-SW-NX2,2026-06-25,Flipkart,1,6499,NX2-2605-1
VR883433,C101505,VA-HP-ST3,2026-06-25,Amazon,1,5949,ST3-2604-3
VR883692,C105982,VA-EB-PL1,2026-06-25,vireo.in,1,1999,PL1-2605-1
VR884214,C104323,VA-SW-NX2,2026-06-25,Amazon,1,5524,NX2-2605-2
VR884464,C102879,VA-SP-ORB,2026-06-25,vireo.in,1,5999,ORB-2603-1
VR885881,C109419,VA-SW-NX2,2026-06-25,vireo.in,1,6499,NX2-2604-2
VR886835,C104816,VA-EB-PL2,2026-06-25,vireo.in,1,3499,PL2-2605-4
VR888677,C102062,VA-EB-PL2,2026-06-25,Amazon,1,3324,PL2-2604-2
VR888895,C109310,VA-EB-PL1,2026-06-25,vireo.in,1,2124,PL1-2605-4
VR890037,C108606,VA-EB-PL1,2026-06-25,Flipkart,1,2499,PL1-2605-4
VR891849,C107108,VA-EB-PL1,2026-06-25,vireo.in,1,2249,PL1-2603-2
VR891970,C108993,VA-EB-PL2,2026-06-25,vireo.in,1,2974,PL2-2603-2
VR892374,C102286,VA-SW-NX1,2026-06-25,Amazon,1,4499,NX1-2603-4
VR892716,C101933,VA-EB-PL2,2026-06-25,vireo.in,1,3499,PL2-2604-4
VR895418,C103659,VA-SW-FIT,2026-06-25,vireo.in,1,1999,FIT-2604-4
VR897128,C107677,VA-EB-PL1,2026-06-25,Amazon,1,2124,PL1-2605-1
VR897324,C104665,VA-EB-PL2,2026-06-25,Flipkart,1,2974,PL2-2603-2
VR897680,C107312,VA-SW-NX2,2026-06-25,Amazon,1,5199,NX2-2604-2
VR898116,C105052,VA-SW-NX2,2026-06-25,vireo.in,1,6499,NX2-2604-3
VR898981,C101561,VA-EB-PL2,2026-06-25,Amazon,1,3149,PL2-2605-3
VR899057,C103685,VA-EB-PL2,2026-06-25,vireo.in,1,3324,PL2-2603-2
VR899310,C109492,VA-EB-PL2,2026-06-25,Amazon,1,2799,PL2-2605-4
VR901218,C101778,VA-SW-NX2,2026-06-25,vireo.in,1,6499,NX2-2604-4
VR904019,C108396,VA-HP-ST2,2026-06-25,vireo.in,1,4749,ST2-2603-3
VR904678,C105644,VA-EB-AIR,2026-06-25,Amazon,1,1799,AIR-2605-1
VR905325,C102337,VA-SW-NX2,2026-06-25,Amazon,1,5524,NX2-2604-2
VR905984,C100978,VA-EB-AIR,2026-06-25,vireo.in,1,1799,AIR-2605-1
VR906393,C106828,VA-EB-PL1,2026-06-25,Amazon,1,2499,PL1-2605-2
VR906592,C104163,VA-EB-PL2,2026-06-25,Amazon,1,3149,PL2-2603-2
VR906661,C104959,VA-SP-MINI,2026-06-25,vireo.in,1,2374,MINI-2606-1
VR907279,C108664,VA-EB-PL1,2026-06-25,vireo.in,1,2499,PL1-2605-4
VR909209,C108546,VA-EB-AIR,2026-06-25,vireo.in,1,1799,AIR-2604-1
VR909749,C100683,VA-EB-PL2,2026-06-25,vireo.in,1,3499,PL2-2604-1
VR880605,C100648,VA-SP-ORB,2026-06-26,Flipkart,1,5699,ORB-2605-1
VR881678,C104111,VA-HP-ST2,2026-06-26,Flipkart,1,4249,ST2-2604-2
VR881830,C107716,VA-EB-PL2,2026-06-26,vireo.in,1,3499,PL2-2604-4
VR884656,C104607,VA-EB-PL1,2026-06-26,vireo.in,1,2499,PL1-2605-4
VR886590,C105419,VA-SP-MINI,2026-06-26,vireo.in,1,2124,MINI-2603-4
VR886987,C103345,VA-EB-PL2,2026-06-26,Flipkart,1,2974,PL2-2606-2
VR889539,C101232,VA-SW-NX2,2026-06-26,Flipkart,1,5199,NX2-2605-4
VR889599,C103579,VA-EB-AIR,2026-06-26,vireo.in,1,1709,AIR-2604-4
VR890463,C100755,VA-AC-CH65,2026-06-26,vireo.in,1,1349,CH65-2603-1
VR890671,C105750,VA-EB-PL2,2026-06-26,Amazon,1,3149,PL2-2606-3
VR892332,C108109,VA-NB-ARC,2026-06-26,Amazon,1,1299,ARC-2603-1
VR893000,C107003,VA-SW-NX2,2026-06-26,Amazon,1,5849,NX2-2604-4
VR893915,C102640,VA-SP-MINI,2026-06-26,vireo.in,1,1999,MINI-2604-2
VR894161,C107221,VA-HP-ST2,2026-06-26,vireo.in,1,4999,ST2-2605-4
VR894288,C103724,VA-EB-PL1,2026-06-26,Amazon,1,2124,PL1-2605-1
VR894584,C107760,VA-SW-NX2,2026-06-26,Amazon,2,12998,NX2-2604-4
VR895646,C100954,VA-EB-AIR,2026-06-26,vireo.in,1,1799,AIR-2604-2
VR896328,C105661,VA-EB-PL2,2026-06-26,Amazon,1,3499,PL2-2605-2
VR896564,C103149,VA-EB-PL2,2026-06-26,vireo.in,1,2974,PL2-2604-2
VR898506,C100148,VA-EB-PL1,2026-06-26,Amazon,1,2499,PL1-2604-2
VR898840,C101979,VA-HP-ST3,2026-06-26,vireo.in,1,5949,ST3-2604-3
VR899299,C109015,VA-SP-MINI,2026-06-26,Flipkart,1,2124,MINI-2603-1
VR900696,C103697,VA-HP-ST3,2026-06-26,vireo.in,1,6999,ST3-2605-3
VR900855,C100333,VA-EB-PL2,2026-06-26,Amazon,1,2799,PL2-2603-3
VR902461,C101318,VA-EB-PL2,2026-06-26,vireo.in,1,3324,PL2-2604-4
VR902510,C100348,VA-EB-AIR,2026-06-26,Flipkart,1,1439,AIR-2605-2
VR905611,C102246,VA-SP-MINI,2026-06-26,Amazon,1,2124,MINI-2605-4
VR906677,C107335,VA-SP-ORB,2026-06-26,Flipkart,1,4799,ORB-2604-2
VR907058,C106929,VA-EB-PL2,2026-06-26,vireo.in,1,2974,PL2-2603-4
VR907523,C106589,VA-EB-PL2,2026-06-26,vireo.in,2,6998,PL2-2605-1
VR907844,C109375,VA-EB-PL2,2026-06-26,vireo.in,1,3499,PL2-2605-1
VR909665,C106358,VA-EB-AIR,2026-06-26,Amazon,1,1799,AIR-2604-2
VR909705,C100649,VA-AC-CASE,2026-06-26,Amazon,1,1299,CASE-2605-3
VR880062,C106363,VA-SP-MINI,2026-06-27,vireo.in,1,2124,MINI-2603-3
VR881192,C104142,VA-EB-PL2,2026-06-27,vireo.in,1,2974,PL2-2603-3
VR881230,C101154,VA-SW-NX2,2026-06-27,Amazon,1,6499,NX2-2606-1
VR881519,C101728,VA-EB-AIR,2026-06-27,Amazon,1,1799,AIR-2605-4
VR882905,C100261,VA-EB-PL2,2026-06-27,Amazon,1,3499,PL2-2605-3
VR885846,C102215,VA-EB-AIR,2026-06-27,vireo.in,1,1709,AIR-2605-1
VR886536,C107590,VA-EB-PL2,2026-06-27,vireo.in,1,3149,PL2-2605-1
VR887889,C101559,VA-HP-ST2,2026-06-27,Amazon,1,4999,ST2-2604-3
VR888057,C106199,VA-SP-ORB,2026-06-27,vireo.in,1,5999,ORB-2605-1
VR889699,C106651,VA-SW-NX2,2026-06-27,vireo.in,2,11048,NX2-2603-2
VR890034,C108146,VA-HP-ST3,2026-06-27,vireo.in,2,11898,ST3-2603-1
VR891896,C108417,VA-EB-PL1,2026-06-27,vireo.in,1,2499,PL1-2604-1
VR893937,C108752,VA-SW-NX2,2026-06-27,Amazon,1,6499,NX2-2605-1
VR895160,C102096,VA-EB-PL2,2026-06-27,vireo.in,1,2974,PL2-2606-3
VR895701,C100558,VA-AC-CH65,2026-06-27,vireo.in,1,1274,CH65-2603-4
VR896138,C104179,VA-EB-PL2,2026-06-27,vireo.in,1,3499,PL2-2606-4
VR904333,C103691,VA-SW-NX2,2026-06-27,vireo.in,1,5524,NX2-2605-1
VR907098,C104298,VA-EB-PL2,2026-06-27,vireo.in,1,2799,PL2-2605-2
VR907394,C106205,VA-EB-PL1,2026-06-27,vireo.in,1,2499,PL1-2603-1
VR907421,C107780,VA-EB-PL2,2026-06-27,Amazon,1,2974,PL2-2605-1
VR909471,C107307,VA-SP-MINI,2026-06-27,Amazon,1,1999,MINI-2605-4
VR909955,C104637,VA-EB-PL2,2026-06-27,vireo.in,1,3324,PL2-2604-4
VR884307,C108741,VA-SW-NX2,2026-06-28,vireo.in,1,5524,NX2-2603-2
VR884519,C105567,VA-HP-ST3,2026-06-28,vireo.in,1,5599,ST3-2604-1
VR884794,C100583,VA-EB-PL2,2026-06-28,Amazon,1,3324,PL2-2605-1
VR884929,C103136,VA-EB-PL1,2026-06-28,vireo.in,2,4998,PL1-2603-3
VR884976,C105201,VA-EB-PL2,2026-06-28,vireo.in,1,2799,PL2-2603-3
VR886831,C100445,VA-SW-NX2,2026-06-28,vireo.in,1,5524,NX2-2604-1
VR887170,C105033,VA-HP-ST2,2026-06-28,Flipkart,2,9998,ST2-2603-1
VR889533,C104189,VA-EB-PL2,2026-06-28,vireo.in,1,3324,PL2-2604-2
VR891485,C101759,VA-SW-NX2,2026-06-28,vireo.in,1,6499,NX2-2603-3
VR893446,C102839,VA-SP-MINI,2026-06-28,Amazon,1,2374,MINI-2604-2
VR894182,C108511,VA-SP-MINI,2026-06-28,vireo.in,1,2499,MINI-2604-3
VR894558,C105998,VA-HP-ST3,2026-06-28,vireo.in,1,6999,ST3-2605-3
VR895182,C104969,VA-SP-ORB,2026-06-28,vireo.in,1,4799,ORB-2605-4
VR896179,C103904,VA-EB-PL2,2026-06-28,vireo.in,1,3499,PL2-2603-1
VR897096,C105082,VA-EB-PL1,2026-06-28,Amazon,1,2374,PL1-2604-3
VR897690,C103488,VA-HP-ST3,2026-06-28,vireo.in,1,6299,ST3-2603-2
VR897778,C102867,VA-EB-PL2,2026-06-28,Flipkart,1,3499,PL2-2604-3
VR899674,C101957,VA-SP-MINI,2026-06-28,vireo.in,1,1999,MINI-2603-1
VR900595,C105117,VA-AC-CBL,2026-06-28,vireo.in,1,399,CBL-2603-4
VR901921,C102012,VA-SP-MINI,2026-06-28,Flipkart,1,2499,MINI-2604-2
VR902804,C101656,VA-EB-PL2,2026-06-28,Amazon,1,3324,PL2-2604-4
VR903755,C104528,VA-EB-PL1,2026-06-28,vireo.in,1,2249,PL1-2604-4
VR903774,C101830,VA-NB-ARC,2026-06-28,Amazon,1,1299,ARC-2605-1
VR905783,C101528,VA-SP-ORB,2026-06-28,vireo.in,1,5999,ORB-2604-2
VR906688,C102938,VA-EB-PL2,2026-06-28,vireo.in,1,3149,PL2-2605-2
VR907337,C100320,VA-SW-NX2,2026-06-28,vireo.in,1,5199,NX2-2604-1
VR908962,C100066,VA-EB-PL2,2026-06-28,Flipkart,1,3499,PL2-2605-2
VR909798,C104053,VA-EB-PL2,2026-06-28,vireo.in,1,2799,PL2-2606-4
VR880449,C103483,VA-EB-PL2,2026-06-29,vireo.in,1,2974,PL2-2603-3
VR881197,C107738,VA-SP-MINI,2026-06-29,Amazon,1,2124,MINI-2605-4
VR882945,C107957,VA-EB-PL2,2026-06-29,Amazon,2,6298,PL2-2605-1
VR883107,C108385,VA-SW-NX2,2026-06-29,vireo.in,1,6499,NX2-2603-3
VR883413,C100474,VA-EB-AIR,2026-06-29,vireo.in,1,1799,AIR-2605-3
VR883624,C101684,VA-EB-AIR,2026-06-29,Flipkart,1,1799,AIR-2605-2
VR883998,C106451,VA-HP-ST2,2026-06-29,Flipkart,1,4499,ST2-2605-3
VR884077,C105420,VA-SW-NX1,2026-06-29,Amazon,1,4999,NX1-2603-4
VR884704,C105562,VA-EB-PL1,2026-06-29,vireo.in,1,2499,PL1-2606-2
VR886292,C101104,VA-EB-AIR,2026-06-29,Flipkart,1,1529,AIR-2604-3
VR886995,C101023,VA-NB-ARC,2026-06-29,Amazon,1,1299,ARC-2604-3
VR887292,C103618,VA-EB-PL1,2026-06-29,vireo.in,1,2499,PL1-2605-1
VR887829,C106703,VA-EB-PL2,2026-06-29,Flipkart,1,2974,PL2-2604-1
VR889421,C105687,VA-EB-PL2,2026-06-29,vireo.in,2,6998,PL2-2604-1
VR890217,C103652,VA-SP-MINI,2026-06-29,Flipkart,1,2499,MINI-2604-1
VR892591,C102178,VA-HP-ST3,2026-06-29,Amazon,1,6999,ST3-2605-2
VR892983,C106718,VA-EB-PL2,2026-06-29,Flipkart,1,3499,PL2-2603-2
VR893267,C101474,VA-SP-MINI,2026-06-29,vireo.in,1,2499,MINI-2605-2
VR893485,C108522,VA-SP-MINI,2026-06-29,vireo.in,1,2374,MINI-2604-1
VR893814,C102942,VA-EB-PL2,2026-06-29,vireo.in,1,2799,PL2-2606-2
VR895813,C106160,VA-SW-NX2,2026-06-29,vireo.in,1,5849,NX2-2603-3
VR896004,C105691,VA-EB-PL2,2026-06-29,vireo.in,1,3499,PL2-2603-2
VR897614,C102928,VA-EB-PL1,2026-06-29,Flipkart,2,4998,PL1-2605-4
VR898805,C106831,VA-EB-PL1,2026-06-29,vireo.in,1,2374,PL1-2604-1
VR899111,C103120,VA-EB-AIR,2026-06-29,vireo.in,1,1709,AIR-2605-2
VR899689,C102174,VA-EB-PL2,2026-06-29,Flipkart,1,2799,PL2-2603-1
VR899877,C100728,VA-EB-PL1,2026-06-29,Amazon,1,2499,PL1-2604-3
VR900524,C101609,VA-SW-NX2,2026-06-29,Amazon,1,5199,NX2-2604-4
VR902541,C107130,VA-EB-PL1,2026-06-29,vireo.in,1,2124,PL1-2603-1
VR902973,C109484,VA-EB-PL1,2026-06-29,Flipkart,1,1999,PL1-2604-1
VR905078,C105969,VA-EB-PL2,2026-06-29,vireo.in,1,3499,PL2-2603-4
VR906117,C102773,VA-SW-NX2,2026-06-29,vireo.in,1,5849,NX2-2604-1
VR909589,C109229,VA-HP-ST2,2026-06-29,vireo.in,1,4999,ST2-2603-1
VR880141,C103104,VA-SW-NX1,2026-06-30,vireo.in,1,4749,NX1-2603-3
VR880742,C100132,VA-SW-FIT,2026-06-30,vireo.in,1,1599,FIT-2603-3
VR881002,C106861,VA-SP-ORB,2026-06-30,Amazon,1,5099,ORB-2605-2
VR883086,C106253,VA-SW-NX2,2026-06-30,vireo.in,1,6499,NX2-2604-3
VR884162,C108676,VA-EB-PL2,2026-06-30,vireo.in,1,3324,PL2-2604-3
VR885012,C107177,VA-EB-PL2,2026-06-30,Flipkart,1,3324,PL2-2605-4
VR885296,C100964,VA-EB-PL1,2026-06-30,Amazon,2,4248,PL1-2605-3
VR886020,C106103,VA-EB-PL2,2026-06-30,vireo.in,1,2799,PL2-2604-4
VR886037,C103441,VA-SP-ORB,2026-06-30,vireo.in,1,4799,ORB-2605-1
VR886436,C102218,VA-EB-AIR,2026-06-30,Amazon,1,1439,AIR-2604-4
VR886508,C101748,VA-SW-NX2,2026-06-30,Flipkart,1,6499,NX2-2605-4
VR887137,C102419,VA-EB-PL2,2026-06-30,vireo.in,1,2974,PL2-2606-1
VR888250,C100132,VA-SW-NX2,2026-06-30,vireo.in,1,6174,NX2-2606-3
VR890591,C101020,VA-AC-CH65,2026-06-30,vireo.in,1,1199,CH65-2605-1
VR890746,C103447,VA-EB-PL2,2026-06-30,vireo.in,1,3499,PL2-2603-3
VR890929,C101430,VA-EB-PL2,2026-06-30,vireo.in,1,3149,PL2-2606-4
VR892533,C104231,VA-SW-NX2,2026-06-30,vireo.in,1,6499,NX2-2604-4
VR894187,C102465,VA-SW-NX2,2026-06-30,vireo.in,1,6499,NX2-2604-2
VR894320,C102988,VA-HP-ST2,2026-06-30,Flipkart,1,4749,ST2-2606-1
VR895568,C104103,VA-EB-PL2,2026-06-30,vireo.in,1,3499,PL2-2604-3
VR895587,C104530,VA-EB-PL1,2026-06-30,vireo.in,1,1999,PL1-2605-3
VR896361,C109299,VA-EB-PL2,2026-06-30,vireo.in,1,3499,PL2-2605-2
VR896463,C101167,VA-EB-PL1,2026-06-30,Amazon,1,2374,PL1-2605-1
VR901582,C107615,VA-EB-PL2,2026-06-30,Amazon,1,2799,PL2-2603-3
VR902298,C107791,VA-AC-CH65,2026-06-30,Flipkart,1,1499,CH65-2606-2
VR903062,C101032,VA-SW-NX2,2026-06-30,Amazon,1,6499,NX2-2605-2
VR905528,C107695,VA-SP-MINI,2026-06-30,Flipkart,1,1999,MINI-2603-3
VR907957,C103286,VA-SW-FIT,2026-06-30,Amazon,1,1999,FIT-2604-3
VR908647,C103135,VA-SW-NX1,2026-06-30,Amazon,1,4999,NX1-2604-4
